# Evaluated render-only extract from Quaternius's CC0 Modular Character Outfits - Fantasy
o Male_Ranger_Feet_Boots
v 0.1327057 0.0433961 -0.0026315
v 0.1327057 0.0433961 -0.0026315
v 0.1327057 0.0433961 -0.0026315
v 0.1335754 0.0510764 0.0248406
v 0.1339597 0.0754104 0.0256016
v 0.1321331 0.0762587 -0.0024258
v 0.1321331 0.0762587 -0.0024258
v 0.1187212 0.1133851 -0.0010705
v 0.1187212 0.1133851 -0.0010705
v 0.1226052 0.1124446 0.0255769
v 0.0997073 0.1323097 0.0256689
v 0.0973785 0.1316404 -0.0004332
v 0.0973785 0.1316404 -0.0004332
v 0.0780010 0.1334371 -0.0010641
v 0.0780010 0.1334371 -0.0010641
v 0.0780010 0.1334371 -0.0010641
v 0.0778886 0.1313377 0.0250674
v 0.0778886 0.1313377 0.0250674
v 0.0449829 0.1077579 0.0253569
v 0.0469665 0.1070865 -0.0025839
v 0.0469665 0.1070865 -0.0025839
v 0.0446982 0.0898918 -0.0026131
v 0.0446982 0.0898918 -0.0026131
v 0.0436699 0.0893919 0.0253588
v 0.0545280 0.0293081 0.0229987
v 0.0571393 0.0296668 -0.0032980
v 0.0571393 0.0296668 -0.0032980
v 0.0571393 0.0296668 -0.0032980
v 0.1345594 0.0416395 0.0188306
v 0.1345594 0.0416395 0.0188306
v 0.1345594 0.0416395 0.0188306
v 0.1326560 0.0760455 0.0176638
v 0.1209429 0.1123379 0.0177131
v 0.0991193 0.1321677 0.0180690
v 0.0779439 0.1318021 0.0173118
v 0.0779439 0.1318021 0.0173118
v 0.0455634 0.1075614 0.0171797
v 0.0537102 0.0281524 0.0179696
v 0.0537102 0.0281524 0.0179696
v 0.0537102 0.0281524 0.0179696
v 0.0565731 0.0111436 0.0208831
v 0.0563122 0.0097512 0.0140784
v 0.0563122 0.0097512 0.0140784
v 0.0544128 -0.0121239 0.0159657
v 0.0551758 -0.0117641 0.0097291
v 0.0551758 -0.0117641 0.0097291
v 0.0486373 -0.0393493 0.0000143
v 0.0486373 -0.0393493 0.0000143
v 0.0477989 -0.0383898 0.0096091
v 0.0436335 -0.0676541 0.0057712
v 0.0444596 -0.0684936 -0.0029841
v 0.0444596 -0.0684936 -0.0029841
v 0.0464172 -0.1021955 -0.0023844
v 0.0464172 -0.1021955 -0.0023844
v 0.0448608 -0.1020756 0.0067307
v 0.0534973 -0.1302605 0.0102089
v 0.0555725 -0.1316997 0.0006140
v 0.0555725 -0.1316997 0.0006140
v 0.0688171 -0.1578456 0.0057713
v 0.0688171 -0.1578456 0.0057713
v 0.0673828 -0.1544875 0.0172851
v 0.0843274 -0.1655054 0.0239200
v 0.0851259 -0.1664885 0.0115569
v 0.0851259 -0.1664885 0.0115569
v 0.1238345 -0.1574832 0.0074989
v 0.1238345 -0.1574832 0.0074989
v 0.1242424 -0.1573463 0.0192648
v 0.1545138 -0.1018923 0.0069904
v 0.1524491 -0.1025133 -0.0029082
v 0.1524491 -0.1025133 -0.0029082
v 0.1571003 -0.0664604 -0.0026174
v 0.1571003 -0.0664604 -0.0026174
v 0.1589660 -0.0672503 0.0062224
v 0.1566772 -0.0384658 0.0095806
v 0.1542053 -0.0391854 0.0005854
v 0.1542053 -0.0391854 0.0005854
v 0.1512451 -0.0118401 0.0164169
v 0.1499633 -0.0116002 0.0098205
v 0.1499633 -0.0116002 0.0098205
v 0.1437378 0.0120466 0.0212315
v 0.1423034 0.0120466 0.0147391
v 0.1423034 0.0120466 0.0147391
v 0.1449061 -0.1291958 0.0118638
v 0.1422142 -0.1290781 0.0004344
v 0.1422142 -0.1290781 0.0004344
v 0.1098175 -0.1653980 0.0119353
v 0.1098175 -0.1653980 0.0119353
v 0.1093156 -0.1652765 0.0241170
v 0.1236721 0.1111798 0.0562517
v 0.1328723 0.0761240 0.0552378
v 0.1340302 0.0519022 0.0540513
v 0.0986898 0.1332503 0.0566860
v 0.0775539 0.1297778 0.0566528
v 0.0775539 0.1297778 0.0566528
v 0.0460872 0.1048488 0.0548018
v 0.0438635 0.0887217 0.0537293
v 0.0553195 0.0300787 0.0482512
v 0.0560303 0.0110057 0.0447308
v 0.0551983 -0.0127117 0.0401755
v 0.0505230 -0.0367547 0.0354242
v 0.0476260 -0.0673846 0.0321522
v 0.0482554 -0.0979971 0.0303980
v 0.0548893 -0.1269006 0.0325711
v 0.0680183 -0.1510404 0.0361078
v 0.1392822 0.0101474 0.0493580
v 0.1466064 -0.0160825 0.0452458
v 0.1522125 -0.0407986 0.0398380
v 0.1543578 -0.0714414 0.0350138
v 0.1518826 -0.0974363 0.0316552
v 0.1431353 -0.1265486 0.0324623
v 0.1263277 -0.1515929 0.0393325
v 0.1103318 -0.1588331 0.0425958
v 0.0843217 -0.1593304 0.0417709
v 0.0798772 -0.1398691 0.0463711
v 0.0916278 -0.1509423 0.0468880
v 0.1137078 -0.1476008 0.0464410
v 0.1169929 -0.1344192 0.0475033
v 0.1310200 -0.1294760 0.0442384
v 0.1217598 -0.1455216 0.0450194
v 0.0694134 -0.1203806 0.0451182
v 0.0637667 -0.0898383 0.0452944
v 0.1391639 -0.1022907 0.0452644
v 0.1213394 -0.1095356 0.0501274
v 0.1424536 -0.0767956 0.0500737
v 0.1230976 -0.0843174 0.0563260
v 0.0620877 -0.0642726 0.0531362
v 0.1232059 -0.0576259 0.0676731
v 0.1402478 -0.0484175 0.0614892
v 0.1382732 -0.0220533 0.0697362
v 0.1222666 -0.0326661 0.0818022
v 0.0634730 -0.0326051 0.0704821
v 0.0618525 -0.0096905 0.0767351
v 0.0594523 0.0135212 0.0797903
v 0.0540955 0.0336745 0.0812786
v 0.0453734 0.0873755 0.0860847
v 0.0485443 0.1028728 0.0874250
v 0.0484100 0.0532756 0.0251401
v 0.0493041 0.0540324 -0.0026376
v 0.0493041 0.0540324 -0.0026376
v 0.0490811 0.0535305 0.0513890
v 0.0481713 0.0551051 0.0823828
v 0.0775534 0.1253771 0.0897283
v 0.0775534 0.1253771 0.0897283
v 0.0983695 0.1274025 0.0901074
v 0.1224285 0.1092784 0.0870730
v 0.1326902 0.0751818 0.0855581
v 0.1328125 0.0521339 0.0861317
v 0.1343556 0.0031844 0.0842998
v 0.1203036 -0.0131846 0.0972028
v 0.0484805 0.0863675 0.1193007
v 0.0704651 0.0136111 0.1217038
v 0.0519157 0.0402894 0.1204392
v 0.0593402 0.0237477 0.1220146
v 0.0509763 0.1011825 0.1190163
v 0.0482975 0.0572816 0.1198881
v 0.0778151 0.1236742 0.1205854
v 0.0778151 0.1236742 0.1205854
v 0.0975158 0.1268925 0.1219298
v 0.1208792 0.1070902 0.1192836
v 0.1308011 0.0746871 0.1191918
v 0.1291954 0.0524369 0.1190856
v 0.1258910 0.0254480 0.1191808
v 0.1141836 0.0091851 0.1227581
v 0.0965711 -0.1666349 0.0245414
v 0.0977306 -0.1675413 0.0124967
v 0.0977306 -0.1675413 0.0124967
v 0.0970646 -0.1603284 0.0427006
v 0.0998631 -0.1496656 0.0469510
v 0.0911102 -0.1378172 0.0482480
v 0.0855026 -0.1162107 0.0494687
v 0.0813522 -0.0877378 0.0523984
v 0.0804367 -0.0635374 0.0643918
v 0.0811272 -0.0367734 0.0825497
v 0.0817718 -0.0189817 0.0966489
v 0.0871340 0.0038519 0.1223191
v 0.0972892 -0.1554759 0.0052646
v 0.0963308 -0.1307862 -0.0004352
v 0.0973282 -0.1012113 -0.0037539
v 0.1020317 -0.0695073 -0.0039676
v 0.1029936 -0.0379155 -0.0004116
v 0.1019277 -0.0109744 0.0091549
v 0.0920181 0.0354894 -0.0032448
v 0.0920181 0.0354894 -0.0032448
v 0.0936444 0.0336450 0.0181630
v 0.0936444 0.0336450 0.0181630
v 0.1010539 0.0142381 0.0145624
v 0.0555412 0.1212477 0.0248162
v 0.0551725 0.1225691 -0.0017081
v 0.0551725 0.1225691 -0.0017081
v 0.0555294 0.1217796 0.0169094
v 0.0571686 0.1201156 0.0556075
v 0.0586728 0.1166559 0.0890317
v 0.0588674 0.1148789 0.1192772
v 0.0891932 0.1078427 -0.0035668
v 0.0642961 0.1000821 -0.0035721
v 0.1019662 0.0768216 -0.0035760
v 0.0736897 0.0716231 -0.0035853
v 0.0510254 0.0865121 0.1343935
v 0.0726318 0.0194094 0.1370236
v 0.0532532 0.0433500 0.1353426
v 0.0614929 0.0290907 0.1364038
v 0.0554809 0.0997694 0.1343602
v 0.0495300 0.0587510 0.1347846
v 0.0767303 0.1214602 0.1358410
v 0.0767303 0.1214602 0.1358410
v 0.0967765 0.1238711 0.1361736
v 0.1188283 0.1068728 0.1347347
v 0.1290588 0.0736732 0.1342077
v 0.1285400 0.0528326 0.1346076
v 0.1219482 0.0291607 0.1337136
v 0.1116040 0.0173037 0.1375927
v 0.0877033 0.0130618 0.1386007
v 0.0608826 0.1106031 0.1345254
v 0.0252867 0.1009284 0.4463040
v 0.0252867 0.1009284 0.4463040
v 0.0552369 0.0021299 0.4466924
v 0.0552369 0.0021299 0.4466924
v 0.0273098 0.0379098 0.4470692
v 0.0273098 0.0379098 0.4470692
v 0.0380948 0.0193211 0.4468251
v 0.0380948 0.0193211 0.4468251
v 0.0346048 0.1194647 0.4461604
v 0.0346048 0.1194647 0.4461604
v 0.0229038 0.0567104 0.4466546
v 0.0229038 0.0567104 0.4466546
v 0.0735303 0.1496922 0.4466197
v 0.0735303 0.1496922 0.4466197
v 0.0735303 0.1496922 0.4466197
v 0.1059484 0.1532863 0.4469557
v 0.1059484 0.1532863 0.4469557
v 0.1405483 0.1377841 0.4468712
v 0.1405483 0.1377841 0.4468712
v 0.1639280 0.0826558 0.4458832
v 0.1639280 0.0826558 0.4458832
v 0.1611945 0.0496763 0.4460982
v 0.1611945 0.0496763 0.4460982
v 0.1470651 0.0190001 0.4458003
v 0.1470651 0.0190001 0.4458003
v 0.1204831 -0.0095179 0.4450267
v 0.1204831 -0.0095179 0.4450267
v 0.0818634 -0.0120384 0.4460011
v 0.0818634 -0.0120384 0.4460011
v 0.0481605 0.1355421 0.4463720
v 0.0481605 0.1355421 0.4463720
v 0.1248208 0.0979816 -0.0017934
v 0.1248208 0.0979816 -0.0017934
v 0.1265576 0.0975313 0.0175669
v 0.1276478 0.0976150 0.0256232
v 0.1281231 0.0960056 0.0558571
v 0.0464712 0.0710113 0.0840648
v 0.0454204 0.0709132 0.0527376
v 0.0455669 0.0707688 0.0254986
v 0.0465172 0.0717546 -0.0025564
v 0.0465172 0.0717546 -0.0025564
v 0.0460494 0.0708174 0.0176688
v 0.1272092 0.0944498 0.0862218
v 0.1244044 0.0929511 0.1190593
v 0.0484619 0.0712491 0.1195463
v 0.0955797 0.0923321 -0.0035714
v 0.0689929 0.0858526 -0.0035787
v 0.0488586 0.0725991 0.1345255
v 0.1253052 0.0920874 0.1343900
v 0.0218394 0.0761860 0.4465609
v 0.0218394 0.0761860 0.4465609
v 0.1579182 0.1104037 0.4450651
v 0.1579182 0.1104037 0.4450651
v 0.1254182 0.1184695 0.2622192
v 0.1012105 0.1318972 0.2622192
v 0.0761050 0.1290591 0.2622192
v 0.0761050 0.1290591 0.2622192
v 0.0450439 0.0582607 0.2626379
v 0.0502930 0.0414695 0.2626379
v 0.1290893 0.0337940 0.2626516
v 0.1357117 0.0515384 0.2624096
v 0.0577751 0.1176094 0.2626758
v 0.0496216 0.1037941 0.2626758
v 0.1387024 0.0773432 0.2624095
v 0.0553589 0.0329183 0.2625374
v 0.0450275 0.0916101 0.2626378
v 0.0646568 0.0223402 0.2620808
v 0.0840000 0.0098269 0.2620808
v 0.1139199 0.0141909 0.2620808
v 0.0433960 0.0744101 0.2626378
v 0.1349487 0.0995743 0.2624095
v 0.1162486 0.1088260 0.1560123
v 0.0524597 0.0592002 0.1562692
v 0.1202392 0.0383240 0.1563929
v 0.0647278 0.1114013 0.1562692
v 0.1268921 0.0748094 0.1560123
v 0.0535583 0.0880428 0.1562692
v 0.0723146 0.0253042 0.1568517
v 0.0977473 0.1210635 0.1556318
v 0.0768881 0.1186831 0.1556318
v 0.0768881 0.1186831 0.1556318
v 0.0571289 0.0435758 0.1562693
v 0.1249695 0.0531709 0.1560123
v 0.0585327 0.1004693 0.1562692
v 0.0616455 0.0356360 0.1562692
v 0.0868378 0.0177005 0.1568334
v 0.1117706 0.0234988 0.1568791
v 0.0514221 0.0734181 0.1562692
v 0.1234131 0.0938369 0.1560123
v 0.0639850 0.0124819 0.2898934
v 0.0381547 0.0935826 0.2898354
v 0.1465149 0.0774164 0.2897727
v 0.0545468 0.1232303 0.2898455
v 0.1339111 0.0278955 0.2897604
v 0.0362687 0.0576410 0.2898878
v 0.1319580 0.1213687 0.2899200
v 0.1424866 0.1004703 0.2896506
v 0.0349235 0.0742864 0.2898738
v 0.1160177 0.0083010 0.2896450
v 0.0848004 0.0021670 0.2897903
v 0.0498276 0.0277407 0.2899132
v 0.0451036 0.1081851 0.2898140
v 0.1437073 0.0505417 0.2898048
v 0.0393301 0.0405500 0.2899496
v 0.0752353 0.1365054 0.2898825
v 0.0752353 0.1365054 0.2898825
v 0.1014314 0.1394351 0.2899326
v 0.0981833 0.1279300 0.1773269
v 0.0998231 0.1327823 0.2407144
v 0.0764614 0.1256106 0.1773194
v 0.0764614 0.1256106 0.1773194
v 0.0755802 0.1295779 0.2407219
v 0.0755802 0.1295779 0.2407219
v 0.0531921 0.0424484 0.1772331
v 0.0526123 0.0409225 0.2407038
v 0.1280823 0.0523523 0.1778150
v 0.1322327 0.0515580 0.2403785
v 0.0527038 0.1034243 0.1772331
v 0.0486245 0.1024761 0.2406757
v 0.0580749 0.0339968 0.1772331
v 0.0577392 0.0339367 0.2405965
v 0.0866376 0.0145571 0.1776339
v 0.0850655 0.0132144 0.2403527
v 0.1139566 0.0160220 0.2403273
v 0.1125344 0.0191043 0.1776594
v 0.0436401 0.0732330 0.2406798
v 0.0464172 0.0729209 0.1772331
v 0.1333008 0.0980861 0.2403277
v 0.1292114 0.0945260 0.1778658
v 0.1250844 0.1172488 0.2403949
v 0.1225281 0.1106265 0.1777986
v 0.0459595 0.0574767 0.2406781
v 0.0481567 0.0583099 0.1772331
v 0.1266479 0.0354626 0.2400767
v 0.1235962 0.0382805 0.1782615
v 0.0560608 0.1159682 0.2407080
v 0.0592041 0.1147464 0.1772331
v 0.1314392 0.0748421 0.1778414
v 0.1356506 0.0765113 0.2403521
v 0.0472717 0.0883029 0.1772331
v 0.0445862 0.0908171 0.2406581
v 0.0682068 0.0237169 0.2403623
v 0.0700989 0.0227053 0.1772331
v 0.0323544 0.0974753 0.4463025
v 0.0586917 0.0105946 0.4466441
v 0.0341335 0.0420585 0.4469754
v 0.0436175 0.0257121 0.4467608
v 0.0405485 0.1137755 0.4461762
v 0.0302589 0.0585912 0.4466109
v 0.0747784 0.1403568 0.4465801
v 0.1032860 0.1435173 0.4468756
v 0.1337122 0.1298851 0.4468013
v 0.1542716 0.0814068 0.4459324
v 0.1518679 0.0524056 0.4461216
v 0.1394429 0.0254298 0.4458596
v 0.1160674 0.0003519 0.4451793
v 0.0821064 -0.0018646 0.4460362
v 0.0524690 0.1279135 0.4463623
v 0.0293230 0.0757174 0.4465285
v 0.1489868 0.1058076 0.4452130
v 0.0420677 0.0927295 0.4262993
v 0.0634398 0.0222279 0.4265765
v 0.0435114 0.0477601 0.4268453
v 0.0512074 0.0344954 0.4266712
v 0.0487170 0.1059568 0.4261968
v 0.0403673 0.0611760 0.4265495
v 0.0764938 0.1275268 0.4265245
v 0.0996270 0.1300915 0.4267644
v 0.1243172 0.1190293 0.4267040
v 0.1410007 0.0796904 0.4259990
v 0.1390501 0.0561565 0.4261525
v 0.1289675 0.0342663 0.4259399
v 0.1099988 0.0139162 0.4253879
v 0.0824402 0.0121176 0.4260832
v 0.0583902 0.1174294 0.4263479
v 0.0396078 0.0750736 0.4264827
v 0.1367121 0.0994910 0.4254152
v -0.1327057 0.0433961 -0.0026315
v -0.1327057 0.0433961 -0.0026315
v -0.1327057 0.0433961 -0.0026315
v -0.1335754 0.0510764 0.0248406
v -0.1339597 0.0754104 0.0256016
v -0.1321331 0.0762587 -0.0024258
v -0.1321331 0.0762587 -0.0024258
v -0.1187212 0.1133851 -0.0010705
v -0.1187212 0.1133851 -0.0010705
v -0.1226053 0.1124446 0.0255769
v -0.0997073 0.1323097 0.0256689
v -0.0973785 0.1316404 -0.0004332
v -0.0973785 0.1316404 -0.0004332
v -0.0780010 0.1334371 -0.0010641
v -0.0780010 0.1334371 -0.0010641
v -0.0780010 0.1334371 -0.0010641
v -0.0778886 0.1313377 0.0250673
v -0.0778886 0.1313377 0.0250673
v -0.0449829 0.1077579 0.0253568
v -0.0469665 0.1070865 -0.0025839
v -0.0469665 0.1070865 -0.0025839
v -0.0446982 0.0898918 -0.0026131
v -0.0446982 0.0898918 -0.0026131
v -0.0436699 0.0893919 0.0253588
v -0.0545280 0.0293081 0.0229987
v -0.0571393 0.0296668 -0.0032980
v -0.0571393 0.0296668 -0.0032980
v -0.0571393 0.0296668 -0.0032980
v -0.1345594 0.0416395 0.0188306
v -0.1345594 0.0416395 0.0188306
v -0.1345594 0.0416395 0.0188306
v -0.1326560 0.0760455 0.0176638
v -0.1209429 0.1123379 0.0177131
v -0.0991193 0.1321677 0.0180690
v -0.0779439 0.1318021 0.0173117
v -0.0779439 0.1318021 0.0173117
v -0.0455634 0.1075614 0.0171797
v -0.0537102 0.0281524 0.0179696
v -0.0537102 0.0281524 0.0179696
v -0.0537102 0.0281524 0.0179696
v -0.0565731 0.0111436 0.0208831
v -0.0563122 0.0097512 0.0140784
v -0.0563122 0.0097512 0.0140784
v -0.0544128 -0.0121239 0.0159657
v -0.0551758 -0.0117641 0.0097291
v -0.0551758 -0.0117641 0.0097291
v -0.0486373 -0.0393493 0.0000143
v -0.0486373 -0.0393493 0.0000143
v -0.0477989 -0.0383898 0.0096091
v -0.0436334 -0.0676541 0.0057712
v -0.0444596 -0.0684936 -0.0029841
v -0.0444596 -0.0684936 -0.0029841
v -0.0464172 -0.1021955 -0.0023844
v -0.0464172 -0.1021955 -0.0023844
v -0.0448608 -0.1020756 0.0067307
v -0.0534973 -0.1302604 0.0102089
v -0.0555725 -0.1316997 0.0006140
v -0.0555725 -0.1316997 0.0006140
v -0.0688171 -0.1578456 0.0057713
v -0.0688171 -0.1578456 0.0057713
v -0.0673828 -0.1544874 0.0172851
v -0.0843274 -0.1655054 0.0239200
v -0.0851258 -0.1664885 0.0115569
v -0.0851258 -0.1664885 0.0115569
v -0.1238345 -0.1574831 0.0074989
v -0.1238345 -0.1574831 0.0074989
v -0.1242424 -0.1573463 0.0192648
v -0.1545138 -0.1018923 0.0069904
v -0.1524491 -0.1025133 -0.0029082
v -0.1524491 -0.1025133 -0.0029082
v -0.1571003 -0.0664603 -0.0026174
v -0.1571003 -0.0664603 -0.0026174
v -0.1589660 -0.0672503 0.0062224
v -0.1566772 -0.0384658 0.0095806
v -0.1542053 -0.0391854 0.0005855
v -0.1542053 -0.0391854 0.0005855
v -0.1512451 -0.0118401 0.0164169
v -0.1499634 -0.0116002 0.0098205
v -0.1499634 -0.0116002 0.0098205
v -0.1437378 0.0120466 0.0212315
v -0.1423035 0.0120466 0.0147391
v -0.1423035 0.0120466 0.0147391
v -0.1449061 -0.1291958 0.0118638
v -0.1422142 -0.1290781 0.0004344
v -0.1422142 -0.1290781 0.0004344
v -0.1098175 -0.1653980 0.0119353
v -0.1098175 -0.1653980 0.0119353
v -0.1093156 -0.1652764 0.0241170
v -0.1236721 0.1111798 0.0562517
v -0.1328723 0.0761240 0.0552378
v -0.1340302 0.0519022 0.0540513
v -0.0986898 0.1332503 0.0566860
v -0.0775539 0.1297778 0.0566528
v -0.0775539 0.1297778 0.0566528
v -0.0460872 0.1048488 0.0548018
v -0.0438635 0.0887217 0.0537293
v -0.0553195 0.0300787 0.0482512
v -0.0560303 0.0110057 0.0447308
v -0.0551983 -0.0127117 0.0401755
v -0.0505230 -0.0367547 0.0354242
v -0.0476260 -0.0673845 0.0321522
v -0.0482554 -0.0979971 0.0303980
v -0.0548893 -0.1269006 0.0325711
v -0.0680183 -0.1510404 0.0361078
v -0.1392822 0.0101474 0.0493580
v -0.1466064 -0.0160825 0.0452458
v -0.1522125 -0.0407986 0.0398380
v -0.1543578 -0.0714414 0.0350138
v -0.1518826 -0.0974363 0.0316552
v -0.1431353 -0.1265485 0.0324623
v -0.1263277 -0.1515929 0.0393325
v -0.1103318 -0.1588331 0.0425958
v -0.0843217 -0.1593304 0.0417709
v -0.0798772 -0.1398691 0.0463711
v -0.0916278 -0.1509423 0.0468880
v -0.1137078 -0.1476008 0.0464410
v -0.1169929 -0.1344192 0.0475033
v -0.1310200 -0.1294760 0.0442384
v -0.1217598 -0.1455215 0.0450194
v -0.0694134 -0.1203806 0.0451182
v -0.0637667 -0.0898383 0.0452944
v -0.1391639 -0.1022907 0.0452644
v -0.1213394 -0.1095356 0.0501274
v -0.1424536 -0.0767956 0.0500737
v -0.1230976 -0.0843174 0.0563260
v -0.0620877 -0.0642726 0.0531362
v -0.1232059 -0.0576259 0.0676731
v -0.1402478 -0.0484175 0.0614892
v -0.1382733 -0.0220533 0.0697362
v -0.1222666 -0.0326661 0.0818022
v -0.0634730 -0.0326051 0.0704821
v -0.0618526 -0.0096905 0.0767351
v -0.0594523 0.0135212 0.0797903
v -0.0540955 0.0336745 0.0812786
v -0.0453734 0.0873755 0.0860847
v -0.0485443 0.1028728 0.0874250
v -0.0484101 0.0532756 0.0251401
v -0.0493041 0.0540324 -0.0026376
v -0.0493041 0.0540324 -0.0026376
v -0.0490811 0.0535305 0.0513890
v -0.0481713 0.0551051 0.0823828
v -0.0775534 0.1253771 0.0897283
v -0.0775534 0.1253771 0.0897283
v -0.0983695 0.1274025 0.0901073
v -0.1224285 0.1092784 0.0870729
v -0.1326902 0.0751818 0.0855581
v -0.1328125 0.0521338 0.0861317
v -0.1343556 0.0031844 0.0842998
v -0.1203036 -0.0131846 0.0972028
v -0.0484805 0.0863675 0.1193006
v -0.0704651 0.0136111 0.1217037
v -0.0519157 0.0402894 0.1204392
v -0.0593402 0.0237477 0.1220146
v -0.0509763 0.1011825 0.1190162
v -0.0482975 0.0572816 0.1198880
v -0.0778151 0.1236742 0.1205854
v -0.0778151 0.1236742 0.1205854
v -0.0975158 0.1268925 0.1219298
v -0.1208792 0.1070903 0.1192836
v -0.1308011 0.0746872 0.1191918
v -0.1291954 0.0524369 0.1190855
v -0.1258910 0.0254480 0.1191808
v -0.1141836 0.0091851 0.1227580
v -0.0965711 -0.1666349 0.0245414
v -0.0977306 -0.1675412 0.0124967
v -0.0977306 -0.1675412 0.0124967
v -0.0970646 -0.1603283 0.0427006
v -0.0998631 -0.1496656 0.0469510
v -0.0911102 -0.1378171 0.0482480
v -0.0855026 -0.1162107 0.0494687
v -0.0813522 -0.0877378 0.0523984
v -0.0804367 -0.0635373 0.0643918
v -0.0811272 -0.0367734 0.0825498
v -0.0817718 -0.0189817 0.0966488
v -0.0871340 0.0038519 0.1223191
v -0.0972891 -0.1554758 0.0052646
v -0.0963308 -0.1307862 -0.0004352
v -0.0973282 -0.1012113 -0.0037539
v -0.1020317 -0.0695073 -0.0039676
v -0.1029936 -0.0379154 -0.0004116
v -0.1019277 -0.0109744 0.0091550
v -0.0920181 0.0354894 -0.0032448
v -0.0920181 0.0354894 -0.0032448
v -0.0936444 0.0336450 0.0181630
v -0.0936444 0.0336450 0.0181630
v -0.1010539 0.0142381 0.0145624
v -0.0555412 0.1212477 0.0248162
v -0.0551726 0.1225691 -0.0017081
v -0.0551726 0.1225691 -0.0017081
v -0.0555294 0.1217796 0.0169094
v -0.0571686 0.1201156 0.0556074
v -0.0586728 0.1166559 0.0890317
v -0.0588674 0.1148789 0.1192772
v -0.0891932 0.1078427 -0.0035668
v -0.0642961 0.1000821 -0.0035721
v -0.1019663 0.0768216 -0.0035760
v -0.0736897 0.0716231 -0.0035853
v -0.0510254 0.0865121 0.1343934
v -0.0726318 0.0194094 0.1370236
v -0.0532532 0.0433500 0.1353426
v -0.0614929 0.0290907 0.1364037
v -0.0554809 0.0997694 0.1343601
v -0.0495300 0.0587510 0.1347845
v -0.0767303 0.1214603 0.1358409
v -0.0767303 0.1214603 0.1358409
v -0.0967765 0.1238711 0.1361735
v -0.1188283 0.1068728 0.1347346
v -0.1290588 0.0736732 0.1342077
v -0.1285400 0.0528326 0.1346076
v -0.1219482 0.0291607 0.1337135
v -0.1116040 0.0173037 0.1375926
v -0.0877033 0.0130618 0.1386006
v -0.0608826 0.1106031 0.1345253
v -0.0252867 0.1009284 0.4463039
v -0.0252867 0.1009284 0.4463039
v -0.0552369 0.0021299 0.4466923
v -0.0552369 0.0021299 0.4466923
v -0.0273098 0.0379098 0.4470691
v -0.0273098 0.0379098 0.4470691
v -0.0380948 0.0193211 0.4468251
v -0.0380948 0.0193211 0.4468251
v -0.0346048 0.1194647 0.4461603
v -0.0346048 0.1194647 0.4461603
v -0.0229038 0.0567105 0.4466546
v -0.0229038 0.0567105 0.4466546
v -0.0735303 0.1496922 0.4466196
v -0.0735303 0.1496922 0.4466196
v -0.0735303 0.1496922 0.4466196
v -0.1059484 0.1532863 0.4469556
v -0.1059484 0.1532863 0.4469556
v -0.1405483 0.1377841 0.4468711
v -0.1405483 0.1377841 0.4468711
v -0.1639280 0.0826558 0.4458831
v -0.1639280 0.0826558 0.4458831
v -0.1611945 0.0496763 0.4460981
v -0.1611945 0.0496763 0.4460981
v -0.1470651 0.0190001 0.4458002
v -0.1470651 0.0190001 0.4458002
v -0.1204831 -0.0095179 0.4450266
v -0.1204831 -0.0095179 0.4450266
v -0.0818634 -0.0120384 0.4460010
v -0.0818634 -0.0120384 0.4460010
v -0.0481605 0.1355421 0.4463719
v -0.0481605 0.1355421 0.4463719
v -0.1248208 0.0979816 -0.0017934
v -0.1248208 0.0979816 -0.0017934
v -0.1265576 0.0975313 0.0175669
v -0.1276478 0.0976150 0.0256232
v -0.1281231 0.0960056 0.0558571
v -0.0464712 0.0710113 0.0840648
v -0.0454204 0.0709132 0.0527376
v -0.0455669 0.0707688 0.0254986
v -0.0465172 0.0717546 -0.0025564
v -0.0465172 0.0717546 -0.0025564
v -0.0460494 0.0708174 0.0176688
v -0.1272092 0.0944498 0.0862217
v -0.1244044 0.0929511 0.1190593
v -0.0484619 0.0712491 0.1195462
v -0.0955798 0.0923321 -0.0035714
v -0.0689929 0.0858526 -0.0035787
v -0.0488586 0.0725991 0.1345255
v -0.1253052 0.0920875 0.1343899
v -0.0218394 0.0761860 0.4465609
v -0.0218394 0.0761860 0.4465609
v -0.1579182 0.1104037 0.4450650
v -0.1579182 0.1104037 0.4450650
v -0.1254182 0.1184695 0.2622191
v -0.1012105 0.1318973 0.2622191
v -0.0761050 0.1290592 0.2622191
v -0.0761050 0.1290592 0.2622191
v -0.0450439 0.0582607 0.2626378
v -0.0502930 0.0414695 0.2626378
v -0.1290893 0.0337940 0.2626515
v -0.1357117 0.0515384 0.2624095
v -0.0577751 0.1176094 0.2626757
v -0.0496216 0.1037941 0.2626757
v -0.1387024 0.0773432 0.2624094
v -0.0553589 0.0329183 0.2625374
v -0.0450275 0.0916101 0.2626377
v -0.0646568 0.0223402 0.2620807
v -0.0840000 0.0098269 0.2620807
v -0.1139199 0.0141909 0.2620807
v -0.0433960 0.0744101 0.2626377
v -0.1349487 0.0995743 0.2624094
v -0.1162486 0.1088260 0.1560122
v -0.0524597 0.0592002 0.1562691
v -0.1202392 0.0383240 0.1563928
v -0.0647278 0.1114013 0.1562691
v -0.1268921 0.0748094 0.1560122
v -0.0535583 0.0880428 0.1562691
v -0.0723146 0.0253042 0.1568516
v -0.0977473 0.1210635 0.1556317
v -0.0768881 0.1186832 0.1556317
v -0.0768881 0.1186832 0.1556317
v -0.0571289 0.0435758 0.1562692
v -0.1249695 0.0531709 0.1560122
v -0.0585327 0.1004693 0.1562691
v -0.0616455 0.0356361 0.1562692
v -0.0868378 0.0177005 0.1568333
v -0.1117706 0.0234988 0.1568791
v -0.0514221 0.0734181 0.1562691
v -0.1234131 0.0938370 0.1560122
v -0.0639850 0.0124820 0.2898933
v -0.0381547 0.0935826 0.2898353
v -0.1465149 0.0774165 0.2897726
v -0.0545468 0.1232303 0.2898454
v -0.1339111 0.0278956 0.2897603
v -0.0362687 0.0576410 0.2898877
v -0.1319580 0.1213687 0.2899199
v -0.1424866 0.1004704 0.2896506
v -0.0349235 0.0742864 0.2898737
v -0.1160177 0.0083010 0.2896449
v -0.0848004 0.0021670 0.2897902
v -0.0498276 0.0277407 0.2899131
v -0.0451036 0.1081851 0.2898139
v -0.1437073 0.0505417 0.2898047
v -0.0393301 0.0405501 0.2899495
v -0.0752353 0.1365054 0.2898824
v -0.0752353 0.1365054 0.2898824
v -0.1014314 0.1394351 0.2899325
v -0.0981833 0.1279300 0.1773268
v -0.0998231 0.1327823 0.2407143
v -0.0764614 0.1256106 0.1773193
v -0.0764614 0.1256106 0.1773193
v -0.0755802 0.1295779 0.2407219
v -0.0755802 0.1295779 0.2407219
v -0.0531921 0.0424484 0.1772330
v -0.0526123 0.0409225 0.2407037
v -0.1280823 0.0523523 0.1778149
v -0.1322327 0.0515580 0.2403784
v -0.0527038 0.1034244 0.1772330
v -0.0486245 0.1024761 0.2406756
v -0.0580749 0.0339969 0.1772330
v -0.0577392 0.0339367 0.2405964
v -0.0866376 0.0145572 0.1776338
v -0.0850655 0.0132144 0.2403527
v -0.1139566 0.0160220 0.2403272
v -0.1125344 0.0191043 0.1776593
v -0.0436401 0.0732330 0.2406798
v -0.0464172 0.0729209 0.1772330
v -0.1333008 0.0980861 0.2403276
v -0.1292114 0.0945261 0.1778657
v -0.1250844 0.1172488 0.2403948
v -0.1225281 0.1106265 0.1777985
v -0.0459595 0.0574767 0.2406780
v -0.0481567 0.0583099 0.1772330
v -0.1266479 0.0354626 0.2400766
v -0.1235962 0.0382805 0.1782614
v -0.0560608 0.1159682 0.2407079
v -0.0592041 0.1147464 0.1772330
v -0.1314392 0.0748421 0.1778413
v -0.1356506 0.0765113 0.2403520
v -0.0472717 0.0883030 0.1772330
v -0.0445862 0.0908171 0.2406580
v -0.0682068 0.0237169 0.2403623
v -0.0700989 0.0227053 0.1772331
v -0.0323544 0.0974753 0.4463024
v -0.0586917 0.0105946 0.4466440
v -0.0341335 0.0420585 0.4469753
v -0.0436175 0.0257121 0.4467607
v -0.0405485 0.1137756 0.4461761
v -0.0302589 0.0585912 0.4466108
v -0.0747784 0.1403568 0.4465800
v -0.1032860 0.1435173 0.4468755
v -0.1337122 0.1298851 0.4468012
v -0.1542716 0.0814069 0.4459324
v -0.1518679 0.0524056 0.4461215
v -0.1394429 0.0254298 0.4458595
v -0.1160674 0.0003519 0.4451793
v -0.0821064 -0.0018645 0.4460361
v -0.0524690 0.1279135 0.4463623
v -0.0293230 0.0757175 0.4465284
v -0.1489868 0.1058076 0.4452130
v -0.0420677 0.0927295 0.4262992
v -0.0634398 0.0222279 0.4265764
v -0.0435114 0.0477601 0.4268453
v -0.0512074 0.0344954 0.4266711
v -0.0487170 0.1059568 0.4261968
v -0.0403673 0.0611761 0.4265494
v -0.0764938 0.1275268 0.4265245
v -0.0996270 0.1300915 0.4267643
v -0.1243172 0.1190293 0.4267040
v -0.1410007 0.0796904 0.4259989
v -0.1390501 0.0561565 0.4261524
v -0.1289675 0.0342663 0.4259398
v -0.1099988 0.0139162 0.4253878
v -0.0824402 0.0121176 0.4260831
v -0.0583902 0.1174295 0.4263478
v -0.0396078 0.0750736 0.4264826
v -0.1367121 0.0994910 0.4254152
v 0.1246396 0.0723461 0.1427830
v 0.1246396 0.0723461 0.1427830
v 0.1284645 0.0721841 0.1744134
v 0.1284645 0.0721841 0.1744134
v 0.1375428 0.0718857 0.1733141
v 0.1375428 0.0718857 0.1733141
v 0.1337179 0.0720478 0.1416837
v 0.1337179 0.0720478 0.1416837
v 0.1244416 0.0805468 0.1428014
v 0.1244416 0.0805468 0.1428014
v 0.1282613 0.0806871 0.1744326
v 0.1282613 0.0806871 0.1744326
v 0.1373229 0.0813169 0.1733356
v 0.1373229 0.0813169 0.1733356
v 0.1335032 0.0811766 0.1417044
v 0.1335032 0.0811766 0.1417044
v 0.1234278 0.0894191 0.1428508
v 0.1234278 0.0894191 0.1428508
v 0.1272114 0.0898605 0.1744836
v 0.1272114 0.0898605 0.1744836
v 0.1361625 0.0914091 0.1733913
v 0.1361625 0.0914091 0.1733913
v 0.1323788 0.0909677 0.1417585
v 0.1323788 0.0909677 0.1417585
v 0.1214062 0.0982068 0.1429192
v 0.1214062 0.0982068 0.1429192
v 0.1250867 0.0990784 0.1745552
v 0.1250867 0.0990784 0.1745552
v 0.1337611 0.1017790 0.1734716
v 0.1337611 0.1017790 0.1734716
v 0.1300806 0.1009074 0.1418356
v 0.1300806 0.1009074 0.1418356
v 0.1182389 0.1062957 0.1429951
v 0.1182389 0.1062957 0.1429951
v 0.1216830 0.1077471 0.1746364
v 0.1216830 0.1077471 0.1746364
v 0.1297646 0.1119011 0.1735662
v 0.1297646 0.1119011 0.1735662
v 0.1263204 0.1104497 0.1419248
v 0.1263204 0.1104497 0.1419248
v 0.1138499 0.1131426 0.1430677
v 0.1138499 0.1131426 0.1430677
v 0.1168205 0.1153052 0.1747164
v 0.1168205 0.1153052 0.1747164
v 0.1237563 0.1211788 0.1736640
v 0.1237563 0.1211788 0.1736640
v 0.1207857 0.1190162 0.1420153
v 0.1207857 0.1190162 0.1420153
v 0.1081400 0.1183860 0.1431284
v 0.1081400 0.1183860 0.1431284
v 0.1103080 0.1212649 0.1747852
v 0.1103080 0.1212649 0.1747852
v 0.1153435 0.1288339 0.1737521
v 0.1153435 0.1288339 0.1737521
v 0.1131755 0.1259550 0.1420952
v 0.1131755 0.1259550 0.1420952
v 0.1007548 0.1218219 0.1431710
v 0.1007548 0.1218219 0.1431710
v 0.1018523 0.1251990 0.1748338
v 0.1018523 0.1251990 0.1748338
v 0.1043880 0.1339308 0.1738146
v 0.1043880 0.1339308 0.1738146
v 0.1032905 0.1305537 0.1421518
v 0.1032905 0.1305537 0.1421518
v 0.0910398 0.1230767 0.1431877
v 0.0910398 0.1230767 0.1431877
v 0.0910434 0.1266103 0.1748525
v 0.0910434 0.1266103 0.1748525
v 0.0910519 0.1357033 0.1738378
v 0.0910519 0.1357033 0.1738378
v 0.0910483 0.1321697 0.1421730
v 0.0910483 0.1321697 0.1421730
v 0.0811078 0.1217993 0.1431708
v 0.0811078 0.1217993 0.1431708
v 0.0800652 0.1251928 0.1748337
v 0.0800652 0.1251928 0.1748337
v 0.0776643 0.1339626 0.1738148
v 0.0776643 0.1339626 0.1738148
v 0.0787069 0.1305692 0.1421518
v 0.0787069 0.1305692 0.1421518
v 0.0732433 0.1184153 0.1431272
v 0.0732433 0.1184153 0.1431272
v 0.0712020 0.1213782 0.1747847
v 0.0712020 0.1213782 0.1747847
v 0.0664796 0.1291465 0.1737532
v 0.0664796 0.1291465 0.1737532
v 0.0685208 0.1261837 0.1420957
v 0.0685208 0.1261837 0.1420957
v 0.0670074 0.1132777 0.1430655
v 0.0670074 0.1132777 0.1430655
v 0.0641773 0.1156039 0.1747155
v 0.0641773 0.1156039 0.1747155
v 0.0575904 0.1218669 0.1736662
v 0.0575904 0.1218669 0.1736662
v 0.0604205 0.1195407 0.1420162
v 0.0604205 0.1195407 0.1420162
v 0.0621018 0.1065924 0.1429926
v 0.0621018 0.1065924 0.1429926
v 0.0587641 0.1082468 0.1746354
v 0.0587641 0.1082468 0.1746354
v 0.0509488 0.1128830 0.1735686
v 0.0509488 0.1128830 0.1735686
v 0.0542865 0.1112287 0.1419258
v 0.0542865 0.1112287 0.1419258
v 0.0584358 0.0986473 0.1429170
v 0.0584358 0.0986473 0.1429170
v 0.0548180 0.0997135 0.1745543
v 0.0548180 0.0997135 0.1745543
v 0.0462993 0.1028721 0.1734737
v 0.0462993 0.1028721 0.1734737
v 0.0499172 0.1018060 0.1418364
v 0.0499172 0.1018060 0.1418364
v 0.0559712 0.0898712 0.1428492
v 0.0559712 0.0898712 0.1428492
v 0.0522166 0.0904667 0.1744829
v 0.0522166 0.0904667 0.1744829
v 0.0433341 0.0923704 0.1733928
v 0.0433341 0.0923704 0.1733928
v 0.0470886 0.0917749 0.1417591
v 0.0470886 0.0917749 0.1417591
v 0.0546350 0.0807711 0.1428003
v 0.0546350 0.0807711 0.1428003
v 0.0508249 0.0810028 0.1744322
v 0.0508249 0.0810028 0.1744322
v 0.0417796 0.0818360 0.1733366
v 0.0417796 0.0818360 0.1733366
v 0.0455896 0.0816043 0.1417048
v 0.0455896 0.0816043 0.1417048
v 0.0543084 0.0720208 0.1427823
v 0.0543084 0.0720208 0.1427823
v 0.0504868 0.0718606 0.1744132
v 0.0504868 0.0718606 0.1744132
v 0.0414085 0.0715601 0.1733148
v 0.0414085 0.0715601 0.1733148
v 0.0452301 0.0717203 0.1416839
v 0.0452301 0.0717203 0.1416839
v 0.0549945 0.0635611 0.1427049
v 0.0549945 0.0635611 0.1427049
v 0.0516077 0.0629605 0.1743800
v 0.0516077 0.0629605 0.1743800
v 0.0426514 0.0613721 0.1733922
v 0.0426514 0.0613721 0.1733922
v 0.0460383 0.0619728 0.1417171
v 0.0460383 0.0619728 0.1417171
v 0.0571545 0.0542790 0.1426293
v 0.0571545 0.0542790 0.1426293
v 0.0542497 0.0533434 0.1743441
v 0.0542497 0.0533434 0.1743441
v 0.0455809 0.0505511 0.1734678
v 0.0455809 0.0505511 0.1734678
v 0.0484857 0.0514868 0.1417530
v 0.0484857 0.0514868 0.1417530
v 0.0607033 0.0447541 0.1425560
v 0.0607033 0.0447541 0.1425560
v 0.0582938 0.0436195 0.1743058
v 0.0582938 0.0436195 0.1743058
v 0.0500451 0.0397354 0.1735410
v 0.0500451 0.0397354 0.1735410
v 0.0524545 0.0408700 0.1417912
v 0.0524545 0.0408700 0.1417912
v 0.0654941 0.0356852 0.1424851
v 0.0654941 0.0356852 0.1424851
v 0.0635908 0.0344401 0.1742651
v 0.0635908 0.0344401 0.1742651
v 0.0559538 0.0294439 0.1736120
v 0.0559538 0.0294439 0.1736120
v 0.0578571 0.0306890 0.1418320
v 0.0578571 0.0306890 0.1418320
v 0.0713397 0.0277280 0.1424165
v 0.0713397 0.0277280 0.1424165
v 0.0699569 0.0264467 0.1742220
v 0.0699569 0.0264467 0.1742220
v 0.0632574 0.0202390 0.1736806
v 0.0632574 0.0202390 0.1736806
v 0.0646402 0.0215203 0.1418751
v 0.0646402 0.0215203 0.1418751
v 0.0780123 0.0214783 0.1423502
v 0.0780123 0.0214783 0.1423502
v 0.0771593 0.0202498 0.1741764
v 0.0771593 0.0202498 0.1741764
v 0.0719468 0.0127426 0.1737469
v 0.0719468 0.0127426 0.1737469
v 0.0727998 0.0139711 0.1419207
v 0.0727998 0.0139711 0.1419207
v 0.0852926 0.0174085 0.1422863
v 0.0852926 0.0174085 0.1422863
v 0.0852926 0.0174085 0.1422863
v 0.0852926 0.0174085 0.1422863
v 0.0849378 0.0163610 0.1741284
v 0.0849378 0.0163610 0.1741284
v 0.0849378 0.0163610 0.1741284
v 0.0849378 0.0163610 0.1741284
v 0.0820044 0.0077003 0.1738108
v 0.0820044 0.0077003 0.1738108
v 0.0820044 0.0077003 0.1738108
v 0.0820044 0.0077003 0.1738108
v 0.0823592 0.0087478 0.1419687
v 0.0823592 0.0087478 0.1419687
v 0.0823592 0.0087478 0.1419687
v 0.0823592 0.0087478 0.1419687
v 0.0930821 0.0158548 0.1422248
v 0.0930821 0.0158548 0.1422248
v 0.0930973 0.0151389 0.1740780
v 0.0930973 0.0151389 0.1740780
v 0.0932917 0.0059938 0.1738724
v 0.0932917 0.0059938 0.1738724
v 0.0932765 0.0067097 0.1420191
v 0.0932765 0.0067097 0.1420191
v 0.0994884 0.0174336 0.1422864
v 0.0994884 0.0174336 0.1422864
v 0.0999142 0.0164125 0.1741285
v 0.0999142 0.0164125 0.1741285
v 0.1034335 0.0079729 0.1738108
v 0.1034335 0.0079729 0.1738108
v 0.1030077 0.0089940 0.1419687
v 0.1030077 0.0089940 0.1419687
v 0.1053799 0.0215582 0.1423504
v 0.1053799 0.0215582 0.1423504
v 0.1063545 0.0204227 0.1741765
v 0.1063545 0.0204227 0.1741765
v 0.1123070 0.0134876 0.1737468
v 0.1123070 0.0134876 0.1737468
v 0.1113324 0.0146231 0.1419206
v 0.1113324 0.0146231 0.1419206
v 0.1108554 0.0279917 0.1424167
v 0.1108554 0.0279917 0.1424167
v 0.1123685 0.0268653 0.1742221
v 0.1123685 0.0268653 0.1742221
v 0.1196946 0.0214112 0.1736805
v 0.1196946 0.0214112 0.1736805
v 0.1181816 0.0225376 0.1418750
v 0.1181816 0.0225376 0.1418750
v 0.1156466 0.0362031 0.1424854
v 0.1156466 0.0362031 0.1424854
v 0.1176625 0.0351468 0.1742653
v 0.1176625 0.0351468 0.1742653
v 0.1257461 0.0309111 0.1736117
v 0.1257461 0.0309111 0.1736117
v 0.1237302 0.0319674 0.1418318
v 0.1237302 0.0319674 0.1418318
v 0.1195375 0.0454917 0.1425564
v 0.1195375 0.0454917 0.1425564
v 0.1220303 0.0445492 0.1743060
v 0.1220303 0.0445492 0.1743060
v 0.1305585 0.0413246 0.1735407
v 0.1305585 0.0413246 0.1735407
v 0.1280656 0.0422672 0.1417911
v 0.1280656 0.0422672 0.1417911
v 0.1223879 0.0551118 0.1426297
v 0.1223879 0.0551118 0.1426297
v 0.1253425 0.0543389 0.1743443
v 0.1253425 0.0543389 0.1743443
v 0.1341533 0.0520339 0.1734674
v 0.1341533 0.0520339 0.1734674
v 0.1311987 0.0528068 0.1417527
v 0.1311987 0.0528068 0.1417527
v 0.1241035 0.0642888 0.1427054
v 0.1241035 0.0642888 0.1427054
v 0.1275086 0.0637840 0.1743802
v 0.1275086 0.0637840 0.1743802
v 0.1365061 0.0624498 0.1733917
v 0.1365061 0.0624498 0.1733917
v 0.1331010 0.0629547 0.1417169
v 0.1331010 0.0629547 0.1417169
v 0.1367749 0.0723315 0.2446460
v 0.1367749 0.0723315 0.2446460
v 0.1406043 0.0722754 0.2762763
v 0.1406043 0.0722754 0.2762763
v 0.1496865 0.0721426 0.2751765
v 0.1496865 0.0721426 0.2751765
v 0.1458571 0.0721986 0.2435462
v 0.1458571 0.0721986 0.2435462
v 0.1361459 0.0822431 0.2446460
v 0.1361459 0.0822431 0.2446460
v 0.1399394 0.0827692 0.2762763
v 0.1399394 0.0827692 0.2762763
v 0.1489364 0.0840171 0.2751765
v 0.1489364 0.0840171 0.2751765
v 0.1451429 0.0834910 0.2435462
v 0.1451429 0.0834910 0.2435462
v 0.1339331 0.0924982 0.2446460
v 0.1339331 0.0924982 0.2446460
v 0.1376085 0.0935746 0.2762763
v 0.1376085 0.0935746 0.2762763
v 0.1463254 0.0961277 0.2751765
v 0.1463254 0.0961277 0.2751765
v 0.1426500 0.0950512 0.2435462
v 0.1426500 0.0950512 0.2435462
v 0.1301904 0.1025270 0.2446460
v 0.1301904 0.1025270 0.2446460
v 0.1336639 0.1041401 0.2762763
v 0.1336639 0.1041401 0.2762763
v 0.1419020 0.1079658 0.2751765
v 0.1419020 0.1079658 0.2751765
v 0.1384285 0.1063527 0.2435462
v 0.1384285 0.1063527 0.2435462
v 0.1250176 0.1117413 0.2446460
v 0.1250176 0.1117413 0.2446460
v 0.1281766 0.1139065 0.2762763
v 0.1281766 0.1139065 0.2762763
v 0.1356688 0.1190417 0.2751765
v 0.1356688 0.1190417 0.2751765
v 0.1325097 0.1168765 0.2435462
v 0.1325097 0.1168765 0.2435462
v 0.1185529 0.1195973 0.2446460
v 0.1185529 0.1195973 0.2446460
v 0.1212332 0.1223330 0.2762763
v 0.1212332 0.1223330 0.2762763
v 0.1275899 0.1288211 0.2751765
v 0.1275899 0.1288211 0.2751765
v 0.1249096 0.1260854 0.2435462
v 0.1249096 0.1260854 0.2435462
v 0.1109450 0.1256332 0.2446460
v 0.1109450 0.1256332 0.2446460
v 0.1129245 0.1289118 0.2762763
v 0.1129245 0.1289118 0.2762763
v 0.1176192 0.1366875 0.2751765
v 0.1176192 0.1366875 0.2751765
v 0.1156397 0.1334090 0.2435462
v 0.1156397 0.1334090 0.2435462
v 0.1022622 0.1294953 0.2446460
v 0.1022622 0.1294953 0.2446460
v 0.1033087 0.1331793 0.2762763
v 0.1033087 0.1331793 0.2762763
v 0.1057907 0.1419168 0.2751765
v 0.1057907 0.1419168 0.2751765
v 0.1047442 0.1382327 0.2435462
v 0.1047442 0.1382327 0.2435462
v 0.0923407 0.1308506 0.2446460
v 0.0923407 0.1308506 0.2446460
v 0.0923495 0.1346805 0.2762763
v 0.0923495 0.1346805 0.2762763
v 0.0923706 0.1437636 0.2751764
v 0.0923706 0.1437636 0.2751764
v 0.0923618 0.1399338 0.2435462
v 0.0923618 0.1399338 0.2435462
v 0.0821416 0.1294925 0.2446460
v 0.0821416 0.1294925 0.2446460
v 0.0811678 0.1331964 0.2762763
v 0.0811678 0.1331964 0.2762763
v 0.0788582 0.1419810 0.2751764
v 0.0788582 0.1419810 0.2751764
v 0.0800934 0.1378177 0.2438961
v 0.0800934 0.1378177 0.2438961
v 0.0728342 0.1257389 0.2446460
v 0.0728342 0.1257389 0.2446460
v 0.0713196 0.1287539 0.2761532
v 0.0713196 0.1287539 0.2761532
v 0.0666789 0.1370904 0.2751764
v 0.0666789 0.1370904 0.2751764
v 0.0687713 0.1333316 0.2437130
v 0.0687713 0.1333316 0.2437130
v 0.0644980 0.1198858 0.2446460
v 0.0644980 0.1198858 0.2446460
v 0.0624389 0.1223758 0.2762142
v 0.0624389 0.1223758 0.2762142
v 0.0567016 0.1293948 0.2750546
v 0.0567016 0.1293948 0.2750546
v 0.0589142 0.1263431 0.2437741
v 0.0589142 0.1263431 0.2437741
v 0.0580139 0.1117099 0.2447812
v 0.0580139 0.1117099 0.2447812
v 0.0542782 0.1146142 0.2762763
v 0.0542782 0.1146142 0.2762763
v 0.0477295 0.1194461 0.2750546
v 0.0477295 0.1194461 0.2750546
v 0.0508118 0.1173251 0.2436825
v 0.0508118 0.1173251 0.2436825
v 0.0525207 0.1022494 0.2446286
v 0.0525207 0.1022494 0.2446286
v 0.0495910 0.1046603 0.2760922
v 0.0495910 0.1046603 0.2760922
v 0.0413818 0.1086429 0.2750546
v 0.0413818 0.1086429 0.2750546
v 0.0446167 0.1067813 0.2436215
v 0.0446167 0.1067813 0.2436215
v 0.0489807 0.0928653 0.2447812
v 0.0489807 0.0928653 0.2447812
v 0.0456238 0.0940936 0.2760922
v 0.0456238 0.0940936 0.2760922
v 0.0368957 0.0962527 0.2749172
v 0.0368957 0.0962527 0.2749172
v 0.0403747 0.0954287 0.2435605
v 0.0403747 0.0954287 0.2435605
v 0.0468445 0.0823405 0.2447201
v 0.0468445 0.0823405 0.2447201
v 0.0433349 0.0829699 0.2760311
v 0.0433349 0.0829699 0.2760311
v 0.0343628 0.0834048 0.2749783
v 0.0343628 0.0834048 0.2749783
v 0.0379944 0.0837100 0.2435605
v 0.0379944 0.0837100 0.2435605
v 0.0463562 0.0716250 0.2446591
v 0.0463562 0.0716250 0.2446591
v 0.0427856 0.0715411 0.2761227
v 0.0427856 0.0715411 0.2761227
v 0.0338745 0.0708163 0.2750088
v 0.0338745 0.0708163 0.2750088
v 0.0373535 0.0719950 0.2434994
v 0.0373535 0.0719950 0.2434994
v 0.0472717 0.0622866 0.2445981
v 0.0472717 0.0622866 0.2445981
v 0.0437927 0.0613787 0.2760617
v 0.0437927 0.0613787 0.2760617
v 0.0350952 0.0593913 0.2748868
v 0.0350952 0.0593913 0.2748868
v 0.0385437 0.0603183 0.2435910
v 0.0385437 0.0603183 0.2435910
v 0.0498352 0.0511859 0.2446896
v 0.0498352 0.0511859 0.2446896
v 0.0463257 0.0504611 0.2760617
v 0.0463257 0.0504611 0.2760617
v 0.0380859 0.0466693 0.2748715
v 0.0380859 0.0466693 0.2748715
v 0.0412903 0.0482943 0.2435300
v 0.0412903 0.0482943 0.2435300
v 0.0539856 0.0403598 0.2446591
v 0.0539856 0.0403598 0.2446591
v 0.0506286 0.0388491 0.2761838
v 0.0506286 0.0388491 0.2761838
v 0.0428161 0.0341876 0.2749173
v 0.0428161 0.0341876 0.2749173
v 0.0458984 0.0362551 0.2436673
v 0.0458984 0.0362551 0.2436673
v 0.0597534 0.0300296 0.2447507
v 0.0597534 0.0300296 0.2447507
v 0.0566101 0.0280459 0.2761838
v 0.0566101 0.0280459 0.2761838
v 0.0493774 0.0224612 0.2750699
v 0.0493774 0.0224612 0.2750699
v 0.0523376 0.0247653 0.2435910
v 0.0523376 0.0247653 0.2435910
v 0.0668640 0.0214541 0.2447507
v 0.0668640 0.0214541 0.2447507
v 0.0643005 0.0186312 0.2761838
v 0.0643005 0.0186312 0.2761838
v 0.0581665 0.0119937 0.2750089
v 0.0581665 0.0119937 0.2750089
v 0.0607300 0.0147555 0.2438352
v 0.0607300 0.0147555 0.2438352
v 0.0751648 0.0147708 0.2447812
v 0.0751648 0.0147708 0.2447812
v 0.0730619 0.0110454 0.2762764
v 0.0730619 0.0110454 0.2762764
v 0.0688782 0.0036624 0.2748715
v 0.0688782 0.0036624 0.2748715
v 0.0703789 0.0065289 0.2435463
v 0.0703789 0.0065289 0.2435463
v 0.0845543 0.0100783 0.2446461
v 0.0845543 0.0100783 0.2446461
v 0.0845543 0.0100783 0.2446461
v 0.0845543 0.0100783 0.2446461
v 0.0834949 0.0063979 0.2762764
v 0.0834949 0.0063979 0.2762764
v 0.0834949 0.0063979 0.2762764
v 0.0834949 0.0063979 0.2762764
v 0.0809823 -0.0023308 0.2751766
v 0.0809823 -0.0023308 0.2751766
v 0.0809823 -0.0023308 0.2751766
v 0.0809823 -0.0023308 0.2751766
v 0.0820418 0.0013496 0.2435463
v 0.0820418 0.0013496 0.2435463
v 0.0820418 0.0013496 0.2435463
v 0.0820418 0.0013496 0.2435463
v 0.0947990 0.0085902 0.2446461
v 0.0947990 0.0085902 0.2446461
v 0.0948734 0.0047611 0.2762764
v 0.0948734 0.0047611 0.2762764
v 0.0950496 -0.0043203 0.2751766
v 0.0950496 -0.0043203 0.2751766
v 0.0949753 -0.0004912 0.2435463
v 0.0949753 -0.0004912 0.2435463
v 0.1032861 0.0101397 0.2446461
v 0.1032861 0.0101397 0.2446461
v 0.1045809 0.0065354 0.2762764
v 0.1045809 0.0065354 0.2762764
v 0.1076520 -0.0020128 0.2751766
v 0.1076520 -0.0020128 0.2751766
v 0.1063571 0.0015915 0.2435463
v 0.1063571 0.0015915 0.2435463
v 0.1110346 0.0145011 0.2446461
v 0.1110346 0.0145011 0.2446461
v 0.1133141 0.0114235 0.2762764
v 0.1133141 0.0114235 0.2762764
v 0.1187203 0.0041245 0.2751766
v 0.1187203 0.0041245 0.2751766
v 0.1164409 0.0072021 0.2435463
v 0.1164409 0.0072021 0.2435463
v 0.1181713 0.0214000 0.2446461
v 0.1181713 0.0214000 0.2446461
v 0.1210795 0.0189080 0.2762764
v 0.1210795 0.0189080 0.2762764
v 0.1279769 0.0129979 0.2751766
v 0.1279769 0.0129979 0.2751766
v 0.1250687 0.0154899 0.2435463
v 0.1250687 0.0154899 0.2435463
v 0.1244376 0.0303442 0.2446461
v 0.1244376 0.0303442 0.2446461
v 0.1277271 0.0283829 0.2762764
v 0.1277271 0.0283829 0.2762764
v 0.1355287 0.0237312 0.2751766
v 0.1355287 0.0237312 0.2751766
v 0.1322392 0.0256926 0.2435463
v 0.1322392 0.0256926 0.2435463
v 0.1295834 0.0406620 0.2446460
v 0.1295834 0.0406620 0.2446460
v 0.1331102 0.0391690 0.2762764
v 0.1331102 0.0391690 0.2762764
v 0.1414747 0.0356281 0.2751766
v 0.1414747 0.0356281 0.2751766
v 0.1379479 0.0371211 0.2435462
v 0.1379479 0.0371211 0.2435462
v 0.1334291 0.0516143 0.2446460
v 0.1334291 0.0516143 0.2446460
v 0.1371109 0.0505599 0.2762764
v 0.1371109 0.0505599 0.2762764
v 0.1458430 0.0480592 0.2751766
v 0.1458430 0.0480592 0.2751766
v 0.1421612 0.0491136 0.2435462
v 0.1421612 0.0491136 0.2435462
v 0.1358506 0.0624335 0.2446460
v 0.1358506 0.0624335 0.2446460
v 0.1396338 0.0618376 0.2762763
v 0.1396338 0.0618376 0.2762763
v 0.1486063 0.0604242 0.2751765
v 0.1486063 0.0604242 0.2751765
v 0.1448231 0.0610201 0.2435462
v 0.1448231 0.0610201 0.2435462
v 0.1496424 0.0725038 0.3458318
v 0.1496424 0.0725038 0.3458318
v 0.1534715 0.0724292 0.3774621
v 0.1534715 0.0724292 0.3774621
v 0.1625529 0.0722523 0.3763622
v 0.1625529 0.0722523 0.3763622
v 0.1587238 0.0723269 0.3447320
v 0.1587238 0.0723269 0.3447320
v 0.1488728 0.0908884 0.3457688
v 0.1488728 0.0908884 0.3457688
v 0.1523641 0.0913193 0.3774354
v 0.1523641 0.0913193 0.3774354
v 0.1613892 0.0924331 0.3764252
v 0.1613892 0.0924331 0.3764252
v 0.1578979 0.0920022 0.3447587
v 0.1578979 0.0920022 0.3447587
v 0.1459552 0.1064428 0.3457074
v 0.1459552 0.1064428 0.3457074
v 0.1490314 0.1073435 0.3774071
v 0.1490314 0.1073435 0.3774071
v 0.1577676 0.1099016 0.3764866
v 0.1577676 0.1099016 0.3764866
v 0.1546914 0.1090009 0.3447869
v 0.1546914 0.1090009 0.3447869
v 0.1411199 0.1191966 0.3456475
v 0.1411199 0.1191966 0.3456475
v 0.1436849 0.1205340 0.3773772
v 0.1436849 0.1205340 0.3773772
v 0.1517642 0.1247466 0.3765465
v 0.1517642 0.1247466 0.3765465
v 0.1491993 0.1234092 0.3448168
v 0.1491993 0.1234092 0.3448168
v 0.1345752 0.1293230 0.3455891
v 0.1345752 0.1293230 0.3455891
v 0.1365382 0.1309967 0.3773457
v 0.1365382 0.1309967 0.3773457
v 0.1434776 0.1369135 0.3766049
v 0.1434776 0.1369135 0.3766049
v 0.1415146 0.1352398 0.3448483
v 0.1415146 0.1352398 0.3448483
v 0.1264382 0.1370493 0.3455321
v 0.1264382 0.1370493 0.3455321
v 0.1277629 0.1388883 0.3773127
v 0.1277629 0.1388883 0.3773127
v 0.1330969 0.1462935 0.3766619
v 0.1330969 0.1462935 0.3766619
v 0.1317722 0.1444545 0.3448813
v 0.1317722 0.1444545 0.3448813
v 0.1167137 0.1425632 0.3454767
v 0.1167137 0.1425632 0.3454767
v 0.1174555 0.1443698 0.3772781
v 0.1174555 0.1443698 0.3772781
v 0.1209242 0.1528176 0.3767173
v 0.1209242 0.1528176 0.3767173
v 0.1201824 0.1510110 0.3449159
v 0.1201824 0.1510110 0.3449159
v 0.1053752 0.1459320 0.3454228
v 0.1053752 0.1459320 0.3454228
v 0.1056668 0.1475452 0.3772419
v 0.1056668 0.1475452 0.3772419
v 0.1072926 0.1565367 0.3767712
v 0.1072926 0.1565367 0.3767712
v 0.1070010 0.1549236 0.3449521
v 0.1070010 0.1549236 0.3449521
v 0.0926039 0.1471310 0.3453704
v 0.0926039 0.1471310 0.3453704
v 0.0925688 0.1484560 0.3772041
v 0.0925688 0.1484560 0.3772041
v 0.0923274 0.1575944 0.3768235
v 0.0923274 0.1575944 0.3768235
v 0.0923625 0.1562693 0.3449898
v 0.0923625 0.1562693 0.3449898
v 0.0797384 0.1452511 0.3454228
v 0.0797384 0.1452511 0.3454228
v 0.0795046 0.1462168 0.3769024
v 0.0795046 0.1462168 0.3769024
v 0.0769938 0.1556725 0.3767711
v 0.0769938 0.1556725 0.3767711
v 0.0775055 0.1533993 0.3451350
v 0.0775055 0.1533993 0.3451350
v 0.0678825 0.1403273 0.3454767
v 0.0678825 0.1403273 0.3454767
v 0.0673504 0.1413533 0.3770534
v 0.0673504 0.1413533 0.3770534
v 0.0626596 0.1501050 0.3767172
v 0.0626596 0.1501050 0.3767172
v 0.0640282 0.1476677 0.3449218
v 0.0640282 0.1476677 0.3449218
v 0.0571155 0.1327637 0.3455321
v 0.0571155 0.1327637 0.3455321
v 0.0567366 0.1337772 0.3768331
v 0.0567366 0.1337772 0.3768331
v 0.0498037 0.1415005 0.3766618
v 0.0498037 0.1415005 0.3766618
v 0.0519641 0.1387042 0.3449304
v 0.0519641 0.1387042 0.3449304
v 0.0494585 0.1215323 0.3454771
v 0.0494585 0.1215323 0.3454771
v 0.0474768 0.1234002 0.3770143
v 0.0474768 0.1234002 0.3770143
v 0.0406032 0.1295588 0.3761367
v 0.0406032 0.1295588 0.3761367
v 0.0424338 0.1275426 0.3447380
v 0.0424338 0.1275426 0.3447380
v 0.0433324 0.1100161 0.3454432
v 0.0433324 0.1100161 0.3454432
v 0.0411316 0.1124169 0.3768413
v 0.0411316 0.1124169 0.3768413
v 0.0324468 0.1155273 0.3761190
v 0.0324468 0.1155273 0.3761190
v 0.0352645 0.1144755 0.3446950
v 0.0352645 0.1144755 0.3446950
v 0.0391300 0.0964912 0.3454689
v 0.0391300 0.0964912 0.3454689
v 0.0363951 0.0992624 0.3770395
v 0.0363951 0.0992624 0.3770395
v 0.0274993 0.1011686 0.3760254
v 0.0274993 0.1011686 0.3760254
v 0.0306294 0.1001169 0.3445673
v 0.0306294 0.1001169 0.3445673
v 0.0374748 0.0848798 0.3456212
v 0.0374748 0.0848798 0.3456212
v 0.0340998 0.0864775 0.3769344
v 0.0340998 0.0864775 0.3769344
v 0.0250029 0.0859653 0.3759455
v 0.0250029 0.0859653 0.3759455
v 0.0285272 0.0858510 0.3445717
v 0.0285272 0.0858510 0.3445717
v 0.0374756 0.0714021 0.3457360
v 0.0374756 0.0714021 0.3457360
v 0.0337046 0.0727472 0.3770235
v 0.0337046 0.0727472 0.3770235
v 0.0248159 0.0713694 0.3760357
v 0.0248159 0.0713694 0.3760357
v 0.0284763 0.0720511 0.3446121
v 0.0284763 0.0720511 0.3446121
v 0.0386116 0.0617458 0.3457121
v 0.0386116 0.0617458 0.3457121
v 0.0352943 0.0590818 0.3771423
v 0.0352943 0.0590818 0.3771423
v 0.0265322 0.0573839 0.3759703
v 0.0265322 0.0573839 0.3759703
v 0.0300652 0.0585822 0.3447689
v 0.0300652 0.0585822 0.3447689
v 0.0416758 0.0480284 0.3458316
v 0.0416758 0.0480284 0.3458316
v 0.0381499 0.0467477 0.3772073
v 0.0381499 0.0467477 0.3772073
v 0.0298748 0.0430468 0.3759934
v 0.0298748 0.0430468 0.3759934
v 0.0334037 0.0441900 0.3448145
v 0.0334037 0.0441900 0.3448145
v 0.0462028 0.0350925 0.3459087
v 0.0462028 0.0350925 0.3459087
v 0.0431259 0.0327539 0.3770529
v 0.0431259 0.0327539 0.3770529
v 0.0349644 0.0285845 0.3763076
v 0.0349644 0.0285845 0.3763076
v 0.0382560 0.0305594 0.3447702
v 0.0382560 0.0305594 0.3447702
v 0.0522591 0.0231950 0.3459621
v 0.0522591 0.0231950 0.3459621
v 0.0492549 0.0207822 0.3772670
v 0.0492549 0.0207822 0.3772670
v 0.0423035 0.0146018 0.3762186
v 0.0423035 0.0146018 0.3762186
v 0.0451892 0.0171912 0.3448896
v 0.0451892 0.0171912 0.3448896
v 0.0607182 0.0120009 0.3459582
v 0.0607182 0.0120009 0.3459582
v 0.0582062 0.0090246 0.3773672
v 0.0582062 0.0090246 0.3773672
v 0.0518609 0.0023103 0.3763632
v 0.0518609 0.0023103 0.3763632
v 0.0545407 0.0050986 0.3450497
v 0.0545407 0.0050986 0.3450497
v 0.0704554 0.0037392 0.3460417
v 0.0704554 0.0037392 0.3460417
v 0.0690645 0.0000447 0.3772540
v 0.0690645 0.0000447 0.3772540
v 0.0643775 -0.0078794 0.3762996
v 0.0643775 -0.0078794 0.3762996
v 0.0663155 -0.0045499 0.3450784
v 0.0663155 -0.0045499 0.3450784
v 0.0825301 -0.0019229 0.3459648
v 0.0825301 -0.0019229 0.3459648
v 0.0825301 -0.0019229 0.3459648
v 0.0825301 -0.0019229 0.3459648
v 0.0811483 -0.0064934 0.3774621
v 0.0811483 -0.0064934 0.3774621
v 0.0811483 -0.0064934 0.3774621
v 0.0811483 -0.0064934 0.3774621
v 0.0792881 -0.0143868 0.3761065
v 0.0792881 -0.0143868 0.3761065
v 0.0792881 -0.0143868 0.3761065
v 0.0792881 -0.0143868 0.3761065
v 0.0800594 -0.0106533 0.3448208
v 0.0800594 -0.0106533 0.3448208
v 0.0800594 -0.0106533 0.3448208
v 0.0800594 -0.0106533 0.3448208
v 0.0958125 -0.0038561 0.3458700
v 0.0958125 -0.0038561 0.3458700
v 0.0956298 -0.0083968 0.3774621
v 0.0956298 -0.0083968 0.3774621
v 0.0959827 -0.0166095 0.3763209
v 0.0959827 -0.0166095 0.3763209
v 0.0956409 -0.0128448 0.3449526
v 0.0956409 -0.0128448 0.3449526
v 0.1067168 -0.0020917 0.3460028
v 0.1067168 -0.0020917 0.3460028
v 0.1080457 -0.0063031 0.3774621
v 0.1080457 -0.0063031 0.3774621
v 0.1110194 -0.0140273 0.3761320
v 0.1110194 -0.0140273 0.3761320
v 0.1097108 -0.0105748 0.3452922
v 0.1097108 -0.0105748 0.3452922
v 0.1170066 0.0026052 0.3458318
v 0.1170066 0.0026052 0.3458318
v 0.1191771 -0.0005502 0.3774621
v 0.1191771 -0.0005502 0.3774621
v 0.1239888 -0.0074587 0.3761641
v 0.1239888 -0.0074587 0.3761641
v 0.1220801 -0.0042739 0.3452456
v 0.1220801 -0.0042739 0.3452456
v 0.1261916 0.0108334 0.3458318
v 0.1261916 0.0108334 0.3458318
v 0.1290109 0.0082413 0.3774621
v 0.1290109 0.0082413 0.3774621
v 0.1356974 0.0020936 0.3763623
v 0.1356974 0.0020936 0.3763623
v 0.1327276 0.0050856 0.3455536
v 0.1327276 0.0050856 0.3455536
v 0.1341618 0.0214472 0.3458318
v 0.1341618 0.0214472 0.3458318
v 0.1373938 0.0193926 0.3774621
v 0.1373938 0.0193926 0.3774621
v 0.1450591 0.0145196 0.3763623
v 0.1450591 0.0145196 0.3763623
v 0.1418271 0.0165742 0.3447320
v 0.1418271 0.0165742 0.3447320
v 0.1406663 0.0337241 0.3458318
v 0.1406663 0.0337241 0.3458318
v 0.1441629 0.0321616 0.3774621
v 0.1441629 0.0321616 0.3774621
v 0.1524558 0.0284560 0.3763623
v 0.1524558 0.0284560 0.3763623
v 0.1489591 0.0300185 0.3447320
v 0.1489591 0.0300185 0.3447320
v 0.1455055 0.0468690 0.3458318
v 0.1455055 0.0468690 0.3458318
v 0.1491764 0.0457771 0.3774621
v 0.1491764 0.0457771 0.3774621
v 0.1578825 0.0431875 0.3763623
v 0.1578825 0.0431875 0.3763623
v 0.1542116 0.0442794 0.3447320
v 0.1542116 0.0442794 0.3447320
v 0.1485301 0.0600535 0.3458318
v 0.1485301 0.0600535 0.3458318
v 0.1523127 0.0594539 0.3774621
v 0.1523127 0.0594539 0.3774621
v 0.1612838 0.0580318 0.3763623
v 0.1612838 0.0580318 0.3763623
v 0.1575012 0.0586314 0.3447320
v 0.1575012 0.0586314 0.3447320
v 0.1295961 -0.0114105 0.1567193
v 0.1385110 0.0003106 0.1532375
v 0.1490687 0.0187037 0.1482906
v 0.1490687 0.0187037 0.1482906
v 0.1490687 0.0187037 0.1482906
v 0.1490687 0.0187037 0.1482906
v 0.1062673 -0.0238435 0.1596577
v 0.1498514 0.0152654 0.3197177
v 0.1307779 -0.0157482 0.3184330
v 0.1382780 -0.0067373 0.3187851
v 0.1073896 -0.0249717 0.3182428
v 0.1438064 -0.0162895 0.4550068
v 0.1438064 -0.0162895 0.4550068
v 0.1572618 0.0479961 0.1480917
v 0.1572618 0.0479961 0.1480917
v 0.1607625 0.0511602 0.3213256
v 0.1607625 0.0511602 0.3213256
v 0.1720292 0.0493287 0.4635128
v 0.1720292 0.0493287 0.4635128
v 0.1720292 0.0493287 0.4635128
v 0.1338331 -0.0267422 0.4547458
v 0.1338331 -0.0267422 0.4547458
v 0.1085516 -0.0380493 0.4538708
v 0.1085516 -0.0380493 0.4538708
v 0.1313062 -0.0171096 0.1347781
v 0.1313062 -0.0171096 0.1347781
v 0.1416228 -0.0041466 0.1315822
v 0.1416228 -0.0041466 0.1315822
v 0.1530662 0.0166993 0.1280419
v 0.1530662 0.0166993 0.1280419
v 0.1071683 -0.0323215 0.1385443
v 0.1071683 -0.0323215 0.1385443
v 0.1643049 0.0501634 0.1267149
v 0.1643049 0.0501634 0.1267149
v 0.1643049 0.0501634 0.1267149
v 0.1643049 0.0501634 0.1267149
v 0.1245124 -0.0061085 0.2083429
v 0.1315047 0.0025202 0.2076978
v 0.1413051 0.0213646 0.2070291
v 0.1057791 -0.0149763 0.2088436
v 0.1490942 0.0493094 0.2064950
v 0.1490942 0.0493094 0.2064950
v 0.1261515 -0.0070861 0.1743560
v 0.1338855 0.0033668 0.1720995
v 0.1519106 0.0480451 0.1696464
v 0.1519106 0.0480451 0.1696464
v 0.1450292 0.0195146 0.1704842
v 0.1450292 0.0195146 0.1704842
v 0.1450292 0.0195146 0.1704842
v 0.1450292 0.0195146 0.1704842
v 0.1450292 0.0195146 0.1704842
v 0.1052608 -0.0169675 0.1766774
v 0.1522258 0.0200085 0.1171845
v 0.1522258 0.0200085 0.1171845
v 0.1559460 0.0493865 0.1169140
v 0.1559460 0.0493865 0.1169140
v 0.1559460 0.0493865 0.1169140
v 0.1313366 -0.0139806 0.1240697
v 0.1313366 -0.0139806 0.1240697
v 0.1409612 -0.0016149 0.1211875
v 0.1409612 -0.0016149 0.1211875
v 0.1075035 -0.0299393 0.1277932
v 0.1075035 -0.0299393 0.1277932
v 0.1564963 0.0050498 0.4579329
v 0.1564963 0.0050498 0.4579329
v 0.1347175 -0.0251735 0.4173895
v 0.1431431 -0.0150257 0.4179706
v 0.1685951 0.0502266 0.4210168
v 0.1685951 0.0502266 0.4210168
v 0.1085674 -0.0354899 0.4164339
v 0.1552651 0.0091654 0.4189053
v 0.1445859 0.0188023 0.2514845
v 0.1445859 0.0188023 0.2514845
v 0.1445859 0.0188023 0.2514845
v 0.1445859 0.0188023 0.2514845
v 0.1063914 -0.0187763 0.2504347
v 0.1067503 -0.0210038 0.2748146
v 0.1282854 -0.0119133 0.2746372
v 0.1268997 -0.0097814 0.2502900
v 0.1340922 -0.0010163 0.2501347
v 0.1355768 -0.0030454 0.2744827
v 0.1562712 0.0510830 0.2751595
v 0.1562712 0.0510830 0.2751595
v 0.1537232 0.0504533 0.2507820
v 0.1537232 0.0504533 0.2507820
v 0.1396170 -0.0090185 0.3460842
v 0.1407331 -0.0109200 0.3688380
v 0.1536761 0.0118956 0.3691417
v 0.1536761 0.0118956 0.3691417
v 0.1536761 0.0118956 0.3691417
v 0.1536761 0.0118956 0.3691417
v 0.1536761 0.0118956 0.3691417
v 0.1516440 0.0132297 0.3467002
v 0.1516440 0.0132297 0.3467002
v 0.1516440 0.0132297 0.3467002
v 0.1516440 0.0132297 0.3467002
v 0.1077126 -0.0278563 0.3451711
v 0.1079851 -0.0302900 0.3678911
v 0.1649647 0.0512199 0.3731919
v 0.1649647 0.0512199 0.3731919
v 0.1632603 0.0516862 0.3503283
v 0.1632603 0.0516862 0.3503283
v 0.1327667 -0.0205063 0.3683888
v 0.1318614 -0.0183406 0.3456506
v 0.1563161 0.0365328 0.3206703
v 0.1541297 0.0406771 0.1484086
v 0.1541297 0.0406771 0.1484086
v 0.1541297 0.0406771 0.1484086
v 0.1541297 0.0406771 0.1484086
v 0.1541297 0.0406771 0.1484086
v 0.1604625 0.0369769 0.1268822
v 0.1604625 0.0369769 0.1268822
v 0.1471123 0.0421989 0.2066309
v 0.1500903 0.0414883 0.1706023
v 0.1500903 0.0414883 0.1706023
v 0.1500903 0.0414883 0.1706023
v 0.1500903 0.0414883 0.1706023
v 0.1500903 0.0414883 0.1706023
v 0.1552524 0.0379967 0.1164776
v 0.1552524 0.0379967 0.1164776
v 0.1667657 0.0320689 0.4608147
v 0.1667657 0.0320689 0.4608147
v 0.1635309 0.0336973 0.4201429
v 0.1593915 0.0336947 0.3699197
v 0.1593915 0.0336947 0.3699197
v 0.1593915 0.0336947 0.3699197
v 0.1593915 0.0336947 0.3699197
v 0.1593915 0.0336947 0.3699197
v 0.0949973 -0.0402156 0.4545541
v 0.0949973 -0.0402156 0.4545541
v 0.0949973 -0.0239393 0.1596056
v 0.0949609 -0.0341569 0.1388990
v 0.0949609 -0.0341569 0.1388990
v 0.0949973 -0.0150552 0.2088561
v 0.0945930 -0.0183408 0.1766965
v 0.0954117 -0.0319281 0.1283500
v 0.0954117 -0.0319281 0.1283500
v 0.0949973 -0.0252476 0.3183729
v 0.0949973 -0.0358097 0.4168256
v 0.0949973 -0.0212002 0.2748837
v 0.0949973 -0.0189315 0.2505061
v 0.0949973 -0.0305851 0.3681253
v 0.0949973 -0.0281472 0.3454010
v 0.1242964 0.0006851 0.1556031
v 0.1318457 0.0124063 0.1521213
v 0.1407861 0.0307994 0.1471744
v 0.1045410 -0.0117478 0.1585415
v 0.1414489 0.0273611 0.3186016
v 0.1252971 -0.0036525 0.3173169
v 0.1316483 0.0053584 0.3176689
v 0.1054914 -0.0128760 0.3171267
v 0.1362617 -0.0044575 0.4580295
v 0.1362617 -0.0044575 0.4580295
v 0.1477243 0.0600917 0.1469755
v 0.1477243 0.0600917 0.1469755
v 0.1506887 0.0632559 0.3202094
v 0.1506887 0.0632559 0.3202094
v 0.1602296 0.0614243 0.4658032
v 0.1602296 0.0614243 0.4658032
v 0.1602296 0.0614243 0.4658032
v 0.1284995 -0.0141603 0.4577064
v 0.1284995 -0.0141603 0.4577064
v 0.1077380 -0.0257423 0.4569293
v 0.1077380 -0.0257423 0.4569293
v 0.1256128 -0.0051561 0.1335578
v 0.1256128 -0.0051561 0.1335578
v 0.1344394 0.0080198 0.1305021
v 0.1344394 0.0080198 0.1305021
v 0.1430838 0.0302744 0.1264926
v 0.1430838 0.0302744 0.1264926
v 0.1051451 -0.0203010 0.1374025
v 0.1051451 -0.0203010 0.1374025
v 0.1536885 0.0622591 0.1255987
v 0.1536885 0.0622591 0.1255987
v 0.1536885 0.0622591 0.1255987
v 0.1536885 0.0622591 0.1255987
v 0.1199914 0.0059872 0.2072267
v 0.1259126 0.0146158 0.2065816
v 0.1342118 0.0334603 0.2059129
v 0.1041276 -0.0028806 0.2077274
v 0.1408077 0.0614051 0.2053789
v 0.1408077 0.0614051 0.2053789
v 0.1213793 0.0050096 0.1732398
v 0.1279286 0.0154625 0.1709833
v 0.1431927 0.0601407 0.1685302
v 0.1431927 0.0601407 0.1685302
v 0.1373654 0.0316102 0.1693680
v 0.1039627 -0.0057782 0.1755976
v 0.1419550 0.0333290 0.1158228
v 0.1419550 0.0333290 0.1158228
v 0.1466100 0.0614821 0.1157978
v 0.1466100 0.0614821 0.1157978
v 0.1466100 0.0614821 0.1157978
v 0.1248823 -0.0029901 0.1230392
v 0.1248823 -0.0029901 0.1230392
v 0.1329905 0.0089761 0.1201475
v 0.1329905 0.0089761 0.1201475
v 0.1052065 -0.0181691 0.1265865
v 0.1052065 -0.0181691 0.1265865
v 0.1459751 0.0177215 0.4588999
v 0.1459751 0.0177215 0.4588999
v 0.1286332 -0.0130778 0.4162733
v 0.1357682 -0.0029301 0.4168544
v 0.1573215 0.0623223 0.4199006
v 0.1573215 0.0623223 0.4199006
v 0.1064888 -0.0233943 0.4153177
v 0.1460568 0.0179863 0.4168908
v 0.1386627 0.0294811 0.2728098
v 0.1369900 0.0308980 0.2503683
v 0.1046461 -0.0066807 0.2493186
v 0.1049500 -0.0089082 0.2736984
v 0.1231863 0.0001823 0.2735210
v 0.1220130 0.0023142 0.2491738
v 0.1281037 0.0110793 0.2490185
v 0.1293609 0.0090503 0.2733665
v 0.1468854 0.0631786 0.2740433
v 0.1468854 0.0631786 0.2740433
v 0.1447277 0.0625490 0.2496658
v 0.1447277 0.0625490 0.2496658
v 0.1327823 0.0030771 0.3449680
v 0.1337274 0.0011757 0.3677218
v 0.1446878 0.0239913 0.3680255
v 0.1429669 0.0253253 0.3455841
v 0.1057649 -0.0157606 0.3440550
v 0.1059957 -0.0181944 0.3667749
v 0.1542472 0.0633155 0.3720757
v 0.1542472 0.0633155 0.3720757
v 0.1528039 0.0637818 0.3492121
v 0.1528039 0.0637818 0.3492121
v 0.1269812 -0.0084107 0.3672726
v 0.1262146 -0.0062449 0.3445345
v 0.1413439 0.0563735 0.3195576
v 0.1413439 0.0563735 0.3195576
v 0.1388904 0.0593194 0.1472840
v 0.1388904 0.0593194 0.1472840
v 0.1447410 0.0596475 0.1254862
v 0.1447410 0.0596475 0.1254862
v 0.1447410 0.0596475 0.1254862
v 0.1447410 0.0596475 0.1254862
v 0.1333024 0.0615470 0.2055133
v 0.1333024 0.0615470 0.2055133
v 0.1357450 0.0606785 0.1694831
v 0.1357450 0.0606785 0.1694831
v 0.1408520 0.0586516 0.1153730
v 0.1408520 0.0586516 0.1153730
v 0.1408520 0.0586516 0.1153730
v 0.1518413 0.0490471 0.4624841
v 0.1518413 0.0490471 0.4624841
v 0.1518413 0.0490471 0.4624841
v 0.1469631 0.0525616 0.4190205
v 0.1469631 0.0525616 0.4190205
v 0.1384401 0.0582893 0.2735865
v 0.1384401 0.0582893 0.2735865
v 0.1366257 0.0594239 0.2511422
v 0.1366257 0.0594239 0.2511422
v 0.1443653 0.0543659 0.3688153
v 0.1443653 0.0543659 0.3688153
v 0.1425456 0.0555031 0.3463718
v 0.1425456 0.0555031 0.3463718
v 0.0951467 -0.0273249 0.4568462
v 0.0951467 -0.0273249 0.4568462
v 0.0949973 -0.0118437 0.1584894
v 0.0950619 -0.0220696 0.1376911
v 0.0950619 -0.0220696 0.1376911
v 0.0949973 -0.0029595 0.2077399
v 0.0949973 -0.0058637 0.1755641
v 0.0950240 -0.0198088 0.1269843
v 0.0950240 -0.0198088 0.1269843
v 0.0949973 -0.0131520 0.3172567
v 0.0949973 -0.0237141 0.4157094
v 0.0949973 -0.0091045 0.2737675
v 0.0949973 -0.0068358 0.2493900
v 0.0949973 -0.0184894 0.3670092
v 0.0949973 -0.0160516 0.3442848
v 0.0603984 -0.0114105 0.1567193
v 0.0514835 0.0003106 0.1532375
v 0.0837272 -0.0238435 0.1596577
v 0.0401432 0.0152654 0.3197177
v 0.0592167 -0.0157482 0.3184330
v 0.0517166 -0.0067373 0.3187851
v 0.0826050 -0.0249717 0.3182428
v 0.0458587 -0.0160270 0.4561020
v 0.0458587 -0.0160270 0.4561020
v 0.0317553 0.0490585 0.1481778
v 0.0317553 0.0490585 0.1481778
v 0.0292320 0.0511602 0.3213256
v 0.0292320 0.0511602 0.3213256
v 0.0179654 0.0493287 0.4635128
v 0.0179654 0.0493287 0.4635128
v 0.0179654 0.0493287 0.4635128
v 0.0552216 -0.0260004 0.4551026
v 0.0552216 -0.0260004 0.4551026
v 0.0810892 -0.0380089 0.4541130
v 0.0810892 -0.0380089 0.4541130
v 0.0597973 -0.0181758 0.1351589
v 0.0597973 -0.0181758 0.1351589
v 0.0484245 -0.0042072 0.1315468
v 0.0484245 -0.0042072 0.1315468
v 0.0366979 0.0172180 0.1279768
v 0.0366979 0.0172180 0.1279768
v 0.0828624 -0.0323802 0.1383967
v 0.0828624 -0.0323802 0.1383967
v 0.0256897 0.0501634 0.1267149
v 0.0256897 0.0501634 0.1267149
v 0.0256897 0.0501634 0.1267149
v 0.0256897 0.0501634 0.1267149
v 0.0654821 -0.0061085 0.2083429
v 0.0584898 0.0025202 0.2076978
v 0.0486894 0.0213646 0.2070291
v 0.0842155 -0.0149763 0.2088436
v 0.0409004 0.0493094 0.2064950
v 0.0409004 0.0493094 0.2064950
v 0.0649109 -0.0062864 0.1744820
v 0.0555221 0.0041111 0.1720014
v 0.0380840 0.0480451 0.1696464
v 0.0380840 0.0480451 0.1696464
v 0.0454365 0.0205317 0.1707393
v 0.0454365 0.0205317 0.1707393
v 0.0454365 0.0205317 0.1707393
v 0.0454365 0.0205317 0.1707393
v 0.0840988 -0.0167844 0.1766679
v 0.0379201 0.0195936 0.1172085
v 0.0379201 0.0195936 0.1172085
v 0.0340486 0.0493865 0.1169140
v 0.0340486 0.0493865 0.1169140
v 0.0340486 0.0493865 0.1169140
v 0.0612844 -0.0166668 0.1246347
v 0.0612844 -0.0166668 0.1246347
v 0.0491150 -0.0016732 0.1209985
v 0.0491150 -0.0016732 0.1209985
v 0.0829151 -0.0300623 0.1277838
v 0.0829151 -0.0300623 0.1277838
v 0.0336146 0.0048930 0.4573125
v 0.0336146 0.0048930 0.4573125
v 0.0552771 -0.0251735 0.4173895
v 0.0468514 -0.0150257 0.4179706
v 0.0213995 0.0502266 0.4210168
v 0.0213995 0.0502266 0.4210168
v 0.0814272 -0.0354899 0.4164339
v 0.0344210 0.0096741 0.4185900
v 0.0836032 -0.0187763 0.2504347
v 0.0832443 -0.0210038 0.2748146
v 0.0617092 -0.0119133 0.2746372
v 0.0630948 -0.0097814 0.2502900
v 0.0559023 -0.0010163 0.2501347
v 0.0544178 -0.0030454 0.2744827
v 0.0337233 0.0510830 0.2751595
v 0.0337233 0.0510830 0.2751595
v 0.0362714 0.0504533 0.2507820
v 0.0362714 0.0504533 0.2507820
v 0.0503775 -0.0090185 0.3460842
v 0.0492614 -0.0109200 0.3688380
v 0.0822820 -0.0278563 0.3451711
v 0.0820094 -0.0302900 0.3678911
v 0.0250298 0.0512199 0.3731919
v 0.0250298 0.0512199 0.3731919
v 0.0267343 0.0516862 0.3503283
v 0.0267343 0.0516862 0.3503283
v 0.0572279 -0.0205063 0.3683888
v 0.0581331 -0.0183406 0.3456506
v 0.0336784 0.0365328 0.3206703
v 0.0345154 0.0404437 0.1479641
v 0.0345154 0.0404437 0.1479641
v 0.0345154 0.0404437 0.1479641
v 0.0345154 0.0404437 0.1479641
v 0.0345154 0.0404437 0.1479641
v 0.0293124 0.0375451 0.1266602
v 0.0293124 0.0375451 0.1266602
v 0.0428823 0.0421989 0.2066309
v 0.0388794 0.0413439 0.1702420
v 0.0388794 0.0413439 0.1702420
v 0.0388794 0.0413439 0.1702420
v 0.0388794 0.0413439 0.1702420
v 0.0388794 0.0413439 0.1702420
v 0.0347422 0.0379967 0.1164776
v 0.0347422 0.0379967 0.1164776
v 0.0232289 0.0320689 0.4608147
v 0.0232289 0.0320689 0.4608147
v 0.0264636 0.0336973 0.4201429
v 0.0656982 0.0006851 0.1556031
v 0.0581489 0.0124063 0.1521213
v 0.0492085 0.0307994 0.1471744
v 0.0854536 -0.0117478 0.1585415
v 0.0485456 0.0273611 0.3186016
v 0.0646975 -0.0036525 0.3173169
v 0.0583463 0.0053584 0.3176689
v 0.0845032 -0.0128760 0.3171267
v 0.0544124 -0.0055019 0.4581119
v 0.0544124 -0.0055019 0.4581119
v 0.0422703 0.0600917 0.1469755
v 0.0422703 0.0600917 0.1469755
v 0.0393058 0.0632559 0.3202094
v 0.0393058 0.0632559 0.3202094
v 0.0297650 0.0614243 0.4658032
v 0.0297650 0.0614243 0.4658032
v 0.0297650 0.0614243 0.4658032
v 0.0615392 -0.0143554 0.4577964
v 0.0615392 -0.0143554 0.4577964
v 0.0834155 -0.0260169 0.4568989
v 0.0834155 -0.0260169 0.4568989
v 0.0646678 -0.0055298 0.1337671
v 0.0646678 -0.0055298 0.1337671
v 0.0554264 0.0083003 0.1302810
v 0.0554264 0.0083003 0.1302810
v 0.0468474 0.0307053 0.1262618
v 0.0468474 0.0307053 0.1262618
v 0.0844485 -0.0201959 0.1373017
v 0.0844485 -0.0201959 0.1373017
v 0.0363061 0.0622591 0.1255987
v 0.0363061 0.0622591 0.1255987
v 0.0363061 0.0622591 0.1255987
v 0.0363061 0.0622591 0.1255987
v 0.0700032 0.0059872 0.2072267
v 0.0640820 0.0146158 0.2065816
v 0.0557828 0.0334603 0.2059129
v 0.0858670 -0.0028806 0.2077274
v 0.0491869 0.0614051 0.2053789
v 0.0491869 0.0614051 0.2053789
v 0.0686152 0.0050096 0.1732398
v 0.0620659 0.0154625 0.1709833
v 0.0468018 0.0601407 0.1685302
v 0.0468018 0.0601407 0.1685302
v 0.0526292 0.0316102 0.1693680
v 0.0860319 -0.0057782 0.1755976
v 0.0488351 0.0280600 0.1164230
v 0.0488351 0.0280600 0.1164230
v 0.0433846 0.0614821 0.1157978
v 0.0433846 0.0614821 0.1157978
v 0.0433846 0.0614821 0.1157978
v 0.0691869 -0.0076350 0.1241487
v 0.0691869 -0.0076350 0.1241487
v 0.0563521 0.0099829 0.1199074
v 0.0563521 0.0099829 0.1199074
v 0.0847950 -0.0181433 0.1265843
v 0.0847950 -0.0181433 0.1265843
v 0.0444190 0.0161480 0.4591432
v 0.0444190 0.0161480 0.4591432
v 0.0613614 -0.0130778 0.4162733
v 0.0542263 -0.0029301 0.4168544
v 0.0326731 0.0623223 0.4199006
v 0.0326731 0.0623223 0.4199006
v 0.0835058 -0.0233943 0.4153177
v 0.0439378 0.0179863 0.4168908
v 0.0513319 0.0294811 0.2728098
v 0.0530046 0.0308980 0.2503683
v 0.0853485 -0.0066807 0.2493186
v 0.0850446 -0.0089082 0.2736984
v 0.0668082 0.0001823 0.2735210
v 0.0679816 0.0023142 0.2491738
v 0.0618908 0.0110793 0.2490185
v 0.0606337 0.0090503 0.2733665
v 0.0431092 0.0631786 0.2740433
v 0.0431092 0.0631786 0.2740433
v 0.0452669 0.0625490 0.2496658
v 0.0452669 0.0625490 0.2496658
v 0.0572123 0.0030771 0.3449680
v 0.0562672 0.0011757 0.3677218
v 0.0453068 0.0239913 0.3680255
v 0.0470276 0.0253253 0.3455841
v 0.0842297 -0.0157606 0.3440550
v 0.0839989 -0.0181944 0.3667749
v 0.0357473 0.0633155 0.3720757
v 0.0357473 0.0633155 0.3720757
v 0.0371907 0.0637818 0.3492121
v 0.0371907 0.0637818 0.3492121
v 0.0630133 -0.0084107 0.3672726
v 0.0637799 -0.0062449 0.3445345
v 0.0486507 0.0563735 0.3195576
v 0.0486507 0.0563735 0.3195576
v 0.0511042 0.0593194 0.1472840
v 0.0511042 0.0593194 0.1472840
v 0.0429394 0.0573018 0.1259957
v 0.0429394 0.0573018 0.1259957
v 0.0429394 0.0573018 0.1259957
v 0.0429394 0.0573018 0.1259957
v 0.0566922 0.0615470 0.2055133
v 0.0566922 0.0615470 0.2055133
v 0.0542496 0.0606785 0.1694831
v 0.0542496 0.0606785 0.1694831
v 0.0491426 0.0586516 0.1153730
v 0.0491426 0.0586516 0.1153730
v 0.0491426 0.0586516 0.1153730
v 0.0379402 0.0496784 0.4624825
v 0.0379402 0.0496784 0.4624825
v 0.0379402 0.0496784 0.4624825
v 0.0430314 0.0525616 0.4190205
v 0.0430314 0.0525616 0.4190205
v 0.0515545 0.0582893 0.2735865
v 0.0515545 0.0582893 0.2735865
v 0.0533689 0.0594239 0.2511422
v 0.0533689 0.0594239 0.2511422
v 0.0456293 0.0543659 0.3688153
v 0.0456293 0.0543659 0.3688153
v 0.0474489 0.0555031 0.3463718
v 0.0474489 0.0555031 0.3463718
v 0.1643435 0.0337992 0.3708762
v 0.1643435 0.0337992 0.3708762
v 0.1643435 0.0337992 0.3708762
v 0.1499803 0.0090922 0.3419896
v 0.1499803 0.0090922 0.3419896
v 0.1499803 0.0090922 0.3419896
v 0.1556414 0.0108125 0.3447958
v 0.1556414 0.0108125 0.3447958
v 0.1556414 0.0108125 0.3447958
v 0.1597333 0.0362050 0.3679250
v 0.1597333 0.0362050 0.3679250
v 0.1597333 0.0362050 0.3679250
v 0.1597333 0.0362050 0.3679250
v 0.1597333 0.0362050 0.3679250
v 0.1589914 0.0315445 0.3722896
v 0.1589914 0.0315445 0.3722896
v 0.1589914 0.0315445 0.3722896
v 0.1589914 0.0315445 0.3722896
v 0.1589914 0.0315445 0.3722896
v 0.1511248 0.0107652 0.3487136
v 0.1511248 0.0107652 0.3487136
v 0.1511248 0.0107652 0.3487136
v 0.1511248 0.0107652 0.3487136
v 0.1511248 0.0107652 0.3487136
v 0.1518667 0.0154255 0.3443490
v 0.1518667 0.0154255 0.3443490
v 0.1518667 0.0154255 0.3443490
v 0.1518667 0.0154255 0.3443490
v 0.1622479 0.0269202 0.3678724
v 0.1622479 0.0269202 0.3678724
v 0.1622479 0.0269202 0.3678724
v 0.1622479 0.0269202 0.3678724
v 0.1622479 0.0269202 0.3678724
v 0.1629861 0.0315565 0.3635305
v 0.1629861 0.0315565 0.3635305
v 0.1629861 0.0315565 0.3635305
v 0.1629861 0.0315565 0.3635305
v 0.1629861 0.0315565 0.3635305
v 0.1577370 0.0176915 0.3477995
v 0.1577370 0.0176915 0.3477995
v 0.1577370 0.0176915 0.3477995
v 0.1577370 0.0176915 0.3477995
v 0.1577370 0.0176915 0.3477995
v 0.1569989 0.0130550 0.3521415
v 0.1569989 0.0130550 0.3521415
v 0.1569989 0.0130550 0.3521415
v 0.1569989 0.0130550 0.3521415
v 0.1569989 0.0130550 0.3521415
v 0.1608779 0.0378780 0.3746492
v 0.1608779 0.0378780 0.3746492
v 0.1608779 0.0378780 0.3746492
v 0.1566395 0.0134490 0.3477873
v 0.1566395 0.0134490 0.3477873
v 0.1566395 0.0134490 0.3477873
v 0.1508607 0.0114179 0.3446283
v 0.1508607 0.0114179 0.3446283
v 0.1508607 0.0114179 0.3446283
v 0.1633454 0.0311627 0.3678848
v 0.1633454 0.0311627 0.3678848
v 0.1633454 0.0311627 0.3678848
v 0.1597820 0.0349831 0.3713649
v 0.1597820 0.0349831 0.3713649
v 0.1597820 0.0349831 0.3713649
v 0.1573593 0.0350284 0.3474782
v 0.1573593 0.0350284 0.3474782
v 0.1573593 0.0350284 0.3474782
v 0.1573593 0.0350284 0.3474782
v 0.1573593 0.0350284 0.3474782
v 0.1579240 0.0093144 0.3700025
v 0.1579240 0.0093144 0.3700025
v 0.1579240 0.0093144 0.3700025
v 0.1580193 0.0397537 0.3430838
v 0.1580193 0.0397537 0.3430838
v 0.1580193 0.0397537 0.3430838
v 0.1620608 0.0352972 0.3456695
v 0.1620608 0.0352972 0.3456695
v 0.1620608 0.0352972 0.3456695
v 0.1543397 0.0138026 0.3716565
v 0.1543397 0.0138026 0.3716565
v 0.1543397 0.0138026 0.3716565
v 0.1543397 0.0138026 0.3716565
v 0.1543397 0.0138026 0.3716565
v 0.1527788 0.0096796 0.3669784
v 0.1527788 0.0096796 0.3669784
v 0.1527788 0.0096796 0.3669784
v 0.1527788 0.0096796 0.3669784
v 0.1527788 0.0096796 0.3669784
v 0.1565183 0.0331673 0.3449822
v 0.1565183 0.0331673 0.3449822
v 0.1565183 0.0331673 0.3449822
v 0.1565183 0.0331673 0.3449822
v 0.1565183 0.0331673 0.3449822
v 0.1580793 0.0372904 0.3496602
v 0.1580793 0.0372904 0.3496602
v 0.1580793 0.0372904 0.3496602
v 0.1580793 0.0372904 0.3496602
v 0.1580793 0.0372904 0.3496602
v 0.1579684 0.0124189 0.3628477
v 0.1579684 0.0124189 0.3628477
v 0.1579684 0.0124189 0.3628477
v 0.1579684 0.0124189 0.3628477
v 0.1579684 0.0124189 0.3628477
v 0.1595213 0.0165206 0.3675013
v 0.1595213 0.0165206 0.3675013
v 0.1595213 0.0165206 0.3675013
v 0.1595213 0.0165206 0.3675013
v 0.1595213 0.0165206 0.3675013
v 0.1620165 0.0321927 0.3528244
v 0.1620165 0.0321927 0.3528244
v 0.1620165 0.0321927 0.3528244
v 0.1620165 0.0321927 0.3528244
v 0.1620165 0.0321927 0.3528244
v 0.1604637 0.0280911 0.3481707
v 0.1604637 0.0280911 0.3481707
v 0.1604637 0.0280911 0.3481707
v 0.1604637 0.0280911 0.3481707
v 0.1604637 0.0280911 0.3481707
v 0.1528389 0.0072163 0.3735549
v 0.1528389 0.0072163 0.3735549
v 0.1528389 0.0072163 0.3735549
v 0.1615863 0.0323169 0.3484606
v 0.1615863 0.0323169 0.3484606
v 0.1615863 0.0323169 0.3484606
v 0.1574871 0.0364116 0.3462136
v 0.1574871 0.0364116 0.3462136
v 0.1574871 0.0364116 0.3462136
v 0.1583986 0.0122949 0.3672114
v 0.1583986 0.0122949 0.3672114
v 0.1583986 0.0122949 0.3672114
v 0.1533405 0.0103672 0.3706041
v 0.1533405 0.0103672 0.3706041
v 0.1533405 0.0103672 0.3706041
v 0.1684773 0.0201134 0.3569373
v 0.1684773 0.0201134 0.3569373
v 0.1684773 0.0201134 0.3569373
v 0.1684773 0.0201134 0.3569373
v 0.1684773 0.0201134 0.3569373
v 0.1684773 0.0201134 0.3569373
v 0.1684773 0.0201134 0.3569373
v 0.1684773 0.0201134 0.3569373
v 0.1684773 0.0201134 0.3569373
v 0.1684773 0.0201134 0.3569373
v 0.1684773 0.0201134 0.3569373
v 0.1684773 0.0201134 0.3569373
v 0.1581246 0.0388294 0.2756605
v 0.1581246 0.0388294 0.2756605
v 0.1581246 0.0388294 0.2756605
v 0.1427526 0.0147371 0.2467739
v 0.1427526 0.0147371 0.2467739
v 0.1427526 0.0147371 0.2467739
v 0.1484800 0.0162220 0.2495801
v 0.1484800 0.0162220 0.2495801
v 0.1484800 0.0162220 0.2495801
v 0.1536177 0.0414237 0.2727093
v 0.1536177 0.0414237 0.2727093
v 0.1536177 0.0414237 0.2727093
v 0.1536177 0.0414237 0.2727093
v 0.1536177 0.0414237 0.2727093
v 0.1526838 0.0367978 0.2770739
v 0.1526838 0.0367978 0.2770739
v 0.1526838 0.0367978 0.2770739
v 0.1526838 0.0367978 0.2770739
v 0.1526838 0.0367978 0.2770739
v 0.1439652 0.0163614 0.2534979
v 0.1439652 0.0163614 0.2534979
v 0.1439652 0.0163614 0.2534979
v 0.1439652 0.0163614 0.2534979
v 0.1439652 0.0163614 0.2534979
v 0.1448992 0.0209871 0.2491333
v 0.1448992 0.0209871 0.2491333
v 0.1448992 0.0209871 0.2491333
v 0.1448992 0.0209871 0.2491333
v 0.1557465 0.0320429 0.2726567
v 0.1557465 0.0320429 0.2726567
v 0.1557465 0.0320429 0.2726567
v 0.1557465 0.0320429 0.2726567
v 0.1557465 0.0320429 0.2726567
v 0.1566756 0.0366448 0.2683148
v 0.1566756 0.0366448 0.2683148
v 0.1566756 0.0366448 0.2683148
v 0.1566756 0.0366448 0.2683148
v 0.1566756 0.0366448 0.2683148
v 0.1508581 0.0230085 0.2525838
v 0.1508581 0.0230085 0.2525838
v 0.1508581 0.0230085 0.2525838
v 0.1508581 0.0230085 0.2525838
v 0.1508581 0.0230085 0.2525838
v 0.1499289 0.0184065 0.2569258
v 0.1499289 0.0184065 0.2569258
v 0.1499289 0.0184065 0.2569258
v 0.1499289 0.0184065 0.2569258
v 0.1499289 0.0184065 0.2569258
v 0.1531725 0.0389297 0.2747040
v 0.1531725 0.0389297 0.2747040
v 0.1531725 0.0389297 0.2747040
v 0.1531725 0.0389297 0.2747040
v 0.1531725 0.0389297 0.2747040
v 0.1548305 0.0430479 0.2794335
v 0.1548305 0.0430479 0.2794335
v 0.1548305 0.0430479 0.2794335
v 0.1495862 0.0188150 0.2525716
v 0.1495862 0.0188150 0.2525716
v 0.1495862 0.0188150 0.2525716
v 0.1437284 0.0170244 0.2494126
v 0.1437284 0.0170244 0.2494126
v 0.1437284 0.0170244 0.2494126
v 0.1570184 0.0362364 0.2726690
v 0.1570184 0.0362364 0.2726690
v 0.1570184 0.0362364 0.2726690
v 0.1536159 0.0402008 0.2761492
v 0.1536159 0.0402008 0.2761492
v 0.1536159 0.0402008 0.2761492
v 0.1511971 0.0403463 0.2522625
v 0.1511971 0.0403463 0.2522625
v 0.1511971 0.0403463 0.2522625
v 0.1511971 0.0403463 0.2522625
v 0.1511971 0.0403463 0.2522625
v 0.1506987 0.0146308 0.2747868
v 0.1506987 0.0146308 0.2747868
v 0.1506987 0.0146308 0.2747868
v 0.1520518 0.0450402 0.2478681
v 0.1520518 0.0450402 0.2478681
v 0.1520518 0.0450402 0.2478681
v 0.1559057 0.0404205 0.2504538
v 0.1559057 0.0404205 0.2504538
v 0.1559057 0.0404205 0.2504538
v 0.1473029 0.0192634 0.2764408
v 0.1473029 0.0192634 0.2764408
v 0.1473029 0.0192634 0.2764408
v 0.1473029 0.0192634 0.2764408
v 0.1473029 0.0192634 0.2764408
v 0.1455730 0.0152084 0.2717627
v 0.1455730 0.0152084 0.2717627
v 0.1455730 0.0152084 0.2717627
v 0.1455730 0.0152084 0.2717627
v 0.1455730 0.0152084 0.2717627
v 0.1502800 0.0385214 0.2497665
v 0.1502800 0.0385214 0.2497665
v 0.1502800 0.0385214 0.2497665
v 0.1502800 0.0385214 0.2497665
v 0.1502800 0.0385214 0.2497665
v 0.1520100 0.0425766 0.2544445
v 0.1520100 0.0425766 0.2544445
v 0.1520100 0.0425766 0.2544445
v 0.1520100 0.0425766 0.2544445
v 0.1520100 0.0425766 0.2544445
v 0.1508714 0.0177308 0.2676319
v 0.1508714 0.0177308 0.2676319
v 0.1508714 0.0177308 0.2676319
v 0.1508714 0.0177308 0.2676319
v 0.1508714 0.0177308 0.2676319
v 0.1525925 0.0217649 0.2722856
v 0.1525925 0.0217649 0.2722856
v 0.1525925 0.0217649 0.2722856
v 0.1525925 0.0217649 0.2722856
v 0.1525925 0.0217649 0.2722856
v 0.1557332 0.0373205 0.2576087
v 0.1557332 0.0373205 0.2576087
v 0.1557332 0.0373205 0.2576087
v 0.1557332 0.0373205 0.2576087
v 0.1557332 0.0373205 0.2576087
v 0.1540122 0.0332865 0.2529550
v 0.1540122 0.0332865 0.2529550
v 0.1540122 0.0332865 0.2529550
v 0.1540122 0.0332865 0.2529550
v 0.1540122 0.0332865 0.2529550
v 0.1465611 0.0173854 0.2739260
v 0.1465611 0.0173854 0.2739260
v 0.1465611 0.0173854 0.2739260
v 0.1465611 0.0173854 0.2739260
v 0.1465611 0.0173854 0.2739260
v 0.1455312 0.0127447 0.2783392
v 0.1455312 0.0127447 0.2783392
v 0.1455312 0.0127447 0.2783392
v 0.1553084 0.0374623 0.2532449
v 0.1553084 0.0374623 0.2532449
v 0.1553084 0.0374623 0.2532449
v 0.1513820 0.0417230 0.2509979
v 0.1513820 0.0417230 0.2509979
v 0.1513820 0.0417230 0.2509979
v 0.1512961 0.0175891 0.2719957
v 0.1512961 0.0175891 0.2719957
v 0.1512961 0.0175891 0.2719957
v 0.1461627 0.0158722 0.2753884
v 0.1461627 0.0158722 0.2753884
v 0.1461627 0.0158722 0.2753884
v 0.1616893 0.0249845 0.2617216
v 0.1616893 0.0249845 0.2617216
v 0.1616893 0.0249845 0.2617216
v 0.1616893 0.0249845 0.2617216
v 0.1616893 0.0249845 0.2617216
v 0.1616893 0.0249845 0.2617216
v 0.1616893 0.0249845 0.2617216
v 0.1616893 0.0249845 0.2617216
v 0.1616893 0.0249845 0.2617216
v 0.1616893 0.0249845 0.2617216
v 0.1616893 0.0249845 0.2617216
v 0.1616893 0.0249845 0.2617216
v 0.1546037 0.0418623 0.1728244
v 0.1546037 0.0418623 0.1728244
v 0.1546037 0.0418623 0.1728244
v 0.1487726 0.0140922 0.1437384
v 0.1487726 0.0140922 0.1437384
v 0.1487726 0.0140922 0.1437384
v 0.1534561 0.0162703 0.1477637
v 0.1534561 0.0162703 0.1477637
v 0.1534561 0.0162703 0.1477637
v 0.1509267 0.0438154 0.1685329
v 0.1509267 0.0438154 0.1685329
v 0.1509267 0.0438154 0.1685329
v 0.1509267 0.0438154 0.1685329
v 0.1509267 0.0438154 0.1685329
v 0.1490934 0.0395518 0.1729805
v 0.1490934 0.0395518 0.1729805
v 0.1490934 0.0395518 0.1729805
v 0.1490934 0.0395518 0.1729805
v 0.1490934 0.0395518 0.1729805
v 0.1480558 0.0164174 0.1503263
v 0.1480558 0.0164174 0.1503263
v 0.1480558 0.0164174 0.1503263
v 0.1480558 0.0164174 0.1503263
v 0.1480558 0.0164174 0.1503263
v 0.1498893 0.0206808 0.1458787
v 0.1498893 0.0206808 0.1458787
v 0.1498893 0.0206808 0.1458787
v 0.1498893 0.0206808 0.1458787
v 0.1534641 0.0346638 0.1700642
v 0.1534641 0.0346638 0.1700642
v 0.1534641 0.0346638 0.1700642
v 0.1534641 0.0346638 0.1700642
v 0.1534641 0.0346638 0.1700642
v 0.1552881 0.0389052 0.1656398
v 0.1552881 0.0389052 0.1656398
v 0.1552881 0.0389052 0.1656398
v 0.1552881 0.0389052 0.1656398
v 0.1552881 0.0389052 0.1656398
v 0.1545957 0.0234688 0.1505238
v 0.1545957 0.0234688 0.1505238
v 0.1545957 0.0234688 0.1505238
v 0.1545957 0.0234688 0.1505238
v 0.1545957 0.0234688 0.1505238
v 0.1527718 0.0192272 0.1549484
v 0.1527718 0.0192272 0.1549484
v 0.1527718 0.0192272 0.1549484
v 0.1527718 0.0192272 0.1549484
v 0.1527718 0.0192272 0.1549484
v 0.1502100 0.0461405 0.1751210
v 0.1502100 0.0461405 0.1751210
v 0.1502100 0.0461405 0.1751210
v 0.1535877 0.0192057 0.1506383
v 0.1535877 0.0192057 0.1506383
v 0.1535877 0.0192057 0.1506383
v 0.1488888 0.0166815 0.1462739
v 0.1488888 0.0166815 0.1462739
v 0.1488888 0.0166815 0.1462739
v 0.1544721 0.0389269 0.1699499
v 0.1544721 0.0389269 0.1699499
v 0.1544721 0.0389269 0.1699499
v 0.1500654 0.0429175 0.1719651
v 0.1500654 0.0429175 0.1719651
v 0.1500654 0.0429175 0.1719651
v 0.1489190 0.0171814 0.1726920
v 0.1489190 0.0171814 0.1726920
v 0.1489190 0.0171814 0.1726920
v 0.1558914 0.0449993 0.1439043
v 0.1558914 0.0449993 0.1439043
v 0.1558914 0.0449993 0.1439043
v 0.1591407 0.0409511 0.1478961
v 0.1591407 0.0409511 0.1478961
v 0.1591407 0.0409511 0.1478961
v 0.1449741 0.0216678 0.1728845
v 0.1449741 0.0216678 0.1728845
v 0.1449741 0.0216678 0.1728845
v 0.1449741 0.0216678 0.1728845
v 0.1449741 0.0216678 0.1728845
v 0.1447683 0.0170775 0.1683894
v 0.1447683 0.0170775 0.1683894
v 0.1447683 0.0170775 0.1683894
v 0.1447683 0.0170775 0.1683894
v 0.1447683 0.0170775 0.1683894
v 0.1540084 0.0385646 0.1459748
v 0.1540084 0.0385646 0.1459748
v 0.1540084 0.0385646 0.1459748
v 0.1540084 0.0385646 0.1459748
v 0.1540084 0.0385646 0.1459748
v 0.1542143 0.0431551 0.1504699
v 0.1542143 0.0431551 0.1504699
v 0.1542143 0.0431551 0.1504699
v 0.1542143 0.0431551 0.1504699
v 0.1542143 0.0431551 0.1504699
v 0.1508448 0.0196144 0.1655363
v 0.1508448 0.0196144 0.1655363
v 0.1508448 0.0196144 0.1655363
v 0.1508448 0.0196144 0.1655363
v 0.1508448 0.0196144 0.1655363
v 0.1510496 0.0241810 0.1700080
v 0.1510496 0.0241810 0.1700080
v 0.1510496 0.0241810 0.1700080
v 0.1510496 0.0241810 0.1700080
v 0.1510496 0.0241810 0.1700080
v 0.1572150 0.0385182 0.1550519
v 0.1572150 0.0385182 0.1550519
v 0.1572150 0.0385182 0.1550519
v 0.1572150 0.0385182 0.1550519
v 0.1572150 0.0385182 0.1550519
v 0.1570103 0.0339517 0.1505802
v 0.1570103 0.0339517 0.1505802
v 0.1570103 0.0339517 0.1505802
v 0.1570103 0.0339517 0.1505802
v 0.1570103 0.0339517 0.1505802
v 0.1430911 0.0152333 0.1749551
v 0.1430911 0.0152333 0.1749551
v 0.1430911 0.0152333 0.1749551
v 0.1579682 0.0382246 0.1507403
v 0.1579682 0.0382246 0.1507403
v 0.1579682 0.0382246 0.1507403
v 0.1545766 0.0419419 0.1470936
v 0.1545766 0.0419419 0.1470936
v 0.1545766 0.0419419 0.1470936
v 0.1500916 0.0199080 0.1698478
v 0.1500916 0.0199080 0.1698478
v 0.1500916 0.0199080 0.1698478
v 0.1443308 0.0181158 0.1719481
v 0.1443308 0.0181158 0.1719481
v 0.1443308 0.0181158 0.1719481
v 0.1624687 0.0271141 0.1619013
v 0.1624687 0.0271141 0.1619013
v 0.1624687 0.0271141 0.1619013
v 0.1624687 0.0271141 0.1619013
v 0.1624687 0.0271141 0.1619013
v 0.1624687 0.0271141 0.1619013
v 0.1624687 0.0271141 0.1619013
v 0.1624687 0.0271141 0.1619013
v 0.1624687 0.0271141 0.1619013
v 0.1624687 0.0271141 0.1619013
v 0.1624687 0.0271141 0.1619013
v 0.1624687 0.0271141 0.1619013
v 0.0255783 0.0337992 0.3708762
v 0.0255783 0.0337992 0.3708762
v 0.0255783 0.0337992 0.3708762
v 0.0399415 0.0090922 0.3419896
v 0.0399415 0.0090922 0.3419896
v 0.0399415 0.0090922 0.3419896
v 0.0342804 0.0108125 0.3447958
v 0.0342804 0.0108125 0.3447958
v 0.0342804 0.0108125 0.3447958
v 0.0301885 0.0362050 0.3679250
v 0.0301885 0.0362050 0.3679250
v 0.0301885 0.0362050 0.3679250
v 0.0301885 0.0362050 0.3679250
v 0.0301885 0.0362050 0.3679250
v 0.0309304 0.0315445 0.3722896
v 0.0309304 0.0315445 0.3722896
v 0.0309304 0.0315445 0.3722896
v 0.0309304 0.0315445 0.3722896
v 0.0309304 0.0315445 0.3722896
v 0.0387970 0.0107652 0.3487136
v 0.0387970 0.0107652 0.3487136
v 0.0387970 0.0107652 0.3487136
v 0.0387970 0.0107652 0.3487136
v 0.0387970 0.0107652 0.3487136
v 0.0380550 0.0154255 0.3443490
v 0.0380550 0.0154255 0.3443490
v 0.0380550 0.0154255 0.3443490
v 0.0380550 0.0154255 0.3443490
v 0.0276739 0.0269202 0.3678724
v 0.0276739 0.0269202 0.3678724
v 0.0276739 0.0269202 0.3678724
v 0.0276739 0.0269202 0.3678724
v 0.0276739 0.0269202 0.3678724
v 0.0269357 0.0315565 0.3635305
v 0.0269357 0.0315565 0.3635305
v 0.0269357 0.0315565 0.3635305
v 0.0269357 0.0315565 0.3635305
v 0.0269357 0.0315565 0.3635305
v 0.0321848 0.0176915 0.3477995
v 0.0321848 0.0176915 0.3477995
v 0.0321848 0.0176915 0.3477995
v 0.0321848 0.0176915 0.3477995
v 0.0321848 0.0176915 0.3477995
v 0.0329229 0.0130550 0.3521415
v 0.0329229 0.0130550 0.3521415
v 0.0329229 0.0130550 0.3521415
v 0.0329229 0.0130550 0.3521415
v 0.0329229 0.0130550 0.3521415
v 0.0305303 0.0336947 0.3699197
v 0.0305303 0.0336947 0.3699197
v 0.0305303 0.0336947 0.3699197
v 0.0305303 0.0336947 0.3699197
v 0.0305303 0.0336947 0.3699197
v 0.0382778 0.0132297 0.3467002
v 0.0382778 0.0132297 0.3467002
v 0.0382778 0.0132297 0.3467002
v 0.0382778 0.0132297 0.3467002
v 0.0290439 0.0378780 0.3746492
v 0.0290439 0.0378780 0.3746492
v 0.0290439 0.0378780 0.3746492
v 0.0332823 0.0134490 0.3477873
v 0.0332823 0.0134490 0.3477873
v 0.0332823 0.0134490 0.3477873
v 0.0390611 0.0114179 0.3446283
v 0.0390611 0.0114179 0.3446283
v 0.0390611 0.0114179 0.3446283
v 0.0265764 0.0311627 0.3678848
v 0.0265764 0.0311627 0.3678848
v 0.0265764 0.0311627 0.3678848
v 0.0301398 0.0349831 0.3713649
v 0.0301398 0.0349831 0.3713649
v 0.0301398 0.0349831 0.3713649
v 0.0325625 0.0350284 0.3474782
v 0.0325625 0.0350284 0.3474782
v 0.0325625 0.0350284 0.3474782
v 0.0325625 0.0350284 0.3474782
v 0.0325625 0.0350284 0.3474782
v 0.0319978 0.0093144 0.3700025
v 0.0319978 0.0093144 0.3700025
v 0.0319978 0.0093144 0.3700025
v 0.0319025 0.0397537 0.3430838
v 0.0319025 0.0397537 0.3430838
v 0.0319025 0.0397537 0.3430838
v 0.0278610 0.0352972 0.3456695
v 0.0278610 0.0352972 0.3456695
v 0.0278610 0.0352972 0.3456695
v 0.0355821 0.0138026 0.3716565
v 0.0355821 0.0138026 0.3716565
v 0.0355821 0.0138026 0.3716565
v 0.0355821 0.0138026 0.3716565
v 0.0355821 0.0138026 0.3716565
v 0.0371430 0.0096796 0.3669784
v 0.0371430 0.0096796 0.3669784
v 0.0371430 0.0096796 0.3669784
v 0.0371430 0.0096796 0.3669784
v 0.0371430 0.0096796 0.3669784
v 0.0334035 0.0331673 0.3449822
v 0.0334035 0.0331673 0.3449822
v 0.0334035 0.0331673 0.3449822
v 0.0334035 0.0331673 0.3449822
v 0.0334035 0.0331673 0.3449822
v 0.0318425 0.0372904 0.3496602
v 0.0318425 0.0372904 0.3496602
v 0.0318425 0.0372904 0.3496602
v 0.0318425 0.0372904 0.3496602
v 0.0318425 0.0372904 0.3496602
v 0.0319533 0.0124189 0.3628477
v 0.0319533 0.0124189 0.3628477
v 0.0319533 0.0124189 0.3628477
v 0.0319533 0.0124189 0.3628477
v 0.0319533 0.0124189 0.3628477
v 0.0304005 0.0165206 0.3675013
v 0.0304005 0.0165206 0.3675013
v 0.0304005 0.0165206 0.3675013
v 0.0304005 0.0165206 0.3675013
v 0.0304005 0.0165206 0.3675013
v 0.0279053 0.0321927 0.3528244
v 0.0279053 0.0321927 0.3528244
v 0.0279053 0.0321927 0.3528244
v 0.0279053 0.0321927 0.3528244
v 0.0279053 0.0321927 0.3528244
v 0.0294581 0.0280911 0.3481707
v 0.0294581 0.0280911 0.3481707
v 0.0294581 0.0280911 0.3481707
v 0.0294581 0.0280911 0.3481707
v 0.0294581 0.0280911 0.3481707
v 0.0362457 0.0118956 0.3691417
v 0.0362457 0.0118956 0.3691417
v 0.0362457 0.0118956 0.3691417
v 0.0362457 0.0118956 0.3691417
v 0.0362457 0.0118956 0.3691417
v 0.0370829 0.0072163 0.3735549
v 0.0370829 0.0072163 0.3735549
v 0.0370829 0.0072163 0.3735549
v 0.0283355 0.0323169 0.3484606
v 0.0283355 0.0323169 0.3484606
v 0.0283355 0.0323169 0.3484606
v 0.0324347 0.0364116 0.3462136
v 0.0324347 0.0364116 0.3462136
v 0.0324347 0.0364116 0.3462136
v 0.0315232 0.0122949 0.3672114
v 0.0315232 0.0122949 0.3672114
v 0.0315232 0.0122949 0.3672114
v 0.0365812 0.0103672 0.3706041
v 0.0365812 0.0103672 0.3706041
v 0.0365812 0.0103672 0.3706041
v 0.0214445 0.0201134 0.3569373
v 0.0214445 0.0201134 0.3569373
v 0.0214445 0.0201134 0.3569373
v 0.0214445 0.0201134 0.3569373
v 0.0214445 0.0201134 0.3569373
v 0.0214445 0.0201134 0.3569373
v 0.0214445 0.0201134 0.3569373
v 0.0214445 0.0201134 0.3569373
v 0.0214445 0.0201134 0.3569373
v 0.0214445 0.0201134 0.3569373
v 0.0214445 0.0201134 0.3569373
v 0.0214445 0.0201134 0.3569373
v 0.0317972 0.0388294 0.2756605
v 0.0317972 0.0388294 0.2756605
v 0.0317972 0.0388294 0.2756605
v 0.0471692 0.0147371 0.2467739
v 0.0471692 0.0147371 0.2467739
v 0.0471692 0.0147371 0.2467739
v 0.0414418 0.0162220 0.2495801
v 0.0414418 0.0162220 0.2495801
v 0.0414418 0.0162220 0.2495801
v 0.0363041 0.0414237 0.2727093
v 0.0363041 0.0414237 0.2727093
v 0.0363041 0.0414237 0.2727093
v 0.0363041 0.0414237 0.2727093
v 0.0363041 0.0414237 0.2727093
v 0.0372380 0.0367978 0.2770739
v 0.0372380 0.0367978 0.2770739
v 0.0372380 0.0367978 0.2770739
v 0.0372380 0.0367978 0.2770739
v 0.0372380 0.0367978 0.2770739
v 0.0459566 0.0163614 0.2534979
v 0.0459566 0.0163614 0.2534979
v 0.0459566 0.0163614 0.2534979
v 0.0459566 0.0163614 0.2534979
v 0.0459566 0.0163614 0.2534979
v 0.0450226 0.0209871 0.2491333
v 0.0450226 0.0209871 0.2491333
v 0.0450226 0.0209871 0.2491333
v 0.0450226 0.0209871 0.2491333
v 0.0341753 0.0320429 0.2726567
v 0.0341753 0.0320429 0.2726567
v 0.0341753 0.0320429 0.2726567
v 0.0341753 0.0320429 0.2726567
v 0.0341753 0.0320429 0.2726567
v 0.0332462 0.0366448 0.2683148
v 0.0332462 0.0366448 0.2683148
v 0.0332462 0.0366448 0.2683148
v 0.0332462 0.0366448 0.2683148
v 0.0332462 0.0366448 0.2683148
v 0.0390637 0.0230085 0.2525838
v 0.0390637 0.0230085 0.2525838
v 0.0390637 0.0230085 0.2525838
v 0.0390637 0.0230085 0.2525838
v 0.0390637 0.0230085 0.2525838
v 0.0399929 0.0184065 0.2569258
v 0.0399929 0.0184065 0.2569258
v 0.0399929 0.0184065 0.2569258
v 0.0399929 0.0184065 0.2569258
v 0.0399929 0.0184065 0.2569258
v 0.0367493 0.0389297 0.2747040
v 0.0367493 0.0389297 0.2747040
v 0.0367493 0.0389297 0.2747040
v 0.0367493 0.0389297 0.2747040
v 0.0367493 0.0389297 0.2747040
v 0.0453359 0.0188023 0.2514845
v 0.0453359 0.0188023 0.2514845
v 0.0453359 0.0188023 0.2514845
v 0.0453359 0.0188023 0.2514845
v 0.0350913 0.0430479 0.2794335
v 0.0350913 0.0430479 0.2794335
v 0.0350913 0.0430479 0.2794335
v 0.0403356 0.0188150 0.2525716
v 0.0403356 0.0188150 0.2525716
v 0.0403356 0.0188150 0.2525716
v 0.0461934 0.0170244 0.2494126
v 0.0461934 0.0170244 0.2494126
v 0.0461934 0.0170244 0.2494126
v 0.0329034 0.0362364 0.2726690
v 0.0329034 0.0362364 0.2726690
v 0.0329034 0.0362364 0.2726690
v 0.0363059 0.0402008 0.2761492
v 0.0363059 0.0402008 0.2761492
v 0.0363059 0.0402008 0.2761492
v 0.0387247 0.0403463 0.2522625
v 0.0387247 0.0403463 0.2522625
v 0.0387247 0.0403463 0.2522625
v 0.0387247 0.0403463 0.2522625
v 0.0387247 0.0403463 0.2522625
v 0.0392231 0.0146308 0.2747868
v 0.0392231 0.0146308 0.2747868
v 0.0392231 0.0146308 0.2747868
v 0.0378700 0.0450402 0.2478681
v 0.0378700 0.0450402 0.2478681
v 0.0378700 0.0450402 0.2478681
v 0.0340161 0.0404205 0.2504538
v 0.0340161 0.0404205 0.2504538
v 0.0340161 0.0404205 0.2504538
v 0.0426189 0.0192634 0.2764408
v 0.0426189 0.0192634 0.2764408
v 0.0426189 0.0192634 0.2764408
v 0.0426189 0.0192634 0.2764408
v 0.0426189 0.0192634 0.2764408
v 0.0443488 0.0152084 0.2717627
v 0.0443488 0.0152084 0.2717627
v 0.0443488 0.0152084 0.2717627
v 0.0443488 0.0152084 0.2717627
v 0.0443488 0.0152084 0.2717627
v 0.0396418 0.0385214 0.2497665
v 0.0396418 0.0385214 0.2497665
v 0.0396418 0.0385214 0.2497665
v 0.0396418 0.0385214 0.2497665
v 0.0396418 0.0385214 0.2497665
v 0.0379118 0.0425766 0.2544445
v 0.0379118 0.0425766 0.2544445
v 0.0379118 0.0425766 0.2544445
v 0.0379118 0.0425766 0.2544445
v 0.0379118 0.0425766 0.2544445
v 0.0390504 0.0177308 0.2676319
v 0.0390504 0.0177308 0.2676319
v 0.0390504 0.0177308 0.2676319
v 0.0390504 0.0177308 0.2676319
v 0.0390504 0.0177308 0.2676319
v 0.0373293 0.0217649 0.2722856
v 0.0373293 0.0217649 0.2722856
v 0.0373293 0.0217649 0.2722856
v 0.0373293 0.0217649 0.2722856
v 0.0373293 0.0217649 0.2722856
v 0.0341886 0.0373205 0.2576087
v 0.0341886 0.0373205 0.2576087
v 0.0341886 0.0373205 0.2576087
v 0.0341886 0.0373205 0.2576087
v 0.0341886 0.0373205 0.2576087
v 0.0359096 0.0332865 0.2529550
v 0.0359096 0.0332865 0.2529550
v 0.0359096 0.0332865 0.2529550
v 0.0359096 0.0332865 0.2529550
v 0.0359096 0.0332865 0.2529550
v 0.0433607 0.0173854 0.2739260
v 0.0433607 0.0173854 0.2739260
v 0.0433607 0.0173854 0.2739260
v 0.0433607 0.0173854 0.2739260
v 0.0433607 0.0173854 0.2739260
v 0.0443906 0.0127447 0.2783392
v 0.0443906 0.0127447 0.2783392
v 0.0443906 0.0127447 0.2783392
v 0.0346134 0.0374623 0.2532449
v 0.0346134 0.0374623 0.2532449
v 0.0346134 0.0374623 0.2532449
v 0.0385398 0.0417230 0.2509979
v 0.0385398 0.0417230 0.2509979
v 0.0385398 0.0417230 0.2509979
v 0.0386257 0.0175891 0.2719957
v 0.0386257 0.0175891 0.2719957
v 0.0386257 0.0175891 0.2719957
v 0.0437591 0.0158722 0.2753884
v 0.0437591 0.0158722 0.2753884
v 0.0437591 0.0158722 0.2753884
v 0.0282325 0.0249845 0.2617216
v 0.0282325 0.0249845 0.2617216
v 0.0282325 0.0249845 0.2617216
v 0.0282325 0.0249845 0.2617216
v 0.0282325 0.0249845 0.2617216
v 0.0282325 0.0249845 0.2617216
v 0.0282325 0.0249845 0.2617216
v 0.0282325 0.0249845 0.2617216
v 0.0282325 0.0249845 0.2617216
v 0.0282325 0.0249845 0.2617216
v 0.0282325 0.0249845 0.2617216
v 0.0282325 0.0249845 0.2617216
v 0.0353181 0.0418623 0.1728244
v 0.0353181 0.0418623 0.1728244
v 0.0353181 0.0418623 0.1728244
v 0.0411492 0.0140922 0.1437384
v 0.0411492 0.0140922 0.1437384
v 0.0411492 0.0140922 0.1437384
v 0.0364657 0.0162703 0.1477637
v 0.0364657 0.0162703 0.1477637
v 0.0364657 0.0162703 0.1477637
v 0.0376987 0.0435451 0.1690343
v 0.0376987 0.0435451 0.1690343
v 0.0376987 0.0435451 0.1690343
v 0.0376987 0.0435451 0.1690343
v 0.0376987 0.0435451 0.1690343
v 0.0391585 0.0391995 0.1735404
v 0.0391585 0.0391995 0.1735404
v 0.0391585 0.0391995 0.1735404
v 0.0391585 0.0391995 0.1735404
v 0.0391585 0.0391995 0.1735404
v 0.0418660 0.0164174 0.1503263
v 0.0418660 0.0164174 0.1503263
v 0.0418660 0.0164174 0.1503263
v 0.0418660 0.0164174 0.1503263
v 0.0418660 0.0164174 0.1503263
v 0.0400325 0.0206808 0.1458787
v 0.0400325 0.0206808 0.1458787
v 0.0400325 0.0206808 0.1458787
v 0.0400325 0.0206808 0.1458787
v 0.0364577 0.0346638 0.1700642
v 0.0364577 0.0346638 0.1700642
v 0.0364577 0.0346638 0.1700642
v 0.0364577 0.0346638 0.1700642
v 0.0364577 0.0346638 0.1700642
v 0.0346337 0.0389052 0.1656398
v 0.0346337 0.0389052 0.1656398
v 0.0346337 0.0389052 0.1656398
v 0.0346337 0.0389052 0.1656398
v 0.0346337 0.0389052 0.1656398
v 0.0353261 0.0234688 0.1505238
v 0.0353261 0.0234688 0.1505238
v 0.0353261 0.0234688 0.1505238
v 0.0353261 0.0234688 0.1505238
v 0.0353261 0.0234688 0.1505238
v 0.0371500 0.0192272 0.1549484
v 0.0371500 0.0192272 0.1549484
v 0.0371500 0.0192272 0.1549484
v 0.0371500 0.0192272 0.1549484
v 0.0371500 0.0192272 0.1549484
v 0.0408531 0.0187037 0.1482906
v 0.0408531 0.0187037 0.1482906
v 0.0408531 0.0187037 0.1482906
v 0.0408531 0.0187037 0.1482906
v 0.0378254 0.0457401 0.1757043
v 0.0378254 0.0457401 0.1757043
v 0.0378254 0.0457401 0.1757043
v 0.0363341 0.0192057 0.1506383
v 0.0363341 0.0192057 0.1506383
v 0.0363341 0.0192057 0.1506383
v 0.0410330 0.0166815 0.1462739
v 0.0410330 0.0166815 0.1462739
v 0.0410330 0.0166815 0.1462739
v 0.0354497 0.0389269 0.1699499
v 0.0354497 0.0389269 0.1699499
v 0.0354497 0.0389269 0.1699499
v 0.0382616 0.0425816 0.1725104
v 0.0382616 0.0425816 0.1725104
v 0.0382616 0.0425816 0.1725104
v 0.0410028 0.0171814 0.1726920
v 0.0410028 0.0171814 0.1726920
v 0.0410028 0.0171814 0.1726920
v 0.0311182 0.0438762 0.1440683
v 0.0311182 0.0438762 0.1440683
v 0.0311182 0.0438762 0.1440683
v 0.0288918 0.0395915 0.1484915
v 0.0288918 0.0395915 0.1484915
v 0.0288918 0.0395915 0.1484915
v 0.0449477 0.0216678 0.1728845
v 0.0449477 0.0216678 0.1728845
v 0.0449477 0.0216678 0.1728845
v 0.0449477 0.0216678 0.1728845
v 0.0451535 0.0170775 0.1683894
v 0.0451535 0.0170775 0.1683894
v 0.0451535 0.0170775 0.1683894
v 0.0451535 0.0170775 0.1683894
v 0.0338993 0.0376834 0.1458437
v 0.0338993 0.0376834 0.1458437
v 0.0338993 0.0376834 0.1458437
v 0.0338993 0.0376834 0.1458437
v 0.0338993 0.0376834 0.1458437
v 0.0339007 0.0422968 0.1503200
v 0.0339007 0.0422968 0.1503200
v 0.0339007 0.0422968 0.1503200
v 0.0339007 0.0422968 0.1503200
v 0.0339007 0.0422968 0.1503200
v 0.0390770 0.0196144 0.1655363
v 0.0390770 0.0196144 0.1655363
v 0.0390770 0.0196144 0.1655363
v 0.0390770 0.0196144 0.1655363
v 0.0390770 0.0196144 0.1655363
v 0.0388722 0.0241810 0.1700080
v 0.0388722 0.0241810 0.1700080
v 0.0388722 0.0241810 0.1700080
v 0.0388722 0.0241810 0.1700080
v 0.0388722 0.0241810 0.1700080
v 0.0320618 0.0374587 0.1552911
v 0.0320618 0.0374587 0.1552911
v 0.0320618 0.0374587 0.1552911
v 0.0320618 0.0374587 0.1552911
v 0.0320618 0.0374587 0.1552911
v 0.0320604 0.0328693 0.1508381
v 0.0320604 0.0328693 0.1508381
v 0.0320604 0.0328693 0.1508381
v 0.0320604 0.0328693 0.1508381
v 0.0320604 0.0328693 0.1508381
v 0.0468307 0.0152333 0.1749551
v 0.0468307 0.0152333 0.1749551
v 0.0468307 0.0152333 0.1749551
v 0.0307240 0.0370319 0.1511351
v 0.0307240 0.0370319 0.1511351
v 0.0307240 0.0370319 0.1511351
v 0.0331728 0.0410059 0.1470327
v 0.0331728 0.0410059 0.1470327
v 0.0331728 0.0410059 0.1470327
v 0.0398302 0.0199080 0.1698478
v 0.0398302 0.0199080 0.1698478
v 0.0398302 0.0199080 0.1698478
v 0.0274531 0.0271141 0.1619013
v 0.0274531 0.0271141 0.1619013
v 0.0274531 0.0271141 0.1619013
v 0.0274531 0.0271141 0.1619013
v 0.0274531 0.0271141 0.1619013
v 0.0274531 0.0271141 0.1619013
v 0.0274531 0.0271141 0.1619013
v 0.0274531 0.0271141 0.1619013
v 0.0274531 0.0271141 0.1619013
v 0.0274531 0.0271141 0.1619013
v 0.0274531 0.0271141 0.1619013
v 0.0274531 0.0271141 0.1619013
v 0.1765103 0.0480719 0.4586580
v 0.1765103 0.0480719 0.4586580
v 0.1455689 -0.0279915 0.4104198
v 0.1455689 -0.0279915 0.4104198
v 0.1455689 -0.0279915 0.4104198
v 0.1455689 -0.0279915 0.4104198
v 0.1781631 0.0696512 0.5490391
v 0.1781631 0.0696512 0.5490391
v 0.1781631 0.0696512 0.5490391
v 0.1530128 -0.0344183 0.5564146
v 0.1530128 -0.0344183 0.5564146
v 0.1530128 -0.0344183 0.5564146
v 0.1530128 -0.0344183 0.5564146
v 0.1665785 0.0038896 0.4245196
v 0.1665785 0.0038896 0.4245196
v 0.1713126 0.0129850 0.5530552
v 0.1713126 0.0129850 0.5530552
v 0.1168064 -0.0557757 0.4107457
v 0.1168064 -0.0557757 0.4107457
v 0.1168064 -0.0557757 0.4107457
v 0.1168064 -0.0557757 0.4107457
v 0.1313734 -0.0515187 0.5367815
v 0.1313734 -0.0515187 0.5367815
v 0.1313734 -0.0515187 0.5367815
v 0.1313734 -0.0515187 0.5367815
v 0.1487979 -0.0363914 0.4892772
v 0.1487979 -0.0363914 0.4892772
v 0.1777308 0.0617850 0.4979628
v 0.1777308 0.0617850 0.4979628
v 0.1677469 0.0045569 0.4897510
v 0.1258986 -0.0684250 0.4863566
v 0.1258986 -0.0684250 0.4863566
v 0.1474389 -0.0337803 0.4586445
v 0.1474389 -0.0337803 0.4586445
v 0.1779374 0.0655456 0.5223810
v 0.1779374 0.0655456 0.5223810
v 0.1557651 -0.0149875 0.4153790
v 0.1557651 -0.0149875 0.4153790
v 0.1769158 0.0436339 0.5508830
v 0.1769158 0.0436339 0.5508830
v 0.1739988 0.0290124 0.4407463
v 0.1739988 0.0290124 0.4407463
v 0.1621429 -0.0134487 0.5549285
v 0.1621429 -0.0134487 0.5549285
v 0.1684768 0.0057433 0.5218247
v 0.0931319 -0.0559046 0.4108445
v 0.0931319 -0.0559046 0.4108445
v 0.0931319 -0.0516458 0.5367107
v 0.0931319 -0.0516458 0.5367107
v 0.1311877 -0.0418836 0.4105827
v 0.1311877 -0.0418836 0.4105827
v 0.1421931 -0.0429685 0.5465981
v 0.1421931 -0.0429685 0.5465981
v 0.1221040 -0.0652195 0.4543867
v 0.1221040 -0.0652195 0.4543867
v 0.1508130 -0.0363773 0.5239447
v 0.1508130 -0.0363773 0.5239447
v 0.1774428 0.0576233 0.4772560
v 0.1774428 0.0576233 0.4772560
v 0.1673724 0.0001590 0.4609830
v 0.1673724 0.0001590 0.4609830
v 0.1673724 0.0001590 0.4609830
v 0.1673724 0.0001590 0.4609830
v 0.1673724 0.0001590 0.4609830
v 0.1289751 -0.0627427 0.5139303
v 0.1289751 -0.0627427 0.5139303
v 0.0931319 -0.0685473 0.4863933
v 0.1571784 -0.0202357 0.4890503
v 0.1754941 0.0362732 0.4932890
v 0.1373483 -0.0524082 0.4878169
v 0.1398940 -0.0495600 0.5189374
v 0.1762013 0.0398527 0.5216103
v 0.1585328 -0.0198824 0.5229312
v 0.1349082 -0.0492789 0.4573413
v 0.0931319 -0.0653438 0.4544553
v 0.0931319 -0.0628663 0.5139174
v 0.1571039 -0.0187774 0.4586371
v 0.1571039 -0.0187774 0.4586371
v 0.1571039 -0.0187774 0.4586371
v 0.1571039 -0.0187774 0.4586371
v 0.1571039 -0.0187774 0.4586371
v 0.1747804 0.0328673 0.4665493
v 0.1667772 0.0491979 0.4586937
v 0.1667772 0.0491979 0.4586937
v 0.1378794 -0.0219583 0.4114742
v 0.1378794 -0.0219583 0.4114742
v 0.1378794 -0.0219583 0.4114742
v 0.1378794 -0.0219583 0.4114742
v 0.1683818 0.0702173 0.5491236
v 0.1683818 0.0702173 0.5491236
v 0.1683818 0.0702173 0.5491236
v 0.1445173 -0.0290861 0.5564098
v 0.1445173 -0.0290861 0.5564098
v 0.1445173 -0.0290861 0.5564098
v 0.1445173 -0.0290861 0.5564098
v 0.1575300 0.0077891 0.4247485
v 0.1575300 0.0077891 0.4247485
v 0.1618510 0.0156211 0.5531825
v 0.1618510 0.0156211 0.5531825
v 0.1125643 -0.0462804 0.4131931
v 0.1125643 -0.0462804 0.4131931
v 0.1125643 -0.0462804 0.4131931
v 0.1125643 -0.0462804 0.4131931
v 0.1260937 -0.0424474 0.5391089
v 0.1260937 -0.0424474 0.5391089
v 0.1260937 -0.0424474 0.5391089
v 0.1260937 -0.0424474 0.5391089
v 0.1405076 -0.0311278 0.4898546
v 0.1405076 -0.0311278 0.4898546
v 0.1679669 0.0626062 0.4980246
v 0.1679669 0.0626062 0.4980246
v 0.1590007 0.0090036 0.4899808
v 0.1211255 -0.0584810 0.4863927
v 0.1211255 -0.0584810 0.4863927
v 0.1394440 -0.0281200 0.4595766
v 0.1394440 -0.0281200 0.4595766
v 0.1681607 0.0661935 0.5224568
v 0.1681607 0.0661935 0.5224568
v 0.1474507 -0.0098166 0.4159957
v 0.1474507 -0.0098166 0.4159957
v 0.1671623 0.0446971 0.5509845
v 0.1671623 0.0446971 0.5509845
v 0.1643757 0.0310073 0.4408277
v 0.1643757 0.0310073 0.4408277
v 0.1530593 -0.0097585 0.5551178
v 0.1530593 -0.0097585 0.5551178
v 0.1605562 0.0123944 0.5217990
v 0.0931319 -0.0463486 0.4130084
v 0.0931319 -0.0463486 0.4130084
v 0.0931319 -0.0428553 0.5387732
v 0.0931319 -0.0428553 0.5387732
v 0.1239978 -0.0354220 0.4122120
v 0.1239978 -0.0354220 0.4122120
v 0.1350632 -0.0360685 0.5472106
v 0.1350632 -0.0360685 0.5472106
v 0.1171749 -0.0552145 0.4528687
v 0.1171749 -0.0552145 0.4528687
v 0.1426170 -0.0308034 0.5240056
v 0.1426170 -0.0308034 0.5240056
v 0.1676931 0.0586028 0.4773079
v 0.1676931 0.0586028 0.4773079
v 0.1583216 0.0083300 0.4599178
v 0.1246965 -0.0532903 0.5115166
v 0.1246965 -0.0532903 0.5115166
v 0.0931319 -0.0586487 0.4858799
v 0.1502661 -0.0122853 0.4893504
v 0.1657770 0.0376450 0.4933702
v 0.1295304 -0.0465064 0.4884464
v 0.1327285 -0.0428023 0.5182205
v 0.1664600 0.0410329 0.5217044
v 0.1517982 -0.0111554 0.5228596
v 0.1271369 -0.0427800 0.4554585
v 0.0931319 -0.0553067 0.4525610
v 0.0931319 -0.0535235 0.5107118
v 0.1490166 -0.0119569 0.4613252
v 0.1650935 0.0344498 0.4666179
v 0.1464244 -0.0306396 0.4324806
v 0.1464244 -0.0306396 0.4324806
v 0.1187200 -0.0593384 0.4264793
v 0.1187200 -0.0593384 0.4264793
v 0.1768755 0.0518133 0.4659430
v 0.1768755 0.0518133 0.4659430
v 0.1675511 0.0025148 0.4385342
v 0.1675511 0.0025148 0.4385342
v 0.1675511 0.0025148 0.4385342
v 0.1675511 0.0025148 0.4385342
v 0.1675511 0.0025148 0.4385342
v 0.1327083 -0.0449883 0.4297020
v 0.0931319 -0.0594657 0.4265677
v 0.1569909 -0.0171158 0.4352539
v 0.1569909 -0.0171158 0.4352539
v 0.1569909 -0.0171158 0.4352539
v 0.1569909 -0.0171158 0.4352539
v 0.1743050 0.0305224 0.4508536
v 0.1384923 -0.0243719 0.4303163
v 0.1384923 -0.0243719 0.4303163
v 0.1143703 -0.0497800 0.4287344
v 0.1143703 -0.0497800 0.4287344
v 0.1671360 0.0528819 0.4659851
v 0.1671360 0.0528819 0.4659851
v 0.1578155 0.0078172 0.4402698
v 0.1252274 -0.0383042 0.4291520
v 0.0931319 -0.0498576 0.4285015
v 0.1494524 -0.0088938 0.4344075
v 0.1646568 0.0323558 0.4509300
v 0.0097535 0.0480719 0.4586580
v 0.0097535 0.0480719 0.4586580
v 0.0406948 -0.0279915 0.4104198
v 0.0406948 -0.0279915 0.4104198
v 0.0406948 -0.0279915 0.4104198
v 0.0406948 -0.0279915 0.4104198
v 0.0081007 0.0696512 0.5490391
v 0.0081007 0.0696512 0.5490391
v 0.0081007 0.0696512 0.5490391
v 0.0332509 -0.0344183 0.5564146
v 0.0332509 -0.0344183 0.5564146
v 0.0332509 -0.0344183 0.5564146
v 0.0332509 -0.0344183 0.5564146
v 0.0196852 0.0038896 0.4245197
v 0.0196852 0.0038896 0.4245197
v 0.0149512 0.0129850 0.5530552
v 0.0149512 0.0129850 0.5530552
v 0.0694573 -0.0557757 0.4107457
v 0.0694573 -0.0557757 0.4107457
v 0.0694573 -0.0557757 0.4107457
v 0.0694573 -0.0557757 0.4107457
v 0.0548904 -0.0515187 0.5367816
v 0.0548904 -0.0515187 0.5367816
v 0.0548904 -0.0515187 0.5367816
v 0.0548904 -0.0515187 0.5367816
v 0.0374658 -0.0363914 0.4892772
v 0.0374658 -0.0363914 0.4892772
v 0.0085330 0.0617850 0.4979628
v 0.0085330 0.0617850 0.4979628
v 0.0185168 0.0045569 0.4897510
v 0.0603651 -0.0684250 0.4863566
v 0.0603651 -0.0684250 0.4863566
v 0.0388249 -0.0337804 0.4586445
v 0.0388249 -0.0337804 0.4586445
v 0.0083263 0.0655456 0.5223810
v 0.0083263 0.0655456 0.5223810
v 0.0304987 -0.0149875 0.4153790
v 0.0304987 -0.0149875 0.4153790
v 0.0093480 0.0436339 0.5508830
v 0.0093480 0.0436339 0.5508830
v 0.0122649 0.0290124 0.4407463
v 0.0122649 0.0290124 0.4407463
v 0.0241209 -0.0134487 0.5549285
v 0.0241209 -0.0134487 0.5549285
v 0.0177869 0.0057433 0.5218247
v 0.0550761 -0.0418836 0.4105827
v 0.0550761 -0.0418836 0.4105827
v 0.0440707 -0.0429685 0.5465981
v 0.0440707 -0.0429685 0.5465981
v 0.0641597 -0.0652195 0.4543867
v 0.0641597 -0.0652195 0.4543867
v 0.0354508 -0.0363773 0.5239447
v 0.0354508 -0.0363773 0.5239447
v 0.0088210 0.0576233 0.4772560
v 0.0088210 0.0576233 0.4772560
v 0.0186509 0.0021011 0.4600696
v 0.0186509 0.0021011 0.4600696
v 0.0186509 0.0021011 0.4600696
v 0.0186509 0.0021011 0.4600696
v 0.0572886 -0.0627427 0.5139303
v 0.0572886 -0.0627427 0.5139303
v 0.0290854 -0.0202357 0.4890503
v 0.0107697 0.0362732 0.4932890
v 0.0489155 -0.0524082 0.4878170
v 0.0463697 -0.0495600 0.5189374
v 0.0100625 0.0398527 0.5216103
v 0.0277309 -0.0198824 0.5229312
v 0.0513555 -0.0492789 0.4573413
v 0.0291598 -0.0187774 0.4586371
v 0.0291598 -0.0187774 0.4586371
v 0.0291598 -0.0187774 0.4586371
v 0.0291598 -0.0187774 0.4586371
v 0.0291598 -0.0187774 0.4586371
v 0.0114834 0.0328673 0.4665493
v 0.0194865 0.0491979 0.4586937
v 0.0194865 0.0491979 0.4586937
v 0.0483844 -0.0219583 0.4114741
v 0.0483844 -0.0219583 0.4114741
v 0.0483844 -0.0219583 0.4114741
v 0.0483844 -0.0219583 0.4114741
v 0.0178820 0.0702173 0.5491236
v 0.0178820 0.0702173 0.5491236
v 0.0178820 0.0702173 0.5491236
v 0.0417464 -0.0290861 0.5564097
v 0.0417464 -0.0290861 0.5564097
v 0.0417464 -0.0290861 0.5564097
v 0.0417464 -0.0290861 0.5564097
v 0.0287338 0.0077891 0.4247485
v 0.0287338 0.0077891 0.4247485
v 0.0244127 0.0156211 0.5531825
v 0.0244127 0.0156211 0.5531825
v 0.0736994 -0.0462804 0.4131931
v 0.0736994 -0.0462804 0.4131931
v 0.0736994 -0.0462804 0.4131931
v 0.0736994 -0.0462804 0.4131931
v 0.0601700 -0.0424474 0.5391089
v 0.0601700 -0.0424474 0.5391089
v 0.0601700 -0.0424474 0.5391089
v 0.0601700 -0.0424474 0.5391089
v 0.0457562 -0.0311278 0.4898547
v 0.0457562 -0.0311278 0.4898547
v 0.0182969 0.0626062 0.4980246
v 0.0182969 0.0626062 0.4980246
v 0.0272631 0.0090036 0.4899808
v 0.0651382 -0.0584810 0.4863927
v 0.0651382 -0.0584810 0.4863927
v 0.0468198 -0.0281200 0.4595766
v 0.0468198 -0.0281200 0.4595766
v 0.0181031 0.0661935 0.5224568
v 0.0181031 0.0661935 0.5224568
v 0.0388130 -0.0098166 0.4159957
v 0.0388130 -0.0098166 0.4159957
v 0.0191014 0.0446972 0.5509845
v 0.0191014 0.0446972 0.5509845
v 0.0218881 0.0310073 0.4408277
v 0.0218881 0.0310073 0.4408277
v 0.0332044 -0.0097585 0.5551178
v 0.0332044 -0.0097585 0.5551178
v 0.0257075 0.0123944 0.5217990
v 0.0622660 -0.0354220 0.4122120
v 0.0622660 -0.0354220 0.4122120
v 0.0512006 -0.0360685 0.5472106
v 0.0512006 -0.0360685 0.5472106
v 0.0690889 -0.0552145 0.4528687
v 0.0690889 -0.0552145 0.4528687
v 0.0436468 -0.0308034 0.5240056
v 0.0436468 -0.0308034 0.5240056
v 0.0185706 0.0586028 0.4773079
v 0.0185706 0.0586028 0.4773079
v 0.0279421 0.0083300 0.4599178
v 0.0615673 -0.0532903 0.5115165
v 0.0615673 -0.0532903 0.5115165
v 0.0359977 -0.0122853 0.4893504
v 0.0204868 0.0376450 0.4933703
v 0.0567334 -0.0465064 0.4884464
v 0.0535353 -0.0428023 0.5182205
v 0.0198037 0.0410329 0.5217044
v 0.0344656 -0.0111554 0.5228596
v 0.0591268 -0.0427800 0.4554585
v 0.0372471 -0.0119569 0.4613252
v 0.0211703 0.0344498 0.4666179
v 0.0398394 -0.0306396 0.4324806
v 0.0398394 -0.0306396 0.4324806
v 0.0675437 -0.0593384 0.4264793
v 0.0675437 -0.0593384 0.4264793
v 0.0093882 0.0518133 0.4659430
v 0.0093882 0.0518133 0.4659430
v 0.0187641 0.0037624 0.4366863
v 0.0187641 0.0037624 0.4366863
v 0.0187641 0.0037624 0.4366863
v 0.0187641 0.0037624 0.4366863
v 0.0535555 -0.0449883 0.4297020
v 0.0292729 -0.0171158 0.4352538
v 0.0292729 -0.0171158 0.4352538
v 0.0292729 -0.0171158 0.4352538
v 0.0292729 -0.0171158 0.4352538
v 0.0119588 0.0305224 0.4508536
v 0.0477715 -0.0243719 0.4303163
v 0.0477715 -0.0243719 0.4303163
v 0.0718934 -0.0497800 0.4287344
v 0.0718934 -0.0497800 0.4287344
v 0.0191278 0.0528819 0.4659851
v 0.0191278 0.0528819 0.4659851
v 0.0284483 0.0078172 0.4402698
v 0.0610364 -0.0383042 0.4291521
v 0.0368113 -0.0088938 0.4344075
v 0.0216069 0.0323558 0.4509300
v 0.1721076 -0.0009779 0.4622997
v 0.1721076 -0.0009779 0.4622997
v 0.1721076 -0.0009779 0.4622997
v 0.1545745 -0.0206744 0.4313834
v 0.1545745 -0.0206744 0.4313834
v 0.1545745 -0.0206744 0.4313834
v 0.1602370 -0.0204656 0.4346659
v 0.1602370 -0.0204656 0.4346659
v 0.1602370 -0.0204656 0.4346659
v 0.1684732 0.0025583 0.4591314
v 0.1684732 0.0025583 0.4591314
v 0.1684732 0.0025583 0.4591314
v 0.1684732 0.0025583 0.4591314
v 0.1684732 0.0025583 0.4591314
v 0.1662721 -0.0018865 0.4632201
v 0.1662721 -0.0018865 0.4632201
v 0.1662721 -0.0018865 0.4632201
v 0.1662721 -0.0018865 0.4632201
v 0.1662721 -0.0018865 0.4632201
v 0.1555412 -0.0195028 0.4382401
v 0.1555412 -0.0195028 0.4382401
v 0.1555412 -0.0195028 0.4382401
v 0.1555412 -0.0195028 0.4382401
v 0.1555412 -0.0195028 0.4382401
v 0.1577424 -0.0150582 0.4341512
v 0.1577424 -0.0150582 0.4341512
v 0.1577424 -0.0150582 0.4341512
v 0.1577424 -0.0150582 0.4341512
v 0.1686575 -0.0070553 0.4588506
v 0.1686575 -0.0070553 0.4588506
v 0.1686575 -0.0070553 0.4588506
v 0.1686575 -0.0070553 0.4588506
v 0.1686575 -0.0070553 0.4588506
v 0.1708473 -0.0026336 0.4547829
v 0.1708473 -0.0026336 0.4547829
v 0.1708473 -0.0026336 0.4547829
v 0.1708473 -0.0026336 0.4547829
v 0.1708473 -0.0026336 0.4547829
v 0.1636871 -0.0143882 0.4381151
v 0.1636871 -0.0143882 0.4381151
v 0.1636871 -0.0143882 0.4381151
v 0.1636871 -0.0143882 0.4381151
v 0.1636871 -0.0143882 0.4381151
v 0.1614972 -0.0188100 0.4421827
v 0.1614972 -0.0188100 0.4421827
v 0.1614972 -0.0188100 0.4421827
v 0.1614972 -0.0188100 0.4421827
v 0.1614972 -0.0188100 0.4421827
v 0.1694400 0.0037297 0.4659882
v 0.1694400 0.0037297 0.4659882
v 0.1694400 0.0037297 0.4659882
v 0.1615984 -0.0182304 0.4378356
v 0.1615984 -0.0182304 0.4378356
v 0.1615984 -0.0182304 0.4378356
v 0.1557755 -0.0187027 0.4341792
v 0.1557755 -0.0187027 0.4341792
v 0.1557755 -0.0187027 0.4341792
v 0.1707461 -0.0032130 0.4591301
v 0.1707461 -0.0032130 0.4591301
v 0.1707461 -0.0032130 0.4591301
v 0.1679450 0.0012755 0.4625082
v 0.1679450 0.0012755 0.4625082
v 0.1679450 0.0012755 0.4625082
v 0.1600362 -0.0231118 0.4598809
v 0.1600362 -0.0231118 0.4598809
v 0.1600362 -0.0231118 0.4598809
v 0.1696911 0.0070432 0.4344125
v 0.1696911 0.0070432 0.4344125
v 0.1696911 0.0070432 0.4344125
v 0.1723082 0.0016682 0.4370847
v 0.1723082 0.0016682 0.4370847
v 0.1723082 0.0016682 0.4370847
v 0.1575250 -0.0179249 0.4614676
v 0.1575250 -0.0179249 0.4614676
v 0.1575250 -0.0179249 0.4614676
v 0.1575250 -0.0179249 0.4614676
v 0.1575250 -0.0179249 0.4614676
v 0.1553957 -0.0214203 0.4565109
v 0.1553957 -0.0214203 0.4565109
v 0.1553957 -0.0214203 0.4565109
v 0.1553957 -0.0214203 0.4565109
v 0.1553957 -0.0214203 0.4565109
v 0.1664893 0.0009801 0.4359039
v 0.1664893 0.0009801 0.4359039
v 0.1664893 0.0009801 0.4359039
v 0.1664893 0.0009801 0.4359039
v 0.1664893 0.0009801 0.4359039
v 0.1686186 0.0044756 0.4408606
v 0.1686186 0.0044756 0.4408606
v 0.1686186 0.0044756 0.4408606
v 0.1686186 0.0044756 0.4408606
v 0.1686186 0.0044756 0.4408606
v 0.1614121 -0.0199337 0.4528924
v 0.1614121 -0.0199337 0.4528924
v 0.1614121 -0.0199337 0.4528924
v 0.1614121 -0.0199337 0.4528924
v 0.1614121 -0.0199337 0.4528924
v 0.1635304 -0.0164563 0.4578232
v 0.1635304 -0.0164563 0.4578232
v 0.1635304 -0.0164563 0.4578232
v 0.1635304 -0.0164563 0.4578232
v 0.1635304 -0.0164563 0.4578232
v 0.1709325 -0.0015098 0.4440733
v 0.1709325 -0.0015098 0.4440733
v 0.1709325 -0.0015098 0.4440733
v 0.1709325 -0.0015098 0.4440733
v 0.1709325 -0.0015098 0.4440733
v 0.1688143 -0.0049871 0.4391424
v 0.1688143 -0.0049871 0.4391424
v 0.1688143 -0.0049871 0.4391424
v 0.1688143 -0.0049871 0.4391424
v 0.1688143 -0.0049871 0.4391424
v 0.1543232 -0.0239879 0.4629591
v 0.1543232 -0.0239879 0.4629591
v 0.1543232 -0.0239879 0.4629591
v 0.1709005 -0.0011741 0.4396995
v 0.1709005 -0.0011741 0.4396995
v 0.1709005 -0.0011741 0.4396995
v 0.1681126 0.0038558 0.4373446
v 0.1681126 0.0038558 0.4373446
v 0.1681126 0.0038558 0.4373446
v 0.1614440 -0.0202693 0.4572660
v 0.1614440 -0.0202693 0.4572660
v 0.1614440 -0.0202693 0.4572660
v 0.1558115 -0.0209829 0.4601946
v 0.1558115 -0.0209829 0.4601946
v 0.1558115 -0.0209829 0.4601946
v 0.1739165 -0.0149040 0.4481056
v 0.1739165 -0.0149040 0.4481056
v 0.1739165 -0.0149040 0.4481056
v 0.1739165 -0.0149040 0.4481056
v 0.1739165 -0.0149040 0.4481056
v 0.1739165 -0.0149040 0.4481056
v 0.1739165 -0.0149040 0.4481056
v 0.1739165 -0.0149040 0.4481056
v 0.1739165 -0.0149040 0.4481056
v 0.1739165 -0.0149040 0.4481056
v 0.1739165 -0.0149040 0.4481056
v 0.1739165 -0.0149040 0.4481056
v 0.0141562 -0.0009779 0.4622996
v 0.0141562 -0.0009779 0.4622996
v 0.0141562 -0.0009779 0.4622996
v 0.0316893 -0.0206744 0.4313834
v 0.0316893 -0.0206744 0.4313834
v 0.0316893 -0.0206744 0.4313834
v 0.0260268 -0.0204656 0.4346659
v 0.0260268 -0.0204656 0.4346659
v 0.0260268 -0.0204656 0.4346659
v 0.0177906 0.0025583 0.4591313
v 0.0177906 0.0025583 0.4591313
v 0.0177906 0.0025583 0.4591313
v 0.0177906 0.0025583 0.4591313
v 0.0199917 -0.0018865 0.4632201
v 0.0199917 -0.0018865 0.4632201
v 0.0199917 -0.0018865 0.4632201
v 0.0199917 -0.0018865 0.4632201
v 0.0307226 -0.0195028 0.4382401
v 0.0307226 -0.0195028 0.4382401
v 0.0307226 -0.0195028 0.4382401
v 0.0307226 -0.0195028 0.4382401
v 0.0307226 -0.0195028 0.4382401
v 0.0285214 -0.0150582 0.4341512
v 0.0285214 -0.0150582 0.4341512
v 0.0285214 -0.0150582 0.4341512
v 0.0285214 -0.0150582 0.4341512
v 0.0176063 -0.0070553 0.4588506
v 0.0176063 -0.0070553 0.4588506
v 0.0176063 -0.0070553 0.4588506
v 0.0176063 -0.0070553 0.4588506
v 0.0176063 -0.0070553 0.4588506
v 0.0154165 -0.0026336 0.4547829
v 0.0154165 -0.0026336 0.4547829
v 0.0154165 -0.0026336 0.4547829
v 0.0154165 -0.0026336 0.4547829
v 0.0154165 -0.0026336 0.4547829
v 0.0225767 -0.0143882 0.4381151
v 0.0225767 -0.0143882 0.4381151
v 0.0225767 -0.0143882 0.4381151
v 0.0225767 -0.0143882 0.4381151
v 0.0225767 -0.0143882 0.4381151
v 0.0247666 -0.0188100 0.4421827
v 0.0247666 -0.0188100 0.4421827
v 0.0247666 -0.0188100 0.4421827
v 0.0247666 -0.0188100 0.4421827
v 0.0247666 -0.0188100 0.4421827
v 0.0168237 0.0037297 0.4659881
v 0.0168237 0.0037297 0.4659881
v 0.0168237 0.0037297 0.4659881
v 0.0246653 -0.0182304 0.4378356
v 0.0246653 -0.0182304 0.4378356
v 0.0246653 -0.0182304 0.4378356
v 0.0304883 -0.0187027 0.4341792
v 0.0304883 -0.0187027 0.4341792
v 0.0304883 -0.0187027 0.4341792
v 0.0155177 -0.0032130 0.4591300
v 0.0155177 -0.0032130 0.4591300
v 0.0155177 -0.0032130 0.4591300
v 0.0262276 -0.0231117 0.4598809
v 0.0262276 -0.0231117 0.4598809
v 0.0262276 -0.0231117 0.4598809
v 0.0165726 0.0070432 0.4344124
v 0.0165726 0.0070432 0.4344124
v 0.0165726 0.0070432 0.4344124
v 0.0139556 0.0016682 0.4370848
v 0.0139556 0.0016682 0.4370848
v 0.0139556 0.0016682 0.4370848
v 0.0287388 -0.0179249 0.4614676
v 0.0287388 -0.0179249 0.4614676
v 0.0287388 -0.0179249 0.4614676
v 0.0287388 -0.0179249 0.4614676
v 0.0287388 -0.0179249 0.4614676
v 0.0308680 -0.0214203 0.4565109
v 0.0308680 -0.0214203 0.4565109
v 0.0308680 -0.0214203 0.4565109
v 0.0308680 -0.0214203 0.4565109
v 0.0308680 -0.0214203 0.4565109
v 0.0197745 0.0009801 0.4359039
v 0.0197745 0.0009801 0.4359039
v 0.0197745 0.0009801 0.4359039
v 0.0197745 0.0009801 0.4359039
v 0.0176452 0.0044756 0.4408606
v 0.0176452 0.0044756 0.4408606
v 0.0176452 0.0044756 0.4408606
v 0.0176452 0.0044756 0.4408606
v 0.0248517 -0.0199337 0.4528924
v 0.0248517 -0.0199337 0.4528924
v 0.0248517 -0.0199337 0.4528924
v 0.0248517 -0.0199337 0.4528924
v 0.0248517 -0.0199337 0.4528924
v 0.0227334 -0.0164563 0.4578232
v 0.0227334 -0.0164563 0.4578232
v 0.0227334 -0.0164563 0.4578232
v 0.0227334 -0.0164563 0.4578232
v 0.0227334 -0.0164563 0.4578232
v 0.0153313 -0.0015098 0.4440733
v 0.0153313 -0.0015098 0.4440733
v 0.0153313 -0.0015098 0.4440733
v 0.0153313 -0.0015098 0.4440733
v 0.0153313 -0.0015098 0.4440733
v 0.0174494 -0.0049871 0.4391424
v 0.0174494 -0.0049871 0.4391424
v 0.0174494 -0.0049871 0.4391424
v 0.0174494 -0.0049871 0.4391424
v 0.0174494 -0.0049871 0.4391424
v 0.0319405 -0.0239879 0.4629591
v 0.0319405 -0.0239879 0.4629591
v 0.0319405 -0.0239879 0.4629591
v 0.0153632 -0.0011741 0.4396995
v 0.0153632 -0.0011741 0.4396995
v 0.0153632 -0.0011741 0.4396995
v 0.0248198 -0.0202693 0.4572660
v 0.0248198 -0.0202693 0.4572660
v 0.0248198 -0.0202693 0.4572660
v 0.0304523 -0.0209829 0.4601946
v 0.0304523 -0.0209829 0.4601946
v 0.0304523 -0.0209829 0.4601946
v 0.0123472 -0.0149040 0.4481056
v 0.0123472 -0.0149040 0.4481056
v 0.0123472 -0.0149040 0.4481056
v 0.0123472 -0.0149040 0.4481056
v 0.0123472 -0.0149040 0.4481056
v 0.0123472 -0.0149040 0.4481056
v 0.0123472 -0.0149040 0.4481056
v 0.0123472 -0.0149040 0.4481056
v 0.0123472 -0.0149040 0.4481056
v 0.0123472 -0.0149040 0.4481056
v 0.0123472 -0.0149040 0.4481056
v 0.0123472 -0.0149040 0.4481056
v -0.1246396 0.0723461 0.1427829
v -0.1246396 0.0723461 0.1427829
v -0.1284645 0.0721841 0.1744134
v -0.1284645 0.0721841 0.1744134
v -0.1375428 0.0718858 0.1733140
v -0.1375428 0.0718858 0.1733140
v -0.1337179 0.0720478 0.1416836
v -0.1337179 0.0720478 0.1416836
v -0.1244416 0.0805468 0.1428013
v -0.1244416 0.0805468 0.1428013
v -0.1282613 0.0806871 0.1744325
v -0.1282613 0.0806871 0.1744325
v -0.1373229 0.0813169 0.1733355
v -0.1373229 0.0813169 0.1733355
v -0.1335032 0.0811766 0.1417043
v -0.1335032 0.0811766 0.1417043
v -0.1234278 0.0894191 0.1428507
v -0.1234278 0.0894191 0.1428507
v -0.1272114 0.0898605 0.1744835
v -0.1272114 0.0898605 0.1744835
v -0.1361625 0.0914091 0.1733912
v -0.1361625 0.0914091 0.1733912
v -0.1323788 0.0909677 0.1417585
v -0.1323788 0.0909677 0.1417585
v -0.1214062 0.0982068 0.1429191
v -0.1214062 0.0982068 0.1429191
v -0.1250867 0.0990785 0.1745551
v -0.1250867 0.0990785 0.1745551
v -0.1337611 0.1017790 0.1734715
v -0.1337611 0.1017790 0.1734715
v -0.1300806 0.1009074 0.1418355
v -0.1300806 0.1009074 0.1418355
v -0.1182389 0.1062957 0.1429950
v -0.1182389 0.1062957 0.1429950
v -0.1216830 0.1077471 0.1746363
v -0.1216830 0.1077471 0.1746363
v -0.1297646 0.1119011 0.1735661
v -0.1297646 0.1119011 0.1735661
v -0.1263204 0.1104497 0.1419248
v -0.1263204 0.1104497 0.1419248
v -0.1138499 0.1131426 0.1430676
v -0.1138499 0.1131426 0.1430676
v -0.1168205 0.1153052 0.1747163
v -0.1168205 0.1153052 0.1747163
v -0.1237563 0.1211788 0.1736640
v -0.1237563 0.1211788 0.1736640
v -0.1207857 0.1190162 0.1420152
v -0.1207857 0.1190162 0.1420152
v -0.1081400 0.1183860 0.1431283
v -0.1081400 0.1183860 0.1431283
v -0.1103080 0.1212649 0.1747852
v -0.1103080 0.1212649 0.1747852
v -0.1153435 0.1288339 0.1737520
v -0.1153435 0.1288339 0.1737520
v -0.1131755 0.1259550 0.1420951
v -0.1131755 0.1259550 0.1420951
v -0.1007548 0.1218219 0.1431709
v -0.1007548 0.1218219 0.1431709
v -0.1018523 0.1251990 0.1748337
v -0.1018523 0.1251990 0.1748337
v -0.1043880 0.1339308 0.1738145
v -0.1043880 0.1339308 0.1738145
v -0.1032905 0.1305538 0.1421517
v -0.1032905 0.1305538 0.1421517
v -0.0910398 0.1230767 0.1431877
v -0.0910398 0.1230767 0.1431877
v -0.0910434 0.1266103 0.1748524
v -0.0910434 0.1266103 0.1748524
v -0.0910519 0.1357034 0.1738377
v -0.0910519 0.1357034 0.1738377
v -0.0910483 0.1321698 0.1421729
v -0.0910483 0.1321698 0.1421729
v -0.0811078 0.1217993 0.1431707
v -0.0811078 0.1217993 0.1431707
v -0.0800652 0.1251928 0.1748337
v -0.0800652 0.1251928 0.1748337
v -0.0776643 0.1339627 0.1738147
v -0.0776643 0.1339627 0.1738147
v -0.0787069 0.1305692 0.1421518
v -0.0787069 0.1305692 0.1421518
v -0.0732433 0.1184153 0.1431271
v -0.0732433 0.1184153 0.1431271
v -0.0712020 0.1213782 0.1747847
v -0.0712020 0.1213782 0.1747847
v -0.0664796 0.1291465 0.1737531
v -0.0664796 0.1291465 0.1737531
v -0.0685208 0.1261837 0.1420956
v -0.0685208 0.1261837 0.1420956
v -0.0670074 0.1132778 0.1430654
v -0.0670074 0.1132778 0.1430654
v -0.0641773 0.1156039 0.1747154
v -0.0641773 0.1156039 0.1747154
v -0.0575904 0.1218669 0.1736661
v -0.0575904 0.1218669 0.1736661
v -0.0604205 0.1195407 0.1420161
v -0.0604205 0.1195407 0.1420161
v -0.0621018 0.1065925 0.1429925
v -0.0621018 0.1065925 0.1429925
v -0.0587641 0.1082468 0.1746353
v -0.0587641 0.1082468 0.1746353
v -0.0509488 0.1128830 0.1735686
v -0.0509488 0.1128830 0.1735686
v -0.0542865 0.1112287 0.1419258
v -0.0542865 0.1112287 0.1419258
v -0.0584358 0.0986473 0.1429170
v -0.0584358 0.0986473 0.1429170
v -0.0548180 0.0997135 0.1745542
v -0.0548180 0.0997135 0.1745542
v -0.0462993 0.1028722 0.1734737
v -0.0462993 0.1028722 0.1734737
v -0.0499172 0.1018060 0.1418364
v -0.0499172 0.1018060 0.1418364
v -0.0559712 0.0898712 0.1428492
v -0.0559712 0.0898712 0.1428492
v -0.0522166 0.0904667 0.1744829
v -0.0522166 0.0904667 0.1744829
v -0.0433341 0.0923704 0.1733928
v -0.0433341 0.0923704 0.1733928
v -0.0470886 0.0917749 0.1417591
v -0.0470886 0.0917749 0.1417591
v -0.0546350 0.0807711 0.1428003
v -0.0546350 0.0807711 0.1428003
v -0.0508249 0.0810028 0.1744321
v -0.0508249 0.0810028 0.1744321
v -0.0417796 0.0818360 0.1733365
v -0.0417796 0.0818360 0.1733365
v -0.0455896 0.0816043 0.1417047
v -0.0455896 0.0816043 0.1417047
v -0.0543084 0.0720208 0.1427822
v -0.0543084 0.0720208 0.1427822
v -0.0504868 0.0718606 0.1744131
v -0.0504868 0.0718606 0.1744131
v -0.0414085 0.0715601 0.1733147
v -0.0414085 0.0715601 0.1733147
v -0.0452301 0.0717203 0.1416838
v -0.0452301 0.0717203 0.1416838
v -0.0549945 0.0635611 0.1427048
v -0.0549945 0.0635611 0.1427048
v -0.0516077 0.0629605 0.1743799
v -0.0516077 0.0629605 0.1743799
v -0.0426514 0.0613722 0.1733921
v -0.0426514 0.0613722 0.1733921
v -0.0460383 0.0619728 0.1417170
v -0.0460383 0.0619728 0.1417170
v -0.0571545 0.0542790 0.1426292
v -0.0571545 0.0542790 0.1426292
v -0.0542497 0.0533434 0.1743440
v -0.0542497 0.0533434 0.1743440
v -0.0455809 0.0505511 0.1734677
v -0.0455809 0.0505511 0.1734677
v -0.0484857 0.0514868 0.1417529
v -0.0484857 0.0514868 0.1417529
v -0.0607033 0.0447541 0.1425560
v -0.0607033 0.0447541 0.1425560
v -0.0582938 0.0436195 0.1743058
v -0.0582938 0.0436195 0.1743058
v -0.0500451 0.0397354 0.1735410
v -0.0500451 0.0397354 0.1735410
v -0.0524545 0.0408700 0.1417912
v -0.0524545 0.0408700 0.1417912
v -0.0654941 0.0356852 0.1424850
v -0.0654941 0.0356852 0.1424850
v -0.0635908 0.0344401 0.1742650
v -0.0635908 0.0344401 0.1742650
v -0.0559538 0.0294439 0.1736119
v -0.0559538 0.0294439 0.1736119
v -0.0578571 0.0306890 0.1418319
v -0.0578571 0.0306890 0.1418319
v -0.0713397 0.0277280 0.1424164
v -0.0713397 0.0277280 0.1424164
v -0.0699569 0.0264467 0.1742219
v -0.0699569 0.0264467 0.1742219
v -0.0632574 0.0202390 0.1736806
v -0.0632574 0.0202390 0.1736806
v -0.0646402 0.0215203 0.1418751
v -0.0646402 0.0215203 0.1418751
v -0.0780123 0.0214783 0.1423501
v -0.0780123 0.0214783 0.1423501
v -0.0771593 0.0202498 0.1741763
v -0.0771593 0.0202498 0.1741763
v -0.0719468 0.0127426 0.1737468
v -0.0719468 0.0127426 0.1737468
v -0.0727998 0.0139711 0.1419206
v -0.0727998 0.0139711 0.1419206
v -0.0852926 0.0174085 0.1422862
v -0.0852926 0.0174085 0.1422862
v -0.0852926 0.0174085 0.1422862
v -0.0852926 0.0174085 0.1422862
v -0.0849378 0.0163610 0.1741283
v -0.0849378 0.0163610 0.1741283
v -0.0849378 0.0163610 0.1741283
v -0.0849378 0.0163610 0.1741283
v -0.0820044 0.0077003 0.1738108
v -0.0820044 0.0077003 0.1738108
v -0.0820044 0.0077003 0.1738108
v -0.0820044 0.0077003 0.1738108
v -0.0823592 0.0087478 0.1419686
v -0.0823592 0.0087478 0.1419686
v -0.0823592 0.0087478 0.1419686
v -0.0823592 0.0087478 0.1419686
v -0.0930821 0.0158548 0.1422247
v -0.0930821 0.0158548 0.1422247
v -0.0930973 0.0151389 0.1740779
v -0.0930973 0.0151389 0.1740779
v -0.0932917 0.0059938 0.1738723
v -0.0932917 0.0059938 0.1738723
v -0.0932765 0.0067097 0.1420191
v -0.0932765 0.0067097 0.1420191
v -0.0994884 0.0174336 0.1422863
v -0.0994884 0.0174336 0.1422863
v -0.0999142 0.0164125 0.1741284
v -0.0999142 0.0164125 0.1741284
v -0.1034335 0.0079729 0.1738107
v -0.1034335 0.0079729 0.1738107
v -0.1030077 0.0089940 0.1419686
v -0.1030077 0.0089940 0.1419686
v -0.1053799 0.0215582 0.1423503
v -0.1053799 0.0215582 0.1423503
v -0.1063545 0.0204227 0.1741764
v -0.1063545 0.0204227 0.1741764
v -0.1123070 0.0134876 0.1737467
v -0.1123070 0.0134876 0.1737467
v -0.1113324 0.0146231 0.1419206
v -0.1113324 0.0146231 0.1419206
v -0.1108554 0.0279917 0.1424166
v -0.1108554 0.0279917 0.1424166
v -0.1123685 0.0268653 0.1742220
v -0.1123685 0.0268653 0.1742220
v -0.1196946 0.0214112 0.1736804
v -0.1196946 0.0214112 0.1736804
v -0.1181816 0.0225376 0.1418750
v -0.1181816 0.0225376 0.1418750
v -0.1156466 0.0362031 0.1424853
v -0.1156466 0.0362031 0.1424853
v -0.1176625 0.0351468 0.1742652
v -0.1176625 0.0351468 0.1742652
v -0.1257461 0.0309111 0.1736117
v -0.1257461 0.0309111 0.1736117
v -0.1237302 0.0319674 0.1418318
v -0.1237302 0.0319674 0.1418318
v -0.1195375 0.0454917 0.1425563
v -0.1195375 0.0454917 0.1425563
v -0.1220303 0.0445492 0.1743060
v -0.1220303 0.0445492 0.1743060
v -0.1305585 0.0413246 0.1735406
v -0.1305585 0.0413246 0.1735406
v -0.1280656 0.0422672 0.1417910
v -0.1280656 0.0422672 0.1417910
v -0.1223879 0.0551118 0.1426297
v -0.1223879 0.0551118 0.1426297
v -0.1253425 0.0543389 0.1743443
v -0.1253425 0.0543389 0.1743443
v -0.1341533 0.0520339 0.1734673
v -0.1341533 0.0520339 0.1734673
v -0.1311987 0.0528068 0.1417527
v -0.1311987 0.0528068 0.1417527
v -0.1241035 0.0642888 0.1427054
v -0.1241035 0.0642888 0.1427054
v -0.1275086 0.0637840 0.1743801
v -0.1275086 0.0637840 0.1743801
v -0.1365061 0.0624499 0.1733916
v -0.1365061 0.0624499 0.1733916
v -0.1331010 0.0629547 0.1417168
v -0.1331010 0.0629547 0.1417168
v -0.1367749 0.0723315 0.2446460
v -0.1367749 0.0723315 0.2446460
v -0.1406043 0.0722755 0.2762762
v -0.1406043 0.0722755 0.2762762
v -0.1496865 0.0721426 0.2751764
v -0.1496865 0.0721426 0.2751764
v -0.1458571 0.0721986 0.2435462
v -0.1458571 0.0721986 0.2435462
v -0.1361459 0.0822431 0.2446460
v -0.1361459 0.0822431 0.2446460
v -0.1399394 0.0827693 0.2762762
v -0.1399394 0.0827693 0.2762762
v -0.1489364 0.0840172 0.2751764
v -0.1489364 0.0840172 0.2751764
v -0.1451429 0.0834910 0.2435462
v -0.1451429 0.0834910 0.2435462
v -0.1339331 0.0924982 0.2446460
v -0.1339331 0.0924982 0.2446460
v -0.1376085 0.0935746 0.2762762
v -0.1376085 0.0935746 0.2762762
v -0.1463254 0.0961277 0.2751764
v -0.1463254 0.0961277 0.2751764
v -0.1426500 0.0950512 0.2435462
v -0.1426500 0.0950512 0.2435462
v -0.1301904 0.1025270 0.2446459
v -0.1301904 0.1025270 0.2446459
v -0.1336639 0.1041401 0.2762762
v -0.1336639 0.1041401 0.2762762
v -0.1419020 0.1079659 0.2751764
v -0.1419020 0.1079659 0.2751764
v -0.1384285 0.1063527 0.2435461
v -0.1384285 0.1063527 0.2435461
v -0.1250176 0.1117413 0.2446459
v -0.1250176 0.1117413 0.2446459
v -0.1281766 0.1139065 0.2762762
v -0.1281766 0.1139065 0.2762762
v -0.1356688 0.1190417 0.2751764
v -0.1356688 0.1190417 0.2751764
v -0.1325097 0.1168765 0.2435461
v -0.1325097 0.1168765 0.2435461
v -0.1185529 0.1195973 0.2446459
v -0.1185529 0.1195973 0.2446459
v -0.1212332 0.1223330 0.2762762
v -0.1212332 0.1223330 0.2762762
v -0.1275899 0.1288211 0.2751764
v -0.1275899 0.1288211 0.2751764
v -0.1249096 0.1260854 0.2435461
v -0.1249096 0.1260854 0.2435461
v -0.1109450 0.1256332 0.2446459
v -0.1109450 0.1256332 0.2446459
v -0.1129245 0.1289118 0.2762762
v -0.1129245 0.1289118 0.2762762
v -0.1176192 0.1366876 0.2751764
v -0.1176192 0.1366876 0.2751764
v -0.1156397 0.1334090 0.2435461
v -0.1156397 0.1334090 0.2435461
v -0.1022622 0.1294953 0.2446459
v -0.1022622 0.1294953 0.2446459
v -0.1033087 0.1331794 0.2762762
v -0.1033087 0.1331794 0.2762762
v -0.1057907 0.1419168 0.2751764
v -0.1057907 0.1419168 0.2751764
v -0.1047442 0.1382327 0.2435461
v -0.1047442 0.1382327 0.2435461
v -0.0923407 0.1308507 0.2446459
v -0.0923407 0.1308507 0.2446459
v -0.0923495 0.1346805 0.2762762
v -0.0923495 0.1346805 0.2762762
v -0.0923706 0.1437636 0.2751763
v -0.0923706 0.1437636 0.2751763
v -0.0923618 0.1399338 0.2435461
v -0.0923618 0.1399338 0.2435461
v -0.0821416 0.1294925 0.2446459
v -0.0821416 0.1294925 0.2446459
v -0.0811678 0.1331964 0.2762762
v -0.0811678 0.1331964 0.2762762
v -0.0788582 0.1419810 0.2751763
v -0.0788582 0.1419810 0.2751763
v -0.0800934 0.1378177 0.2438961
v -0.0800934 0.1378177 0.2438961
v -0.0728342 0.1257389 0.2446459
v -0.0728342 0.1257389 0.2446459
v -0.0713196 0.1287539 0.2761531
v -0.0713196 0.1287539 0.2761531
v -0.0666789 0.1370904 0.2751763
v -0.0666789 0.1370904 0.2751763
v -0.0687713 0.1333316 0.2437129
v -0.0687713 0.1333316 0.2437129
v -0.0644980 0.1198858 0.2446459
v -0.0644980 0.1198858 0.2446459
v -0.0624389 0.1223758 0.2762142
v -0.0624389 0.1223758 0.2762142
v -0.0567016 0.1293948 0.2750545
v -0.0567016 0.1293948 0.2750545
v -0.0589142 0.1263431 0.2437740
v -0.0589142 0.1263431 0.2437740
v -0.0580139 0.1117099 0.2447811
v -0.0580139 0.1117099 0.2447811
v -0.0542782 0.1146143 0.2762762
v -0.0542782 0.1146143 0.2762762
v -0.0477295 0.1194461 0.2750545
v -0.0477295 0.1194461 0.2750545
v -0.0508118 0.1173251 0.2436824
v -0.0508118 0.1173251 0.2436824
v -0.0525207 0.1022494 0.2446285
v -0.0525207 0.1022494 0.2446285
v -0.0495910 0.1046603 0.2760921
v -0.0495910 0.1046603 0.2760921
v -0.0413818 0.1086429 0.2750545
v -0.0413818 0.1086429 0.2750545
v -0.0446167 0.1067813 0.2436214
v -0.0446167 0.1067813 0.2436214
v -0.0489807 0.0928653 0.2447811
v -0.0489807 0.0928653 0.2447811
v -0.0456238 0.0940936 0.2760921
v -0.0456238 0.0940936 0.2760921
v -0.0368957 0.0962527 0.2749172
v -0.0368957 0.0962527 0.2749172
v -0.0403747 0.0954287 0.2435604
v -0.0403747 0.0954287 0.2435604
v -0.0468445 0.0823405 0.2447201
v -0.0468445 0.0823405 0.2447201
v -0.0433349 0.0829699 0.2760310
v -0.0433349 0.0829699 0.2760310
v -0.0343628 0.0834048 0.2749782
v -0.0343628 0.0834048 0.2749782
v -0.0379944 0.0837100 0.2435604
v -0.0379944 0.0837100 0.2435604
v -0.0463562 0.0716250 0.2446590
v -0.0463562 0.0716250 0.2446590
v -0.0427856 0.0715411 0.2761226
v -0.0427856 0.0715411 0.2761226
v -0.0338745 0.0708163 0.2750087
v -0.0338745 0.0708163 0.2750087
v -0.0373535 0.0719951 0.2434994
v -0.0373535 0.0719951 0.2434994
v -0.0472717 0.0622867 0.2445980
v -0.0472717 0.0622867 0.2445980
v -0.0437927 0.0613788 0.2760616
v -0.0437927 0.0613788 0.2760616
v -0.0350952 0.0593913 0.2748867
v -0.0350952 0.0593913 0.2748867
v -0.0385437 0.0603183 0.2435909
v -0.0385437 0.0603183 0.2435909
v -0.0498352 0.0511859 0.2446896
v -0.0498352 0.0511859 0.2446896
v -0.0463257 0.0504611 0.2760616
v -0.0463257 0.0504611 0.2760616
v -0.0380859 0.0466693 0.2748714
v -0.0380859 0.0466693 0.2748714
v -0.0412903 0.0482943 0.2435299
v -0.0412903 0.0482943 0.2435299
v -0.0539856 0.0403598 0.2446590
v -0.0539856 0.0403598 0.2446590
v -0.0506286 0.0388491 0.2761837
v -0.0506286 0.0388491 0.2761837
v -0.0428161 0.0341876 0.2749172
v -0.0428161 0.0341876 0.2749172
v -0.0458984 0.0362552 0.2436672
v -0.0458984 0.0362552 0.2436672
v -0.0597534 0.0300296 0.2447506
v -0.0597534 0.0300296 0.2447506
v -0.0566101 0.0280459 0.2761837
v -0.0566101 0.0280459 0.2761837
v -0.0493774 0.0224612 0.2750698
v -0.0493774 0.0224612 0.2750698
v -0.0523376 0.0247653 0.2435910
v -0.0523376 0.0247653 0.2435910
v -0.0668640 0.0214541 0.2447506
v -0.0668640 0.0214541 0.2447506
v -0.0643005 0.0186312 0.2761837
v -0.0643005 0.0186312 0.2761837
v -0.0581665 0.0119937 0.2750088
v -0.0581665 0.0119937 0.2750088
v -0.0607300 0.0147555 0.2438351
v -0.0607300 0.0147555 0.2438351
v -0.0751648 0.0147708 0.2447811
v -0.0751648 0.0147708 0.2447811
v -0.0730619 0.0110454 0.2762763
v -0.0730619 0.0110454 0.2762763
v -0.0688782 0.0036624 0.2748714
v -0.0688782 0.0036624 0.2748714
v -0.0703789 0.0065289 0.2435462
v -0.0703789 0.0065289 0.2435462
v -0.0845543 0.0100783 0.2446460
v -0.0845543 0.0100783 0.2446460
v -0.0845543 0.0100783 0.2446460
v -0.0845543 0.0100783 0.2446460
v -0.0834949 0.0063979 0.2762763
v -0.0834949 0.0063979 0.2762763
v -0.0834949 0.0063979 0.2762763
v -0.0834949 0.0063979 0.2762763
v -0.0809823 -0.0023308 0.2751765
v -0.0809823 -0.0023308 0.2751765
v -0.0809823 -0.0023308 0.2751765
v -0.0809823 -0.0023308 0.2751765
v -0.0820418 0.0013496 0.2435462
v -0.0820418 0.0013496 0.2435462
v -0.0820418 0.0013496 0.2435462
v -0.0820418 0.0013496 0.2435462
v -0.0947990 0.0085902 0.2446460
v -0.0947990 0.0085902 0.2446460
v -0.0948734 0.0047611 0.2762763
v -0.0948734 0.0047611 0.2762763
v -0.0950496 -0.0043203 0.2751765
v -0.0950496 -0.0043203 0.2751765
v -0.0949753 -0.0004912 0.2435462
v -0.0949753 -0.0004912 0.2435462
v -0.1032861 0.0101397 0.2446460
v -0.1032861 0.0101397 0.2446460
v -0.1045809 0.0065354 0.2762763
v -0.1045809 0.0065354 0.2762763
v -0.1076520 -0.0020128 0.2751765
v -0.1076520 -0.0020128 0.2751765
v -0.1063571 0.0015915 0.2435462
v -0.1063571 0.0015915 0.2435462
v -0.1110346 0.0145011 0.2446460
v -0.1110346 0.0145011 0.2446460
v -0.1133141 0.0114235 0.2762763
v -0.1133141 0.0114235 0.2762763
v -0.1187203 0.0041245 0.2751765
v -0.1187203 0.0041245 0.2751765
v -0.1164409 0.0072021 0.2435462
v -0.1164409 0.0072021 0.2435462
v -0.1181713 0.0214000 0.2446460
v -0.1181713 0.0214000 0.2446460
v -0.1210795 0.0189080 0.2762763
v -0.1210795 0.0189080 0.2762763
v -0.1279769 0.0129979 0.2751765
v -0.1279769 0.0129979 0.2751765
v -0.1250687 0.0154899 0.2435462
v -0.1250687 0.0154899 0.2435462
v -0.1244376 0.0303442 0.2446460
v -0.1244376 0.0303442 0.2446460
v -0.1277271 0.0283829 0.2762763
v -0.1277271 0.0283829 0.2762763
v -0.1355287 0.0237312 0.2751765
v -0.1355287 0.0237312 0.2751765
v -0.1322392 0.0256926 0.2435462
v -0.1322392 0.0256926 0.2435462
v -0.1295834 0.0406620 0.2446460
v -0.1295834 0.0406620 0.2446460
v -0.1331102 0.0391690 0.2762763
v -0.1331102 0.0391690 0.2762763
v -0.1414747 0.0356281 0.2751765
v -0.1414747 0.0356281 0.2751765
v -0.1379479 0.0371211 0.2435462
v -0.1379479 0.0371211 0.2435462
v -0.1334291 0.0516143 0.2446460
v -0.1334291 0.0516143 0.2446460
v -0.1371109 0.0505599 0.2762763
v -0.1371109 0.0505599 0.2762763
v -0.1458430 0.0480592 0.2751765
v -0.1458430 0.0480592 0.2751765
v -0.1421612 0.0491137 0.2435462
v -0.1421612 0.0491137 0.2435462
v -0.1358506 0.0624335 0.2446460
v -0.1358506 0.0624335 0.2446460
v -0.1396338 0.0618376 0.2762762
v -0.1396338 0.0618376 0.2762762
v -0.1486063 0.0604242 0.2751764
v -0.1486063 0.0604242 0.2751764
v -0.1448231 0.0610201 0.2435462
v -0.1448231 0.0610201 0.2435462
v -0.1496424 0.0725038 0.3458317
v -0.1496424 0.0725038 0.3458317
v -0.1534715 0.0724292 0.3774620
v -0.1534715 0.0724292 0.3774620
v -0.1625529 0.0722523 0.3763621
v -0.1625529 0.0722523 0.3763621
v -0.1587238 0.0723269 0.3447319
v -0.1587238 0.0723269 0.3447319
v -0.1488728 0.0908885 0.3457687
v -0.1488728 0.0908885 0.3457687
v -0.1523641 0.0913193 0.3774353
v -0.1523641 0.0913193 0.3774353
v -0.1613892 0.0924331 0.3764251
v -0.1613892 0.0924331 0.3764251
v -0.1578979 0.0920022 0.3447586
v -0.1578979 0.0920022 0.3447586
v -0.1459552 0.1064428 0.3457073
v -0.1459552 0.1064428 0.3457073
v -0.1490314 0.1073435 0.3774070
v -0.1490314 0.1073435 0.3774070
v -0.1577676 0.1099016 0.3764865
v -0.1577676 0.1099016 0.3764865
v -0.1546914 0.1090009 0.3447869
v -0.1546914 0.1090009 0.3447869
v -0.1411199 0.1191966 0.3456474
v -0.1411199 0.1191966 0.3456474
v -0.1436849 0.1205340 0.3773771
v -0.1436849 0.1205340 0.3773771
v -0.1517642 0.1247467 0.3765464
v -0.1517642 0.1247467 0.3765464
v -0.1491993 0.1234093 0.3448167
v -0.1491993 0.1234093 0.3448167
v -0.1345752 0.1293230 0.3455890
v -0.1345752 0.1293230 0.3455890
v -0.1365382 0.1309967 0.3773457
v -0.1365382 0.1309967 0.3773457
v -0.1434776 0.1369135 0.3766049
v -0.1434776 0.1369135 0.3766049
v -0.1415146 0.1352398 0.3448482
v -0.1415146 0.1352398 0.3448482
v -0.1264382 0.1370493 0.3455321
v -0.1264382 0.1370493 0.3455321
v -0.1277629 0.1388883 0.3773126
v -0.1277629 0.1388883 0.3773126
v -0.1330969 0.1462936 0.3766618
v -0.1330969 0.1462936 0.3766618
v -0.1317722 0.1444545 0.3448812
v -0.1317722 0.1444545 0.3448812
v -0.1167137 0.1425632 0.3454766
v -0.1167137 0.1425632 0.3454766
v -0.1174555 0.1443698 0.3772780
v -0.1174555 0.1443698 0.3772780
v -0.1209242 0.1528176 0.3767172
v -0.1209242 0.1528176 0.3767172
v -0.1201824 0.1510110 0.3449158
v -0.1201824 0.1510110 0.3449158
v -0.1053752 0.1459320 0.3454227
v -0.1053752 0.1459320 0.3454227
v -0.1056668 0.1475452 0.3772418
v -0.1056668 0.1475452 0.3772418
v -0.1072926 0.1565367 0.3767711
v -0.1072926 0.1565367 0.3767711
v -0.1070010 0.1549236 0.3449520
v -0.1070010 0.1549236 0.3449520
v -0.0926039 0.1471310 0.3453703
v -0.0926039 0.1471310 0.3453703
v -0.0925688 0.1484561 0.3772040
v -0.0925688 0.1484561 0.3772040
v -0.0923274 0.1575944 0.3768234
v -0.0923274 0.1575944 0.3768234
v -0.0923625 0.1562693 0.3449897
v -0.0923625 0.1562693 0.3449897
v -0.0797384 0.1452512 0.3454227
v -0.0797384 0.1452512 0.3454227
v -0.0795046 0.1462169 0.3769023
v -0.0795046 0.1462169 0.3769023
v -0.0769938 0.1556725 0.3767710
v -0.0769938 0.1556725 0.3767710
v -0.0775055 0.1533993 0.3451349
v -0.0775055 0.1533993 0.3451349
v -0.0678825 0.1403273 0.3454766
v -0.0678825 0.1403273 0.3454766
v -0.0673504 0.1413533 0.3770533
v -0.0673504 0.1413533 0.3770533
v -0.0626596 0.1501050 0.3767172
v -0.0626596 0.1501050 0.3767172
v -0.0640282 0.1476678 0.3449217
v -0.0640282 0.1476678 0.3449217
v -0.0571155 0.1327638 0.3455320
v -0.0571155 0.1327638 0.3455320
v -0.0567366 0.1337772 0.3768330
v -0.0567366 0.1337772 0.3768330
v -0.0498037 0.1415005 0.3766617
v -0.0498037 0.1415005 0.3766617
v -0.0519641 0.1387042 0.3449303
v -0.0519641 0.1387042 0.3449303
v -0.0494585 0.1215323 0.3454770
v -0.0494585 0.1215323 0.3454770
v -0.0474768 0.1234002 0.3770142
v -0.0474768 0.1234002 0.3770142
v -0.0406032 0.1295588 0.3761366
v -0.0406032 0.1295588 0.3761366
v -0.0424338 0.1275426 0.3447379
v -0.0424338 0.1275426 0.3447379
v -0.0433324 0.1100161 0.3454431
v -0.0433324 0.1100161 0.3454431
v -0.0411316 0.1124169 0.3768412
v -0.0411316 0.1124169 0.3768412
v -0.0324468 0.1155273 0.3761189
v -0.0324468 0.1155273 0.3761189
v -0.0352645 0.1144755 0.3446949
v -0.0352645 0.1144755 0.3446949
v -0.0391300 0.0964913 0.3454688
v -0.0391300 0.0964913 0.3454688
v -0.0363951 0.0992625 0.3770394
v -0.0363951 0.0992625 0.3770394
v -0.0274993 0.1011686 0.3760253
v -0.0274993 0.1011686 0.3760253
v -0.0306294 0.1001169 0.3445672
v -0.0306294 0.1001169 0.3445672
v -0.0374748 0.0848798 0.3456211
v -0.0374748 0.0848798 0.3456211
v -0.0340998 0.0864776 0.3769343
v -0.0340998 0.0864776 0.3769343
v -0.0250029 0.0859653 0.3759454
v -0.0250029 0.0859653 0.3759454
v -0.0285272 0.0858510 0.3445716
v -0.0285272 0.0858510 0.3445716
v -0.0374756 0.0714021 0.3457359
v -0.0374756 0.0714021 0.3457359
v -0.0337046 0.0727472 0.3770234
v -0.0337046 0.0727472 0.3770234
v -0.0248159 0.0713694 0.3760356
v -0.0248159 0.0713694 0.3760356
v -0.0284763 0.0720511 0.3446120
v -0.0284763 0.0720511 0.3446120
v -0.0386116 0.0617458 0.3457120
v -0.0386116 0.0617458 0.3457120
v -0.0352943 0.0590818 0.3771422
v -0.0352943 0.0590818 0.3771422
v -0.0265322 0.0573839 0.3759702
v -0.0265322 0.0573839 0.3759702
v -0.0300652 0.0585822 0.3447689
v -0.0300652 0.0585822 0.3447689
v -0.0416758 0.0480284 0.3458315
v -0.0416758 0.0480284 0.3458315
v -0.0381499 0.0467477 0.3772072
v -0.0381499 0.0467477 0.3772072
v -0.0298748 0.0430468 0.3759933
v -0.0298748 0.0430468 0.3759933
v -0.0334037 0.0441900 0.3448144
v -0.0334037 0.0441900 0.3448144
v -0.0462028 0.0350925 0.3459086
v -0.0462028 0.0350925 0.3459086
v -0.0431259 0.0327539 0.3770528
v -0.0431259 0.0327539 0.3770528
v -0.0349644 0.0285845 0.3763075
v -0.0349644 0.0285845 0.3763075
v -0.0382560 0.0305594 0.3447701
v -0.0382560 0.0305594 0.3447701
v -0.0522591 0.0231951 0.3459620
v -0.0522591 0.0231951 0.3459620
v -0.0492549 0.0207823 0.3772669
v -0.0492549 0.0207823 0.3772669
v -0.0423035 0.0146018 0.3762186
v -0.0423035 0.0146018 0.3762186
v -0.0451892 0.0171912 0.3448895
v -0.0451892 0.0171912 0.3448895
v -0.0607182 0.0120009 0.3459581
v -0.0607182 0.0120009 0.3459581
v -0.0582062 0.0090246 0.3773671
v -0.0582062 0.0090246 0.3773671
v -0.0518609 0.0023103 0.3763631
v -0.0518609 0.0023103 0.3763631
v -0.0545407 0.0050986 0.3450496
v -0.0545407 0.0050986 0.3450496
v -0.0704554 0.0037392 0.3460416
v -0.0704554 0.0037392 0.3460416
v -0.0690645 0.0000447 0.3772539
v -0.0690645 0.0000447 0.3772539
v -0.0643775 -0.0078794 0.3762996
v -0.0643775 -0.0078794 0.3762996
v -0.0663155 -0.0045499 0.3450783
v -0.0663155 -0.0045499 0.3450783
v -0.0825301 -0.0019229 0.3459648
v -0.0825301 -0.0019229 0.3459648
v -0.0825301 -0.0019229 0.3459648
v -0.0825301 -0.0019229 0.3459648
v -0.0811483 -0.0064934 0.3774620
v -0.0811483 -0.0064934 0.3774620
v -0.0811483 -0.0064934 0.3774620
v -0.0811483 -0.0064934 0.3774620
v -0.0792881 -0.0143868 0.3761064
v -0.0792881 -0.0143868 0.3761064
v -0.0792881 -0.0143868 0.3761064
v -0.0792881 -0.0143868 0.3761064
v -0.0800594 -0.0106533 0.3448207
v -0.0800594 -0.0106533 0.3448207
v -0.0800594 -0.0106533 0.3448207
v -0.0800594 -0.0106533 0.3448207
v -0.0958125 -0.0038560 0.3458699
v -0.0958125 -0.0038560 0.3458699
v -0.0956298 -0.0083968 0.3774620
v -0.0956298 -0.0083968 0.3774620
v -0.0959827 -0.0166095 0.3763208
v -0.0959827 -0.0166095 0.3763208
v -0.0956409 -0.0128448 0.3449525
v -0.0956409 -0.0128448 0.3449525
v -0.1067168 -0.0020917 0.3460027
v -0.1067168 -0.0020917 0.3460027
v -0.1080457 -0.0063030 0.3774620
v -0.1080457 -0.0063030 0.3774620
v -0.1110194 -0.0140273 0.3761319
v -0.1110194 -0.0140273 0.3761319
v -0.1097108 -0.0105748 0.3452922
v -0.1097108 -0.0105748 0.3452922
v -0.1170066 0.0026052 0.3458317
v -0.1170066 0.0026052 0.3458317
v -0.1191771 -0.0005502 0.3774620
v -0.1191771 -0.0005502 0.3774620
v -0.1239888 -0.0074587 0.3761640
v -0.1239888 -0.0074587 0.3761640
v -0.1220801 -0.0042739 0.3452455
v -0.1220801 -0.0042739 0.3452455
v -0.1261916 0.0108334 0.3458317
v -0.1261916 0.0108334 0.3458317
v -0.1290109 0.0082413 0.3774620
v -0.1290109 0.0082413 0.3774620
v -0.1356974 0.0020936 0.3763622
v -0.1356974 0.0020936 0.3763622
v -0.1327276 0.0050856 0.3455535
v -0.1327276 0.0050856 0.3455535
v -0.1341618 0.0214472 0.3458317
v -0.1341618 0.0214472 0.3458317
v -0.1373938 0.0193926 0.3774620
v -0.1373938 0.0193926 0.3774620
v -0.1450591 0.0145196 0.3763622
v -0.1450591 0.0145196 0.3763622
v -0.1418271 0.0165742 0.3447319
v -0.1418271 0.0165742 0.3447319
v -0.1406663 0.0337241 0.3458318
v -0.1406663 0.0337241 0.3458318
v -0.1441629 0.0321616 0.3774620
v -0.1441629 0.0321616 0.3774620
v -0.1524558 0.0284560 0.3763622
v -0.1524558 0.0284560 0.3763622
v -0.1489591 0.0300185 0.3447319
v -0.1489591 0.0300185 0.3447319
v -0.1455055 0.0468690 0.3458317
v -0.1455055 0.0468690 0.3458317
v -0.1491764 0.0457771 0.3774620
v -0.1491764 0.0457771 0.3774620
v -0.1578825 0.0431875 0.3763622
v -0.1578825 0.0431875 0.3763622
v -0.1542116 0.0442794 0.3447319
v -0.1542116 0.0442794 0.3447319
v -0.1485301 0.0600535 0.3458317
v -0.1485301 0.0600535 0.3458317
v -0.1523127 0.0594539 0.3774620
v -0.1523127 0.0594539 0.3774620
v -0.1612838 0.0580318 0.3763622
v -0.1612838 0.0580318 0.3763622
v -0.1575012 0.0586314 0.3447319
v -0.1575012 0.0586314 0.3447319
v -0.1295961 -0.0114105 0.1567192
v -0.1385110 0.0003107 0.1532375
v -0.1490687 0.0187038 0.1482906
v -0.1490687 0.0187038 0.1482906
v -0.1490687 0.0187038 0.1482906
v -0.1490687 0.0187038 0.1482906
v -0.1062673 -0.0238435 0.1596576
v -0.1498514 0.0152654 0.3197176
v -0.1307779 -0.0157482 0.3184329
v -0.1382780 -0.0067373 0.3187850
v -0.1073896 -0.0249717 0.3182427
v -0.1438064 -0.0162895 0.4550067
v -0.1438064 -0.0162895 0.4550067
v -0.1572618 0.0479961 0.1480916
v -0.1572618 0.0479961 0.1480916
v -0.1607625 0.0511602 0.3213255
v -0.1607625 0.0511602 0.3213255
v -0.1720292 0.0493287 0.4635127
v -0.1720292 0.0493287 0.4635127
v -0.1720292 0.0493287 0.4635127
v -0.1338331 -0.0267421 0.4547457
v -0.1338331 -0.0267421 0.4547457
v -0.1085516 -0.0380493 0.4538707
v -0.1085516 -0.0380493 0.4538707
v -0.1313062 -0.0171096 0.1347780
v -0.1313062 -0.0171096 0.1347780
v -0.1416228 -0.0041465 0.1315821
v -0.1416228 -0.0041465 0.1315821
v -0.1530662 0.0166993 0.1280418
v -0.1530662 0.0166993 0.1280418
v -0.1071683 -0.0323214 0.1385442
v -0.1071683 -0.0323214 0.1385442
v -0.1643049 0.0501634 0.1267149
v -0.1643049 0.0501634 0.1267149
v -0.1643049 0.0501634 0.1267149
v -0.1643049 0.0501634 0.1267149
v -0.1245124 -0.0061085 0.2083428
v -0.1315047 0.0025202 0.2076977
v -0.1413051 0.0213647 0.2070290
v -0.1057791 -0.0149763 0.2088435
v -0.1490942 0.0493094 0.2064950
v -0.1490942 0.0493094 0.2064950
v -0.1261515 -0.0070861 0.1743559
v -0.1338855 0.0033668 0.1720994
v -0.1519106 0.0480451 0.1696463
v -0.1519106 0.0480451 0.1696463
v -0.1450292 0.0195146 0.1704841
v -0.1450292 0.0195146 0.1704841
v -0.1450292 0.0195146 0.1704841
v -0.1450292 0.0195146 0.1704841
v -0.1450292 0.0195146 0.1704841
v -0.1052608 -0.0169675 0.1766773
v -0.1522258 0.0200085 0.1171845
v -0.1522258 0.0200085 0.1171845
v -0.1559460 0.0493865 0.1169140
v -0.1559460 0.0493865 0.1169140
v -0.1559460 0.0493865 0.1169140
v -0.1313366 -0.0139806 0.1240696
v -0.1313366 -0.0139806 0.1240696
v -0.1409612 -0.0016149 0.1211874
v -0.1409612 -0.0016149 0.1211874
v -0.1075035 -0.0299393 0.1277931
v -0.1075035 -0.0299393 0.1277931
v -0.1564963 0.0050498 0.4579329
v -0.1564963 0.0050498 0.4579329
v -0.1347175 -0.0251735 0.4173894
v -0.1431431 -0.0150257 0.4179705
v -0.1685951 0.0502266 0.4210168
v -0.1685951 0.0502266 0.4210168
v -0.1085674 -0.0354899 0.4164338
v -0.1552651 0.0091654 0.4189052
v -0.1445859 0.0188023 0.2514844
v -0.1445859 0.0188023 0.2514844
v -0.1445859 0.0188023 0.2514844
v -0.1445859 0.0188023 0.2514844
v -0.1063914 -0.0187763 0.2504346
v -0.1067503 -0.0210038 0.2748145
v -0.1282854 -0.0119133 0.2746371
v -0.1268997 -0.0097814 0.2502899
v -0.1340922 -0.0010163 0.2501346
v -0.1355768 -0.0030454 0.2744826
v -0.1562712 0.0510830 0.2751594
v -0.1562712 0.0510830 0.2751594
v -0.1537232 0.0504533 0.2507819
v -0.1537232 0.0504533 0.2507819
v -0.1396170 -0.0090185 0.3460841
v -0.1407331 -0.0109199 0.3688379
v -0.1536761 0.0118956 0.3691416
v -0.1536761 0.0118956 0.3691416
v -0.1536761 0.0118956 0.3691416
v -0.1536761 0.0118956 0.3691416
v -0.1536761 0.0118956 0.3691416
v -0.1516440 0.0132297 0.3467001
v -0.1516440 0.0132297 0.3467001
v -0.1516440 0.0132297 0.3467001
v -0.1516440 0.0132297 0.3467001
v -0.1077126 -0.0278562 0.3451710
v -0.1079851 -0.0302900 0.3678910
v -0.1649647 0.0512199 0.3731918
v -0.1649647 0.0512199 0.3731918
v -0.1632603 0.0516862 0.3503282
v -0.1632603 0.0516862 0.3503282
v -0.1327667 -0.0205063 0.3683887
v -0.1318614 -0.0183406 0.3456506
v -0.1563161 0.0365328 0.3206702
v -0.1541297 0.0406771 0.1484086
v -0.1541297 0.0406771 0.1484086
v -0.1541297 0.0406771 0.1484086
v -0.1541297 0.0406771 0.1484086
v -0.1541297 0.0406771 0.1484086
v -0.1604625 0.0369769 0.1268821
v -0.1604625 0.0369769 0.1268821
v -0.1471123 0.0421989 0.2066308
v -0.1500903 0.0414883 0.1706022
v -0.1500903 0.0414883 0.1706022
v -0.1500903 0.0414883 0.1706022
v -0.1500903 0.0414883 0.1706022
v -0.1500903 0.0414883 0.1706022
v -0.1552524 0.0379967 0.1164775
v -0.1552524 0.0379967 0.1164775
v -0.1667657 0.0320689 0.4608146
v -0.1667657 0.0320689 0.4608146
v -0.1635309 0.0336973 0.4201428
v -0.1593915 0.0336947 0.3699197
v -0.1593915 0.0336947 0.3699197
v -0.1593915 0.0336947 0.3699197
v -0.1593915 0.0336947 0.3699197
v -0.1593915 0.0336947 0.3699197
v -0.0949973 -0.0402156 0.4545540
v -0.0949973 -0.0402156 0.4545540
v -0.0949973 -0.0239393 0.1596055
v -0.0949609 -0.0341569 0.1388990
v -0.0949609 -0.0341569 0.1388990
v -0.0949973 -0.0150552 0.2088560
v -0.0945930 -0.0183408 0.1766964
v -0.0954117 -0.0319280 0.1283499
v -0.0954117 -0.0319280 0.1283499
v -0.0949973 -0.0252476 0.3183728
v -0.0949973 -0.0358097 0.4168255
v -0.0949973 -0.0212002 0.2748836
v -0.0949973 -0.0189314 0.2505060
v -0.0949973 -0.0305851 0.3681253
v -0.0949973 -0.0281472 0.3454009
v -0.1242964 0.0006851 0.1556031
v -0.1318457 0.0124063 0.1521212
v -0.1407861 0.0307994 0.1471744
v -0.1045410 -0.0117478 0.1585414
v -0.1414489 0.0273611 0.3186015
v -0.1252971 -0.0036525 0.3173168
v -0.1316483 0.0053584 0.3176688
v -0.1054914 -0.0128760 0.3171266
v -0.1362617 -0.0044575 0.4580294
v -0.1362617 -0.0044575 0.4580294
v -0.1477243 0.0600917 0.1469754
v -0.1477243 0.0600917 0.1469754
v -0.1506887 0.0632559 0.3202093
v -0.1506887 0.0632559 0.3202093
v -0.1602296 0.0614243 0.4658031
v -0.1602296 0.0614243 0.4658031
v -0.1602296 0.0614243 0.4658031
v -0.1284995 -0.0141603 0.4577063
v -0.1284995 -0.0141603 0.4577063
v -0.1077380 -0.0257423 0.4569292
v -0.1077380 -0.0257423 0.4569292
v -0.1256128 -0.0051561 0.1335577
v -0.1256128 -0.0051561 0.1335577
v -0.1344394 0.0080198 0.1305020
v -0.1344394 0.0080198 0.1305020
v -0.1430838 0.0302744 0.1264925
v -0.1430838 0.0302744 0.1264925
v -0.1051451 -0.0203010 0.1374024
v -0.1051451 -0.0203010 0.1374024
v -0.1536885 0.0622591 0.1255986
v -0.1536885 0.0622591 0.1255986
v -0.1536885 0.0622591 0.1255986
v -0.1536885 0.0622591 0.1255986
v -0.1199914 0.0059872 0.2072266
v -0.1259126 0.0146158 0.2065815
v -0.1342118 0.0334603 0.2059128
v -0.1041276 -0.0028806 0.2077273
v -0.1408077 0.0614051 0.2053788
v -0.1408077 0.0614051 0.2053788
v -0.1213793 0.0050096 0.1732397
v -0.1279286 0.0154625 0.1709832
v -0.1431927 0.0601408 0.1685301
v -0.1431927 0.0601408 0.1685301
v -0.1373654 0.0316102 0.1693680
v -0.1039627 -0.0057782 0.1755975
v -0.1419550 0.0333290 0.1158227
v -0.1419550 0.0333290 0.1158227
v -0.1466100 0.0614821 0.1157978
v -0.1466100 0.0614821 0.1157978
v -0.1466100 0.0614821 0.1157978
v -0.1248823 -0.0029900 0.1230391
v -0.1248823 -0.0029900 0.1230391
v -0.1329905 0.0089761 0.1201474
v -0.1329905 0.0089761 0.1201474
v -0.1052065 -0.0181691 0.1265865
v -0.1052065 -0.0181691 0.1265865
v -0.1459751 0.0177215 0.4588998
v -0.1459751 0.0177215 0.4588998
v -0.1286332 -0.0130778 0.4162732
v -0.1357682 -0.0029300 0.4168544
v -0.1573215 0.0623223 0.4199005
v -0.1573215 0.0623223 0.4199005
v -0.1064888 -0.0233943 0.4153177
v -0.1460568 0.0179864 0.4168907
v -0.1386627 0.0294811 0.2728097
v -0.1369900 0.0308980 0.2503682
v -0.1046461 -0.0066806 0.2493185
v -0.1049500 -0.0089081 0.2736983
v -0.1231863 0.0001823 0.2735209
v -0.1220130 0.0023142 0.2491737
v -0.1281037 0.0110793 0.2490184
v -0.1293609 0.0090503 0.2733664
v -0.1468854 0.0631786 0.2740432
v -0.1468854 0.0631786 0.2740432
v -0.1447277 0.0625490 0.2496657
v -0.1447277 0.0625490 0.2496657
v -0.1327823 0.0030771 0.3449679
v -0.1337274 0.0011757 0.3677217
v -0.1446878 0.0239913 0.3680254
v -0.1429669 0.0253254 0.3455840
v -0.1057649 -0.0157606 0.3440549
v -0.1059957 -0.0181944 0.3667749
v -0.1542472 0.0633155 0.3720756
v -0.1542472 0.0633155 0.3720756
v -0.1528039 0.0637818 0.3492120
v -0.1528039 0.0637818 0.3492120
v -0.1269812 -0.0084107 0.3672726
v -0.1262146 -0.0062449 0.3445344
v -0.1413439 0.0563735 0.3195575
v -0.1413439 0.0563735 0.3195575
v -0.1388904 0.0593194 0.1472839
v -0.1388904 0.0593194 0.1472839
v -0.1447410 0.0596476 0.1254862
v -0.1447410 0.0596476 0.1254862
v -0.1447410 0.0596476 0.1254862
v -0.1447410 0.0596476 0.1254862
v -0.1333024 0.0615470 0.2055133
v -0.1333024 0.0615470 0.2055133
v -0.1357450 0.0606785 0.1694831
v -0.1357450 0.0606785 0.1694831
v -0.1408520 0.0586516 0.1153729
v -0.1408520 0.0586516 0.1153729
v -0.1408520 0.0586516 0.1153729
v -0.1518413 0.0490471 0.4624840
v -0.1518413 0.0490471 0.4624840
v -0.1518413 0.0490471 0.4624840
v -0.1469631 0.0525617 0.4190204
v -0.1469631 0.0525617 0.4190204
v -0.1384401 0.0582893 0.2735864
v -0.1384401 0.0582893 0.2735864
v -0.1366257 0.0594239 0.2511421
v -0.1366257 0.0594239 0.2511421
v -0.1443653 0.0543659 0.3688152
v -0.1443653 0.0543659 0.3688152
v -0.1425456 0.0555031 0.3463717
v -0.1425456 0.0555031 0.3463717
v -0.0951467 -0.0273248 0.4568461
v -0.0951467 -0.0273248 0.4568461
v -0.0949973 -0.0118436 0.1584893
v -0.0950619 -0.0220696 0.1376911
v -0.0950619 -0.0220696 0.1376911
v -0.0949973 -0.0029595 0.2077398
v -0.0949973 -0.0058637 0.1755640
v -0.0950240 -0.0198088 0.1269843
v -0.0950240 -0.0198088 0.1269843
v -0.0949973 -0.0131519 0.3172566
v -0.0949973 -0.0237141 0.4157093
v -0.0949973 -0.0091045 0.2737674
v -0.0949973 -0.0068358 0.2493899
v -0.0949973 -0.0184894 0.3670091
v -0.0949973 -0.0160515 0.3442847
v -0.0603984 -0.0114105 0.1567192
v -0.0514835 0.0003107 0.1532375
v -0.0837272 -0.0238435 0.1596576
v -0.0401432 0.0152654 0.3197176
v -0.0592167 -0.0157482 0.3184329
v -0.0517166 -0.0067373 0.3187850
v -0.0826050 -0.0249717 0.3182427
v -0.0458587 -0.0160270 0.4561019
v -0.0458587 -0.0160270 0.4561019
v -0.0317553 0.0490585 0.1481777
v -0.0317553 0.0490585 0.1481777
v -0.0292320 0.0511602 0.3213255
v -0.0292320 0.0511602 0.3213255
v -0.0179654 0.0493287 0.4635127
v -0.0179654 0.0493287 0.4635127
v -0.0179654 0.0493287 0.4635127
v -0.0552216 -0.0260004 0.4551025
v -0.0552216 -0.0260004 0.4551025
v -0.0810892 -0.0380089 0.4541129
v -0.0810892 -0.0380089 0.4541129
v -0.0597973 -0.0181758 0.1351589
v -0.0597973 -0.0181758 0.1351589
v -0.0484245 -0.0042072 0.1315467
v -0.0484245 -0.0042072 0.1315467
v -0.0366979 0.0172180 0.1279767
v -0.0366979 0.0172180 0.1279767
v -0.0828624 -0.0323801 0.1383966
v -0.0828624 -0.0323801 0.1383966
v -0.0256897 0.0501634 0.1267149
v -0.0256897 0.0501634 0.1267149
v -0.0256897 0.0501634 0.1267149
v -0.0256897 0.0501634 0.1267149
v -0.0654821 -0.0061085 0.2083428
v -0.0584898 0.0025202 0.2076977
v -0.0486894 0.0213647 0.2070290
v -0.0842155 -0.0149763 0.2088435
v -0.0409004 0.0493094 0.2064950
v -0.0409004 0.0493094 0.2064950
v -0.0649109 -0.0062864 0.1744820
v -0.0555221 0.0041111 0.1720013
v -0.0380840 0.0480451 0.1696463
v -0.0380840 0.0480451 0.1696463
v -0.0454365 0.0205317 0.1707392
v -0.0454365 0.0205317 0.1707392
v -0.0454365 0.0205317 0.1707392
v -0.0454365 0.0205317 0.1707392
v -0.0840988 -0.0167844 0.1766678
v -0.0379201 0.0195936 0.1172084
v -0.0379201 0.0195936 0.1172084
v -0.0340486 0.0493865 0.1169140
v -0.0340486 0.0493865 0.1169140
v -0.0340486 0.0493865 0.1169140
v -0.0612844 -0.0166668 0.1246346
v -0.0612844 -0.0166668 0.1246346
v -0.0491150 -0.0016732 0.1209984
v -0.0491150 -0.0016732 0.1209984
v -0.0829151 -0.0300623 0.1277838
v -0.0829151 -0.0300623 0.1277838
v -0.0336146 0.0048930 0.4573124
v -0.0336146 0.0048930 0.4573124
v -0.0552771 -0.0251735 0.4173894
v -0.0468514 -0.0150257 0.4179705
v -0.0213995 0.0502266 0.4210168
v -0.0213995 0.0502266 0.4210168
v -0.0814272 -0.0354899 0.4164338
v -0.0344210 0.0096741 0.4185899
v -0.0836032 -0.0187763 0.2504346
v -0.0832443 -0.0210038 0.2748145
v -0.0617092 -0.0119133 0.2746371
v -0.0630948 -0.0097814 0.2502899
v -0.0559023 -0.0010163 0.2501346
v -0.0544178 -0.0030454 0.2744826
v -0.0337233 0.0510830 0.2751594
v -0.0337233 0.0510830 0.2751594
v -0.0362714 0.0504533 0.2507819
v -0.0362714 0.0504533 0.2507819
v -0.0503775 -0.0090185 0.3460841
v -0.0492614 -0.0109199 0.3688379
v -0.0822820 -0.0278562 0.3451710
v -0.0820094 -0.0302900 0.3678910
v -0.0250298 0.0512199 0.3731918
v -0.0250298 0.0512199 0.3731918
v -0.0267343 0.0516862 0.3503282
v -0.0267343 0.0516862 0.3503282
v -0.0572279 -0.0205063 0.3683887
v -0.0581331 -0.0183406 0.3456506
v -0.0336784 0.0365328 0.3206702
v -0.0345154 0.0404437 0.1479641
v -0.0345154 0.0404437 0.1479641
v -0.0345154 0.0404437 0.1479641
v -0.0345154 0.0404437 0.1479641
v -0.0345154 0.0404437 0.1479641
v -0.0293124 0.0375451 0.1266602
v -0.0293124 0.0375451 0.1266602
v -0.0428823 0.0421989 0.2066308
v -0.0388794 0.0413440 0.1702419
v -0.0388794 0.0413440 0.1702419
v -0.0388794 0.0413440 0.1702419
v -0.0388794 0.0413440 0.1702419
v -0.0388794 0.0413440 0.1702419
v -0.0347422 0.0379967 0.1164775
v -0.0347422 0.0379967 0.1164775
v -0.0232289 0.0320689 0.4608146
v -0.0232289 0.0320689 0.4608146
v -0.0264636 0.0336973 0.4201428
v -0.0656982 0.0006851 0.1556031
v -0.0581489 0.0124063 0.1521212
v -0.0492085 0.0307994 0.1471744
v -0.0854536 -0.0117478 0.1585414
v -0.0485456 0.0273611 0.3186015
v -0.0646975 -0.0036525 0.3173168
v -0.0583463 0.0053584 0.3176688
v -0.0845032 -0.0128760 0.3171266
v -0.0544124 -0.0055019 0.4581118
v -0.0544124 -0.0055019 0.4581118
v -0.0422703 0.0600917 0.1469754
v -0.0422703 0.0600917 0.1469754
v -0.0393058 0.0632559 0.3202093
v -0.0393058 0.0632559 0.3202093
v -0.0297650 0.0614243 0.4658031
v -0.0297650 0.0614243 0.4658031
v -0.0297650 0.0614243 0.4658031
v -0.0615392 -0.0143553 0.4577963
v -0.0615392 -0.0143553 0.4577963
v -0.0834155 -0.0260169 0.4568988
v -0.0834155 -0.0260169 0.4568988
v -0.0646678 -0.0055297 0.1337671
v -0.0646678 -0.0055297 0.1337671
v -0.0554264 0.0083003 0.1302809
v -0.0554264 0.0083003 0.1302809
v -0.0468474 0.0307053 0.1262618
v -0.0468474 0.0307053 0.1262618
v -0.0844485 -0.0201959 0.1373016
v -0.0844485 -0.0201959 0.1373016
v -0.0363061 0.0622591 0.1255986
v -0.0363061 0.0622591 0.1255986
v -0.0363061 0.0622591 0.1255986
v -0.0363061 0.0622591 0.1255986
v -0.0700032 0.0059872 0.2072266
v -0.0640820 0.0146158 0.2065815
v -0.0557828 0.0334603 0.2059128
v -0.0858670 -0.0028806 0.2077273
v -0.0491869 0.0614051 0.2053788
v -0.0491869 0.0614051 0.2053788
v -0.0686152 0.0050096 0.1732397
v -0.0620659 0.0154625 0.1709832
v -0.0468018 0.0601408 0.1685301
v -0.0468018 0.0601408 0.1685301
v -0.0526292 0.0316102 0.1693680
v -0.0860319 -0.0057782 0.1755975
v -0.0488351 0.0280600 0.1164230
v -0.0488351 0.0280600 0.1164230
v -0.0433846 0.0614821 0.1157978
v -0.0433846 0.0614821 0.1157978
v -0.0433846 0.0614821 0.1157978
v -0.0691869 -0.0076350 0.1241486
v -0.0691869 -0.0076350 0.1241486
v -0.0563521 0.0099829 0.1199074
v -0.0563521 0.0099829 0.1199074
v -0.0847950 -0.0181433 0.1265843
v -0.0847950 -0.0181433 0.1265843
v -0.0444190 0.0161480 0.4591431
v -0.0444190 0.0161480 0.4591431
v -0.0613614 -0.0130778 0.4162732
v -0.0542263 -0.0029300 0.4168544
v -0.0326731 0.0623223 0.4199005
v -0.0326731 0.0623223 0.4199005
v -0.0835058 -0.0233943 0.4153177
v -0.0439378 0.0179864 0.4168907
v -0.0513319 0.0294811 0.2728097
v -0.0530046 0.0308980 0.2503682
v -0.0853485 -0.0066806 0.2493185
v -0.0850446 -0.0089081 0.2736983
v -0.0668082 0.0001823 0.2735209
v -0.0679816 0.0023142 0.2491737
v -0.0618908 0.0110793 0.2490184
v -0.0606337 0.0090503 0.2733664
v -0.0431092 0.0631786 0.2740432
v -0.0431092 0.0631786 0.2740432
v -0.0452669 0.0625490 0.2496657
v -0.0452669 0.0625490 0.2496657
v -0.0572123 0.0030771 0.3449679
v -0.0562672 0.0011757 0.3677217
v -0.0453068 0.0239913 0.3680254
v -0.0470276 0.0253254 0.3455840
v -0.0842297 -0.0157606 0.3440549
v -0.0839989 -0.0181944 0.3667749
v -0.0357473 0.0633155 0.3720756
v -0.0357473 0.0633155 0.3720756
v -0.0371907 0.0637818 0.3492120
v -0.0371907 0.0637818 0.3492120
v -0.0630133 -0.0084107 0.3672726
v -0.0637799 -0.0062449 0.3445344
v -0.0486507 0.0563735 0.3195575
v -0.0486507 0.0563735 0.3195575
v -0.0511042 0.0593194 0.1472839
v -0.0511042 0.0593194 0.1472839
v -0.0429394 0.0573018 0.1259956
v -0.0429394 0.0573018 0.1259956
v -0.0429394 0.0573018 0.1259956
v -0.0429394 0.0573018 0.1259956
v -0.0566922 0.0615470 0.2055133
v -0.0566922 0.0615470 0.2055133
v -0.0542496 0.0606785 0.1694831
v -0.0542496 0.0606785 0.1694831
v -0.0491426 0.0586516 0.1153729
v -0.0491426 0.0586516 0.1153729
v -0.0491426 0.0586516 0.1153729
v -0.0379402 0.0496784 0.4624824
v -0.0379402 0.0496784 0.4624824
v -0.0379402 0.0496784 0.4624824
v -0.0430314 0.0525617 0.4190204
v -0.0430314 0.0525617 0.4190204
v -0.0515545 0.0582893 0.2735864
v -0.0515545 0.0582893 0.2735864
v -0.0533689 0.0594239 0.2511421
v -0.0533689 0.0594239 0.2511421
v -0.0456293 0.0543659 0.3688152
v -0.0456293 0.0543659 0.3688152
v -0.0474489 0.0555031 0.3463717
v -0.0474489 0.0555031 0.3463717
v -0.1643435 0.0337992 0.3708761
v -0.1643435 0.0337992 0.3708761
v -0.1643435 0.0337992 0.3708761
v -0.1499803 0.0090922 0.3419895
v -0.1499803 0.0090922 0.3419895
v -0.1499803 0.0090922 0.3419895
v -0.1556414 0.0108125 0.3447957
v -0.1556414 0.0108125 0.3447957
v -0.1556414 0.0108125 0.3447957
v -0.1597333 0.0362050 0.3679250
v -0.1597333 0.0362050 0.3679250
v -0.1597333 0.0362050 0.3679250
v -0.1597333 0.0362050 0.3679250
v -0.1597333 0.0362050 0.3679250
v -0.1589914 0.0315445 0.3722895
v -0.1589914 0.0315445 0.3722895
v -0.1589914 0.0315445 0.3722895
v -0.1589914 0.0315445 0.3722895
v -0.1589914 0.0315445 0.3722895
v -0.1511248 0.0107652 0.3487135
v -0.1511248 0.0107652 0.3487135
v -0.1511248 0.0107652 0.3487135
v -0.1511248 0.0107652 0.3487135
v -0.1511248 0.0107652 0.3487135
v -0.1518667 0.0154255 0.3443489
v -0.1518667 0.0154255 0.3443489
v -0.1518667 0.0154255 0.3443489
v -0.1518667 0.0154255 0.3443489
v -0.1622479 0.0269202 0.3678723
v -0.1622479 0.0269202 0.3678723
v -0.1622479 0.0269202 0.3678723
v -0.1622479 0.0269202 0.3678723
v -0.1622479 0.0269202 0.3678723
v -0.1629861 0.0315565 0.3635305
v -0.1629861 0.0315565 0.3635305
v -0.1629861 0.0315565 0.3635305
v -0.1629861 0.0315565 0.3635305
v -0.1629861 0.0315565 0.3635305
v -0.1577370 0.0176915 0.3477995
v -0.1577370 0.0176915 0.3477995
v -0.1577370 0.0176915 0.3477995
v -0.1577370 0.0176915 0.3477995
v -0.1577370 0.0176915 0.3477995
v -0.1569989 0.0130550 0.3521414
v -0.1569989 0.0130550 0.3521414
v -0.1569989 0.0130550 0.3521414
v -0.1569989 0.0130550 0.3521414
v -0.1569989 0.0130550 0.3521414
v -0.1608779 0.0378780 0.3746491
v -0.1608779 0.0378780 0.3746491
v -0.1608779 0.0378780 0.3746491
v -0.1566395 0.0134490 0.3477872
v -0.1566395 0.0134490 0.3477872
v -0.1566395 0.0134490 0.3477872
v -0.1508607 0.0114179 0.3446282
v -0.1508607 0.0114179 0.3446282
v -0.1508607 0.0114179 0.3446282
v -0.1633454 0.0311627 0.3678847
v -0.1633454 0.0311627 0.3678847
v -0.1633454 0.0311627 0.3678847
v -0.1597820 0.0349831 0.3713648
v -0.1597820 0.0349831 0.3713648
v -0.1597820 0.0349831 0.3713648
v -0.1573593 0.0350285 0.3474781
v -0.1573593 0.0350285 0.3474781
v -0.1573593 0.0350285 0.3474781
v -0.1573593 0.0350285 0.3474781
v -0.1573593 0.0350285 0.3474781
v -0.1579240 0.0093144 0.3700024
v -0.1579240 0.0093144 0.3700024
v -0.1579240 0.0093144 0.3700024
v -0.1580193 0.0397537 0.3430837
v -0.1580193 0.0397537 0.3430837
v -0.1580193 0.0397537 0.3430837
v -0.1620608 0.0352972 0.3456694
v -0.1620608 0.0352972 0.3456694
v -0.1620608 0.0352972 0.3456694
v -0.1543397 0.0138026 0.3716564
v -0.1543397 0.0138026 0.3716564
v -0.1543397 0.0138026 0.3716564
v -0.1543397 0.0138026 0.3716564
v -0.1543397 0.0138026 0.3716564
v -0.1527788 0.0096796 0.3669783
v -0.1527788 0.0096796 0.3669783
v -0.1527788 0.0096796 0.3669783
v -0.1527788 0.0096796 0.3669783
v -0.1527788 0.0096796 0.3669783
v -0.1565183 0.0331673 0.3449821
v -0.1565183 0.0331673 0.3449821
v -0.1565183 0.0331673 0.3449821
v -0.1565183 0.0331673 0.3449821
v -0.1565183 0.0331673 0.3449821
v -0.1580793 0.0372904 0.3496602
v -0.1580793 0.0372904 0.3496602
v -0.1580793 0.0372904 0.3496602
v -0.1580793 0.0372904 0.3496602
v -0.1580793 0.0372904 0.3496602
v -0.1579684 0.0124189 0.3628476
v -0.1579684 0.0124189 0.3628476
v -0.1579684 0.0124189 0.3628476
v -0.1579684 0.0124189 0.3628476
v -0.1579684 0.0124189 0.3628476
v -0.1595213 0.0165207 0.3675013
v -0.1595213 0.0165207 0.3675013
v -0.1595213 0.0165207 0.3675013
v -0.1595213 0.0165207 0.3675013
v -0.1595213 0.0165207 0.3675013
v -0.1620165 0.0321927 0.3528243
v -0.1620165 0.0321927 0.3528243
v -0.1620165 0.0321927 0.3528243
v -0.1620165 0.0321927 0.3528243
v -0.1620165 0.0321927 0.3528243
v -0.1604637 0.0280911 0.3481706
v -0.1604637 0.0280911 0.3481706
v -0.1604637 0.0280911 0.3481706
v -0.1604637 0.0280911 0.3481706
v -0.1604637 0.0280911 0.3481706
v -0.1528389 0.0072163 0.3735549
v -0.1528389 0.0072163 0.3735549
v -0.1528389 0.0072163 0.3735549
v -0.1615863 0.0323169 0.3484605
v -0.1615863 0.0323169 0.3484605
v -0.1615863 0.0323169 0.3484605
v -0.1574871 0.0364116 0.3462135
v -0.1574871 0.0364116 0.3462135
v -0.1574871 0.0364116 0.3462135
v -0.1583986 0.0122949 0.3672113
v -0.1583986 0.0122949 0.3672113
v -0.1583986 0.0122949 0.3672113
v -0.1533405 0.0103673 0.3706040
v -0.1533405 0.0103673 0.3706040
v -0.1533405 0.0103673 0.3706040
v -0.1684773 0.0201134 0.3569373
v -0.1684773 0.0201134 0.3569373
v -0.1684773 0.0201134 0.3569373
v -0.1684773 0.0201134 0.3569373
v -0.1684773 0.0201134 0.3569373
v -0.1684773 0.0201134 0.3569373
v -0.1684773 0.0201134 0.3569373
v -0.1684773 0.0201134 0.3569373
v -0.1684773 0.0201134 0.3569373
v -0.1684773 0.0201134 0.3569373
v -0.1684773 0.0201134 0.3569373
v -0.1684773 0.0201134 0.3569373
v -0.1581246 0.0388294 0.2756604
v -0.1581246 0.0388294 0.2756604
v -0.1581246 0.0388294 0.2756604
v -0.1427526 0.0147371 0.2467738
v -0.1427526 0.0147371 0.2467738
v -0.1427526 0.0147371 0.2467738
v -0.1484800 0.0162220 0.2495800
v -0.1484800 0.0162220 0.2495800
v -0.1484800 0.0162220 0.2495800
v -0.1536177 0.0414238 0.2727093
v -0.1536177 0.0414238 0.2727093
v -0.1536177 0.0414238 0.2727093
v -0.1536177 0.0414238 0.2727093
v -0.1536177 0.0414238 0.2727093
v -0.1526838 0.0367978 0.2770738
v -0.1526838 0.0367978 0.2770738
v -0.1526838 0.0367978 0.2770738
v -0.1526838 0.0367978 0.2770738
v -0.1526838 0.0367978 0.2770738
v -0.1439652 0.0163614 0.2534978
v -0.1439652 0.0163614 0.2534978
v -0.1439652 0.0163614 0.2534978
v -0.1439652 0.0163614 0.2534978
v -0.1439652 0.0163614 0.2534978
v -0.1448992 0.0209871 0.2491333
v -0.1448992 0.0209871 0.2491333
v -0.1448992 0.0209871 0.2491333
v -0.1448992 0.0209871 0.2491333
v -0.1557465 0.0320429 0.2726566
v -0.1557465 0.0320429 0.2726566
v -0.1557465 0.0320429 0.2726566
v -0.1557465 0.0320429 0.2726566
v -0.1557465 0.0320429 0.2726566
v -0.1566756 0.0366448 0.2683147
v -0.1566756 0.0366448 0.2683147
v -0.1566756 0.0366448 0.2683147
v -0.1566756 0.0366448 0.2683147
v -0.1566756 0.0366448 0.2683147
v -0.1508581 0.0230085 0.2525837
v -0.1508581 0.0230085 0.2525837
v -0.1508581 0.0230085 0.2525837
v -0.1508581 0.0230085 0.2525837
v -0.1508581 0.0230085 0.2525837
v -0.1499289 0.0184065 0.2569257
v -0.1499289 0.0184065 0.2569257
v -0.1499289 0.0184065 0.2569257
v -0.1499289 0.0184065 0.2569257
v -0.1499289 0.0184065 0.2569257
v -0.1531725 0.0389297 0.2747039
v -0.1531725 0.0389297 0.2747039
v -0.1531725 0.0389297 0.2747039
v -0.1531725 0.0389297 0.2747039
v -0.1531725 0.0389297 0.2747039
v -0.1548305 0.0430479 0.2794334
v -0.1548305 0.0430479 0.2794334
v -0.1548305 0.0430479 0.2794334
v -0.1495862 0.0188150 0.2525715
v -0.1495862 0.0188150 0.2525715
v -0.1495862 0.0188150 0.2525715
v -0.1437284 0.0170244 0.2494125
v -0.1437284 0.0170244 0.2494125
v -0.1437284 0.0170244 0.2494125
v -0.1570184 0.0362364 0.2726690
v -0.1570184 0.0362364 0.2726690
v -0.1570184 0.0362364 0.2726690
v -0.1536159 0.0402008 0.2761491
v -0.1536159 0.0402008 0.2761491
v -0.1536159 0.0402008 0.2761491
v -0.1511971 0.0403463 0.2522624
v -0.1511971 0.0403463 0.2522624
v -0.1511971 0.0403463 0.2522624
v -0.1511971 0.0403463 0.2522624
v -0.1511971 0.0403463 0.2522624
v -0.1506987 0.0146308 0.2747867
v -0.1506987 0.0146308 0.2747867
v -0.1506987 0.0146308 0.2747867
v -0.1520518 0.0450402 0.2478680
v -0.1520518 0.0450402 0.2478680
v -0.1520518 0.0450402 0.2478680
v -0.1559057 0.0404205 0.2504537
v -0.1559057 0.0404205 0.2504537
v -0.1559057 0.0404205 0.2504537
v -0.1473029 0.0192634 0.2764407
v -0.1473029 0.0192634 0.2764407
v -0.1473029 0.0192634 0.2764407
v -0.1473029 0.0192634 0.2764407
v -0.1473029 0.0192634 0.2764407
v -0.1455730 0.0152084 0.2717626
v -0.1455730 0.0152084 0.2717626
v -0.1455730 0.0152084 0.2717626
v -0.1455730 0.0152084 0.2717626
v -0.1455730 0.0152084 0.2717626
v -0.1502800 0.0385215 0.2497664
v -0.1502800 0.0385215 0.2497664
v -0.1502800 0.0385215 0.2497664
v -0.1502800 0.0385215 0.2497664
v -0.1502800 0.0385215 0.2497664
v -0.1520100 0.0425766 0.2544445
v -0.1520100 0.0425766 0.2544445
v -0.1520100 0.0425766 0.2544445
v -0.1520100 0.0425766 0.2544445
v -0.1520100 0.0425766 0.2544445
v -0.1508714 0.0177309 0.2676319
v -0.1508714 0.0177309 0.2676319
v -0.1508714 0.0177309 0.2676319
v -0.1508714 0.0177309 0.2676319
v -0.1508714 0.0177309 0.2676319
v -0.1525925 0.0217649 0.2722856
v -0.1525925 0.0217649 0.2722856
v -0.1525925 0.0217649 0.2722856
v -0.1525925 0.0217649 0.2722856
v -0.1525925 0.0217649 0.2722856
v -0.1557332 0.0373205 0.2576086
v -0.1557332 0.0373205 0.2576086
v -0.1557332 0.0373205 0.2576086
v -0.1557332 0.0373205 0.2576086
v -0.1557332 0.0373205 0.2576086
v -0.1540122 0.0332865 0.2529549
v -0.1540122 0.0332865 0.2529549
v -0.1540122 0.0332865 0.2529549
v -0.1540122 0.0332865 0.2529549
v -0.1540122 0.0332865 0.2529549
v -0.1465611 0.0173854 0.2739259
v -0.1465611 0.0173854 0.2739259
v -0.1465611 0.0173854 0.2739259
v -0.1465611 0.0173854 0.2739259
v -0.1465611 0.0173854 0.2739259
v -0.1455312 0.0127447 0.2783391
v -0.1455312 0.0127447 0.2783391
v -0.1455312 0.0127447 0.2783391
v -0.1553084 0.0374623 0.2532448
v -0.1553084 0.0374623 0.2532448
v -0.1553084 0.0374623 0.2532448
v -0.1513820 0.0417230 0.2509978
v -0.1513820 0.0417230 0.2509978
v -0.1513820 0.0417230 0.2509978
v -0.1512961 0.0175891 0.2719956
v -0.1512961 0.0175891 0.2719956
v -0.1512961 0.0175891 0.2719956
v -0.1461627 0.0158722 0.2753883
v -0.1461627 0.0158722 0.2753883
v -0.1461627 0.0158722 0.2753883
v -0.1616893 0.0249845 0.2617216
v -0.1616893 0.0249845 0.2617216
v -0.1616893 0.0249845 0.2617216
v -0.1616893 0.0249845 0.2617216
v -0.1616893 0.0249845 0.2617216
v -0.1616893 0.0249845 0.2617216
v -0.1616893 0.0249845 0.2617216
v -0.1616893 0.0249845 0.2617216
v -0.1616893 0.0249845 0.2617216
v -0.1616893 0.0249845 0.2617216
v -0.1616893 0.0249845 0.2617216
v -0.1616893 0.0249845 0.2617216
v -0.1546037 0.0418623 0.1728243
v -0.1546037 0.0418623 0.1728243
v -0.1546037 0.0418623 0.1728243
v -0.1487726 0.0140922 0.1437383
v -0.1487726 0.0140922 0.1437383
v -0.1487726 0.0140922 0.1437383
v -0.1534561 0.0162703 0.1477636
v -0.1534561 0.0162703 0.1477636
v -0.1534561 0.0162703 0.1477636
v -0.1509267 0.0438154 0.1685328
v -0.1509267 0.0438154 0.1685328
v -0.1509267 0.0438154 0.1685328
v -0.1509267 0.0438154 0.1685328
v -0.1509267 0.0438154 0.1685328
v -0.1490934 0.0395518 0.1729804
v -0.1490934 0.0395518 0.1729804
v -0.1490934 0.0395518 0.1729804
v -0.1490934 0.0395518 0.1729804
v -0.1490934 0.0395518 0.1729804
v -0.1480558 0.0164174 0.1503263
v -0.1480558 0.0164174 0.1503263
v -0.1480558 0.0164174 0.1503263
v -0.1480558 0.0164174 0.1503263
v -0.1480558 0.0164174 0.1503263
v -0.1498893 0.0206808 0.1458787
v -0.1498893 0.0206808 0.1458787
v -0.1498893 0.0206808 0.1458787
v -0.1498893 0.0206808 0.1458787
v -0.1534641 0.0346638 0.1700642
v -0.1534641 0.0346638 0.1700642
v -0.1534641 0.0346638 0.1700642
v -0.1534641 0.0346638 0.1700642
v -0.1534641 0.0346638 0.1700642
v -0.1552881 0.0389052 0.1656397
v -0.1552881 0.0389052 0.1656397
v -0.1552881 0.0389052 0.1656397
v -0.1552881 0.0389052 0.1656397
v -0.1552881 0.0389052 0.1656397
v -0.1545957 0.0234688 0.1505238
v -0.1545957 0.0234688 0.1505238
v -0.1545957 0.0234688 0.1505238
v -0.1545957 0.0234688 0.1505238
v -0.1545957 0.0234688 0.1505238
v -0.1527718 0.0192272 0.1549483
v -0.1527718 0.0192272 0.1549483
v -0.1527718 0.0192272 0.1549483
v -0.1527718 0.0192272 0.1549483
v -0.1527718 0.0192272 0.1549483
v -0.1502100 0.0461405 0.1751209
v -0.1502100 0.0461405 0.1751209
v -0.1502100 0.0461405 0.1751209
v -0.1535877 0.0192057 0.1506382
v -0.1535877 0.0192057 0.1506382
v -0.1535877 0.0192057 0.1506382
v -0.1488888 0.0166815 0.1462738
v -0.1488888 0.0166815 0.1462738
v -0.1488888 0.0166815 0.1462738
v -0.1544721 0.0389269 0.1699498
v -0.1544721 0.0389269 0.1699498
v -0.1544721 0.0389269 0.1699498
v -0.1500654 0.0429175 0.1719651
v -0.1500654 0.0429175 0.1719651
v -0.1500654 0.0429175 0.1719651
v -0.1489190 0.0171814 0.1726920
v -0.1489190 0.0171814 0.1726920
v -0.1489190 0.0171814 0.1726920
v -0.1558914 0.0449993 0.1439042
v -0.1558914 0.0449993 0.1439042
v -0.1558914 0.0449993 0.1439042
v -0.1591407 0.0409511 0.1478961
v -0.1591407 0.0409511 0.1478961
v -0.1591407 0.0409511 0.1478961
v -0.1449741 0.0216679 0.1728845
v -0.1449741 0.0216679 0.1728845
v -0.1449741 0.0216679 0.1728845
v -0.1449741 0.0216679 0.1728845
v -0.1449741 0.0216679 0.1728845
v -0.1447683 0.0170775 0.1683893
v -0.1447683 0.0170775 0.1683893
v -0.1447683 0.0170775 0.1683893
v -0.1447683 0.0170775 0.1683893
v -0.1447683 0.0170775 0.1683893
v -0.1540084 0.0385646 0.1459747
v -0.1540084 0.0385646 0.1459747
v -0.1540084 0.0385646 0.1459747
v -0.1540084 0.0385646 0.1459747
v -0.1540084 0.0385646 0.1459747
v -0.1542143 0.0431551 0.1504698
v -0.1542143 0.0431551 0.1504698
v -0.1542143 0.0431551 0.1504698
v -0.1542143 0.0431551 0.1504698
v -0.1542143 0.0431551 0.1504698
v -0.1508448 0.0196144 0.1655362
v -0.1508448 0.0196144 0.1655362
v -0.1508448 0.0196144 0.1655362
v -0.1508448 0.0196144 0.1655362
v -0.1508448 0.0196144 0.1655362
v -0.1510496 0.0241810 0.1700080
v -0.1510496 0.0241810 0.1700080
v -0.1510496 0.0241810 0.1700080
v -0.1510496 0.0241810 0.1700080
v -0.1510496 0.0241810 0.1700080
v -0.1572150 0.0385182 0.1550518
v -0.1572150 0.0385182 0.1550518
v -0.1572150 0.0385182 0.1550518
v -0.1572150 0.0385182 0.1550518
v -0.1572150 0.0385182 0.1550518
v -0.1570103 0.0339517 0.1505801
v -0.1570103 0.0339517 0.1505801
v -0.1570103 0.0339517 0.1505801
v -0.1570103 0.0339517 0.1505801
v -0.1570103 0.0339517 0.1505801
v -0.1430911 0.0152333 0.1749550
v -0.1430911 0.0152333 0.1749550
v -0.1430911 0.0152333 0.1749550
v -0.1579682 0.0382246 0.1507402
v -0.1579682 0.0382246 0.1507402
v -0.1579682 0.0382246 0.1507402
v -0.1545766 0.0419419 0.1470935
v -0.1545766 0.0419419 0.1470935
v -0.1545766 0.0419419 0.1470935
v -0.1500916 0.0199080 0.1698477
v -0.1500916 0.0199080 0.1698477
v -0.1500916 0.0199080 0.1698477
v -0.1443308 0.0181159 0.1719480
v -0.1443308 0.0181159 0.1719480
v -0.1443308 0.0181159 0.1719480
v -0.1624687 0.0271141 0.1619013
v -0.1624687 0.0271141 0.1619013
v -0.1624687 0.0271141 0.1619013
v -0.1624687 0.0271141 0.1619013
v -0.1624687 0.0271141 0.1619013
v -0.1624687 0.0271141 0.1619013
v -0.1624687 0.0271141 0.1619013
v -0.1624687 0.0271141 0.1619013
v -0.1624687 0.0271141 0.1619013
v -0.1624687 0.0271141 0.1619013
v -0.1624687 0.0271141 0.1619013
v -0.1624687 0.0271141 0.1619013
v -0.0255783 0.0337992 0.3708761
v -0.0255783 0.0337992 0.3708761
v -0.0255783 0.0337992 0.3708761
v -0.0399415 0.0090922 0.3419895
v -0.0399415 0.0090922 0.3419895
v -0.0399415 0.0090922 0.3419895
v -0.0342804 0.0108125 0.3447957
v -0.0342804 0.0108125 0.3447957
v -0.0342804 0.0108125 0.3447957
v -0.0301885 0.0362050 0.3679250
v -0.0301885 0.0362050 0.3679250
v -0.0301885 0.0362050 0.3679250
v -0.0301885 0.0362050 0.3679250
v -0.0301885 0.0362050 0.3679250
v -0.0309304 0.0315445 0.3722895
v -0.0309304 0.0315445 0.3722895
v -0.0309304 0.0315445 0.3722895
v -0.0309304 0.0315445 0.3722895
v -0.0309304 0.0315445 0.3722895
v -0.0387970 0.0107652 0.3487135
v -0.0387970 0.0107652 0.3487135
v -0.0387970 0.0107652 0.3487135
v -0.0387970 0.0107652 0.3487135
v -0.0387970 0.0107652 0.3487135
v -0.0380550 0.0154255 0.3443489
v -0.0380550 0.0154255 0.3443489
v -0.0380550 0.0154255 0.3443489
v -0.0380550 0.0154255 0.3443489
v -0.0276739 0.0269202 0.3678723
v -0.0276739 0.0269202 0.3678723
v -0.0276739 0.0269202 0.3678723
v -0.0276739 0.0269202 0.3678723
v -0.0276739 0.0269202 0.3678723
v -0.0269357 0.0315565 0.3635305
v -0.0269357 0.0315565 0.3635305
v -0.0269357 0.0315565 0.3635305
v -0.0269357 0.0315565 0.3635305
v -0.0269357 0.0315565 0.3635305
v -0.0321848 0.0176915 0.3477995
v -0.0321848 0.0176915 0.3477995
v -0.0321848 0.0176915 0.3477995
v -0.0321848 0.0176915 0.3477995
v -0.0321848 0.0176915 0.3477995
v -0.0329229 0.0130550 0.3521414
v -0.0329229 0.0130550 0.3521414
v -0.0329229 0.0130550 0.3521414
v -0.0329229 0.0130550 0.3521414
v -0.0329229 0.0130550 0.3521414
v -0.0305303 0.0336947 0.3699197
v -0.0305303 0.0336947 0.3699197
v -0.0305303 0.0336947 0.3699197
v -0.0305303 0.0336947 0.3699197
v -0.0305303 0.0336947 0.3699197
v -0.0382778 0.0132297 0.3467001
v -0.0382778 0.0132297 0.3467001
v -0.0382778 0.0132297 0.3467001
v -0.0382778 0.0132297 0.3467001
v -0.0290439 0.0378780 0.3746491
v -0.0290439 0.0378780 0.3746491
v -0.0290439 0.0378780 0.3746491
v -0.0332823 0.0134490 0.3477872
v -0.0332823 0.0134490 0.3477872
v -0.0332823 0.0134490 0.3477872
v -0.0390611 0.0114179 0.3446282
v -0.0390611 0.0114179 0.3446282
v -0.0390611 0.0114179 0.3446282
v -0.0265764 0.0311627 0.3678847
v -0.0265764 0.0311627 0.3678847
v -0.0265764 0.0311627 0.3678847
v -0.0301398 0.0349831 0.3713648
v -0.0301398 0.0349831 0.3713648
v -0.0301398 0.0349831 0.3713648
v -0.0325625 0.0350285 0.3474781
v -0.0325625 0.0350285 0.3474781
v -0.0325625 0.0350285 0.3474781
v -0.0325625 0.0350285 0.3474781
v -0.0325625 0.0350285 0.3474781
v -0.0319978 0.0093144 0.3700024
v -0.0319978 0.0093144 0.3700024
v -0.0319978 0.0093144 0.3700024
v -0.0319025 0.0397537 0.3430837
v -0.0319025 0.0397537 0.3430837
v -0.0319025 0.0397537 0.3430837
v -0.0278610 0.0352972 0.3456694
v -0.0278610 0.0352972 0.3456694
v -0.0278610 0.0352972 0.3456694
v -0.0355821 0.0138026 0.3716564
v -0.0355821 0.0138026 0.3716564
v -0.0355821 0.0138026 0.3716564
v -0.0355821 0.0138026 0.3716564
v -0.0355821 0.0138026 0.3716564
v -0.0371430 0.0096796 0.3669783
v -0.0371430 0.0096796 0.3669783
v -0.0371430 0.0096796 0.3669783
v -0.0371430 0.0096796 0.3669783
v -0.0371430 0.0096796 0.3669783
v -0.0334035 0.0331673 0.3449821
v -0.0334035 0.0331673 0.3449821
v -0.0334035 0.0331673 0.3449821
v -0.0334035 0.0331673 0.3449821
v -0.0334035 0.0331673 0.3449821
v -0.0318425 0.0372904 0.3496602
v -0.0318425 0.0372904 0.3496602
v -0.0318425 0.0372904 0.3496602
v -0.0318425 0.0372904 0.3496602
v -0.0318425 0.0372904 0.3496602
v -0.0319533 0.0124189 0.3628476
v -0.0319533 0.0124189 0.3628476
v -0.0319533 0.0124189 0.3628476
v -0.0319533 0.0124189 0.3628476
v -0.0319533 0.0124189 0.3628476
v -0.0304005 0.0165207 0.3675013
v -0.0304005 0.0165207 0.3675013
v -0.0304005 0.0165207 0.3675013
v -0.0304005 0.0165207 0.3675013
v -0.0304005 0.0165207 0.3675013
v -0.0279053 0.0321927 0.3528243
v -0.0279053 0.0321927 0.3528243
v -0.0279053 0.0321927 0.3528243
v -0.0279053 0.0321927 0.3528243
v -0.0279053 0.0321927 0.3528243
v -0.0294581 0.0280911 0.3481706
v -0.0294581 0.0280911 0.3481706
v -0.0294581 0.0280911 0.3481706
v -0.0294581 0.0280911 0.3481706
v -0.0294581 0.0280911 0.3481706
v -0.0362457 0.0118956 0.3691416
v -0.0362457 0.0118956 0.3691416
v -0.0362457 0.0118956 0.3691416
v -0.0362457 0.0118956 0.3691416
v -0.0362457 0.0118956 0.3691416
v -0.0370829 0.0072163 0.3735549
v -0.0370829 0.0072163 0.3735549
v -0.0370829 0.0072163 0.3735549
v -0.0283355 0.0323169 0.3484605
v -0.0283355 0.0323169 0.3484605
v -0.0283355 0.0323169 0.3484605
v -0.0324347 0.0364116 0.3462135
v -0.0324347 0.0364116 0.3462135
v -0.0324347 0.0364116 0.3462135
v -0.0315232 0.0122949 0.3672113
v -0.0315232 0.0122949 0.3672113
v -0.0315232 0.0122949 0.3672113
v -0.0365812 0.0103673 0.3706040
v -0.0365812 0.0103673 0.3706040
v -0.0365812 0.0103673 0.3706040
v -0.0214445 0.0201134 0.3569373
v -0.0214445 0.0201134 0.3569373
v -0.0214445 0.0201134 0.3569373
v -0.0214445 0.0201134 0.3569373
v -0.0214445 0.0201134 0.3569373
v -0.0214445 0.0201134 0.3569373
v -0.0214445 0.0201134 0.3569373
v -0.0214445 0.0201134 0.3569373
v -0.0214445 0.0201134 0.3569373
v -0.0214445 0.0201134 0.3569373
v -0.0214445 0.0201134 0.3569373
v -0.0214445 0.0201134 0.3569373
v -0.0317972 0.0388294 0.2756604
v -0.0317972 0.0388294 0.2756604
v -0.0317972 0.0388294 0.2756604
v -0.0471692 0.0147371 0.2467738
v -0.0471692 0.0147371 0.2467738
v -0.0471692 0.0147371 0.2467738
v -0.0414418 0.0162220 0.2495800
v -0.0414418 0.0162220 0.2495800
v -0.0414418 0.0162220 0.2495800
v -0.0363041 0.0414238 0.2727093
v -0.0363041 0.0414238 0.2727093
v -0.0363041 0.0414238 0.2727093
v -0.0363041 0.0414238 0.2727093
v -0.0363041 0.0414238 0.2727093
v -0.0372380 0.0367978 0.2770738
v -0.0372380 0.0367978 0.2770738
v -0.0372380 0.0367978 0.2770738
v -0.0372380 0.0367978 0.2770738
v -0.0372380 0.0367978 0.2770738
v -0.0459566 0.0163614 0.2534978
v -0.0459566 0.0163614 0.2534978
v -0.0459566 0.0163614 0.2534978
v -0.0459566 0.0163614 0.2534978
v -0.0459566 0.0163614 0.2534978
v -0.0450226 0.0209871 0.2491333
v -0.0450226 0.0209871 0.2491333
v -0.0450226 0.0209871 0.2491333
v -0.0450226 0.0209871 0.2491333
v -0.0341753 0.0320429 0.2726566
v -0.0341753 0.0320429 0.2726566
v -0.0341753 0.0320429 0.2726566
v -0.0341753 0.0320429 0.2726566
v -0.0341753 0.0320429 0.2726566
v -0.0332462 0.0366448 0.2683147
v -0.0332462 0.0366448 0.2683147
v -0.0332462 0.0366448 0.2683147
v -0.0332462 0.0366448 0.2683147
v -0.0332462 0.0366448 0.2683147
v -0.0390637 0.0230085 0.2525837
v -0.0390637 0.0230085 0.2525837
v -0.0390637 0.0230085 0.2525837
v -0.0390637 0.0230085 0.2525837
v -0.0390637 0.0230085 0.2525837
v -0.0399929 0.0184065 0.2569257
v -0.0399929 0.0184065 0.2569257
v -0.0399929 0.0184065 0.2569257
v -0.0399929 0.0184065 0.2569257
v -0.0399929 0.0184065 0.2569257
v -0.0367493 0.0389297 0.2747039
v -0.0367493 0.0389297 0.2747039
v -0.0367493 0.0389297 0.2747039
v -0.0367493 0.0389297 0.2747039
v -0.0367493 0.0389297 0.2747039
v -0.0453359 0.0188023 0.2514844
v -0.0453359 0.0188023 0.2514844
v -0.0453359 0.0188023 0.2514844
v -0.0453359 0.0188023 0.2514844
v -0.0350913 0.0430479 0.2794334
v -0.0350913 0.0430479 0.2794334
v -0.0350913 0.0430479 0.2794334
v -0.0403356 0.0188150 0.2525715
v -0.0403356 0.0188150 0.2525715
v -0.0403356 0.0188150 0.2525715
v -0.0461934 0.0170244 0.2494125
v -0.0461934 0.0170244 0.2494125
v -0.0461934 0.0170244 0.2494125
v -0.0329034 0.0362364 0.2726690
v -0.0329034 0.0362364 0.2726690
v -0.0329034 0.0362364 0.2726690
v -0.0363059 0.0402008 0.2761491
v -0.0363059 0.0402008 0.2761491
v -0.0363059 0.0402008 0.2761491
v -0.0387247 0.0403463 0.2522624
v -0.0387247 0.0403463 0.2522624
v -0.0387247 0.0403463 0.2522624
v -0.0387247 0.0403463 0.2522624
v -0.0387247 0.0403463 0.2522624
v -0.0392231 0.0146308 0.2747867
v -0.0392231 0.0146308 0.2747867
v -0.0392231 0.0146308 0.2747867
v -0.0378700 0.0450402 0.2478680
v -0.0378700 0.0450402 0.2478680
v -0.0378700 0.0450402 0.2478680
v -0.0340161 0.0404205 0.2504537
v -0.0340161 0.0404205 0.2504537
v -0.0340161 0.0404205 0.2504537
v -0.0426189 0.0192634 0.2764407
v -0.0426189 0.0192634 0.2764407
v -0.0426189 0.0192634 0.2764407
v -0.0426189 0.0192634 0.2764407
v -0.0426189 0.0192634 0.2764407
v -0.0443488 0.0152084 0.2717626
v -0.0443488 0.0152084 0.2717626
v -0.0443488 0.0152084 0.2717626
v -0.0443488 0.0152084 0.2717626
v -0.0443488 0.0152084 0.2717626
v -0.0396418 0.0385215 0.2497664
v -0.0396418 0.0385215 0.2497664
v -0.0396418 0.0385215 0.2497664
v -0.0396418 0.0385215 0.2497664
v -0.0396418 0.0385215 0.2497664
v -0.0379118 0.0425766 0.2544445
v -0.0379118 0.0425766 0.2544445
v -0.0379118 0.0425766 0.2544445
v -0.0379118 0.0425766 0.2544445
v -0.0379118 0.0425766 0.2544445
v -0.0390504 0.0177309 0.2676319
v -0.0390504 0.0177309 0.2676319
v -0.0390504 0.0177309 0.2676319
v -0.0390504 0.0177309 0.2676319
v -0.0390504 0.0177309 0.2676319
v -0.0373293 0.0217649 0.2722856
v -0.0373293 0.0217649 0.2722856
v -0.0373293 0.0217649 0.2722856
v -0.0373293 0.0217649 0.2722856
v -0.0373293 0.0217649 0.2722856
v -0.0341886 0.0373205 0.2576086
v -0.0341886 0.0373205 0.2576086
v -0.0341886 0.0373205 0.2576086
v -0.0341886 0.0373205 0.2576086
v -0.0341886 0.0373205 0.2576086
v -0.0359096 0.0332865 0.2529549
v -0.0359096 0.0332865 0.2529549
v -0.0359096 0.0332865 0.2529549
v -0.0359096 0.0332865 0.2529549
v -0.0359096 0.0332865 0.2529549
v -0.0433607 0.0173854 0.2739259
v -0.0433607 0.0173854 0.2739259
v -0.0433607 0.0173854 0.2739259
v -0.0433607 0.0173854 0.2739259
v -0.0433607 0.0173854 0.2739259
v -0.0443906 0.0127447 0.2783391
v -0.0443906 0.0127447 0.2783391
v -0.0443906 0.0127447 0.2783391
v -0.0346134 0.0374623 0.2532448
v -0.0346134 0.0374623 0.2532448
v -0.0346134 0.0374623 0.2532448
v -0.0385398 0.0417230 0.2509978
v -0.0385398 0.0417230 0.2509978
v -0.0385398 0.0417230 0.2509978
v -0.0386257 0.0175891 0.2719956
v -0.0386257 0.0175891 0.2719956
v -0.0386257 0.0175891 0.2719956
v -0.0437591 0.0158722 0.2753883
v -0.0437591 0.0158722 0.2753883
v -0.0437591 0.0158722 0.2753883
v -0.0282325 0.0249845 0.2617216
v -0.0282325 0.0249845 0.2617216
v -0.0282325 0.0249845 0.2617216
v -0.0282325 0.0249845 0.2617216
v -0.0282325 0.0249845 0.2617216
v -0.0282325 0.0249845 0.2617216
v -0.0282325 0.0249845 0.2617216
v -0.0282325 0.0249845 0.2617216
v -0.0282325 0.0249845 0.2617216
v -0.0282325 0.0249845 0.2617216
v -0.0282325 0.0249845 0.2617216
v -0.0282325 0.0249845 0.2617216
v -0.0353181 0.0418623 0.1728243
v -0.0353181 0.0418623 0.1728243
v -0.0353181 0.0418623 0.1728243
v -0.0411492 0.0140922 0.1437383
v -0.0411492 0.0140922 0.1437383
v -0.0411492 0.0140922 0.1437383
v -0.0364657 0.0162703 0.1477636
v -0.0364657 0.0162703 0.1477636
v -0.0364657 0.0162703 0.1477636
v -0.0376987 0.0435451 0.1690343
v -0.0376987 0.0435451 0.1690343
v -0.0376987 0.0435451 0.1690343
v -0.0376987 0.0435451 0.1690343
v -0.0376987 0.0435451 0.1690343
v -0.0391585 0.0391995 0.1735403
v -0.0391585 0.0391995 0.1735403
v -0.0391585 0.0391995 0.1735403
v -0.0391585 0.0391995 0.1735403
v -0.0391585 0.0391995 0.1735403
v -0.0418660 0.0164174 0.1503263
v -0.0418660 0.0164174 0.1503263
v -0.0418660 0.0164174 0.1503263
v -0.0418660 0.0164174 0.1503263
v -0.0418660 0.0164174 0.1503263
v -0.0400325 0.0206808 0.1458787
v -0.0400325 0.0206808 0.1458787
v -0.0400325 0.0206808 0.1458787
v -0.0400325 0.0206808 0.1458787
v -0.0364577 0.0346638 0.1700642
v -0.0364577 0.0346638 0.1700642
v -0.0364577 0.0346638 0.1700642
v -0.0364577 0.0346638 0.1700642
v -0.0364577 0.0346638 0.1700642
v -0.0346337 0.0389052 0.1656397
v -0.0346337 0.0389052 0.1656397
v -0.0346337 0.0389052 0.1656397
v -0.0346337 0.0389052 0.1656397
v -0.0346337 0.0389052 0.1656397
v -0.0353261 0.0234688 0.1505238
v -0.0353261 0.0234688 0.1505238
v -0.0353261 0.0234688 0.1505238
v -0.0353261 0.0234688 0.1505238
v -0.0353261 0.0234688 0.1505238
v -0.0371500 0.0192272 0.1549483
v -0.0371500 0.0192272 0.1549483
v -0.0371500 0.0192272 0.1549483
v -0.0371500 0.0192272 0.1549483
v -0.0371500 0.0192272 0.1549483
v -0.0408531 0.0187038 0.1482906
v -0.0408531 0.0187038 0.1482906
v -0.0408531 0.0187038 0.1482906
v -0.0408531 0.0187038 0.1482906
v -0.0378254 0.0457401 0.1757043
v -0.0378254 0.0457401 0.1757043
v -0.0378254 0.0457401 0.1757043
v -0.0363341 0.0192057 0.1506382
v -0.0363341 0.0192057 0.1506382
v -0.0363341 0.0192057 0.1506382
v -0.0410330 0.0166815 0.1462738
v -0.0410330 0.0166815 0.1462738
v -0.0410330 0.0166815 0.1462738
v -0.0354497 0.0389269 0.1699498
v -0.0354497 0.0389269 0.1699498
v -0.0354497 0.0389269 0.1699498
v -0.0382616 0.0425816 0.1725103
v -0.0382616 0.0425816 0.1725103
v -0.0382616 0.0425816 0.1725103
v -0.0410028 0.0171814 0.1726920
v -0.0410028 0.0171814 0.1726920
v -0.0410028 0.0171814 0.1726920
v -0.0311182 0.0438762 0.1440682
v -0.0311182 0.0438762 0.1440682
v -0.0311182 0.0438762 0.1440682
v -0.0288918 0.0395915 0.1484915
v -0.0288918 0.0395915 0.1484915
v -0.0288918 0.0395915 0.1484915
v -0.0449477 0.0216679 0.1728845
v -0.0449477 0.0216679 0.1728845
v -0.0449477 0.0216679 0.1728845
v -0.0449477 0.0216679 0.1728845
v -0.0451535 0.0170775 0.1683893
v -0.0451535 0.0170775 0.1683893
v -0.0451535 0.0170775 0.1683893
v -0.0451535 0.0170775 0.1683893
v -0.0338993 0.0376834 0.1458436
v -0.0338993 0.0376834 0.1458436
v -0.0338993 0.0376834 0.1458436
v -0.0338993 0.0376834 0.1458436
v -0.0338993 0.0376834 0.1458436
v -0.0339007 0.0422968 0.1503199
v -0.0339007 0.0422968 0.1503199
v -0.0339007 0.0422968 0.1503199
v -0.0339007 0.0422968 0.1503199
v -0.0339007 0.0422968 0.1503199
v -0.0390770 0.0196144 0.1655362
v -0.0390770 0.0196144 0.1655362
v -0.0390770 0.0196144 0.1655362
v -0.0390770 0.0196144 0.1655362
v -0.0390770 0.0196144 0.1655362
v -0.0388722 0.0241810 0.1700080
v -0.0388722 0.0241810 0.1700080
v -0.0388722 0.0241810 0.1700080
v -0.0388722 0.0241810 0.1700080
v -0.0388722 0.0241810 0.1700080
v -0.0320618 0.0374587 0.1552910
v -0.0320618 0.0374587 0.1552910
v -0.0320618 0.0374587 0.1552910
v -0.0320618 0.0374587 0.1552910
v -0.0320618 0.0374587 0.1552910
v -0.0320604 0.0328693 0.1508380
v -0.0320604 0.0328693 0.1508380
v -0.0320604 0.0328693 0.1508380
v -0.0320604 0.0328693 0.1508380
v -0.0320604 0.0328693 0.1508380
v -0.0468307 0.0152333 0.1749550
v -0.0468307 0.0152333 0.1749550
v -0.0468307 0.0152333 0.1749550
v -0.0307240 0.0370319 0.1511351
v -0.0307240 0.0370319 0.1511351
v -0.0307240 0.0370319 0.1511351
v -0.0331728 0.0410059 0.1470327
v -0.0331728 0.0410059 0.1470327
v -0.0331728 0.0410059 0.1470327
v -0.0398302 0.0199080 0.1698477
v -0.0398302 0.0199080 0.1698477
v -0.0398302 0.0199080 0.1698477
v -0.0274531 0.0271141 0.1619013
v -0.0274531 0.0271141 0.1619013
v -0.0274531 0.0271141 0.1619013
v -0.0274531 0.0271141 0.1619013
v -0.0274531 0.0271141 0.1619013
v -0.0274531 0.0271141 0.1619013
v -0.0274531 0.0271141 0.1619013
v -0.0274531 0.0271141 0.1619013
v -0.0274531 0.0271141 0.1619013
v -0.0274531 0.0271141 0.1619013
v -0.0274531 0.0271141 0.1619013
v -0.0274531 0.0271141 0.1619013
v -0.1765103 0.0480719 0.4586579
v -0.1765103 0.0480719 0.4586579
v -0.1455689 -0.0279915 0.4104197
v -0.1455689 -0.0279915 0.4104197
v -0.1455689 -0.0279915 0.4104197
v -0.1455689 -0.0279915 0.4104197
v -0.1781631 0.0696512 0.5490390
v -0.1781631 0.0696512 0.5490390
v -0.1781631 0.0696512 0.5490390
v -0.1530128 -0.0344183 0.5564145
v -0.1530128 -0.0344183 0.5564145
v -0.1530128 -0.0344183 0.5564145
v -0.1530128 -0.0344183 0.5564145
v -0.1665785 0.0038897 0.4245195
v -0.1665785 0.0038897 0.4245195
v -0.1713126 0.0129850 0.5530551
v -0.1713126 0.0129850 0.5530551
v -0.1168064 -0.0557756 0.4107456
v -0.1168064 -0.0557756 0.4107456
v -0.1168064 -0.0557756 0.4107456
v -0.1168064 -0.0557756 0.4107456
v -0.1313734 -0.0515187 0.5367814
v -0.1313734 -0.0515187 0.5367814
v -0.1313734 -0.0515187 0.5367814
v -0.1313734 -0.0515187 0.5367814
v -0.1487979 -0.0363914 0.4892772
v -0.1487979 -0.0363914 0.4892772
v -0.1777308 0.0617850 0.4979627
v -0.1777308 0.0617850 0.4979627
v -0.1677469 0.0045569 0.4897509
v -0.1258986 -0.0684249 0.4863566
v -0.1258986 -0.0684249 0.4863566
v -0.1474389 -0.0337803 0.4586445
v -0.1474389 -0.0337803 0.4586445
v -0.1779374 0.0655456 0.5223808
v -0.1779374 0.0655456 0.5223808
v -0.1557651 -0.0149875 0.4153789
v -0.1557651 -0.0149875 0.4153789
v -0.1769158 0.0436339 0.5508829
v -0.1769158 0.0436339 0.5508829
v -0.1739988 0.0290124 0.4407462
v -0.1739988 0.0290124 0.4407462
v -0.1621429 -0.0134487 0.5549284
v -0.1621429 -0.0134487 0.5549284
v -0.1684768 0.0057433 0.5218246
v -0.0931319 -0.0559046 0.4108444
v -0.0931319 -0.0559046 0.4108444
v -0.0931319 -0.0516458 0.5367105
v -0.0931319 -0.0516458 0.5367105
v -0.1311877 -0.0418835 0.4105826
v -0.1311877 -0.0418835 0.4105826
v -0.1421931 -0.0429685 0.5465980
v -0.1421931 -0.0429685 0.5465980
v -0.1221040 -0.0652195 0.4543866
v -0.1221040 -0.0652195 0.4543866
v -0.1508130 -0.0363773 0.5239446
v -0.1508130 -0.0363773 0.5239446
v -0.1774428 0.0576233 0.4772560
v -0.1774428 0.0576233 0.4772560
v -0.1673724 0.0001590 0.4609829
v -0.1673724 0.0001590 0.4609829
v -0.1673724 0.0001590 0.4609829
v -0.1673724 0.0001590 0.4609829
v -0.1673724 0.0001590 0.4609829
v -0.1289751 -0.0627427 0.5139301
v -0.1289751 -0.0627427 0.5139301
v -0.0931319 -0.0685472 0.4863933
v -0.1571784 -0.0202357 0.4890503
v -0.1754941 0.0362732 0.4932889
v -0.1373483 -0.0524082 0.4878169
v -0.1398940 -0.0495600 0.5189373
v -0.1762013 0.0398527 0.5216102
v -0.1585328 -0.0198824 0.5229312
v -0.1349082 -0.0492789 0.4573413
v -0.0931319 -0.0653438 0.4544552
v -0.0931319 -0.0628663 0.5139173
v -0.1571039 -0.0187774 0.4586370
v -0.1571039 -0.0187774 0.4586370
v -0.1571039 -0.0187774 0.4586370
v -0.1571039 -0.0187774 0.4586370
v -0.1571039 -0.0187774 0.4586370
v -0.1747804 0.0328673 0.4665493
v -0.1667772 0.0491979 0.4586937
v -0.1667772 0.0491979 0.4586937
v -0.1378794 -0.0219583 0.4114740
v -0.1378794 -0.0219583 0.4114740
v -0.1378794 -0.0219583 0.4114740
v -0.1378794 -0.0219583 0.4114740
v -0.1683818 0.0702173 0.5491235
v -0.1683818 0.0702173 0.5491235
v -0.1683818 0.0702173 0.5491235
v -0.1445173 -0.0290861 0.5564096
v -0.1445173 -0.0290861 0.5564096
v -0.1445173 -0.0290861 0.5564096
v -0.1445173 -0.0290861 0.5564096
v -0.1575300 0.0077891 0.4247485
v -0.1575300 0.0077891 0.4247485
v -0.1618510 0.0156211 0.5531824
v -0.1618510 0.0156211 0.5531824
v -0.1125643 -0.0462804 0.4131930
v -0.1125643 -0.0462804 0.4131930
v -0.1125643 -0.0462804 0.4131930
v -0.1125643 -0.0462804 0.4131930
v -0.1260937 -0.0424474 0.5391088
v -0.1260937 -0.0424474 0.5391088
v -0.1260937 -0.0424474 0.5391088
v -0.1260937 -0.0424474 0.5391088
v -0.1405076 -0.0311278 0.4898546
v -0.1405076 -0.0311278 0.4898546
v -0.1679669 0.0626062 0.4980246
v -0.1679669 0.0626062 0.4980246
v -0.1590007 0.0090036 0.4899808
v -0.1211255 -0.0584810 0.4863927
v -0.1211255 -0.0584810 0.4863927
v -0.1394440 -0.0281200 0.4595765
v -0.1394440 -0.0281200 0.4595765
v -0.1681607 0.0661935 0.5224567
v -0.1681607 0.0661935 0.5224567
v -0.1474507 -0.0098166 0.4159956
v -0.1474507 -0.0098166 0.4159956
v -0.1671623 0.0446972 0.5509844
v -0.1671623 0.0446972 0.5509844
v -0.1643757 0.0310073 0.4408276
v -0.1643757 0.0310073 0.4408276
v -0.1530593 -0.0097585 0.5551177
v -0.1530593 -0.0097585 0.5551177
v -0.1605562 0.0123944 0.5217988
v -0.0931319 -0.0463486 0.4130083
v -0.0931319 -0.0463486 0.4130083
v -0.0931319 -0.0428553 0.5387732
v -0.0931319 -0.0428553 0.5387732
v -0.1239978 -0.0354219 0.4122119
v -0.1239978 -0.0354219 0.4122119
v -0.1350632 -0.0360685 0.5472105
v -0.1350632 -0.0360685 0.5472105
v -0.1171749 -0.0552144 0.4528687
v -0.1171749 -0.0552144 0.4528687
v -0.1426170 -0.0308034 0.5240055
v -0.1426170 -0.0308034 0.5240055
v -0.1676931 0.0586028 0.4773079
v -0.1676931 0.0586028 0.4773079
v -0.1583216 0.0083300 0.4599177
v -0.1246965 -0.0532903 0.5115165
v -0.1246965 -0.0532903 0.5115165
v -0.0931319 -0.0586487 0.4858798
v -0.1502661 -0.0122853 0.4893504
v -0.1657770 0.0376450 0.4933701
v -0.1295304 -0.0465064 0.4884464
v -0.1327285 -0.0428023 0.5182204
v -0.1664600 0.0410329 0.5217043
v -0.1517982 -0.0111554 0.5228595
v -0.1271369 -0.0427800 0.4554584
v -0.0931319 -0.0553067 0.4525609
v -0.0931319 -0.0535235 0.5107117
v -0.1490166 -0.0119568 0.4613251
v -0.1650935 0.0344498 0.4666179
v -0.1464244 -0.0306396 0.4324806
v -0.1464244 -0.0306396 0.4324806
v -0.1187200 -0.0593384 0.4264793
v -0.1187200 -0.0593384 0.4264793
v -0.1768755 0.0518133 0.4659430
v -0.1768755 0.0518133 0.4659430
v -0.1675511 0.0025148 0.4385342
v -0.1675511 0.0025148 0.4385342
v -0.1675511 0.0025148 0.4385342
v -0.1675511 0.0025148 0.4385342
v -0.1675511 0.0025148 0.4385342
v -0.1327083 -0.0449883 0.4297020
v -0.0931319 -0.0594656 0.4265676
v -0.1569909 -0.0171158 0.4352538
v -0.1569909 -0.0171158 0.4352538
v -0.1569909 -0.0171158 0.4352538
v -0.1569909 -0.0171158 0.4352538
v -0.1743050 0.0305224 0.4508535
v -0.1384923 -0.0243719 0.4303163
v -0.1384923 -0.0243719 0.4303163
v -0.1143703 -0.0497800 0.4287343
v -0.1143703 -0.0497800 0.4287343
v -0.1671360 0.0528819 0.4659851
v -0.1671360 0.0528819 0.4659851
v -0.1578155 0.0078172 0.4402698
v -0.1252274 -0.0383042 0.4291520
v -0.0931319 -0.0498575 0.4285015
v -0.1494524 -0.0088938 0.4344075
v -0.1646568 0.0323558 0.4509299
v -0.0097535 0.0480720 0.4586579
v -0.0097535 0.0480720 0.4586579
v -0.0406948 -0.0279915 0.4104197
v -0.0406948 -0.0279915 0.4104197
v -0.0406948 -0.0279915 0.4104197
v -0.0406948 -0.0279915 0.4104197
v -0.0081007 0.0696513 0.5490390
v -0.0081007 0.0696513 0.5490390
v -0.0081007 0.0696513 0.5490390
v -0.0332509 -0.0344183 0.5564145
v -0.0332509 -0.0344183 0.5564145
v -0.0332509 -0.0344183 0.5564145
v -0.0332509 -0.0344183 0.5564145
v -0.0196852 0.0038897 0.4245195
v -0.0196852 0.0038897 0.4245195
v -0.0149512 0.0129850 0.5530551
v -0.0149512 0.0129850 0.5530551
v -0.0694573 -0.0557757 0.4107456
v -0.0694573 -0.0557757 0.4107456
v -0.0694573 -0.0557757 0.4107456
v -0.0694573 -0.0557757 0.4107456
v -0.0548904 -0.0515187 0.5367814
v -0.0548904 -0.0515187 0.5367814
v -0.0548904 -0.0515187 0.5367814
v -0.0548904 -0.0515187 0.5367814
v -0.0374658 -0.0363914 0.4892772
v -0.0374658 -0.0363914 0.4892772
v -0.0085330 0.0617850 0.4979627
v -0.0085330 0.0617850 0.4979627
v -0.0185168 0.0045569 0.4897509
v -0.0603651 -0.0684249 0.4863565
v -0.0603651 -0.0684249 0.4863565
v -0.0388249 -0.0337803 0.4586445
v -0.0388249 -0.0337803 0.4586445
v -0.0083263 0.0655456 0.5223808
v -0.0083263 0.0655456 0.5223808
v -0.0304987 -0.0149875 0.4153789
v -0.0304987 -0.0149875 0.4153789
v -0.0093480 0.0436339 0.5508829
v -0.0093480 0.0436339 0.5508829
v -0.0122649 0.0290124 0.4407462
v -0.0122649 0.0290124 0.4407462
v -0.0241209 -0.0134487 0.5549284
v -0.0241209 -0.0134487 0.5549284
v -0.0177869 0.0057433 0.5218246
v -0.0550761 -0.0418835 0.4105826
v -0.0550761 -0.0418835 0.4105826
v -0.0440707 -0.0429685 0.5465980
v -0.0440707 -0.0429685 0.5465980
v -0.0641597 -0.0652195 0.4543866
v -0.0641597 -0.0652195 0.4543866
v -0.0354508 -0.0363773 0.5239446
v -0.0354508 -0.0363773 0.5239446
v -0.0088210 0.0576233 0.4772559
v -0.0088210 0.0576233 0.4772559
v -0.0186509 0.0021011 0.4600695
v -0.0186509 0.0021011 0.4600695
v -0.0186509 0.0021011 0.4600695
v -0.0186509 0.0021011 0.4600695
v -0.0572886 -0.0627427 0.5139301
v -0.0572886 -0.0627427 0.5139301
v -0.0290854 -0.0202357 0.4890503
v -0.0107697 0.0362732 0.4932889
v -0.0489155 -0.0524082 0.4878169
v -0.0463697 -0.0495600 0.5189373
v -0.0100625 0.0398527 0.5216102
v -0.0277309 -0.0198824 0.5229311
v -0.0513555 -0.0492789 0.4573413
v -0.0291598 -0.0187774 0.4586370
v -0.0291598 -0.0187774 0.4586370
v -0.0291598 -0.0187774 0.4586370
v -0.0291598 -0.0187774 0.4586370
v -0.0291598 -0.0187774 0.4586370
v -0.0114834 0.0328673 0.4665493
v -0.0194865 0.0491979 0.4586937
v -0.0194865 0.0491979 0.4586937
v -0.0483844 -0.0219583 0.4114740
v -0.0483844 -0.0219583 0.4114740
v -0.0483844 -0.0219583 0.4114740
v -0.0483844 -0.0219583 0.4114740
v -0.0178820 0.0702173 0.5491235
v -0.0178820 0.0702173 0.5491235
v -0.0178820 0.0702173 0.5491235
v -0.0417464 -0.0290861 0.5564096
v -0.0417464 -0.0290861 0.5564096
v -0.0417464 -0.0290861 0.5564096
v -0.0417464 -0.0290861 0.5564096
v -0.0287338 0.0077891 0.4247485
v -0.0287338 0.0077891 0.4247485
v -0.0244127 0.0156211 0.5531824
v -0.0244127 0.0156211 0.5531824
v -0.0736994 -0.0462804 0.4131930
v -0.0736994 -0.0462804 0.4131930
v -0.0736994 -0.0462804 0.4131930
v -0.0736994 -0.0462804 0.4131930
v -0.0601700 -0.0424474 0.5391088
v -0.0601700 -0.0424474 0.5391088
v -0.0601700 -0.0424474 0.5391088
v -0.0601700 -0.0424474 0.5391088
v -0.0457562 -0.0311278 0.4898546
v -0.0457562 -0.0311278 0.4898546
v -0.0182969 0.0626062 0.4980246
v -0.0182969 0.0626062 0.4980246
v -0.0272631 0.0090036 0.4899808
v -0.0651382 -0.0584810 0.4863926
v -0.0651382 -0.0584810 0.4863926
v -0.0468198 -0.0281200 0.4595765
v -0.0468198 -0.0281200 0.4595765
v -0.0181031 0.0661935 0.5224566
v -0.0181031 0.0661935 0.5224566
v -0.0388130 -0.0098166 0.4159956
v -0.0388130 -0.0098166 0.4159956
v -0.0191014 0.0446972 0.5509844
v -0.0191014 0.0446972 0.5509844
v -0.0218881 0.0310073 0.4408276
v -0.0218881 0.0310073 0.4408276
v -0.0332044 -0.0097585 0.5551177
v -0.0332044 -0.0097585 0.5551177
v -0.0257075 0.0123944 0.5217988
v -0.0622660 -0.0354219 0.4122119
v -0.0622660 -0.0354219 0.4122119
v -0.0512006 -0.0360685 0.5472105
v -0.0512006 -0.0360685 0.5472105
v -0.0690889 -0.0552144 0.4528687
v -0.0690889 -0.0552144 0.4528687
v -0.0436468 -0.0308034 0.5240055
v -0.0436468 -0.0308034 0.5240055
v -0.0185706 0.0586028 0.4773079
v -0.0185706 0.0586028 0.4773079
v -0.0279421 0.0083300 0.4599177
v -0.0615673 -0.0532903 0.5115164
v -0.0615673 -0.0532903 0.5115164
v -0.0359977 -0.0122853 0.4893504
v -0.0204868 0.0376450 0.4933701
v -0.0567334 -0.0465064 0.4884463
v -0.0535353 -0.0428023 0.5182204
v -0.0198037 0.0410329 0.5217043
v -0.0344656 -0.0111554 0.5228595
v -0.0591268 -0.0427800 0.4554584
v -0.0372471 -0.0119568 0.4613251
v -0.0211703 0.0344498 0.4666179
v -0.0398394 -0.0306396 0.4324805
v -0.0398394 -0.0306396 0.4324805
v -0.0675437 -0.0593384 0.4264793
v -0.0675437 -0.0593384 0.4264793
v -0.0093882 0.0518133 0.4659429
v -0.0093882 0.0518133 0.4659429
v -0.0187641 0.0037624 0.4366863
v -0.0187641 0.0037624 0.4366863
v -0.0187641 0.0037624 0.4366863
v -0.0187641 0.0037624 0.4366863
v -0.0535555 -0.0449883 0.4297020
v -0.0292729 -0.0171158 0.4352537
v -0.0292729 -0.0171158 0.4352537
v -0.0292729 -0.0171158 0.4352537
v -0.0292729 -0.0171158 0.4352537
v -0.0119588 0.0305224 0.4508535
v -0.0477715 -0.0243719 0.4303163
v -0.0477715 -0.0243719 0.4303163
v -0.0718934 -0.0497800 0.4287343
v -0.0718934 -0.0497800 0.4287343
v -0.0191278 0.0528819 0.4659850
v -0.0191278 0.0528819 0.4659850
v -0.0284483 0.0078172 0.4402698
v -0.0610364 -0.0383042 0.4291520
v -0.0368113 -0.0088938 0.4344075
v -0.0216069 0.0323558 0.4509299
v -0.1721076 -0.0009779 0.4622996
v -0.1721076 -0.0009779 0.4622996
v -0.1721076 -0.0009779 0.4622996
v -0.1545745 -0.0206744 0.4313833
v -0.1545745 -0.0206744 0.4313833
v -0.1545745 -0.0206744 0.4313833
v -0.1602370 -0.0204656 0.4346659
v -0.1602370 -0.0204656 0.4346659
v -0.1602370 -0.0204656 0.4346659
v -0.1684732 0.0025583 0.4591312
v -0.1684732 0.0025583 0.4591312
v -0.1684732 0.0025583 0.4591312
v -0.1684732 0.0025583 0.4591312
v -0.1684732 0.0025583 0.4591312
v -0.1662721 -0.0018865 0.4632201
v -0.1662721 -0.0018865 0.4632201
v -0.1662721 -0.0018865 0.4632201
v -0.1662721 -0.0018865 0.4632201
v -0.1662721 -0.0018865 0.4632201
v -0.1555412 -0.0195028 0.4382401
v -0.1555412 -0.0195028 0.4382401
v -0.1555412 -0.0195028 0.4382401
v -0.1555412 -0.0195028 0.4382401
v -0.1555412 -0.0195028 0.4382401
v -0.1577424 -0.0150582 0.4341511
v -0.1577424 -0.0150582 0.4341511
v -0.1577424 -0.0150582 0.4341511
v -0.1577424 -0.0150582 0.4341511
v -0.1686575 -0.0070553 0.4588505
v -0.1686575 -0.0070553 0.4588505
v -0.1686575 -0.0070553 0.4588505
v -0.1686575 -0.0070553 0.4588505
v -0.1686575 -0.0070553 0.4588505
v -0.1708473 -0.0026336 0.4547828
v -0.1708473 -0.0026336 0.4547828
v -0.1708473 -0.0026336 0.4547828
v -0.1708473 -0.0026336 0.4547828
v -0.1708473 -0.0026336 0.4547828
v -0.1636871 -0.0143882 0.4381150
v -0.1636871 -0.0143882 0.4381150
v -0.1636871 -0.0143882 0.4381150
v -0.1636871 -0.0143882 0.4381150
v -0.1636871 -0.0143882 0.4381150
v -0.1614972 -0.0188100 0.4421827
v -0.1614972 -0.0188100 0.4421827
v -0.1614972 -0.0188100 0.4421827
v -0.1614972 -0.0188100 0.4421827
v -0.1614972 -0.0188100 0.4421827
v -0.1694400 0.0037297 0.4659880
v -0.1694400 0.0037297 0.4659880
v -0.1694400 0.0037297 0.4659880
v -0.1615984 -0.0182304 0.4378356
v -0.1615984 -0.0182304 0.4378356
v -0.1615984 -0.0182304 0.4378356
v -0.1557755 -0.0187027 0.4341792
v -0.1557755 -0.0187027 0.4341792
v -0.1557755 -0.0187027 0.4341792
v -0.1707461 -0.0032130 0.4591300
v -0.1707461 -0.0032130 0.4591300
v -0.1707461 -0.0032130 0.4591300
v -0.1679450 0.0012755 0.4625081
v -0.1679450 0.0012755 0.4625081
v -0.1679450 0.0012755 0.4625081
v -0.1600362 -0.0231117 0.4598808
v -0.1600362 -0.0231117 0.4598808
v -0.1600362 -0.0231117 0.4598808
v -0.1696911 0.0070432 0.4344124
v -0.1696911 0.0070432 0.4344124
v -0.1696911 0.0070432 0.4344124
v -0.1723082 0.0016682 0.4370847
v -0.1723082 0.0016682 0.4370847
v -0.1723082 0.0016682 0.4370847
v -0.1575250 -0.0179249 0.4614675
v -0.1575250 -0.0179249 0.4614675
v -0.1575250 -0.0179249 0.4614675
v -0.1575250 -0.0179249 0.4614675
v -0.1575250 -0.0179249 0.4614675
v -0.1553957 -0.0214203 0.4565108
v -0.1553957 -0.0214203 0.4565108
v -0.1553957 -0.0214203 0.4565108
v -0.1553957 -0.0214203 0.4565108
v -0.1553957 -0.0214203 0.4565108
v -0.1664893 0.0009801 0.4359038
v -0.1664893 0.0009801 0.4359038
v -0.1664893 0.0009801 0.4359038
v -0.1664893 0.0009801 0.4359038
v -0.1664893 0.0009801 0.4359038
v -0.1686186 0.0044756 0.4408605
v -0.1686186 0.0044756 0.4408605
v -0.1686186 0.0044756 0.4408605
v -0.1686186 0.0044756 0.4408605
v -0.1686186 0.0044756 0.4408605
v -0.1614121 -0.0199337 0.4528923
v -0.1614121 -0.0199337 0.4528923
v -0.1614121 -0.0199337 0.4528923
v -0.1614121 -0.0199337 0.4528923
v -0.1614121 -0.0199337 0.4528923
v -0.1635304 -0.0164563 0.4578232
v -0.1635304 -0.0164563 0.4578232
v -0.1635304 -0.0164563 0.4578232
v -0.1635304 -0.0164563 0.4578232
v -0.1635304 -0.0164563 0.4578232
v -0.1709325 -0.0015098 0.4440733
v -0.1709325 -0.0015098 0.4440733
v -0.1709325 -0.0015098 0.4440733
v -0.1709325 -0.0015098 0.4440733
v -0.1709325 -0.0015098 0.4440733
v -0.1688143 -0.0049871 0.4391424
v -0.1688143 -0.0049871 0.4391424
v -0.1688143 -0.0049871 0.4391424
v -0.1688143 -0.0049871 0.4391424
v -0.1688143 -0.0049871 0.4391424
v -0.1543232 -0.0239879 0.4629590
v -0.1543232 -0.0239879 0.4629590
v -0.1543232 -0.0239879 0.4629590
v -0.1709005 -0.0011741 0.4396995
v -0.1709005 -0.0011741 0.4396995
v -0.1709005 -0.0011741 0.4396995
v -0.1681126 0.0038558 0.4373446
v -0.1681126 0.0038558 0.4373446
v -0.1681126 0.0038558 0.4373446
v -0.1614440 -0.0202693 0.4572659
v -0.1614440 -0.0202693 0.4572659
v -0.1614440 -0.0202693 0.4572659
v -0.1558115 -0.0209828 0.4601945
v -0.1558115 -0.0209828 0.4601945
v -0.1558115 -0.0209828 0.4601945
v -0.1739165 -0.0149040 0.4481055
v -0.1739165 -0.0149040 0.4481055
v -0.1739165 -0.0149040 0.4481055
v -0.1739165 -0.0149040 0.4481055
v -0.1739165 -0.0149040 0.4481055
v -0.1739165 -0.0149040 0.4481055
v -0.1739165 -0.0149040 0.4481055
v -0.1739165 -0.0149040 0.4481055
v -0.1739165 -0.0149040 0.4481055
v -0.1739165 -0.0149040 0.4481055
v -0.1739165 -0.0149040 0.4481055
v -0.1739165 -0.0149040 0.4481055
v -0.0141562 -0.0009779 0.4622996
v -0.0141562 -0.0009779 0.4622996
v -0.0141562 -0.0009779 0.4622996
v -0.0316893 -0.0206744 0.4313834
v -0.0316893 -0.0206744 0.4313834
v -0.0316893 -0.0206744 0.4313834
v -0.0260268 -0.0204656 0.4346659
v -0.0260268 -0.0204656 0.4346659
v -0.0260268 -0.0204656 0.4346659
v -0.0177906 0.0025583 0.4591312
v -0.0177906 0.0025583 0.4591312
v -0.0177906 0.0025583 0.4591312
v -0.0177906 0.0025583 0.4591312
v -0.0199917 -0.0018865 0.4632201
v -0.0199917 -0.0018865 0.4632201
v -0.0199917 -0.0018865 0.4632201
v -0.0199917 -0.0018865 0.4632201
v -0.0307226 -0.0195028 0.4382401
v -0.0307226 -0.0195028 0.4382401
v -0.0307226 -0.0195028 0.4382401
v -0.0307226 -0.0195028 0.4382401
v -0.0307226 -0.0195028 0.4382401
v -0.0285214 -0.0150582 0.4341511
v -0.0285214 -0.0150582 0.4341511
v -0.0285214 -0.0150582 0.4341511
v -0.0285214 -0.0150582 0.4341511
v -0.0176063 -0.0070553 0.4588505
v -0.0176063 -0.0070553 0.4588505
v -0.0176063 -0.0070553 0.4588505
v -0.0176063 -0.0070553 0.4588505
v -0.0176063 -0.0070553 0.4588505
v -0.0154165 -0.0026336 0.4547828
v -0.0154165 -0.0026336 0.4547828
v -0.0154165 -0.0026336 0.4547828
v -0.0154165 -0.0026336 0.4547828
v -0.0154165 -0.0026336 0.4547828
v -0.0225767 -0.0143881 0.4381150
v -0.0225767 -0.0143881 0.4381150
v -0.0225767 -0.0143881 0.4381150
v -0.0225767 -0.0143881 0.4381150
v -0.0225767 -0.0143881 0.4381150
v -0.0247666 -0.0188100 0.4421827
v -0.0247666 -0.0188100 0.4421827
v -0.0247666 -0.0188100 0.4421827
v -0.0247666 -0.0188100 0.4421827
v -0.0247666 -0.0188100 0.4421827
v -0.0168237 0.0037297 0.4659880
v -0.0168237 0.0037297 0.4659880
v -0.0168237 0.0037297 0.4659880
v -0.0246653 -0.0182304 0.4378356
v -0.0246653 -0.0182304 0.4378356
v -0.0246653 -0.0182304 0.4378356
v -0.0304883 -0.0187027 0.4341792
v -0.0304883 -0.0187027 0.4341792
v -0.0304883 -0.0187027 0.4341792
v -0.0155177 -0.0032130 0.4591300
v -0.0155177 -0.0032130 0.4591300
v -0.0155177 -0.0032130 0.4591300
v -0.0262276 -0.0231117 0.4598808
v -0.0262276 -0.0231117 0.4598808
v -0.0262276 -0.0231117 0.4598808
v -0.0165726 0.0070432 0.4344124
v -0.0165726 0.0070432 0.4344124
v -0.0165726 0.0070432 0.4344124
v -0.0139556 0.0016682 0.4370847
v -0.0139556 0.0016682 0.4370847
v -0.0139556 0.0016682 0.4370847
v -0.0287388 -0.0179249 0.4614675
v -0.0287388 -0.0179249 0.4614675
v -0.0287388 -0.0179249 0.4614675
v -0.0287388 -0.0179249 0.4614675
v -0.0287388 -0.0179249 0.4614675
v -0.0308680 -0.0214203 0.4565108
v -0.0308680 -0.0214203 0.4565108
v -0.0308680 -0.0214203 0.4565108
v -0.0308680 -0.0214203 0.4565108
v -0.0308680 -0.0214203 0.4565108
v -0.0197745 0.0009801 0.4359038
v -0.0197745 0.0009801 0.4359038
v -0.0197745 0.0009801 0.4359038
v -0.0197745 0.0009801 0.4359038
v -0.0176452 0.0044756 0.4408605
v -0.0176452 0.0044756 0.4408605
v -0.0176452 0.0044756 0.4408605
v -0.0176452 0.0044756 0.4408605
v -0.0248517 -0.0199337 0.4528923
v -0.0248517 -0.0199337 0.4528923
v -0.0248517 -0.0199337 0.4528923
v -0.0248517 -0.0199337 0.4528923
v -0.0248517 -0.0199337 0.4528923
v -0.0227334 -0.0164563 0.4578232
v -0.0227334 -0.0164563 0.4578232
v -0.0227334 -0.0164563 0.4578232
v -0.0227334 -0.0164563 0.4578232
v -0.0227334 -0.0164563 0.4578232
v -0.0153313 -0.0015098 0.4440733
v -0.0153313 -0.0015098 0.4440733
v -0.0153313 -0.0015098 0.4440733
v -0.0153313 -0.0015098 0.4440733
v -0.0153313 -0.0015098 0.4440733
v -0.0174494 -0.0049871 0.4391424
v -0.0174494 -0.0049871 0.4391424
v -0.0174494 -0.0049871 0.4391424
v -0.0174494 -0.0049871 0.4391424
v -0.0174494 -0.0049871 0.4391424
v -0.0319405 -0.0239879 0.4629590
v -0.0319405 -0.0239879 0.4629590
v -0.0319405 -0.0239879 0.4629590
v -0.0153632 -0.0011741 0.4396995
v -0.0153632 -0.0011741 0.4396995
v -0.0153632 -0.0011741 0.4396995
v -0.0248198 -0.0202693 0.4572659
v -0.0248198 -0.0202693 0.4572659
v -0.0248198 -0.0202693 0.4572659
v -0.0304523 -0.0209828 0.4601945
v -0.0304523 -0.0209828 0.4601945
v -0.0304523 -0.0209828 0.4601945
v -0.0123472 -0.0149040 0.4481055
v -0.0123472 -0.0149040 0.4481055
v -0.0123472 -0.0149040 0.4481055
v -0.0123472 -0.0149040 0.4481055
v -0.0123472 -0.0149040 0.4481055
v -0.0123472 -0.0149040 0.4481055
v -0.0123472 -0.0149040 0.4481055
v -0.0123472 -0.0149040 0.4481055
v -0.0123472 -0.0149040 0.4481055
v -0.0123472 -0.0149040 0.4481055
v -0.0123472 -0.0149040 0.4481055
v -0.0123472 -0.0149040 0.4481055
v 0.1466104 -0.0382582 0.0702249
v 0.1334440 -0.0395324 0.0825058
v 0.1424229 -0.0194152 0.0828857
v 0.1309663 -0.0241838 0.0950868
v 0.0994845 -0.0291917 0.1070871
v 0.1000163 -0.0431960 0.0915952
v 0.0828873 -0.0429000 0.0899305
v 0.0830079 -0.0290588 0.1042390
v 0.0535713 -0.0218579 0.0852491
v 0.0534955 -0.0398305 0.0713559
v 0.1179229 -0.0418177 0.0890355
v 0.1163403 -0.0271363 0.1037509
v 0.0666156 -0.0409272 0.0843560
v 0.0668065 -0.0266517 0.0974296
v 0.0971176 0.0009357 0.1371151
v 0.0971176 0.0009357 0.1371151
v 0.0975414 -0.0132860 0.1228283
v 0.0830337 -0.0132887 0.1190855
v 0.1260540 -0.0069132 0.1119756
v 0.1367611 -0.0016693 0.0998059
v 0.0683312 -0.0110640 0.1126619
v 0.0557102 -0.0040225 0.1027732
v 0.1132879 -0.0102062 0.1194629
v 0.1439386 -0.0310130 0.0643809
v 0.1439593 -0.0472067 0.0547055
v 0.1439593 -0.0472067 0.0547055
v 0.1321213 -0.0497123 0.0639222
v 0.1321213 -0.0497123 0.0639222
v 0.1308963 -0.0342582 0.0744235
v 0.1388245 -0.0141275 0.0752312
v 0.1281747 -0.0187736 0.0866969
v 0.0521642 -0.0268412 0.0431624
v 0.0521642 -0.0268412 0.0431624
v 0.0521642 -0.0268412 0.0431624
v 0.0510937 -0.0393359 0.0348810
v 0.0510937 -0.0393359 0.0348810
v 0.0510937 -0.0393359 0.0348810
v 0.0993550 -0.0239776 0.0991408
v 0.0998515 -0.0379820 0.0836490
v 0.0838595 -0.0376860 0.0819842
v 0.0839721 -0.0238448 0.0962928
v 0.0999108 -0.0518623 0.0715623
v 0.0999108 -0.0518623 0.0715623
v 0.0836387 -0.0520553 0.0696500
v 0.0836387 -0.0520553 0.0696500
v 0.1498346 -0.0291145 0.0375622
v 0.1498346 -0.0291145 0.0375622
v 0.1498346 -0.0291145 0.0375622
v 0.1509747 -0.0390786 0.0336571
v 0.1509747 -0.0390786 0.0336571
v 0.1509747 -0.0390786 0.0336571
v 0.0578072 -0.0154169 0.0796484
v 0.0556479 -0.0318537 0.0671187
v 0.0562205 -0.0474159 0.0531480
v 0.0562205 -0.0474159 0.0531480
v 0.1168734 -0.0506146 0.0695782
v 0.1168734 -0.0506146 0.0695782
v 0.1165538 -0.0365976 0.0810755
v 0.1147857 -0.0218066 0.0955431
v 0.0686679 -0.0357131 0.0764097
v 0.0684627 -0.0513563 0.0636126
v 0.0684627 -0.0513563 0.0636126
v 0.0688461 -0.0214377 0.0894834
v 0.1334297 0.0352917 0.0790554
v 0.1334297 0.0352917 0.0790554
v 0.1334297 0.0352917 0.0790554
v 0.0843092 0.0066392 0.1265799
v 0.0843092 0.0066392 0.1265799
v 0.0972677 0.0055299 0.1301516
v 0.0972677 0.0055299 0.1301516
v 0.0531543 0.0292669 0.0886081
v 0.0531543 0.0292669 0.0886081
v 0.0531543 0.0292669 0.0886081
v 0.1208285 0.0134026 0.1204060
v 0.1208285 0.0134026 0.1204060
v 0.1275640 0.0184839 0.1112581
v 0.1275640 0.0184839 0.1112581
v 0.0719543 0.0095049 0.1201805
v 0.0719543 0.0095049 0.1201805
v 0.1102044 0.0084936 0.1280092
v 0.1102044 0.0084936 0.1280092
v 0.0619467 0.0147282 0.1110328
v 0.0619467 0.0147282 0.1110328
v 0.0973838 -0.0081248 0.1149097
v 0.0839962 -0.0080747 0.1111393
v 0.0532991 0.0202773 0.0785125
v 0.0532991 0.0202773 0.0785125
v 0.0532991 0.0202773 0.0785125
v 0.1235719 -0.0014998 0.1035784
v 0.1350631 0.0252488 0.0696481
v 0.1350631 0.0252488 0.0696481
v 0.1350631 0.0252488 0.0696481
v 0.1334032 0.0037736 0.0913419
v 0.0702697 -0.0058499 0.1047157
v 0.0584864 0.0011915 0.0948270
v 0.1118397 -0.0049301 0.1117830
v 0.1460252 -0.0134937 0.0677851
v 0.1460252 -0.0134937 0.0677851
v 0.1415274 0.0085772 0.0797286
v 0.1415274 0.0085772 0.0797286
v 0.1415274 0.0085772 0.0797286
v 0.1485910 -0.0428304 0.0430318
v 0.1485910 -0.0428304 0.0430318
v 0.1417076 -0.0102705 0.0631597
v 0.1417076 -0.0102705 0.0631597
v 0.1323131 0.0281823 0.0930558
v 0.1323131 0.0281823 0.0930558
v 0.1457265 -0.0277702 0.0557616
v 0.1457265 -0.0277702 0.0557616
v 0.1457265 -0.0277702 0.0557616
v 0.1362295 0.0117075 0.0748986
v 0.1362295 0.0117075 0.0748986
v 0.1362295 0.0117075 0.0748986
v 0.0523076 -0.0163630 0.0722519
v 0.0523076 -0.0163630 0.0722519
v 0.0499436 -0.0315578 0.0617323
v 0.0499436 -0.0315578 0.0617323
v 0.0499436 -0.0315578 0.0617323
v 0.0526365 -0.0427362 0.0424082
v 0.0526365 -0.0427362 0.0424082
v 0.0560171 -0.0102425 0.0648715
v 0.0560171 -0.0102425 0.0648715
v 0.0537198 -0.0263250 0.0537575
v 0.0537198 -0.0263250 0.0537575
v 0.0537198 -0.0263250 0.0537575
v 0.0565700 0.0227597 0.0992222
v 0.0565700 0.0227597 0.0992222
v 0.0557910 0.0079624 0.0824248
v 0.0557910 0.0079624 0.0824248
v 0.0557910 0.0079624 0.0824248
v 0.1000798 -0.0570763 0.0795086
v 0.1000798 -0.0570763 0.0795086
v 0.1182484 -0.0558287 0.0775244
v 0.1182484 -0.0558287 0.0775244
v 0.0487605 -0.0479690 0.0503830
v 0.0487605 -0.0479690 0.0503830
v 0.0533485 -0.0526663 0.0614597
v 0.0533485 -0.0526663 0.0614597
v 0.1483254 -0.0517327 0.0615931
v 0.1483254 -0.0517327 0.0615931
v 0.1345805 -0.0549263 0.0718684
v 0.1345805 -0.0549263 0.0718684
v 0.0826508 -0.0572694 0.0775962
v 0.0826508 -0.0572694 0.0775962
v 0.1530033 -0.0480648 0.0510092
v 0.1530033 -0.0480648 0.0510092
v 0.1561292 -0.0443281 0.0416573
v 0.1561292 -0.0443281 0.0416573
v 0.1561292 -0.0443281 0.0416573
v 0.0663958 -0.0565704 0.0715589
v 0.0663958 -0.0565704 0.0715589
v 0.0485670 0.0184640 0.0832521
v 0.0485670 0.0184640 0.0832521
v 0.0485670 0.0184640 0.0832521
v 0.0484081 0.0274536 0.0933476
v 0.0484081 0.0274536 0.0933476
v 0.0484081 0.0274536 0.0933476
v 0.0832181 0.0015515 0.1346307
v 0.0832181 0.0015515 0.1346307
v 0.0694866 0.0043686 0.1276188
v 0.0694866 0.0043686 0.1276188
v 0.1112103 0.0031918 0.1361751
v 0.1112103 0.0031918 0.1361751
v 0.1230585 0.0080131 0.1289136
v 0.1230585 0.0080131 0.1289136
v 0.1548801 -0.0343624 0.0455588
v 0.1548801 -0.0343624 0.0455588
v 0.1548801 -0.0343624 0.0455588
v 0.1361049 0.0229030 0.1007727
v 0.1361049 0.0229030 0.1007727
v 0.1373410 0.0343278 0.0818280
v 0.1373410 0.0343278 0.0818280
v 0.1373410 0.0343278 0.0818280
v 0.1305893 0.0129762 0.1197296
v 0.1305893 0.0129762 0.1197296
v 0.0579964 0.0109382 0.1175434
v 0.0579964 0.0109382 0.1175434
v 0.1510104 -0.0308151 0.0600097
v 0.1510104 -0.0308151 0.0600097
v 0.1510104 -0.0308151 0.0600097
v 0.0529823 0.0176233 0.1072525
v 0.0529823 0.0176233 0.1072525
v 0.0471709 -0.0307087 0.0481945
v 0.0471709 -0.0307087 0.0481945
v 0.0471709 -0.0307087 0.0481945
v 0.0459979 -0.0432034 0.0399132
v 0.0459979 -0.0432034 0.0399132
v 0.0459979 -0.0432034 0.0399132
v 0.1391414 0.0243035 0.0723908
v 0.1391414 0.0243035 0.0723908
v 0.1391414 0.0243035 0.0723908
v 0.0521814 0.0027295 0.0903996
v 0.0521814 0.0027295 0.0903996
v 0.0521814 0.0027295 0.0903996
v 0.1487353 -0.0465933 0.0666771
v 0.1350927 -0.0487442 0.0754976
v 0.0482718 -0.0380982 0.0517149
v 0.0481429 -0.0401076 0.0503715
v 0.0999185 -0.0515991 0.0841837
v 0.0820246 -0.0517043 0.0821143
v 0.1534105 -0.0402994 0.0512828
v 0.1531774 -0.0404061 0.0510335
v 0.0529249 -0.0465705 0.0649561
v 0.1186044 -0.0501143 0.0819042
v 0.0655948 -0.0507737 0.0757114
v 0.1382616 0.0253036 0.0831596
v 0.0839490 -0.0035466 0.1296022
v 0.0501964 0.0184552 0.0936962
v 0.1228761 0.0025161 0.1242908
v 0.1312729 0.0071474 0.1155132
v 0.0700991 -0.0015122 0.1238040
v 0.1112060 -0.0017185 0.1308800
v 0.0576446 0.0045614 0.1143782
v 0.0501898 0.0167986 0.0918458
v 0.1386532 0.0228471 0.0808507
v 0.1522369 -0.0417721 0.0545297
v 0.1373354 0.0169868 0.0969023
v 0.1496474 -0.0370095 0.0647387
v 0.0491034 -0.0419860 0.0545014
v 0.0531497 0.0116787 0.1032628
v 0.0537302 0.0015158 0.0987745
v 0.0974593 -0.0044293 0.1328470
v 0.1397645 0.0081503 0.0875307
v 0.1445219 -0.0166270 0.0740585
v 0.0508630 -0.0389467 0.0652285
v 0.0532051 -0.0202976 0.0782295
v 0.1582882 -0.0790220 0.0384018
v 0.1582882 -0.0790220 0.0384018
v 0.1591317 -0.0619514 0.0408277
v 0.1591317 -0.0619514 0.0408277
v 0.1591317 -0.0619514 0.0408277
v 0.1256666 -0.1549476 0.0482423
v 0.1256666 -0.1549476 0.0482423
v 0.1166678 -0.1589496 0.0497107
v 0.1166678 -0.1589496 0.0497107
v 0.1079999 -0.1608198 0.0505461
v 0.1079999 -0.1608198 0.0505461
v 0.0783919 -0.1597117 0.0496944
v 0.0783919 -0.1597117 0.0496944
v 0.0692846 -0.1553516 0.0473247
v 0.0692846 -0.1553516 0.0473247
v 0.0625038 -0.1480423 0.0447423
v 0.0625038 -0.1480423 0.0447423
v 0.0558456 -0.1357806 0.0415661
v 0.0558456 -0.1357806 0.0415661
v 0.0497403 -0.1212619 0.0382850
v 0.0497403 -0.1212619 0.0382850
v 0.0427455 -0.0789057 0.0342960
v 0.0427455 -0.0789057 0.0342960
v 0.0435470 -0.0620457 0.0363404
v 0.0435470 -0.0620457 0.0363404
v 0.0435470 -0.0620457 0.0363404
v 0.1529176 -0.1091605 0.0381273
v 0.1529176 -0.1091605 0.0381273
v 0.1559078 -0.0944591 0.0374117
v 0.1559078 -0.0944591 0.0374117
v 0.0436309 -0.0945648 0.0346292
v 0.0436309 -0.0945648 0.0346292
v 0.0458640 -0.1088765 0.0363612
v 0.0458640 -0.1088765 0.0363612
v 0.0983560 -0.1615560 0.0513397
v 0.0983560 -0.1615560 0.0513397
v 0.0882386 -0.1612649 0.0510153
v 0.0882386 -0.1612649 0.0510153
v 0.1414819 -0.0655836 0.0632915
v 0.1414819 -0.0655836 0.0632915
v 0.1225838 -0.0667227 0.0725060
v 0.1225838 -0.0667227 0.0725060
v 0.1396657 -0.0951719 0.0548449
v 0.1371730 -0.1083796 0.0531521
v 0.1185040 -0.1060426 0.0595587
v 0.1199094 -0.0945791 0.0618982
v 0.1406340 -0.0811726 0.0590917
v 0.1209965 -0.0815972 0.0666494
v 0.0777202 -0.0674676 0.0696003
v 0.0777202 -0.0674676 0.0696003
v 0.0993555 -0.0676748 0.0731111
v 0.0993555 -0.0676748 0.0731111
v 0.0997471 -0.0815627 0.0669240
v 0.0791131 -0.0814469 0.0630623
v 0.0998069 -0.0943763 0.0619230
v 0.0995356 -0.1070077 0.0601462
v 0.0808156 -0.1068777 0.0567523
v 0.0801716 -0.0942933 0.0579350
v 0.1335805 -0.1478601 0.0455546
v 0.1335805 -0.1478601 0.0455546
v 0.0594531 -0.0660154 0.0581368
v 0.0594531 -0.0660154 0.0581368
v 0.0600459 -0.0809060 0.0540259
v 0.0609190 -0.0945881 0.0500394
v 0.0623980 -0.1079458 0.0496665
v 0.0733201 -0.1479658 0.0513463
v 0.0984998 -0.1481009 0.0550367
v 0.0858783 -0.1480316 0.0539666
v 0.1108670 -0.1478331 0.0541304
v 0.1228567 -0.1477473 0.0515321
v 0.1417522 -0.1357753 0.0422702
v 0.1417522 -0.1357753 0.0422702
v 0.1481225 -0.1219748 0.0398822
v 0.1481225 -0.1219748 0.0398822
v 0.1285061 -0.1351594 0.0518099
v 0.1332614 -0.1217194 0.0521039
v 0.1162787 -0.1203971 0.0575568
v 0.1137479 -0.1344350 0.0561466
v 0.0991793 -0.1205497 0.0591696
v 0.0988226 -0.1344483 0.0577170
v 0.0838063 -0.1343467 0.0558498
v 0.0821875 -0.1200493 0.0566697
v 0.0687037 -0.1349868 0.0514294
v 0.0648415 -0.1211574 0.0506677
v 0.1523711 -0.1077605 0.0284279
v 0.1523711 -0.1077605 0.0284279
v 0.1476328 -0.1207669 0.0302155
v 0.1476328 -0.1207669 0.0302155
v 0.1302277 -0.1190522 0.0482329
v 0.1156666 -0.1182522 0.0519237
v 0.0443886 -0.0929433 0.0248767
v 0.0443886 -0.0929433 0.0248767
v 0.0465951 -0.1074722 0.0266350
v 0.0465951 -0.1074722 0.0266350
v 0.0482740 -0.0924093 0.0346212
v 0.0999164 -0.0843296 0.0591338
v 0.0803809 -0.0840908 0.0556542
v 0.1000101 -0.0944310 0.0556316
v 0.0677861 -0.1188489 0.0465056
v 0.0984245 -0.1441310 0.0497193
v 0.0621351 -0.0825737 0.0487543
v 0.0637940 -0.0938300 0.0459062
v 0.1553257 -0.0928361 0.0277014
v 0.1553257 -0.0928361 0.0277014
v 0.0984607 -0.1609510 0.0418408
v 0.0984607 -0.1609510 0.0418408
v 0.0885074 -0.1606786 0.0414901
v 0.0885074 -0.1606786 0.0414901
v 0.1481392 -0.1062794 0.0393243
v 0.1189678 -0.0942169 0.0559025
v 0.1196554 -0.0838900 0.0594684
v 0.0982435 -0.1563048 0.0478445
v 0.1332648 -0.1470472 0.0359679
v 0.1332648 -0.1470472 0.0359679
v 0.1413390 -0.1347791 0.0326336
v 0.1413390 -0.1347791 0.0326336
v 0.1125427 -0.1317643 0.0507034
v 0.0993417 -0.1184684 0.0533366
v 0.0564529 -0.1347838 0.0319092
v 0.0564529 -0.1347838 0.0319092
v 0.0596215 -0.1338077 0.0399260
v 0.0697361 -0.1546524 0.0377649
v 0.0697361 -0.1546524 0.0377649
v 0.0630054 -0.1472271 0.0350938
v 0.0630054 -0.1472271 0.0350938
v 0.0503073 -0.1065618 0.0352676
v 0.1585110 -0.0598602 0.0311693
v 0.1585110 -0.0598602 0.0311693
v 0.1585110 -0.0598602 0.0311693
v 0.1527527 -0.0776529 0.0421006
v 0.0715709 -0.1520594 0.0443485
v 0.0813100 -0.0941791 0.0519725
v 0.0867864 -0.1438928 0.0487515
v 0.1379119 -0.1338160 0.0411040
v 0.0504251 -0.1200455 0.0286039
v 0.0504251 -0.1200455 0.0286039
v 0.1079894 -0.1602036 0.0410351
v 0.1079894 -0.1602036 0.0410351
v 0.1506532 -0.0923191 0.0399856
v 0.1377213 -0.0823763 0.0545981
v 0.1074533 -0.1556701 0.0472161
v 0.1306488 -0.1452834 0.0431897
v 0.0653301 -0.1060548 0.0455487
v 0.0987906 -0.1316636 0.0520166
v 0.1254109 -0.1542230 0.0388145
v 0.1254109 -0.1542230 0.0388145
v 0.1165539 -0.1583051 0.0401871
v 0.1165539 -0.1583051 0.0401871
v 0.0435138 -0.0770467 0.0245385
v 0.0435138 -0.0770467 0.0245385
v 0.0443058 -0.0599560 0.0266139
v 0.0443058 -0.0599560 0.0266139
v 0.0443058 -0.0599560 0.0266139
v 0.0472890 -0.0774418 0.0354002
v 0.1000496 -0.1055500 0.0542836
v 0.1157213 -0.1542927 0.0463565
v 0.1237251 -0.1516330 0.0448802
v 0.1439113 -0.1188409 0.0401344
v 0.0537861 -0.1189318 0.0376239
v 0.0829396 -0.1181457 0.0509603
v 0.0814040 -0.1050650 0.0510035
v 0.0755438 -0.1442486 0.0469107
v 0.0714431 -0.1322326 0.0470654
v 0.0882808 -0.1553961 0.0475134
v 0.1397822 -0.0635744 0.0593309
v 0.1397822 -0.0635744 0.0593309
v 0.1230391 -0.0646915 0.0667972
v 0.1230391 -0.0646915 0.0667972
v 0.1576777 -0.0771647 0.0287066
v 0.1576777 -0.0771647 0.0287066
v 0.0657721 -0.1454632 0.0426622
v 0.0849198 -0.1316094 0.0503101
v 0.1097937 -0.1440688 0.0489874
v 0.1360960 -0.0941187 0.0513778
v 0.1341117 -0.1061484 0.0494111
v 0.0994640 -0.0656795 0.0674075
v 0.0994640 -0.0656795 0.0674075
v 0.1206254 -0.1441026 0.0471974
v 0.1256329 -0.1323299 0.0476769
v 0.1195367 -0.1042976 0.0536068
v 0.0787348 -0.1590787 0.0401705
v 0.0787348 -0.1590787 0.0401705
v 0.0793015 -0.1548254 0.0462027
v 0.0774948 -0.0654476 0.0638475
v 0.0774948 -0.0654476 0.0638475
v 0.0614440 -0.0642803 0.0543115
v 0.0614440 -0.0642803 0.0543115
v 0.1531629 -0.0704524 0.0437033
v 0.1389501 -0.0718341 0.0571484
v 0.1214477 -0.0735858 0.0637771
v 0.0790937 -0.0745424 0.0602757
v 0.0476146 -0.0702411 0.0369193
v 0.0613307 -0.0731788 0.0520447
v 0.0998816 -0.0744619 0.0638775
v -0.1466104 -0.0382582 0.0702249
v -0.1334440 -0.0395324 0.0825058
v -0.1424228 -0.0194152 0.0828857
v -0.1309663 -0.0241838 0.0950868
v -0.0994845 -0.0291917 0.1070871
v -0.1000163 -0.0431960 0.0915952
v -0.0828873 -0.0429000 0.0899305
v -0.0830079 -0.0290588 0.1042390
v -0.0535713 -0.0218579 0.0852492
v -0.0534955 -0.0398305 0.0713559
v -0.1179229 -0.0418177 0.0890355
v -0.1163404 -0.0271363 0.1037509
v -0.0666156 -0.0409272 0.0843560
v -0.0668065 -0.0266517 0.0974296
v -0.0971176 0.0009357 0.1371151
v -0.0971176 0.0009357 0.1371151
v -0.0975414 -0.0132860 0.1228283
v -0.0830337 -0.0132887 0.1190855
v -0.1260540 -0.0069132 0.1119756
v -0.1367611 -0.0016693 0.0998058
v -0.0683313 -0.0110640 0.1126619
v -0.0557102 -0.0040225 0.1027732
v -0.1132879 -0.0102062 0.1194629
v -0.1439386 -0.0310130 0.0643809
v -0.1439593 -0.0472066 0.0547055
v -0.1439593 -0.0472066 0.0547055
v -0.1321213 -0.0497123 0.0639222
v -0.1321213 -0.0497123 0.0639222
v -0.1308963 -0.0342581 0.0744235
v -0.1388245 -0.0141275 0.0752312
v -0.1281747 -0.0187736 0.0866969
v -0.0521642 -0.0268412 0.0431624
v -0.0521642 -0.0268412 0.0431624
v -0.0521642 -0.0268412 0.0431624
v -0.0510937 -0.0393359 0.0348810
v -0.0510937 -0.0393359 0.0348810
v -0.0510937 -0.0393359 0.0348810
v -0.0993550 -0.0239776 0.0991408
v -0.0998515 -0.0379820 0.0836490
v -0.0838595 -0.0376860 0.0819842
v -0.0839721 -0.0238448 0.0962927
v -0.0999108 -0.0518623 0.0715623
v -0.0999108 -0.0518623 0.0715623
v -0.0836387 -0.0520553 0.0696500
v -0.0836387 -0.0520553 0.0696500
v -0.1498346 -0.0291145 0.0375622
v -0.1498346 -0.0291145 0.0375622
v -0.1498346 -0.0291145 0.0375622
v -0.1509747 -0.0390786 0.0336571
v -0.1509747 -0.0390786 0.0336571
v -0.1509747 -0.0390786 0.0336571
v -0.0578072 -0.0154169 0.0796484
v -0.0556479 -0.0318537 0.0671187
v -0.0562205 -0.0474159 0.0531480
v -0.0562205 -0.0474159 0.0531480
v -0.1168734 -0.0506146 0.0695782
v -0.1168734 -0.0506146 0.0695782
v -0.1165538 -0.0365976 0.0810755
v -0.1147857 -0.0218066 0.0955431
v -0.0686679 -0.0357131 0.0764097
v -0.0684627 -0.0513563 0.0636126
v -0.0684627 -0.0513563 0.0636126
v -0.0688461 -0.0214377 0.0894834
v -0.1334298 0.0352917 0.0790554
v -0.1334298 0.0352917 0.0790554
v -0.1334298 0.0352917 0.0790554
v -0.0843092 0.0066392 0.1265798
v -0.0843092 0.0066392 0.1265798
v -0.0972677 0.0055299 0.1301516
v -0.0972677 0.0055299 0.1301516
v -0.0531543 0.0292669 0.0886081
v -0.0531543 0.0292669 0.0886081
v -0.0531543 0.0292669 0.0886081
v -0.1208285 0.0134026 0.1204060
v -0.1208285 0.0134026 0.1204060
v -0.1275640 0.0184839 0.1112581
v -0.1275640 0.0184839 0.1112581
v -0.0719543 0.0095049 0.1201805
v -0.0719543 0.0095049 0.1201805
v -0.1102044 0.0084937 0.1280091
v -0.1102044 0.0084937 0.1280091
v -0.0619467 0.0147282 0.1110327
v -0.0619467 0.0147282 0.1110327
v -0.0973838 -0.0081248 0.1149097
v -0.0839962 -0.0080747 0.1111393
v -0.0532991 0.0202773 0.0785125
v -0.0532991 0.0202773 0.0785125
v -0.0532991 0.0202773 0.0785125
v -0.1235719 -0.0014998 0.1035784
v -0.1350631 0.0252488 0.0696481
v -0.1350631 0.0252488 0.0696481
v -0.1350631 0.0252488 0.0696481
v -0.1334032 0.0037736 0.0913419
v -0.0702697 -0.0058499 0.1047157
v -0.0584864 0.0011915 0.0948270
v -0.1118397 -0.0049301 0.1117830
v -0.1460253 -0.0134937 0.0677851
v -0.1460253 -0.0134937 0.0677851
v -0.1415274 0.0085772 0.0797286
v -0.1415274 0.0085772 0.0797286
v -0.1415274 0.0085772 0.0797286
v -0.1485910 -0.0428304 0.0430318
v -0.1485910 -0.0428304 0.0430318
v -0.1417076 -0.0102705 0.0631597
v -0.1417076 -0.0102705 0.0631597
v -0.1323131 0.0281823 0.0930558
v -0.1323131 0.0281823 0.0930558
v -0.1457265 -0.0277702 0.0557616
v -0.1457265 -0.0277702 0.0557616
v -0.1457265 -0.0277702 0.0557616
v -0.1362296 0.0117075 0.0748986
v -0.1362296 0.0117075 0.0748986
v -0.1362296 0.0117075 0.0748986
v -0.0523076 -0.0163629 0.0722519
v -0.0523076 -0.0163629 0.0722519
v -0.0499436 -0.0315578 0.0617323
v -0.0499436 -0.0315578 0.0617323
v -0.0499436 -0.0315578 0.0617323
v -0.0526365 -0.0427362 0.0424082
v -0.0526365 -0.0427362 0.0424082
v -0.0560171 -0.0102425 0.0648715
v -0.0560171 -0.0102425 0.0648715
v -0.0537198 -0.0263250 0.0537575
v -0.0537198 -0.0263250 0.0537575
v -0.0537198 -0.0263250 0.0537575
v -0.0565701 0.0227597 0.0992222
v -0.0565701 0.0227597 0.0992222
v -0.0557910 0.0079624 0.0824248
v -0.0557910 0.0079624 0.0824248
v -0.0557910 0.0079624 0.0824248
v -0.1000798 -0.0570763 0.0795086
v -0.1000798 -0.0570763 0.0795086
v -0.1182484 -0.0558287 0.0775244
v -0.1182484 -0.0558287 0.0775244
v -0.0487605 -0.0479690 0.0503830
v -0.0487605 -0.0479690 0.0503830
v -0.0533485 -0.0526663 0.0614597
v -0.0533485 -0.0526663 0.0614597
v -0.1483254 -0.0517327 0.0615931
v -0.1483254 -0.0517327 0.0615931
v -0.1345805 -0.0549263 0.0718684
v -0.1345805 -0.0549263 0.0718684
v -0.0826508 -0.0572694 0.0775962
v -0.0826508 -0.0572694 0.0775962
v -0.1530033 -0.0480648 0.0510092
v -0.1530033 -0.0480648 0.0510092
v -0.1561292 -0.0443281 0.0416573
v -0.1561292 -0.0443281 0.0416573
v -0.1561292 -0.0443281 0.0416573
v -0.0663958 -0.0565704 0.0715589
v -0.0663958 -0.0565704 0.0715589
v -0.0485670 0.0184640 0.0832521
v -0.0485670 0.0184640 0.0832521
v -0.0485670 0.0184640 0.0832521
v -0.0484081 0.0274536 0.0933476
v -0.0484081 0.0274536 0.0933476
v -0.0484081 0.0274536 0.0933476
v -0.0832181 0.0015515 0.1346307
v -0.0832181 0.0015515 0.1346307
v -0.0694866 0.0043686 0.1276187
v -0.0694866 0.0043686 0.1276187
v -0.1112103 0.0031918 0.1361751
v -0.1112103 0.0031918 0.1361751
v -0.1230585 0.0080131 0.1289136
v -0.1230585 0.0080131 0.1289136
v -0.1548801 -0.0343624 0.0455588
v -0.1548801 -0.0343624 0.0455588
v -0.1548801 -0.0343624 0.0455588
v -0.1361049 0.0229030 0.1007726
v -0.1361049 0.0229030 0.1007726
v -0.1373410 0.0343278 0.0818280
v -0.1373410 0.0343278 0.0818280
v -0.1373410 0.0343278 0.0818280
v -0.1305893 0.0129762 0.1197296
v -0.1305893 0.0129762 0.1197296
v -0.0579964 0.0109383 0.1175434
v -0.0579964 0.0109383 0.1175434
v -0.1510104 -0.0308151 0.0600097
v -0.1510104 -0.0308151 0.0600097
v -0.1510104 -0.0308151 0.0600097
v -0.0529823 0.0176233 0.1072525
v -0.0529823 0.0176233 0.1072525
v -0.0471709 -0.0307087 0.0481945
v -0.0471709 -0.0307087 0.0481945
v -0.0471709 -0.0307087 0.0481945
v -0.0459979 -0.0432034 0.0399132
v -0.0459979 -0.0432034 0.0399132
v -0.0459979 -0.0432034 0.0399132
v -0.1391414 0.0243035 0.0723908
v -0.1391414 0.0243035 0.0723908
v -0.1391414 0.0243035 0.0723908
v -0.0521814 0.0027295 0.0903996
v -0.0521814 0.0027295 0.0903996
v -0.0521814 0.0027295 0.0903996
v -0.1487354 -0.0465933 0.0666771
v -0.1350927 -0.0487442 0.0754976
v -0.0482718 -0.0380982 0.0517149
v -0.0481430 -0.0401075 0.0503715
v -0.0999185 -0.0515991 0.0841837
v -0.0820246 -0.0517043 0.0821143
v -0.1534105 -0.0402994 0.0512828
v -0.1531774 -0.0404061 0.0510335
v -0.0529249 -0.0465705 0.0649561
v -0.1186044 -0.0501143 0.0819042
v -0.0655948 -0.0507737 0.0757114
v -0.1382616 0.0253036 0.0831596
v -0.0839490 -0.0035466 0.1296021
v -0.0501964 0.0184552 0.0936962
v -0.1228761 0.0025161 0.1242908
v -0.1312729 0.0071474 0.1155132
v -0.0700991 -0.0015122 0.1238039
v -0.1112060 -0.0017185 0.1308799
v -0.0576446 0.0045614 0.1143782
v -0.0501898 0.0167986 0.0918458
v -0.1386532 0.0228471 0.0808507
v -0.1522369 -0.0417721 0.0545297
v -0.1373354 0.0169868 0.0969023
v -0.1496474 -0.0370095 0.0647387
v -0.0491034 -0.0419860 0.0545014
v -0.0531497 0.0116787 0.1032628
v -0.0537302 0.0015158 0.0987745
v -0.0974593 -0.0044293 0.1328470
v -0.1397645 0.0081503 0.0875307
v -0.1445219 -0.0166270 0.0740585
v -0.0508630 -0.0389467 0.0652285
v -0.0532051 -0.0202975 0.0782295
v -0.1582882 -0.0790220 0.0384018
v -0.1582882 -0.0790220 0.0384018
v -0.1591317 -0.0619514 0.0408277
v -0.1591317 -0.0619514 0.0408277
v -0.1591317 -0.0619514 0.0408277
v -0.1256665 -0.1549476 0.0482423
v -0.1256665 -0.1549476 0.0482423
v -0.1166678 -0.1589496 0.0497107
v -0.1166678 -0.1589496 0.0497107
v -0.1079999 -0.1608197 0.0505461
v -0.1079999 -0.1608197 0.0505461
v -0.0783919 -0.1597117 0.0496944
v -0.0783919 -0.1597117 0.0496944
v -0.0692846 -0.1553516 0.0473247
v -0.0692846 -0.1553516 0.0473247
v -0.0625037 -0.1480423 0.0447423
v -0.0625037 -0.1480423 0.0447423
v -0.0558456 -0.1357805 0.0415661
v -0.0558456 -0.1357805 0.0415661
v -0.0497403 -0.1212619 0.0382850
v -0.0497403 -0.1212619 0.0382850
v -0.0427455 -0.0789057 0.0342960
v -0.0427455 -0.0789057 0.0342960
v -0.0435470 -0.0620457 0.0363404
v -0.0435470 -0.0620457 0.0363404
v -0.0435470 -0.0620457 0.0363404
v -0.1529176 -0.1091605 0.0381273
v -0.1529176 -0.1091605 0.0381273
v -0.1559078 -0.0944591 0.0374117
v -0.1559078 -0.0944591 0.0374117
v -0.0436308 -0.0945648 0.0346292
v -0.0436308 -0.0945648 0.0346292
v -0.0458640 -0.1088765 0.0363612
v -0.0458640 -0.1088765 0.0363612
v -0.0983560 -0.1615560 0.0513397
v -0.0983560 -0.1615560 0.0513397
v -0.0882385 -0.1612649 0.0510153
v -0.0882385 -0.1612649 0.0510153
v -0.1414819 -0.0655836 0.0632915
v -0.1414819 -0.0655836 0.0632915
v -0.1225838 -0.0667227 0.0725060
v -0.1225838 -0.0667227 0.0725060
v -0.1396657 -0.0951719 0.0548449
v -0.1371730 -0.1083796 0.0531521
v -0.1185040 -0.1060426 0.0595587
v -0.1199093 -0.0945791 0.0618982
v -0.1406340 -0.0811726 0.0590917
v -0.1209965 -0.0815972 0.0666494
v -0.0777202 -0.0674676 0.0696003
v -0.0777202 -0.0674676 0.0696003
v -0.0993555 -0.0676748 0.0731111
v -0.0993555 -0.0676748 0.0731111
v -0.0997470 -0.0815627 0.0669240
v -0.0791131 -0.0814469 0.0630623
v -0.0998069 -0.0943762 0.0619230
v -0.0995356 -0.1070077 0.0601462
v -0.0808156 -0.1068777 0.0567523
v -0.0801715 -0.0942933 0.0579350
v -0.1335805 -0.1478600 0.0455546
v -0.1335805 -0.1478600 0.0455546
v -0.0594531 -0.0660154 0.0581368
v -0.0594531 -0.0660154 0.0581368
v -0.0600459 -0.0809060 0.0540259
v -0.0609190 -0.0945881 0.0500394
v -0.0623980 -0.1079458 0.0496665
v -0.0733201 -0.1479658 0.0513463
v -0.0984998 -0.1481008 0.0550367
v -0.0858783 -0.1480316 0.0539666
v -0.1108670 -0.1478330 0.0541304
v -0.1228567 -0.1477473 0.0515321
v -0.1417522 -0.1357753 0.0422702
v -0.1417522 -0.1357753 0.0422702
v -0.1481225 -0.1219748 0.0398822
v -0.1481225 -0.1219748 0.0398822
v -0.1285060 -0.1351594 0.0518099
v -0.1332614 -0.1217194 0.0521039
v -0.1162787 -0.1203971 0.0575568
v -0.1137479 -0.1344349 0.0561466
v -0.0991793 -0.1205497 0.0591696
v -0.0988226 -0.1344483 0.0577170
v -0.0838063 -0.1343467 0.0558498
v -0.0821875 -0.1200493 0.0566697
v -0.0687037 -0.1349868 0.0514294
v -0.0648415 -0.1211573 0.0506677
v -0.1523711 -0.1077605 0.0284279
v -0.1523711 -0.1077605 0.0284279
v -0.1476328 -0.1207669 0.0302155
v -0.1476328 -0.1207669 0.0302155
v -0.1302277 -0.1190522 0.0482329
v -0.1156666 -0.1182522 0.0519237
v -0.0443886 -0.0929433 0.0248767
v -0.0443886 -0.0929433 0.0248767
v -0.0465951 -0.1074721 0.0266350
v -0.0465951 -0.1074721 0.0266350
v -0.0482740 -0.0924092 0.0346212
v -0.0999164 -0.0843296 0.0591338
v -0.0803809 -0.0840908 0.0556542
v -0.1000101 -0.0944310 0.0556316
v -0.0677861 -0.1188489 0.0465056
v -0.0984245 -0.1441310 0.0497193
v -0.0621351 -0.0825737 0.0487543
v -0.0637940 -0.0938300 0.0459062
v -0.1553257 -0.0928361 0.0277014
v -0.1553257 -0.0928361 0.0277014
v -0.0984606 -0.1609510 0.0418408
v -0.0984606 -0.1609510 0.0418408
v -0.0885073 -0.1606786 0.0414901
v -0.0885073 -0.1606786 0.0414901
v -0.1481392 -0.1062793 0.0393243
v -0.1189678 -0.0942169 0.0559025
v -0.1196554 -0.0838900 0.0594684
v -0.0982435 -0.1563047 0.0478445
v -0.1332648 -0.1470472 0.0359679
v -0.1332648 -0.1470472 0.0359679
v -0.1413390 -0.1347791 0.0326336
v -0.1413390 -0.1347791 0.0326336
v -0.1125427 -0.1317643 0.0507034
v -0.0993417 -0.1184684 0.0533366
v -0.0564529 -0.1347838 0.0319092
v -0.0564529 -0.1347838 0.0319092
v -0.0596215 -0.1338076 0.0399260
v -0.0697361 -0.1546524 0.0377649
v -0.0697361 -0.1546524 0.0377649
v -0.0630054 -0.1472270 0.0350938
v -0.0630054 -0.1472270 0.0350938
v -0.0503073 -0.1065618 0.0352676
v -0.1585110 -0.0598602 0.0311693
v -0.1585110 -0.0598602 0.0311693
v -0.1585110 -0.0598602 0.0311693
v -0.1527527 -0.0776529 0.0421006
v -0.0715709 -0.1520594 0.0443485
v -0.0813100 -0.0941791 0.0519725
v -0.0867864 -0.1438928 0.0487515
v -0.1379119 -0.1338160 0.0411040
v -0.0504251 -0.1200455 0.0286039
v -0.0504251 -0.1200455 0.0286039
v -0.1079894 -0.1602035 0.0410351
v -0.1079894 -0.1602035 0.0410351
v -0.1506532 -0.0923191 0.0399856
v -0.1377213 -0.0823763 0.0545981
v -0.1074532 -0.1556701 0.0472161
v -0.1306488 -0.1452833 0.0431897
v -0.0653301 -0.1060548 0.0455487
v -0.0987906 -0.1316636 0.0520166
v -0.1254109 -0.1542230 0.0388145
v -0.1254109 -0.1542230 0.0388145
v -0.1165539 -0.1583050 0.0401871
v -0.1165539 -0.1583050 0.0401871
v -0.0435138 -0.0770467 0.0245385
v -0.0435138 -0.0770467 0.0245385
v -0.0443058 -0.0599559 0.0266139
v -0.0443058 -0.0599559 0.0266139
v -0.0443058 -0.0599559 0.0266139
v -0.0472890 -0.0774418 0.0354002
v -0.1000496 -0.1055500 0.0542836
v -0.1157212 -0.1542926 0.0463565
v -0.1237251 -0.1516330 0.0448802
v -0.1439113 -0.1188409 0.0401344
v -0.0537861 -0.1189318 0.0376239
v -0.0829396 -0.1181457 0.0509603
v -0.0814040 -0.1050650 0.0510035
v -0.0755438 -0.1442485 0.0469107
v -0.0714431 -0.1322326 0.0470654
v -0.0882808 -0.1553961 0.0475134
v -0.1397822 -0.0635744 0.0593309
v -0.1397822 -0.0635744 0.0593309
v -0.1230391 -0.0646915 0.0667972
v -0.1230391 -0.0646915 0.0667972
v -0.1576777 -0.0771647 0.0287066
v -0.1576777 -0.0771647 0.0287066
v -0.0657721 -0.1454631 0.0426622
v -0.0849198 -0.1316094 0.0503101
v -0.1097937 -0.1440688 0.0489874
v -0.1360960 -0.0941187 0.0513778
v -0.1341117 -0.1061484 0.0494111
v -0.0994640 -0.0656795 0.0674075
v -0.0994640 -0.0656795 0.0674075
v -0.1206254 -0.1441025 0.0471974
v -0.1256329 -0.1323299 0.0476769
v -0.1195367 -0.1042976 0.0536068
v -0.0787348 -0.1590787 0.0401705
v -0.0787348 -0.1590787 0.0401705
v -0.0793015 -0.1548253 0.0462027
v -0.0774948 -0.0654476 0.0638475
v -0.0774948 -0.0654476 0.0638475
v -0.0614440 -0.0642803 0.0543115
v -0.0614440 -0.0642803 0.0543115
v -0.1531629 -0.0704524 0.0437033
v -0.1389501 -0.0718341 0.0571484
v -0.1214477 -0.0735858 0.0637771
v -0.0790937 -0.0745424 0.0602757
v -0.0476146 -0.0702411 0.0369193
v -0.0613307 -0.0731788 0.0520447
v -0.0998816 -0.0744619 0.0638775
v 0.1560909 0.0929948 0.3666800
v 0.1560909 0.0929948 0.3666800
v 0.1555444 0.0930429 0.3608579
v 0.1555444 0.0930429 0.3608579
v 0.1610601 0.0967706 0.3654066
v 0.1610601 0.0967706 0.3654066
v 0.1619168 0.0975176 0.3639516
v 0.1619168 0.0975176 0.3639516
v 0.1617832 0.0975293 0.3625284
v 0.1617832 0.0975293 0.3625284
v 0.1606696 0.0968049 0.3612461
v 0.1606696 0.0968049 0.3612461
v 0.1697415 0.0768482 0.3662314
v 0.1697415 0.0768482 0.3662314
v 0.1697415 0.0768482 0.3662314
v 0.1697415 0.0768482 0.3662314
v 0.1705685 0.0762882 0.3649977
v 0.1705685 0.0762882 0.3649977
v 0.1705685 0.0762882 0.3649977
v 0.1705685 0.0762882 0.3649977
v 0.1701772 0.0786013 0.3648404
v 0.1701772 0.0786013 0.3648404
v 0.1701772 0.0786013 0.3648404
v 0.1701772 0.0786013 0.3648404
v 0.1690154 0.0769120 0.3584948
v 0.1690154 0.0769120 0.3584948
v 0.1690154 0.0769120 0.3584948
v 0.1690154 0.0769120 0.3584948
v 0.1697050 0.0786428 0.3598090
v 0.1697050 0.0786428 0.3598090
v 0.1697050 0.0786428 0.3598090
v 0.1697050 0.0786428 0.3598090
v 0.1700567 0.0763331 0.3595439
v 0.1700567 0.0763331 0.3595439
v 0.1700567 0.0763331 0.3595439
v 0.1700567 0.0763331 0.3595439
v 0.1704078 0.0742123 0.3651788
v 0.1704078 0.0742123 0.3651788
v 0.1704078 0.0742123 0.3651788
v 0.1695510 0.0742217 0.3665018
v 0.1695510 0.0742217 0.3665018
v 0.1695510 0.0742217 0.3665018
v 0.1695510 0.0742217 0.3665018
v 0.1698618 0.0742603 0.3593619
v 0.1698618 0.0742603 0.3593619
v 0.1698618 0.0742603 0.3593619
v 0.1687739 0.0742900 0.3582216
v 0.1687739 0.0742900 0.3582216
v 0.1687739 0.0742900 0.3582216
v 0.1687739 0.0742900 0.3582216
v 0.1299399 0.1533633 0.3498806
v 0.1299399 0.1533633 0.3498806
v 0.1322710 0.1531542 0.3761484
v 0.1322710 0.1531542 0.3761484
v 0.1361276 0.1580658 0.3758452
v 0.1361276 0.1580658 0.3758452
v 0.1337964 0.1582748 0.3495774
v 0.1337964 0.1582748 0.3495774
v 0.1339533 0.1501545 0.3494989
v 0.1339533 0.1501545 0.3494989
v 0.1362845 0.1499455 0.3757667
v 0.1362845 0.1499455 0.3757667
v 0.1401682 0.1548351 0.3754609
v 0.1401682 0.1548351 0.3754609
v 0.1378370 0.1550441 0.3491932
v 0.1378370 0.1550441 0.3491932
v 0.1230239 0.1590186 0.3536331
v 0.1230239 0.1590186 0.3536331
v 0.1268805 0.1639301 0.3533300
v 0.1268805 0.1639301 0.3533300
v 0.1286668 0.1637700 0.3734589
v 0.1286668 0.1637700 0.3734589
v 0.1248103 0.1588584 0.3737621
v 0.1248103 0.1588584 0.3737621
v 0.1176419 0.1637569 0.3620248
v 0.1176419 0.1637569 0.3620248
v 0.1214984 0.1686685 0.3617217
v 0.1214984 0.1686685 0.3617217
v 0.1218978 0.1686327 0.3662222
v 0.1218978 0.1686327 0.3662222
v 0.1180413 0.1637211 0.3665254
v 0.1180413 0.1637211 0.3665254
v 0.1302810 0.1611076 0.3508065
v 0.1302810 0.1611076 0.3508065
v 0.1324546 0.1609127 0.3752992
v 0.1324546 0.1609127 0.3752992
v 0.1264244 0.1561961 0.3511097
v 0.1264244 0.1561961 0.3511097
v 0.1285981 0.1560012 0.3756025
v 0.1285981 0.1560012 0.3756025
v 0.1277736 0.1638501 0.3633945
v 0.1239171 0.1589385 0.3636976
v 0.1211512 0.1690828 0.3640239
v 0.1211512 0.1690828 0.3640239
v 0.1172946 0.1641712 0.3643271
v 0.1172946 0.1641712 0.3643271
v 0.1172946 0.1641712 0.3643271
v 0.1358090 0.1580943 0.3722557
v 0.1341150 0.1582462 0.3531670
v 0.1313791 0.1610012 0.3630518
v 0.1313791 0.1610012 0.3630518
v 0.1302584 0.1533347 0.3534702
v 0.1319526 0.1531827 0.3725587
v 0.1275226 0.1560897 0.3633550
v 0.1275226 0.1560897 0.3633550
v 0.1381556 0.1550156 0.3527827
v 0.1381556 0.1550156 0.3527827
v 0.1381556 0.1550156 0.3527827
v 0.1398496 0.1548637 0.3718713
v 0.1398496 0.1548637 0.3718713
v 0.1398496 0.1548637 0.3718713
v 0.1359660 0.1499740 0.3721771
v 0.1359660 0.1499740 0.3721771
v 0.1359660 0.1499740 0.3721771
v 0.1342719 0.1501260 0.3530885
v 0.1342719 0.1501260 0.3530885
v 0.1342719 0.1501260 0.3530885
v 0.1424115 0.1530378 0.3752475
v 0.1424115 0.1530378 0.3752475
v 0.1424115 0.1530378 0.3752475
v 0.1385278 0.1481482 0.3755532
v 0.1385278 0.1481482 0.3755532
v 0.1385278 0.1481482 0.3755532
v 0.1361966 0.1483571 0.3492855
v 0.1361966 0.1483571 0.3492855
v 0.1361966 0.1483571 0.3492855
v 0.1400803 0.1532468 0.3489797
v 0.1400803 0.1532468 0.3489797
v 0.1400803 0.1532468 0.3489797
v 0.1350390 0.1496566 0.3553361
v 0.1350390 0.1496566 0.3553361
v 0.1363246 0.1495413 0.3698223
v 0.1363246 0.1495413 0.3698223
v 0.1315200 0.1529270 0.3629751
v 0.1357299 0.1492669 0.3578850
v 0.1357299 0.1492669 0.3578850
v 0.1362426 0.1490485 0.3609099
v 0.1362426 0.1490485 0.3609099
v 0.1365270 0.1490230 0.3641146
v 0.1365270 0.1490230 0.3641146
v 0.1365553 0.1491928 0.3671857
v 0.1365553 0.1491928 0.3671857
v 0.1402083 0.1544310 0.3695166
v 0.1402083 0.1544310 0.3695166
v 0.1389227 0.1545463 0.3550303
v 0.1389227 0.1545463 0.3550303
v 0.1404390 0.1540825 0.3668800
v 0.1404390 0.1540825 0.3668800
v 0.1404107 0.1539126 0.3638090
v 0.1404107 0.1539126 0.3638090
v 0.1401263 0.1539381 0.3606041
v 0.1401263 0.1539381 0.3606041
v 0.1396135 0.1541564 0.3575791
v 0.1396135 0.1541564 0.3575791
v 0.1327345 0.1568796 0.3487848
v 0.1327345 0.1568796 0.3487848
v 0.1352199 0.1566567 0.3767903
v 0.1352199 0.1566567 0.3767903
v 0.1395199 0.1532188 0.3763813
v 0.1395199 0.1532188 0.3763813
v 0.1370345 0.1534417 0.3483758
v 0.1370345 0.1534417 0.3483758
v 0.1253610 0.1629092 0.3527856
v 0.1253610 0.1629092 0.3527856
v 0.1272656 0.1627383 0.3742461
v 0.1272656 0.1627383 0.3742461
v 0.1196230 0.1679608 0.3617323
v 0.1196230 0.1679608 0.3617323
v 0.1200489 0.1679226 0.3665307
v 0.1200489 0.1679226 0.3665307
v 0.1313040 0.1596920 0.3762082
v 0.1313040 0.1596920 0.3762082
v 0.1289866 0.1598998 0.3500953
v 0.1289866 0.1598998 0.3500953
v 0.1192527 0.1684026 0.3641869
v 0.1192527 0.1684026 0.3641869
v 0.1192527 0.1684026 0.3641869
v 0.1400095 0.1526015 0.3723901
v 0.1400095 0.1526015 0.3723901
v 0.1400095 0.1526015 0.3723901
v 0.1400095 0.1526015 0.3723901
v 0.1382034 0.1527633 0.3520389
v 0.1382034 0.1527633 0.3520389
v 0.1382034 0.1527633 0.3520389
v 0.1382034 0.1527633 0.3520389
v 0.1427409 0.1506547 0.3759899
v 0.1427409 0.1506547 0.3759899
v 0.1427409 0.1506547 0.3759899
v 0.1427409 0.1506547 0.3759899
v 0.1402555 0.1508775 0.3479844
v 0.1402555 0.1508775 0.3479844
v 0.1402555 0.1508775 0.3479844
v 0.1402555 0.1508775 0.3479844
v 0.1390213 0.1522630 0.3544351
v 0.1390213 0.1522630 0.3544351
v 0.1397579 0.1518474 0.3571528
v 0.1397579 0.1518474 0.3571528
v 0.1403045 0.1516146 0.3603778
v 0.1403045 0.1516146 0.3603778
v 0.1406078 0.1515875 0.3637946
v 0.1406078 0.1515875 0.3637946
v 0.1406379 0.1517685 0.3670688
v 0.1406379 0.1517685 0.3670688
v 0.1403920 0.1521401 0.3698799
v 0.1403920 0.1521401 0.3698799
v 0.1187239 0.1627422 0.3593305
v 0.1187239 0.1627422 0.3593305
v 0.1208669 0.1608489 0.3558830
v 0.1208669 0.1608489 0.3558830
v 0.1225804 0.1676537 0.3590273
v 0.1225804 0.1676537 0.3590273
v 0.1247247 0.1657594 0.3555787
v 0.1247247 0.1657594 0.3555787
v 0.1261514 0.1656315 0.3716542
v 0.1261514 0.1656315 0.3716542
v 0.1234359 0.1675770 0.3686673
v 0.1234359 0.1675770 0.3686673
v 0.1222934 0.1607211 0.3719563
v 0.1222934 0.1607211 0.3719563
v 0.1195795 0.1626655 0.3689706
v 0.1195795 0.1626655 0.3689706
v 0.1229871 0.1676320 0.3638494
v 0.1254437 0.1656910 0.3636159
v 0.1191306 0.1627205 0.3641526
v 0.1215859 0.1607805 0.3639192
v 0.1229720 0.1649364 0.3552777
v 0.1229720 0.1649364 0.3552777
v 0.1208372 0.1668222 0.3587089
v 0.1208372 0.1668222 0.3587089
v 0.1217748 0.1667380 0.3692746
v 0.1217748 0.1667380 0.3692746
v 0.1244779 0.1648014 0.3722461
v 0.1244779 0.1648014 0.3722461
v 0.1661738 0.1193470 0.3729580
v 0.1661738 0.1193470 0.3729580
v 0.1661738 0.1193470 0.3729580
v 0.1670246 0.1208112 0.3739432
v 0.1670246 0.1208112 0.3739432
v 0.1670246 0.1208112 0.3739432
v 0.1670246 0.1208112 0.3739432
v 0.1638984 0.1192600 0.3480577
v 0.1638984 0.1192600 0.3480577
v 0.1638984 0.1192600 0.3480577
v 0.1645571 0.1207211 0.3469236
v 0.1645571 0.1207211 0.3469236
v 0.1645571 0.1207211 0.3469236
v 0.1645571 0.1207211 0.3469236
v 0.1624028 0.1294701 0.3732853
v 0.1624028 0.1294701 0.3732853
v 0.1624028 0.1294701 0.3732853
v 0.1640397 0.1288616 0.3742040
v 0.1640397 0.1288616 0.3742040
v 0.1640397 0.1288616 0.3742040
v 0.1640397 0.1288616 0.3742040
v 0.1601595 0.1294685 0.3483818
v 0.1601595 0.1294685 0.3483818
v 0.1601595 0.1294685 0.3483818
v 0.1616035 0.1288443 0.3471811
v 0.1616035 0.1288443 0.3471811
v 0.1616035 0.1288443 0.3471811
v 0.1616035 0.1288443 0.3471811
v 0.1583579 0.1170000 0.3736760
v 0.1583579 0.1170000 0.3736760
v 0.1583579 0.1170000 0.3736760
v 0.1570505 0.1177176 0.3748583
v 0.1570505 0.1177176 0.3748583
v 0.1570505 0.1177176 0.3748583
v 0.1570505 0.1177176 0.3748583
v 0.1549570 0.1259641 0.3739549
v 0.1549570 0.1259641 0.3739549
v 0.1549570 0.1259641 0.3739549
v 0.1544544 0.1244832 0.3750704
v 0.1544544 0.1244832 0.3750704
v 0.1544544 0.1244832 0.3750704
v 0.1544544 0.1244832 0.3750704
v 0.1560856 0.1169257 0.3487754
v 0.1560856 0.1169257 0.3487754
v 0.1560856 0.1169257 0.3487754
v 0.1545850 0.1176476 0.3478387
v 0.1545850 0.1176476 0.3478387
v 0.1545850 0.1176476 0.3478387
v 0.1545850 0.1176476 0.3478387
v 0.1527108 0.1259728 0.3490519
v 0.1527108 0.1259728 0.3490519
v 0.1527108 0.1259728 0.3490519
v 0.1520133 0.1244825 0.3480483
v 0.1520133 0.1244825 0.3480483
v 0.1520133 0.1244825 0.3480483
v 0.1520133 0.1244825 0.3480483
v 0.1544510 0.1259934 0.3685779
v 0.1544510 0.1259934 0.3685779
v 0.1531811 0.1259846 0.3544340
v 0.1531811 0.1259846 0.3544340
v 0.1538121 0.1261119 0.3615078
v 0.1538121 0.1261119 0.3615078
v 0.1525870 0.1244995 0.3544889
v 0.1525870 0.1244995 0.3544889
v 0.1538604 0.1245176 0.3686330
v 0.1538604 0.1245176 0.3686330
v 0.1531970 0.1246529 0.3615660
v 0.1531970 0.1246529 0.3615660
v 0.1564232 0.1177138 0.3684249
v 0.1564232 0.1177138 0.3684249
v 0.1551500 0.1176699 0.3542805
v 0.1551500 0.1176699 0.3542805
v 0.1556173 0.1177416 0.3613750
v 0.1556173 0.1177416 0.3613750
v 0.1565471 0.1169435 0.3541587
v 0.1565471 0.1169435 0.3541587
v 0.1578216 0.1169895 0.3683024
v 0.1578216 0.1169895 0.3683024
v 0.1570094 0.1169842 0.3612532
v 0.1570094 0.1169842 0.3612532
v 0.1610306 0.1296074 0.3537265
v 0.1610306 0.1296074 0.3537265
v 0.1623179 0.1296013 0.3678668
v 0.1623179 0.1296013 0.3678668
v 0.1620020 0.1295656 0.3607609
v 0.1620020 0.1295656 0.3607609
v 0.1638903 0.1289911 0.3677237
v 0.1638903 0.1289911 0.3677237
v 0.1626032 0.1289950 0.3535822
v 0.1626032 0.1289950 0.3535822
v 0.1635349 0.1289048 0.3606211
v 0.1635349 0.1289048 0.3606211
v 0.1655432 0.1208581 0.3533263
v 0.1655432 0.1208581 0.3533263
v 0.1668256 0.1208898 0.3674687
v 0.1668256 0.1208898 0.3674687
v 0.1662785 0.1207649 0.3603904
v 0.1662785 0.1207649 0.3603904
v 0.1660259 0.1194165 0.3675469
v 0.1660259 0.1194165 0.3675469
v 0.1647440 0.1193785 0.3534054
v 0.1647440 0.1193785 0.3534054
v 0.1654726 0.1193176 0.3604707
v 0.1654726 0.1193176 0.3604707
v 0.1564499 0.0769091 0.3503968
v 0.1564499 0.0769091 0.3503968
v 0.1586365 0.0771405 0.3737337
v 0.1586365 0.0771405 0.3737337
v 0.1631279 0.0762565 0.3733217
v 0.1631279 0.0762565 0.3733217
v 0.1609413 0.0760251 0.3499848
v 0.1609413 0.0760251 0.3499848
v 0.1586794 0.0885339 0.3500727
v 0.1586794 0.0885339 0.3500727
v 0.1608659 0.0887652 0.3734096
v 0.1608659 0.0887652 0.3734096
v 0.1653757 0.0879815 0.3729948
v 0.1653757 0.0879815 0.3729948
v 0.1631893 0.0877502 0.3496580
v 0.1631893 0.0877502 0.3496580
v 0.1601627 0.0983325 0.3498366
v 0.1601627 0.0983325 0.3498366
v 0.1623492 0.0985638 0.3731735
v 0.1623492 0.0985638 0.3731735
v 0.1668978 0.0980563 0.3727523
v 0.1668978 0.0980563 0.3727523
v 0.1647112 0.0978250 0.3494155
v 0.1647112 0.0978250 0.3494155
v 0.1611048 0.1071338 0.3496492
v 0.1611048 0.1071338 0.3496492
v 0.1632704 0.1073134 0.3729885
v 0.1632704 0.1073134 0.3729885
v 0.1677565 0.1076521 0.3725716
v 0.1677565 0.1076521 0.3725716
v 0.1655880 0.1074618 0.3492325
v 0.1655880 0.1074618 0.3492325
v 0.1596502 0.1162293 0.3497081
v 0.1596502 0.1162293 0.3497081
v 0.1617832 0.1163131 0.3730509
v 0.1617832 0.1163131 0.3730509
v 0.1660816 0.1176758 0.3726546
v 0.1660816 0.1176758 0.3726546
v 0.1639460 0.1175856 0.3493120
v 0.1639460 0.1175856 0.3493120
v 0.1554594 0.1274953 0.3500558
v 0.1554594 0.1274953 0.3500558
v 0.1575627 0.1274867 0.3734014
v 0.1575627 0.1274867 0.3734014
v 0.1616379 0.1295144 0.3730351
v 0.1616379 0.1295144 0.3730351
v 0.1595338 0.1295173 0.3496895
v 0.1595338 0.1295173 0.3496895
v 0.1498165 0.1367157 0.3505604
v 0.1498165 0.1367157 0.3505604
v 0.1518945 0.1365874 0.3739080
v 0.1518945 0.1365874 0.3739080
v 0.1552435 0.1396819 0.3736274
v 0.1552435 0.1396819 0.3736274
v 0.1531651 0.1398072 0.3502798
v 0.1531651 0.1398072 0.3502798
v 0.1429107 0.1434059 0.3512084
v 0.1429107 0.1434059 0.3512084
v 0.1449827 0.1432201 0.3745562
v 0.1449827 0.1432201 0.3745562
v 0.1479032 0.1467615 0.3743252
v 0.1479032 0.1467615 0.3743252
v 0.1458311 0.1469473 0.3509775
v 0.1458311 0.1469473 0.3509775
v 0.1335598 0.1508816 0.3520977
v 0.1335598 0.1508816 0.3520977
v 0.1335598 0.1508816 0.3520977
v 0.1356319 0.1506958 0.3754456
v 0.1356319 0.1506958 0.3754456
v 0.1356319 0.1506958 0.3754456
v 0.1384891 0.1542886 0.3752205
v 0.1384891 0.1542886 0.3752205
v 0.1384891 0.1542886 0.3752205
v 0.1364170 0.1544743 0.3518728
v 0.1364170 0.1544743 0.3518728
v 0.1364170 0.1544743 0.3518728
v 0.1640183 0.0782593 0.3752722
v 0.1640183 0.0782593 0.3752722
v 0.1640183 0.0782593 0.3752722
v 0.1640183 0.0782593 0.3752722
v 0.1614536 0.0784847 0.3479464
v 0.1614536 0.0784847 0.3479464
v 0.1614536 0.0784847 0.3479464
v 0.1614536 0.0784847 0.3479464
v 0.1614482 0.1074880 0.3484311
v 0.1614482 0.1074880 0.3484311
v 0.1614482 0.1074880 0.3484311
v 0.1614482 0.1074880 0.3484311
v 0.1639673 0.1072666 0.3752710
v 0.1639673 0.1072666 0.3752710
v 0.1639673 0.1072666 0.3752710
v 0.1639673 0.1072666 0.3752710
v 0.1547505 0.0676474 0.3391827
v 0.1547505 0.0676474 0.3391827
v 0.1547505 0.0676474 0.3391827
v 0.1547505 0.0676474 0.3391827
v 0.1546384 0.1159349 0.3407370
v 0.1546384 0.1159349 0.3407370
v 0.1546384 0.1159349 0.3407370
v 0.1546384 0.1159349 0.3407370
v 0.1587209 0.1155762 0.3842346
v 0.1587209 0.1155762 0.3842346
v 0.1587209 0.1155762 0.3842346
v 0.1587209 0.1155762 0.3842346
v 0.1590462 0.0672699 0.3849515
v 0.1590462 0.0672699 0.3849515
v 0.1590462 0.0672699 0.3849515
v 0.1590462 0.0672699 0.3849515
v 0.1553354 0.0784825 0.3485207
v 0.1553354 0.0784825 0.3485207
v 0.1553354 0.0784825 0.3485207
v 0.1553354 0.0784825 0.3485207
v 0.1553268 0.1073816 0.3490048
v 0.1553268 0.1073816 0.3490048
v 0.1553268 0.1073816 0.3490048
v 0.1553268 0.1073816 0.3490048
v 0.1578458 0.1071603 0.3758446
v 0.1578458 0.1071603 0.3758446
v 0.1578458 0.1071603 0.3758446
v 0.1578458 0.1071603 0.3758446
v 0.1579000 0.0782572 0.3758464
v 0.1579000 0.0782572 0.3758464
v 0.1579000 0.0782572 0.3758464
v 0.1579000 0.0782572 0.3758464
v 0.1611284 0.0694931 0.3385994
v 0.1611284 0.0694931 0.3385994
v 0.1611284 0.0694931 0.3385994
v 0.1611284 0.0694931 0.3385994
v 0.1626500 0.0719984 0.3418985
v 0.1626500 0.0719984 0.3418985
v 0.1626500 0.0719984 0.3418985
v 0.1626500 0.0719984 0.3418985
v 0.1615979 0.1138028 0.3428814
v 0.1615979 0.1138028 0.3428814
v 0.1615979 0.1138028 0.3428814
v 0.1615979 0.1138028 0.3428814
v 0.1596057 0.1158941 0.3402705
v 0.1596057 0.1158941 0.3402705
v 0.1596057 0.1158941 0.3402705
v 0.1596057 0.1158941 0.3402705
v 0.1663091 0.0716770 0.3808848
v 0.1663091 0.0716770 0.3808848
v 0.1663091 0.0716770 0.3808848
v 0.1663091 0.0716770 0.3808848
v 0.1654240 0.0691156 0.3843680
v 0.1654240 0.0691156 0.3843680
v 0.1654240 0.0691156 0.3843680
v 0.1654240 0.0691156 0.3843680
v 0.1636882 0.1155354 0.3837682
v 0.1636882 0.1155354 0.3837682
v 0.1636882 0.1155354 0.3837682
v 0.1636882 0.1155354 0.3837682
v 0.1651566 0.1134901 0.3807983
v 0.1651566 0.1134901 0.3807983
v 0.1651566 0.1134901 0.3807983
v 0.1651566 0.1134901 0.3807983
v 0.1439588 0.0932253 0.2551893
v 0.1439588 0.0932253 0.2551893
v 0.1446563 0.0933178 0.2609947
v 0.1446563 0.0933178 0.2609947
v 0.1488417 0.0973109 0.2553781
v 0.1488417 0.0973109 0.2553781
v 0.1499394 0.0981276 0.2566180
v 0.1499394 0.0981276 0.2566180
v 0.1501099 0.0981502 0.2580371
v 0.1501099 0.0981502 0.2580371
v 0.1493402 0.0973770 0.2595266
v 0.1493402 0.0973770 0.2595266
v 0.1583663 0.0779399 0.2527331
v 0.1583663 0.0779399 0.2527331
v 0.1583663 0.0779399 0.2527331
v 0.1583663 0.0779399 0.2527331
v 0.1594689 0.0774473 0.2537633
v 0.1594689 0.0774473 0.2537633
v 0.1594689 0.0774473 0.2537633
v 0.1594689 0.0774473 0.2537633
v 0.1589776 0.0797345 0.2539996
v 0.1589776 0.0797345 0.2539996
v 0.1589776 0.0797345 0.2539996
v 0.1589776 0.0797345 0.2539996
v 0.1592933 0.0780627 0.2604475
v 0.1592933 0.0780627 0.2604475
v 0.1592933 0.0780627 0.2604475
v 0.1592933 0.0780627 0.2604475
v 0.1595804 0.0798144 0.2590165
v 0.1595804 0.0798144 0.2590165
v 0.1595804 0.0798144 0.2590165
v 0.1595804 0.0798144 0.2590165
v 0.1601224 0.0775339 0.2592014
v 0.1601224 0.0775339 0.2592014
v 0.1601224 0.0775339 0.2592014
v 0.1601224 0.0775339 0.2592014
v 0.1594021 0.0753633 0.2536208
v 0.1594021 0.0753633 0.2536208
v 0.1594021 0.0753633 0.2536208
v 0.1582856 0.0753033 0.2525098
v 0.1582856 0.0753033 0.2525098
v 0.1582856 0.0753033 0.2525098
v 0.1582856 0.0753033 0.2525098
v 0.1600991 0.0754557 0.2594210
v 0.1600991 0.0754557 0.2594210
v 0.1600991 0.0754557 0.2594210
v 0.1592777 0.0754348 0.2607663
v 0.1592777 0.0754348 0.2607663
v 0.1592777 0.0754348 0.2607663
v 0.1592777 0.0754348 0.2607663
v 0.1184983 0.1515449 0.2773584
v 0.1184983 0.1515449 0.2773584
v 0.1153886 0.1516414 0.2511707
v 0.1153886 0.1516414 0.2511707
v 0.1189241 0.1567823 0.2507699
v 0.1189241 0.1567823 0.2507699
v 0.1220338 0.1566857 0.2769576
v 0.1220338 0.1566857 0.2769576
v 0.1226892 0.1485907 0.2768500
v 0.1226892 0.1485907 0.2768500
v 0.1195796 0.1486873 0.2506621
v 0.1195796 0.1486873 0.2506621
v 0.1231434 0.1538078 0.2502579
v 0.1231434 0.1538078 0.2502579
v 0.1262531 0.1537113 0.2764456
v 0.1262531 0.1537113 0.2764456
v 0.1106329 0.1567802 0.2752085
v 0.1106329 0.1567802 0.2752085
v 0.1141684 0.1619210 0.2748077
v 0.1141684 0.1619210 0.2748077
v 0.1117854 0.1619951 0.2547400
v 0.1117854 0.1619951 0.2547400
v 0.1082500 0.1568542 0.2551408
v 0.1082500 0.1568542 0.2551408
v 0.1033672 0.1612242 0.2681872
v 0.1033672 0.1612242 0.2681872
v 0.1069027 0.1663650 0.2677863
v 0.1069027 0.1663650 0.2677863
v 0.1063699 0.1663815 0.2632995
v 0.1063699 0.1663815 0.2632995
v 0.1028344 0.1612408 0.2637003
v 0.1028344 0.1612408 0.2637003
v 0.1181777 0.1593009 0.2765278
v 0.1181777 0.1593009 0.2765278
v 0.1152782 0.1593910 0.2521097
v 0.1152782 0.1593910 0.2521097
v 0.1146422 0.1541601 0.2769287
v 0.1146422 0.1541601 0.2769287
v 0.1117426 0.1542502 0.2525106
v 0.1117426 0.1542502 0.2525106
v 0.1129769 0.1619580 0.2647738
v 0.1094414 0.1568172 0.2651747
v 0.1060655 0.1667708 0.2656122
v 0.1060655 0.1667708 0.2656122
v 0.1025299 0.1616300 0.2660130
v 0.1025299 0.1616300 0.2660130
v 0.1025299 0.1616300 0.2660130
v 0.1167280 0.1593460 0.2643187
v 0.1167280 0.1593460 0.2643187
v 0.1193491 0.1567690 0.2543485
v 0.1216088 0.1566989 0.2733790
v 0.1180734 0.1515580 0.2737798
v 0.1158137 0.1516282 0.2547494
v 0.1132042 0.1541969 0.2647182
v 0.1132042 0.1541969 0.2647182
v 0.1258281 0.1537245 0.2728669
v 0.1258281 0.1537245 0.2728669
v 0.1258281 0.1537245 0.2728669
v 0.1235684 0.1537946 0.2538365
v 0.1235684 0.1537946 0.2538365
v 0.1235684 0.1537946 0.2538365
v 0.1200045 0.1486741 0.2542408
v 0.1200045 0.1486741 0.2542408
v 0.1200045 0.1486741 0.2542408
v 0.1222643 0.1486039 0.2732712
v 0.1222643 0.1486039 0.2732712
v 0.1222643 0.1486039 0.2732712
v 0.1254861 0.1521528 0.2499737
v 0.1254861 0.1521528 0.2499737
v 0.1254861 0.1521528 0.2499737
v 0.1219223 0.1470323 0.2503780
v 0.1219223 0.1470323 0.2503780
v 0.1219223 0.1470323 0.2503780
v 0.1250319 0.1469356 0.2765656
v 0.1250319 0.1469356 0.2765656
v 0.1250319 0.1469356 0.2765656
v 0.1285958 0.1520562 0.2761614
v 0.1285958 0.1520562 0.2761614
v 0.1285958 0.1520562 0.2761614
v 0.1225796 0.1481971 0.2709058
v 0.1225796 0.1481971 0.2709058
v 0.1208648 0.1482503 0.2564637
v 0.1208648 0.1482503 0.2564637
v 0.1173764 0.1512877 0.2642120
v 0.1227539 0.1478667 0.2682626
v 0.1227539 0.1478667 0.2682626
v 0.1226461 0.1476991 0.2651932
v 0.1226461 0.1476991 0.2651932
v 0.1222667 0.1477109 0.2619982
v 0.1222667 0.1477109 0.2619982
v 0.1216529 0.1479008 0.2589901
v 0.1216529 0.1479008 0.2589901
v 0.1244286 0.1533709 0.2560593
v 0.1244286 0.1533709 0.2560593
v 0.1261436 0.1533176 0.2705014
v 0.1261436 0.1533176 0.2705014
v 0.1252168 0.1530215 0.2585858
v 0.1252168 0.1530215 0.2585858
v 0.1258305 0.1528315 0.2615938
v 0.1258305 0.1528315 0.2615938
v 0.1262100 0.1528197 0.2647889
v 0.1262100 0.1528197 0.2647889
v 0.1263178 0.1529872 0.2678583
v 0.1263178 0.1529872 0.2678583
v 0.1212429 0.1552221 0.2779246
v 0.1212429 0.1552221 0.2779246
v 0.1179276 0.1553251 0.2500045
v 0.1179276 0.1553251 0.2500045
v 0.1224177 0.1521598 0.2494596
v 0.1224177 0.1521598 0.2494596
v 0.1257331 0.1520569 0.2773798
v 0.1257331 0.1520569 0.2773798
v 0.1128572 0.1608038 0.2756323
v 0.1128572 0.1608038 0.2756323
v 0.1103166 0.1608827 0.2542372
v 0.1103166 0.1608827 0.2542372
v 0.1051109 0.1655417 0.2681466
v 0.1051109 0.1655417 0.2681466
v 0.1045429 0.1655594 0.2633629
v 0.1045429 0.1655594 0.2633629
v 0.1140404 0.1581064 0.2514329
v 0.1140404 0.1581064 0.2514329
v 0.1171318 0.1580104 0.2774661
v 0.1171318 0.1580104 0.2774661
v 0.1042183 0.1659744 0.2658286
v 0.1042183 0.1659744 0.2658286
v 0.1042183 0.1659744 0.2658286
v 0.1237533 0.1515500 0.2532536
v 0.1237533 0.1515500 0.2532536
v 0.1237533 0.1515500 0.2532536
v 0.1237533 0.1515500 0.2532536
v 0.1261626 0.1514751 0.2735429
v 0.1261626 0.1514751 0.2735429
v 0.1261626 0.1514751 0.2735429
v 0.1261626 0.1514751 0.2735429
v 0.1257979 0.1497995 0.2491349
v 0.1257979 0.1497995 0.2491349
v 0.1257979 0.1497995 0.2491349
v 0.1257979 0.1497995 0.2491349
v 0.1291133 0.1496965 0.2770551
v 0.1291133 0.1496965 0.2770551
v 0.1291133 0.1496965 0.2770551
v 0.1291133 0.1496965 0.2770551
v 0.1264988 0.1510414 0.2710209
v 0.1264988 0.1510414 0.2710209
v 0.1266846 0.1506892 0.2682027
v 0.1266846 0.1506892 0.2682027
v 0.1265696 0.1505105 0.2649303
v 0.1265696 0.1505105 0.2649303
v 0.1261651 0.1505232 0.2615240
v 0.1261651 0.1505232 0.2615240
v 0.1255107 0.1507256 0.2583169
v 0.1255107 0.1507256 0.2583169
v 0.1246704 0.1510982 0.2556232
v 0.1246704 0.1510982 0.2556232
v 0.1050387 0.1602626 0.2705833
v 0.1050387 0.1602626 0.2705833
v 0.1079539 0.1584860 0.2734827
v 0.1079539 0.1584860 0.2734827
v 0.1085741 0.1654034 0.2701825
v 0.1085741 0.1654034 0.2701825
v 0.1114909 0.1636258 0.2730828
v 0.1114909 0.1636258 0.2730828
v 0.1095879 0.1636849 0.2570561
v 0.1095879 0.1636849 0.2570561
v 0.1074330 0.1654389 0.2605719
v 0.1074330 0.1654389 0.2605719
v 0.1060512 0.1585451 0.2574584
v 0.1060512 0.1585451 0.2574584
v 0.1038975 0.1602980 0.2609726
v 0.1038975 0.1602980 0.2609726
v 0.1079815 0.1654365 0.2653798
v 0.1105454 0.1636512 0.2650688
v 0.1044461 0.1602957 0.2657806
v 0.1070085 0.1585114 0.2654698
v 0.1098900 0.1626931 0.2737207
v 0.1098900 0.1626931 0.2737207
v 0.1069865 0.1644628 0.2708355
v 0.1069865 0.1644628 0.2708355
v 0.1057358 0.1645016 0.2603020
v 0.1057358 0.1645016 0.2603020
v 0.1078812 0.1627555 0.2568041
v 0.1078812 0.1627555 0.2568041
v 0.1507636 0.1200004 0.2469283
v 0.1507636 0.1200004 0.2469283
v 0.1507636 0.1200004 0.2469283
v 0.1513067 0.1215097 0.2457929
v 0.1513067 0.1215097 0.2457929
v 0.1513067 0.1215097 0.2457929
v 0.1513067 0.1215097 0.2457929
v 0.1537716 0.1199670 0.2717509
v 0.1537716 0.1199670 0.2717509
v 0.1537716 0.1199670 0.2717509
v 0.1545672 0.1214684 0.2727285
v 0.1545672 0.1214684 0.2727285
v 0.1545672 0.1214684 0.2727285
v 0.1545672 0.1214684 0.2727285
v 0.1464981 0.1299112 0.2474628
v 0.1464981 0.1299112 0.2474628
v 0.1464981 0.1299112 0.2474628
v 0.1479291 0.1293950 0.2462171
v 0.1479291 0.1293950 0.2462171
v 0.1479291 0.1293950 0.2462171
v 0.1479291 0.1293950 0.2462171
v 0.1494889 0.1298620 0.2722875
v 0.1494889 0.1298620 0.2722875
v 0.1494889 0.1298620 0.2722875
v 0.1511784 0.1293407 0.2731541
v 0.1511784 0.1293407 0.2731541
v 0.1511784 0.1293407 0.2731541
v 0.1511784 0.1293407 0.2731541
v 0.1431420 0.1171799 0.2478481
v 0.1431420 0.1171799 0.2478481
v 0.1431420 0.1171799 0.2478481
v 0.1415848 0.1178120 0.2469652
v 0.1415848 0.1178120 0.2469652
v 0.1415848 0.1178120 0.2469652
v 0.1415848 0.1178120 0.2469652
v 0.1393148 0.1259535 0.2483196
v 0.1393148 0.1259535 0.2483196
v 0.1393148 0.1259535 0.2483196
v 0.1386662 0.1244364 0.2473239
v 0.1386662 0.1244364 0.2473239
v 0.1386662 0.1244364 0.2473239
v 0.1386662 0.1244364 0.2473239
v 0.1461464 0.1171468 0.2726713
v 0.1461464 0.1171468 0.2726713
v 0.1461464 0.1171468 0.2726713
v 0.1448389 0.1177757 0.2739016
v 0.1448389 0.1177757 0.2739016
v 0.1448389 0.1177757 0.2739016
v 0.1448389 0.1177757 0.2739016
v 0.1423001 0.1259055 0.2731450
v 0.1423001 0.1259055 0.2731450
v 0.1423001 0.1259055 0.2731450
v 0.1419071 0.1243901 0.2742620
v 0.1419071 0.1243901 0.2742620
v 0.1419071 0.1243901 0.2742620
v 0.1419071 0.1243901 0.2742620
v 0.1399264 0.1259683 0.2536873
v 0.1399264 0.1259683 0.2536873
v 0.1416337 0.1259321 0.2677846
v 0.1416337 0.1259321 0.2677846
v 0.1407382 0.1260778 0.2607427
v 0.1407382 0.1260778 0.2607427
v 0.1411221 0.1244191 0.2678444
v 0.1411221 0.1244191 0.2678444
v 0.1394160 0.1244574 0.2537464
v 0.1394160 0.1244574 0.2537464
v 0.1402073 0.1245847 0.2608048
v 0.1402073 0.1245847 0.2608048
v 0.1423144 0.1178128 0.2533900
v 0.1423144 0.1178128 0.2533900
v 0.1440383 0.1177898 0.2674859
v 0.1440383 0.1177898 0.2674859
v 0.1429857 0.1178445 0.2604628
v 0.1429857 0.1178445 0.2604628
v 0.1454654 0.1171555 0.2673126
v 0.1454654 0.1171555 0.2673126
v 0.1437399 0.1171747 0.2532174
v 0.1437399 0.1171747 0.2532174
v 0.1444093 0.1171759 0.2602898
v 0.1444093 0.1171759 0.2602898
v 0.1492145 0.1300372 0.2668791
v 0.1492145 0.1300372 0.2668791
v 0.1475255 0.1300544 0.2527804
v 0.1475255 0.1300544 0.2527804
v 0.1486721 0.1300314 0.2597914
v 0.1486721 0.1300314 0.2597914
v 0.1491163 0.1295401 0.2525863
v 0.1491163 0.1295401 0.2525863
v 0.1508086 0.1295277 0.2666858
v 0.1508086 0.1295277 0.2666858
v 0.1502294 0.1294676 0.2596017
v 0.1502294 0.1294676 0.2596017
v 0.1541767 0.1216195 0.2662626
v 0.1541767 0.1216195 0.2662626
v 0.1524590 0.1216227 0.2521663
v 0.1524590 0.1216227 0.2521663
v 0.1534004 0.1215220 0.2592033
v 0.1534004 0.1215220 0.2592033
v 0.1517445 0.1201017 0.2522514
v 0.1517445 0.1201017 0.2522514
v 0.1534652 0.1200973 0.2663462
v 0.1534652 0.1200973 0.2663462
v 0.1526801 0.1200289 0.2592889
v 0.1526801 0.1200289 0.2592889
v 0.1487535 0.0774089 0.2710283
v 0.1487535 0.0774089 0.2710283
v 0.1459275 0.0774611 0.2477591
v 0.1459275 0.0774611 0.2477591
v 0.1504502 0.0768555 0.2472085
v 0.1504502 0.0768555 0.2472085
v 0.1532761 0.0768033 0.2704777
v 0.1532761 0.0768033 0.2704777
v 0.1502778 0.0891504 0.2708695
v 0.1502778 0.0891504 0.2708695
v 0.1474519 0.0892025 0.2476003
v 0.1474519 0.0892025 0.2476003
v 0.1519868 0.0886982 0.2470484
v 0.1519868 0.0886982 0.2470484
v 0.1548128 0.0886461 0.2703176
v 0.1548128 0.0886461 0.2703176
v 0.1511686 0.0990229 0.2707834
v 0.1511686 0.0990229 0.2707834
v 0.1483427 0.0990751 0.2475142
v 0.1483427 0.0990751 0.2475142
v 0.1528997 0.0988488 0.2469603
v 0.1528997 0.0988488 0.2469603
v 0.1557256 0.0987967 0.2702295
v 0.1557256 0.0987967 0.2702295
v 0.1515035 0.1077958 0.2707613
v 0.1515035 0.1077958 0.2707613
v 0.1486735 0.1078333 0.2474926
v 0.1486735 0.1078333 0.2474926
v 0.1531212 0.1084509 0.2469528
v 0.1531212 0.1084509 0.2469528
v 0.1559514 0.1084125 0.2702216
v 0.1559514 0.1084125 0.2702216
v 0.1494627 0.1166734 0.2710149
v 0.1494627 0.1166734 0.2710149
v 0.1466398 0.1167019 0.2477452
v 0.1466398 0.1167019 0.2477452
v 0.1508256 0.1183245 0.2472393
v 0.1508256 0.1183245 0.2472393
v 0.1536501 0.1182972 0.2705087
v 0.1536501 0.1182972 0.2705087
v 0.1446828 0.1275901 0.2716071
v 0.1446828 0.1275901 0.2716071
v 0.1418827 0.1276368 0.2483348
v 0.1418827 0.1276368 0.2483348
v 0.1458047 0.1299109 0.2478673
v 0.1458047 0.1299109 0.2478673
v 0.1486061 0.1298654 0.2711394
v 0.1486061 0.1298654 0.2711394
v 0.1386695 0.1362720 0.2723444
v 0.1386695 0.1362720 0.2723444
v 0.1358947 0.1363444 0.2490690
v 0.1358947 0.1363444 0.2490690
v 0.1390313 0.1396416 0.2487054
v 0.1390313 0.1396416 0.2487054
v 0.1418066 0.1395698 0.2719807
v 0.1418066 0.1395698 0.2719807
v 0.1314914 0.1424249 0.2732159
v 0.1314914 0.1424249 0.2732159
v 0.1287274 0.1425107 0.2499394
v 0.1287274 0.1425107 0.2499394
v 0.1314157 0.1462261 0.2496339
v 0.1314157 0.1462261 0.2496339
v 0.1341796 0.1461403 0.2729105
v 0.1341796 0.1461403 0.2729105
v 0.1217271 0.1493076 0.2744009
v 0.1217271 0.1493076 0.2744009
v 0.1217271 0.1493076 0.2744009
v 0.1189632 0.1493934 0.2511242
v 0.1189632 0.1493934 0.2511242
v 0.1189632 0.1493934 0.2511242
v 0.1215853 0.1531561 0.2508267
v 0.1215853 0.1531561 0.2508267
v 0.1215853 0.1531561 0.2508267
v 0.1243493 0.1530702 0.2741033
v 0.1243493 0.1530702 0.2741033
v 0.1243493 0.1530702 0.2741033
v 0.1507815 0.0788823 0.2451131
v 0.1507815 0.0788823 0.2451131
v 0.1507815 0.0788823 0.2451131
v 0.1507815 0.0788823 0.2451131
v 0.1540555 0.0793163 0.2723604
v 0.1540555 0.0793163 0.2723604
v 0.1540555 0.0793163 0.2723604
v 0.1540555 0.0793163 0.2723604
v 0.1521540 0.1082572 0.2718823
v 0.1521540 0.1082572 0.2718823
v 0.1521540 0.1082572 0.2718823
v 0.1521540 0.1082572 0.2718823
v 0.1489382 0.1078310 0.2451193
v 0.1489382 0.1078310 0.2451193
v 0.1489382 0.1078310 0.2451193
v 0.1489382 0.1078310 0.2451193
v 0.1500446 0.0682116 0.2823494
v 0.1500446 0.0682116 0.2823494
v 0.1500446 0.0682116 0.2823494
v 0.1500446 0.0682116 0.2823494
v 0.1466199 0.1163793 0.2808449
v 0.1466199 0.1163793 0.2808449
v 0.1466199 0.1163793 0.2808449
v 0.1466199 0.1163793 0.2808449
v 0.1414083 0.1156885 0.2374721
v 0.1414083 0.1156885 0.2374721
v 0.1414083 0.1156885 0.2374721
v 0.1414083 0.1156885 0.2374721
v 0.1445609 0.0674848 0.2367120
v 0.1445609 0.0674848 0.2367120
v 0.1445609 0.0674848 0.2367120
v 0.1445609 0.0674848 0.2367120
v 0.1479666 0.0789370 0.2730980
v 0.1479666 0.0789370 0.2730980
v 0.1479666 0.0789370 0.2730980
v 0.1479666 0.0789370 0.2730980
v 0.1460686 0.1077738 0.2726212
v 0.1460686 0.1077738 0.2726212
v 0.1460686 0.1077738 0.2726212
v 0.1460686 0.1077738 0.2726212
v 0.1428528 0.1073476 0.2458583
v 0.1428528 0.1073476 0.2458583
v 0.1428528 0.1073476 0.2458583
v 0.1428528 0.1073476 0.2458583
v 0.1446926 0.0785030 0.2458507
v 0.1446926 0.0785030 0.2458507
v 0.1446926 0.0785030 0.2458507
v 0.1446926 0.0785030 0.2458507
v 0.1562746 0.0704467 0.2815652
v 0.1562746 0.0704467 0.2815652
v 0.1562746 0.0704467 0.2815652
v 0.1562746 0.0704467 0.2815652
v 0.1569048 0.0729953 0.2780177
v 0.1569048 0.0729953 0.2780177
v 0.1569048 0.0729953 0.2780177
v 0.1569048 0.0729953 0.2780177
v 0.1530853 0.1146430 0.2772725
v 0.1530853 0.1146430 0.2772725
v 0.1530853 0.1146430 0.2772725
v 0.1530853 0.1146430 0.2772725
v 0.1515661 0.1166447 0.2802464
v 0.1515661 0.1166447 0.2802464
v 0.1515661 0.1166447 0.2802464
v 0.1515661 0.1166447 0.2802464
v 0.1522338 0.0723761 0.2391434
v 0.1522338 0.0723761 0.2391434
v 0.1522338 0.0723761 0.2391434
v 0.1522338 0.0723761 0.2391434
v 0.1507910 0.0697198 0.2359279
v 0.1507910 0.0697198 0.2359279
v 0.1507910 0.0697198 0.2359279
v 0.1507910 0.0697198 0.2359279
v 0.1463544 0.1159539 0.2368735
v 0.1463544 0.1159539 0.2368735
v 0.1463544 0.1159539 0.2368735
v 0.1463544 0.1159539 0.2368735
v 0.1485424 0.1140408 0.2394643
v 0.1485424 0.1140408 0.2394643
v 0.1485424 0.1140408 0.2394643
v 0.1485424 0.1140408 0.2394643
v 0.1328986 0.0923357 0.1638309
v 0.1328986 0.0923357 0.1638309
v 0.1326273 0.0923726 0.1579894
v 0.1326273 0.0923726 0.1579894
v 0.1379019 0.0961368 0.1627872
v 0.1379019 0.0961368 0.1627872
v 0.1388223 0.0968864 0.1613729
v 0.1388223 0.0968864 0.1613729
v 0.1387560 0.0968954 0.1599450
v 0.1387560 0.0968954 0.1599450
v 0.1377081 0.0961631 0.1586128
v 0.1377081 0.0961631 0.1586128
v 0.1466420 0.0762633 0.1640538
v 0.1466420 0.0762633 0.1640538
v 0.1466420 0.0762633 0.1640538
v 0.1466420 0.0762633 0.1640538
v 0.1475293 0.0757060 0.1628614
v 0.1475293 0.0757060 0.1628614
v 0.1475293 0.0757060 0.1628614
v 0.1475293 0.0757060 0.1628614
v 0.1471334 0.0780168 0.1626820
v 0.1471334 0.0780168 0.1626820
v 0.1471334 0.0780168 0.1626820
v 0.1471334 0.0780168 0.1626820
v 0.1462816 0.0763122 0.1562915
v 0.1462816 0.0763122 0.1562915
v 0.1462816 0.0763122 0.1562915
v 0.1462816 0.0763122 0.1562915
v 0.1468990 0.0780486 0.1576339
v 0.1468990 0.0780486 0.1576339
v 0.1468990 0.0780486 0.1576339
v 0.1468990 0.0780486 0.1576339
v 0.1472753 0.0757406 0.1573895
v 0.1472753 0.0757406 0.1573895
v 0.1472753 0.0757406 0.1573895
v 0.1472753 0.0757406 0.1573895
v 0.1473714 0.0736296 0.1630382
v 0.1473714 0.0736296 0.1630382
v 0.1473714 0.0736296 0.1630382
v 0.1464531 0.0736361 0.1643193
v 0.1464531 0.0736361 0.1643193
v 0.1464531 0.0736361 0.1643193
v 0.1464531 0.0736361 0.1643193
v 0.1471004 0.0736664 0.1572020
v 0.1471004 0.0736664 0.1572020
v 0.1471004 0.0736664 0.1572020
v 0.1460673 0.0736886 0.1560116
v 0.1460673 0.0736886 0.1560116
v 0.1460673 0.0736886 0.1560116
v 0.1460673 0.0736886 0.1560116
v 0.1081311 0.1541699 0.1464760
v 0.1081311 0.1541699 0.1464760
v 0.1093792 0.1533446 0.1728053
v 0.1093792 0.1533446 0.1728053
v 0.1132308 0.1582693 0.1727771
v 0.1132308 0.1582693 0.1727771
v 0.1119827 0.1590946 0.1464477
v 0.1119827 0.1590946 0.1464477
v 0.1121661 0.1509788 0.1461846
v 0.1121661 0.1509788 0.1461846
v 0.1134143 0.1501534 0.1725140
v 0.1134143 0.1501534 0.1725140
v 0.1172932 0.1550563 0.1724838
v 0.1172932 0.1550563 0.1724838
v 0.1160450 0.1558816 0.1461545
v 0.1160450 0.1558816 0.1461545
v 0.1010502 0.1597218 0.1500722
v 0.1010502 0.1597218 0.1500722
v 0.1049018 0.1646465 0.1500440
v 0.1049018 0.1646465 0.1500440
v 0.1058583 0.1640141 0.1702201
v 0.1058583 0.1640141 0.1702201
v 0.1020067 0.1590894 0.1702484
v 0.1020067 0.1590894 0.1702484
v 0.0953136 0.1642502 0.1583440
v 0.0953136 0.1642502 0.1583440
v 0.0991652 0.1691749 0.1583158
v 0.0991652 0.1691749 0.1583158
v 0.0993790 0.1690335 0.1628269
v 0.0993790 0.1690335 0.1628269
v 0.0955275 0.1641088 0.1628551
v 0.0955275 0.1641088 0.1628551
v 0.1084115 0.1618908 0.1475972
v 0.1084115 0.1618908 0.1475972
v 0.1095753 0.1611213 0.1721474
v 0.1095753 0.1611213 0.1721474
v 0.1045599 0.1569661 0.1476254
v 0.1045599 0.1569661 0.1476254
v 0.1057237 0.1561966 0.1721756
v 0.1057237 0.1561966 0.1721756
v 0.1053800 0.1643303 0.1601321
v 0.1015284 0.1594055 0.1601603
v 0.0987222 0.1695340 0.1606109
v 0.0987222 0.1695340 0.1606109
v 0.0948706 0.1646093 0.1606391
v 0.0948706 0.1646093 0.1606391
v 0.0948706 0.1646093 0.1606391
v 0.1089934 0.1615061 0.1598723
v 0.1089934 0.1615061 0.1598723
v 0.1130603 0.1583820 0.1691791
v 0.1121532 0.1589818 0.1500457
v 0.1083016 0.1540571 0.1500739
v 0.1092088 0.1534573 0.1692073
v 0.1051532 0.1565725 0.1598998
v 0.1051532 0.1565725 0.1598998
v 0.1162155 0.1557688 0.1497525
v 0.1162155 0.1557688 0.1497525
v 0.1162155 0.1557688 0.1497525
v 0.1171226 0.1551691 0.1688858
v 0.1171226 0.1551691 0.1688858
v 0.1171226 0.1551691 0.1688858
v 0.1132437 0.1502662 0.1689160
v 0.1132437 0.1502662 0.1689160
v 0.1132437 0.1502662 0.1689160
v 0.1123367 0.1508660 0.1497827
v 0.1123367 0.1508660 0.1497827
v 0.1123367 0.1508660 0.1497827
v 0.1195485 0.1532688 0.1723209
v 0.1195485 0.1532688 0.1723209
v 0.1195485 0.1532688 0.1723209
v 0.1156696 0.1483659 0.1723510
v 0.1156696 0.1483659 0.1723510
v 0.1156696 0.1483659 0.1723510
v 0.1144214 0.1491912 0.1460217
v 0.1144214 0.1491912 0.1460217
v 0.1144214 0.1491912 0.1460217
v 0.1183003 0.1540941 0.1459915
v 0.1183003 0.1540941 0.1459915
v 0.1183003 0.1540941 0.1459915
v 0.1130119 0.1503451 0.1520483
v 0.1130119 0.1503451 0.1520483
v 0.1137003 0.1498900 0.1665685
v 0.1137003 0.1498900 0.1665685
v 0.1091720 0.1534273 0.1596106
v 0.1135984 0.1498965 0.1546136
v 0.1135984 0.1498965 0.1546136
v 0.1139867 0.1496077 0.1576512
v 0.1139867 0.1496077 0.1576512
v 0.1141390 0.1495070 0.1608634
v 0.1141390 0.1495070 0.1608634
v 0.1140403 0.1496043 0.1639362
v 0.1140403 0.1496043 0.1639362
v 0.1175792 0.1547929 0.1665384
v 0.1175792 0.1547929 0.1665384
v 0.1168908 0.1552480 0.1520181
v 0.1168908 0.1552480 0.1520181
v 0.1179192 0.1545072 0.1639060
v 0.1179192 0.1545072 0.1639060
v 0.1180179 0.1544099 0.1608333
v 0.1180179 0.1544099 0.1608333
v 0.1178656 0.1545106 0.1576210
v 0.1178656 0.1545106 0.1576210
v 0.1174772 0.1547994 0.1545833
v 0.1174772 0.1547994 0.1545833
v 0.1109583 0.1577165 0.1455794
v 0.1109583 0.1577165 0.1455794
v 0.1122891 0.1568366 0.1736505
v 0.1122891 0.1568366 0.1736505
v 0.1166122 0.1534175 0.1733384
v 0.1166122 0.1534175 0.1733384
v 0.1152814 0.1542974 0.1452672
v 0.1152814 0.1542974 0.1452672
v 0.1034091 0.1636358 0.1494136
v 0.1034091 0.1636358 0.1494136
v 0.1044288 0.1629614 0.1709244
v 0.1044288 0.1629614 0.1709244
v 0.0972930 0.1684636 0.1582325
v 0.0972930 0.1684636 0.1582325
v 0.0975210 0.1683129 0.1630421
v 0.0975210 0.1683129 0.1630421
v 0.1083917 0.1598773 0.1729791
v 0.1083917 0.1598773 0.1729791
v 0.1071509 0.1606978 0.1468050
v 0.1071509 0.1606978 0.1468050
v 0.0968207 0.1688465 0.1606794
v 0.0968207 0.1688465 0.1606794
v 0.0968207 0.1688465 0.1606794
v 0.1172675 0.1528955 0.1693574
v 0.1172675 0.1528955 0.1693574
v 0.1172675 0.1528955 0.1693574
v 0.1172675 0.1528955 0.1693574
v 0.1163005 0.1535349 0.1489584
v 0.1163005 0.1535349 0.1489584
v 0.1163005 0.1535349 0.1489584
v 0.1163005 0.1535349 0.1489584
v 0.1198539 0.1508695 0.1730199
v 0.1198539 0.1508695 0.1730199
v 0.1198539 0.1508695 0.1730199
v 0.1198539 0.1508695 0.1730199
v 0.1185231 0.1517494 0.1449487
v 0.1185231 0.1517494 0.1449487
v 0.1185231 0.1517494 0.1449487
v 0.1185231 0.1517494 0.1449487
v 0.1170204 0.1529797 0.1513739
v 0.1170204 0.1529797 0.1513739
v 0.1176457 0.1525014 0.1541091
v 0.1176457 0.1525014 0.1541091
v 0.1180597 0.1521935 0.1573475
v 0.1180597 0.1521935 0.1573475
v 0.1182221 0.1520861 0.1607723
v 0.1182221 0.1520861 0.1607723
v 0.1181168 0.1521898 0.1640483
v 0.1181168 0.1521898 0.1640483
v 0.1177543 0.1524944 0.1668549
v 0.1177543 0.1524944 0.1668549
v 0.0965086 0.1633015 0.1556735
v 0.0965086 0.1633015 0.1556735
v 0.0987972 0.1614943 0.1522737
v 0.0987972 0.1614943 0.1522737
v 0.1003601 0.1682262 0.1556451
v 0.1003601 0.1682262 0.1556451
v 0.1026500 0.1664180 0.1522443
v 0.1026500 0.1664180 0.1522443
v 0.1034139 0.1659129 0.1683576
v 0.1034139 0.1659129 0.1683576
v 0.1008182 0.1679233 0.1653078
v 0.1008182 0.1679233 0.1653078
v 0.0995610 0.1609893 0.1683847
v 0.0995610 0.1609893 0.1683847
v 0.0969667 0.1629986 0.1653362
v 0.0969667 0.1629986 0.1653362
v 0.1005679 0.1680914 0.1604781
v 0.1030377 0.1661610 0.1603005
v 0.0967164 0.1631666 0.1605064
v 0.0991848 0.1612374 0.1603289
v 0.1009136 0.1655990 0.1518521
v 0.1009136 0.1655990 0.1518521
v 0.0986339 0.1673990 0.1552357
v 0.0986339 0.1673990 0.1552357
v 0.0991359 0.1670671 0.1658262
v 0.0991359 0.1670671 0.1658262
v 0.1017199 0.1650658 0.1688602
v 0.1017199 0.1650658 0.1688602
v 0.1428124 0.1188361 0.1705692
v 0.1428124 0.1188361 0.1705692
v 0.1428124 0.1188361 0.1705692
v 0.1436324 0.1203132 0.1716031
v 0.1436324 0.1203132 0.1716031
v 0.1436324 0.1203132 0.1716031
v 0.1436324 0.1203132 0.1716031
v 0.1416883 0.1190050 0.1455910
v 0.1416883 0.1190050 0.1455910
v 0.1416883 0.1190050 0.1455910
v 0.1424110 0.1205094 0.1444994
v 0.1424110 0.1205094 0.1444994
v 0.1424110 0.1205094 0.1444994
v 0.1424110 0.1205094 0.1444994
v 0.1392266 0.1291843 0.1708144
v 0.1392266 0.1291843 0.1708144
v 0.1392266 0.1291843 0.1708144
v 0.1407939 0.1285364 0.1717991
v 0.1407939 0.1285364 0.1717991
v 0.1407939 0.1285364 0.1717991
v 0.1407939 0.1285364 0.1717991
v 0.1381062 0.1295424 0.1458377
v 0.1381062 0.1295424 0.1458377
v 0.1381062 0.1295424 0.1458377
v 0.1395794 0.1288933 0.1446963
v 0.1395794 0.1288933 0.1446963
v 0.1395794 0.1288933 0.1446963
v 0.1395794 0.1288933 0.1446963
v 0.1350121 0.1164815 0.1708929
v 0.1350121 0.1164815 0.1708929
v 0.1350121 0.1164815 0.1708929
v 0.1336737 0.1172051 0.1720156
v 0.1336737 0.1172051 0.1720156
v 0.1336737 0.1172051 0.1720156
v 0.1336737 0.1172051 0.1720156
v 0.1317894 0.1256679 0.1710924
v 0.1317894 0.1256679 0.1710924
v 0.1317894 0.1256679 0.1710924
v 0.1312119 0.1241335 0.1721670
v 0.1312119 0.1241335 0.1721670
v 0.1312119 0.1241335 0.1721670
v 0.1312119 0.1241335 0.1721670
v 0.1338881 0.1166763 0.1459149
v 0.1338881 0.1166763 0.1459149
v 0.1338881 0.1166763 0.1459149
v 0.1324503 0.1174371 0.1449125
v 0.1324503 0.1174371 0.1449125
v 0.1324503 0.1174371 0.1449125
v 0.1324503 0.1174371 0.1449125
v 0.1306595 0.1260433 0.1461172
v 0.1306595 0.1260433 0.1461172
v 0.1306595 0.1260433 0.1461172
v 0.1299887 0.1245143 0.1450656
v 0.1299887 0.1245143 0.1450656
v 0.1299887 0.1245143 0.1450656
v 0.1299887 0.1245143 0.1450656
v 0.1315021 0.1257473 0.1657023
v 0.1315021 0.1257473 0.1657023
v 0.1308758 0.1259535 0.1515163
v 0.1308758 0.1259535 0.1515163
v 0.1311110 0.1258653 0.1586194
v 0.1311110 0.1258653 0.1586194
v 0.1302641 0.1244259 0.1515260
v 0.1302641 0.1244259 0.1515260
v 0.1308915 0.1242371 0.1657126
v 0.1308915 0.1242371 0.1657126
v 0.1304788 0.1243751 0.1586325
v 0.1304788 0.1243751 0.1586325
v 0.1333286 0.1172583 0.1655639
v 0.1333286 0.1172583 0.1655639
v 0.1327121 0.1173774 0.1513750
v 0.1327121 0.1173774 0.1513750
v 0.1327941 0.1172970 0.1584983
v 0.1327941 0.1172970 0.1584983
v 0.1340929 0.1166239 0.1513159
v 0.1340929 0.1166239 0.1513159
v 0.1347095 0.1165136 0.1655042
v 0.1347095 0.1165136 0.1655042
v 0.1341722 0.1165204 0.1584390
v 0.1341722 0.1165204 0.1584390
v 0.1387225 0.1295843 0.1512184
v 0.1387225 0.1295843 0.1512184
v 0.1393638 0.1293688 0.1654012
v 0.1393638 0.1293688 0.1654012
v 0.1392979 0.1293366 0.1582926
v 0.1392979 0.1293366 0.1582926
v 0.1409168 0.1287335 0.1653227
v 0.1409168 0.1287335 0.1653227
v 0.1402777 0.1289394 0.1511383
v 0.1402777 0.1289394 0.1511383
v 0.1408150 0.1286522 0.1582161
v 0.1408150 0.1286522 0.1582161
v 0.1430925 0.1205685 0.1509437
v 0.1430925 0.1205685 0.1509437
v 0.1437166 0.1204466 0.1651309
v 0.1437166 0.1204466 0.1651309
v 0.1434461 0.1203351 0.1580457
v 0.1434461 0.1203351 0.1580457
v 0.1428995 0.1189475 0.1651617
v 0.1428995 0.1189475 0.1651617
v 0.1422767 0.1190576 0.1509753
v 0.1422767 0.1190576 0.1509753
v 0.1426258 0.1188631 0.1580790
v 0.1426258 0.1188631 0.1580790
v 0.1341126 0.0762294 0.1476095
v 0.1341126 0.0762294 0.1476095
v 0.1351938 0.0765055 0.1710232
v 0.1351938 0.0765055 0.1710232
v 0.1397043 0.0756454 0.1708250
v 0.1397043 0.0756454 0.1708250
v 0.1386231 0.0753694 0.1474113
v 0.1386231 0.0753694 0.1474113
v 0.1362922 0.0878657 0.1473717
v 0.1362922 0.0878657 0.1473717
v 0.1373734 0.0881417 0.1707853
v 0.1373734 0.0881417 0.1707853
v 0.1419019 0.0873821 0.1705852
v 0.1419019 0.0873821 0.1705852
v 0.1408207 0.0871061 0.1471715
v 0.1408207 0.0871061 0.1471715
v 0.1377321 0.0976719 0.1471896
v 0.1377321 0.0976719 0.1471896
v 0.1388133 0.0979479 0.1706032
v 0.1388133 0.0979479 0.1706032
v 0.1433793 0.0974647 0.1703981
v 0.1433793 0.0974647 0.1703981
v 0.1422981 0.0971886 0.1469844
v 0.1422981 0.0971886 0.1469844
v 0.1386959 0.1065675 0.1470092
v 0.1386959 0.1065675 0.1470092
v 0.1397565 0.1066830 0.1704252
v 0.1397565 0.1066830 0.1704252
v 0.1442422 0.1070338 0.1702267
v 0.1442422 0.1070338 0.1702267
v 0.1431798 0.1068885 0.1468108
v 0.1431798 0.1068885 0.1468108
v 0.1373695 0.1159233 0.1470151
v 0.1373695 0.1159233 0.1470151
v 0.1384213 0.1157718 0.1704313
v 0.1384213 0.1157718 0.1704313
v 0.1427073 0.1171359 0.1702537
v 0.1427073 0.1171359 0.1702537
v 0.1416547 0.1172729 0.1468375
v 0.1416547 0.1172729 0.1468375
v 0.1333620 0.1275685 0.1472662
v 0.1333620 0.1275685 0.1472662
v 0.1344175 0.1272120 0.1706796
v 0.1344175 0.1272120 0.1706796
v 0.1384818 0.1292392 0.1705302
v 0.1384818 0.1292392 0.1705302
v 0.1374298 0.1295843 0.1471161
v 0.1374298 0.1295843 0.1471161
v 0.1279187 0.1372907 0.1476193
v 0.1279187 0.1372907 0.1476193
v 0.1290017 0.1366763 0.1710265
v 0.1290017 0.1366763 0.1710265
v 0.1323429 0.1397736 0.1709555
v 0.1323429 0.1397736 0.1709555
v 0.1312611 0.1403815 0.1475481
v 0.1312611 0.1403815 0.1475481
v 0.1210648 0.1442087 0.1481028
v 0.1210648 0.1442087 0.1481028
v 0.1221742 0.1434751 0.1715053
v 0.1221742 0.1434751 0.1715053
v 0.1250915 0.1470266 0.1714783
v 0.1250915 0.1470266 0.1714783
v 0.1239821 0.1477601 0.1480758
v 0.1239821 0.1477601 0.1480758
v 0.1116638 0.1516435 0.1487815
v 0.1116638 0.1516435 0.1487815
v 0.1116638 0.1516435 0.1487815
v 0.1127732 0.1509098 0.1721840
v 0.1127732 0.1509098 0.1721840
v 0.1127732 0.1509098 0.1721840
v 0.1156269 0.1545124 0.1721616
v 0.1156269 0.1545124 0.1721616
v 0.1156269 0.1545124 0.1721616
v 0.1145175 0.1552459 0.1487591
v 0.1145175 0.1552459 0.1487591
v 0.1145175 0.1552459 0.1487591
v 0.1404909 0.0776558 0.1728121
v 0.1404909 0.0776558 0.1728121
v 0.1404909 0.0776558 0.1728121
v 0.1404909 0.0776558 0.1728121
v 0.1392178 0.0778288 0.1453954
v 0.1392178 0.0778288 0.1453954
v 0.1392178 0.0778288 0.1453954
v 0.1392178 0.0778288 0.1453954
v 0.1390331 0.1068323 0.1458311
v 0.1390331 0.1068323 0.1458311
v 0.1390331 0.1068323 0.1458311
v 0.1390331 0.1068323 0.1458311
v 0.1402836 0.1066624 0.1727603
v 0.1402836 0.1066624 0.1727603
v 0.1402836 0.1066624 0.1727603
v 0.1402836 0.1066624 0.1727603
v 0.1329944 0.0669427 0.1363430
v 0.1329944 0.0669427 0.1363430
v 0.1329944 0.0669427 0.1363430
v 0.1329944 0.0669427 0.1363430
v 0.1325487 0.1152311 0.1378101
v 0.1325487 0.1152311 0.1378101
v 0.1325487 0.1152311 0.1378101
v 0.1325487 0.1152311 0.1378101
v 0.1345752 0.1149557 0.1814525
v 0.1345752 0.1149557 0.1814525
v 0.1345752 0.1149557 0.1814525
v 0.1345752 0.1149557 0.1814525
v 0.1351267 0.0666530 0.1822641
v 0.1351267 0.0666530 0.1822641
v 0.1351267 0.0666530 0.1822641
v 0.1351267 0.0666530 0.1822641
v 0.1330793 0.0777940 0.1456802
v 0.1330793 0.0777940 0.1456802
v 0.1330793 0.0777940 0.1456802
v 0.1330793 0.0777940 0.1456802
v 0.1328921 0.1066933 0.1461154
v 0.1328921 0.1066933 0.1461154
v 0.1328921 0.1066933 0.1461154
v 0.1328921 0.1066933 0.1461154
v 0.1341425 0.1065234 0.1730445
v 0.1341425 0.1065234 0.1730445
v 0.1341425 0.1065234 0.1730445
v 0.1341425 0.1065234 0.1730445
v 0.1343524 0.0776211 0.1730969
v 0.1343524 0.0776211 0.1730969
v 0.1343524 0.0776211 0.1730969
v 0.1343524 0.0776211 0.1730969
v 0.1393826 0.0688225 0.1360583
v 0.1393826 0.0688225 0.1360583
v 0.1393826 0.0688225 0.1360583
v 0.1393826 0.0688225 0.1360583
v 0.1407333 0.0713407 0.1394214
v 0.1407333 0.0713407 0.1394214
v 0.1407333 0.0713407 0.1394214
v 0.1407333 0.0713407 0.1394214
v 0.1394106 0.1131401 0.1402841
v 0.1394106 0.1131401 0.1402841
v 0.1394106 0.1131401 0.1402841
v 0.1394106 0.1131401 0.1402841
v 0.1375326 0.1152168 0.1375786
v 0.1375326 0.1152168 0.1375786
v 0.1375326 0.1152168 0.1375786
v 0.1375326 0.1152168 0.1375786
v 0.1425496 0.0710940 0.1785374
v 0.1425496 0.0710940 0.1785374
v 0.1425496 0.0710940 0.1785374
v 0.1425496 0.0710940 0.1785374
v 0.1415149 0.0685327 0.1819793
v 0.1415149 0.0685327 0.1819793
v 0.1415149 0.0685327 0.1819793
v 0.1415149 0.0685327 0.1819793
v 0.1395591 0.1149414 0.1812211
v 0.1395591 0.1149414 0.1812211
v 0.1395591 0.1149414 0.1812211
v 0.1395591 0.1149414 0.1812211
v 0.1411771 0.1129001 0.1783272
v 0.1411771 0.1129001 0.1783272
v 0.1411771 0.1129001 0.1783272
v 0.1411771 0.1129001 0.1783272
v -0.1560909 0.0929949 0.3666799
v -0.1560909 0.0929949 0.3666799
v -0.1555444 0.0930429 0.3608578
v -0.1555444 0.0930429 0.3608578
v -0.1610601 0.0967706 0.3654065
v -0.1610601 0.0967706 0.3654065
v -0.1619168 0.0975176 0.3639515
v -0.1619168 0.0975176 0.3639515
v -0.1617832 0.0975294 0.3625283
v -0.1617832 0.0975294 0.3625283
v -0.1606696 0.0968050 0.3612460
v -0.1606696 0.0968050 0.3612460
v -0.1697415 0.0768482 0.3662313
v -0.1697415 0.0768482 0.3662313
v -0.1697415 0.0768482 0.3662313
v -0.1697415 0.0768482 0.3662313
v -0.1705685 0.0762882 0.3649976
v -0.1705685 0.0762882 0.3649976
v -0.1705685 0.0762882 0.3649976
v -0.1705685 0.0762882 0.3649976
v -0.1701772 0.0786013 0.3648403
v -0.1701772 0.0786013 0.3648403
v -0.1701772 0.0786013 0.3648403
v -0.1701772 0.0786013 0.3648403
v -0.1690154 0.0769120 0.3584947
v -0.1690154 0.0769120 0.3584947
v -0.1690154 0.0769120 0.3584947
v -0.1690154 0.0769120 0.3584947
v -0.1697050 0.0786428 0.3598089
v -0.1697050 0.0786428 0.3598089
v -0.1697050 0.0786428 0.3598089
v -0.1697050 0.0786428 0.3598089
v -0.1700567 0.0763331 0.3595438
v -0.1700567 0.0763331 0.3595438
v -0.1700567 0.0763331 0.3595438
v -0.1700567 0.0763331 0.3595438
v -0.1704078 0.0742123 0.3651787
v -0.1704078 0.0742123 0.3651787
v -0.1704078 0.0742123 0.3651787
v -0.1695510 0.0742217 0.3665017
v -0.1695510 0.0742217 0.3665017
v -0.1695510 0.0742217 0.3665017
v -0.1695510 0.0742217 0.3665017
v -0.1698618 0.0742603 0.3593618
v -0.1698618 0.0742603 0.3593618
v -0.1698618 0.0742603 0.3593618
v -0.1687739 0.0742900 0.3582215
v -0.1687739 0.0742900 0.3582215
v -0.1687739 0.0742900 0.3582215
v -0.1687739 0.0742900 0.3582215
v -0.1299399 0.1533633 0.3498805
v -0.1299399 0.1533633 0.3498805
v -0.1322710 0.1531542 0.3761483
v -0.1322710 0.1531542 0.3761483
v -0.1361276 0.1580658 0.3758451
v -0.1361276 0.1580658 0.3758451
v -0.1337964 0.1582748 0.3495773
v -0.1337964 0.1582748 0.3495773
v -0.1339533 0.1501546 0.3494988
v -0.1339533 0.1501546 0.3494988
v -0.1362845 0.1499455 0.3757666
v -0.1362845 0.1499455 0.3757666
v -0.1401682 0.1548351 0.3754608
v -0.1401682 0.1548351 0.3754608
v -0.1378370 0.1550441 0.3491931
v -0.1378370 0.1550441 0.3491931
v -0.1230239 0.1590186 0.3536330
v -0.1230239 0.1590186 0.3536330
v -0.1268805 0.1639302 0.3533299
v -0.1268805 0.1639302 0.3533299
v -0.1286668 0.1637700 0.3734588
v -0.1286668 0.1637700 0.3734588
v -0.1248103 0.1588584 0.3737620
v -0.1248103 0.1588584 0.3737620
v -0.1176419 0.1637569 0.3620247
v -0.1176419 0.1637569 0.3620247
v -0.1214984 0.1686685 0.3617216
v -0.1214984 0.1686685 0.3617216
v -0.1218978 0.1686327 0.3662221
v -0.1218978 0.1686327 0.3662221
v -0.1180413 0.1637212 0.3665253
v -0.1180413 0.1637212 0.3665253
v -0.1302810 0.1611076 0.3508064
v -0.1302810 0.1611076 0.3508064
v -0.1324546 0.1609128 0.3752992
v -0.1324546 0.1609128 0.3752992
v -0.1264244 0.1561961 0.3511096
v -0.1264244 0.1561961 0.3511096
v -0.1285981 0.1560012 0.3756024
v -0.1285981 0.1560012 0.3756024
v -0.1277736 0.1638501 0.3633944
v -0.1239171 0.1589385 0.3636976
v -0.1211512 0.1690828 0.3640238
v -0.1211512 0.1690828 0.3640238
v -0.1172946 0.1641712 0.3643270
v -0.1172946 0.1641712 0.3643270
v -0.1172946 0.1641712 0.3643270
v -0.1358090 0.1580943 0.3722556
v -0.1341150 0.1582462 0.3531669
v -0.1313791 0.1610013 0.3630517
v -0.1313791 0.1610013 0.3630517
v -0.1302584 0.1533347 0.3534701
v -0.1319526 0.1531827 0.3725587
v -0.1275226 0.1560897 0.3633550
v -0.1275226 0.1560897 0.3633550
v -0.1381556 0.1550156 0.3527826
v -0.1381556 0.1550156 0.3527826
v -0.1381556 0.1550156 0.3527826
v -0.1398496 0.1548637 0.3718712
v -0.1398496 0.1548637 0.3718712
v -0.1398496 0.1548637 0.3718712
v -0.1359660 0.1499741 0.3721770
v -0.1359660 0.1499741 0.3721770
v -0.1359660 0.1499741 0.3721770
v -0.1342719 0.1501260 0.3530884
v -0.1342719 0.1501260 0.3530884
v -0.1342719 0.1501260 0.3530884
v -0.1424115 0.1530378 0.3752474
v -0.1424115 0.1530378 0.3752474
v -0.1424115 0.1530378 0.3752474
v -0.1385278 0.1481482 0.3755531
v -0.1385278 0.1481482 0.3755531
v -0.1385278 0.1481482 0.3755531
v -0.1361966 0.1483572 0.3492854
v -0.1361966 0.1483572 0.3492854
v -0.1361966 0.1483572 0.3492854
v -0.1400803 0.1532468 0.3489796
v -0.1400803 0.1532468 0.3489796
v -0.1400803 0.1532468 0.3489796
v -0.1350390 0.1496567 0.3553360
v -0.1350390 0.1496567 0.3553360
v -0.1363246 0.1495414 0.3698222
v -0.1363246 0.1495414 0.3698222
v -0.1315200 0.1529270 0.3629750
v -0.1357299 0.1492669 0.3578849
v -0.1357299 0.1492669 0.3578849
v -0.1362426 0.1490486 0.3609098
v -0.1362426 0.1490486 0.3609098
v -0.1365270 0.1490230 0.3641146
v -0.1365270 0.1490230 0.3641146
v -0.1365553 0.1491928 0.3671857
v -0.1365553 0.1491928 0.3671857
v -0.1402083 0.1544310 0.3695165
v -0.1402083 0.1544310 0.3695165
v -0.1389227 0.1545463 0.3550302
v -0.1389227 0.1545463 0.3550302
v -0.1404390 0.1540825 0.3668799
v -0.1404390 0.1540825 0.3668799
v -0.1404107 0.1539126 0.3638089
v -0.1404107 0.1539126 0.3638089
v -0.1401263 0.1539381 0.3606040
v -0.1401263 0.1539381 0.3606040
v -0.1396135 0.1541564 0.3575791
v -0.1396135 0.1541564 0.3575791
v -0.1327345 0.1568796 0.3487847
v -0.1327345 0.1568796 0.3487847
v -0.1352199 0.1566567 0.3767902
v -0.1352199 0.1566567 0.3767902
v -0.1395199 0.1532188 0.3763812
v -0.1395199 0.1532188 0.3763812
v -0.1370345 0.1534417 0.3483757
v -0.1370345 0.1534417 0.3483757
v -0.1253610 0.1629092 0.3527856
v -0.1253610 0.1629092 0.3527856
v -0.1272656 0.1627384 0.3742460
v -0.1272656 0.1627384 0.3742460
v -0.1196230 0.1679608 0.3617322
v -0.1196230 0.1679608 0.3617322
v -0.1200489 0.1679226 0.3665306
v -0.1200489 0.1679226 0.3665306
v -0.1313040 0.1596920 0.3762082
v -0.1313040 0.1596920 0.3762082
v -0.1289866 0.1598998 0.3500952
v -0.1289866 0.1598998 0.3500952
v -0.1192527 0.1684026 0.3641868
v -0.1192527 0.1684026 0.3641868
v -0.1192527 0.1684026 0.3641868
v -0.1400095 0.1526015 0.3723900
v -0.1400095 0.1526015 0.3723900
v -0.1400095 0.1526015 0.3723900
v -0.1400095 0.1526015 0.3723900
v -0.1382034 0.1527633 0.3520388
v -0.1382034 0.1527633 0.3520388
v -0.1382034 0.1527633 0.3520388
v -0.1382034 0.1527633 0.3520388
v -0.1427409 0.1506547 0.3759898
v -0.1427409 0.1506547 0.3759898
v -0.1427409 0.1506547 0.3759898
v -0.1427409 0.1506547 0.3759898
v -0.1402555 0.1508776 0.3479843
v -0.1402555 0.1508776 0.3479843
v -0.1402555 0.1508776 0.3479843
v -0.1402555 0.1508776 0.3479843
v -0.1390213 0.1522630 0.3544351
v -0.1390213 0.1522630 0.3544351
v -0.1397579 0.1518475 0.3571527
v -0.1397579 0.1518475 0.3571527
v -0.1403045 0.1516147 0.3603777
v -0.1403045 0.1516147 0.3603777
v -0.1406078 0.1515875 0.3637945
v -0.1406078 0.1515875 0.3637945
v -0.1406379 0.1517685 0.3670687
v -0.1406379 0.1517685 0.3670687
v -0.1403920 0.1521402 0.3698798
v -0.1403920 0.1521402 0.3698798
v -0.1187239 0.1627422 0.3593304
v -0.1187239 0.1627422 0.3593304
v -0.1208669 0.1608490 0.3558829
v -0.1208669 0.1608490 0.3558829
v -0.1225804 0.1676538 0.3590272
v -0.1225804 0.1676538 0.3590272
v -0.1247247 0.1657594 0.3555786
v -0.1247247 0.1657594 0.3555786
v -0.1261514 0.1656315 0.3716542
v -0.1261514 0.1656315 0.3716542
v -0.1234359 0.1675770 0.3686672
v -0.1234359 0.1675770 0.3686672
v -0.1222934 0.1607211 0.3719562
v -0.1222934 0.1607211 0.3719562
v -0.1195795 0.1626655 0.3689705
v -0.1195795 0.1626655 0.3689705
v -0.1229871 0.1676321 0.3638493
v -0.1254437 0.1656910 0.3636158
v -0.1191306 0.1627205 0.3641525
v -0.1215859 0.1607805 0.3639191
v -0.1229720 0.1649365 0.3552777
v -0.1229720 0.1649365 0.3552777
v -0.1208372 0.1668222 0.3587088
v -0.1208372 0.1668222 0.3587088
v -0.1217748 0.1667381 0.3692745
v -0.1217748 0.1667381 0.3692745
v -0.1244779 0.1648014 0.3722460
v -0.1244779 0.1648014 0.3722460
v -0.1661738 0.1193470 0.3729579
v -0.1661738 0.1193470 0.3729579
v -0.1661738 0.1193470 0.3729579
v -0.1670246 0.1208113 0.3739432
v -0.1670246 0.1208113 0.3739432
v -0.1670246 0.1208113 0.3739432
v -0.1670246 0.1208113 0.3739432
v -0.1638984 0.1192600 0.3480576
v -0.1638984 0.1192600 0.3480576
v -0.1638984 0.1192600 0.3480576
v -0.1645571 0.1207211 0.3469235
v -0.1645571 0.1207211 0.3469235
v -0.1645571 0.1207211 0.3469235
v -0.1645571 0.1207211 0.3469235
v -0.1624028 0.1294702 0.3732852
v -0.1624028 0.1294702 0.3732852
v -0.1624028 0.1294702 0.3732852
v -0.1640397 0.1288616 0.3742039
v -0.1640397 0.1288616 0.3742039
v -0.1640397 0.1288616 0.3742039
v -0.1640397 0.1288616 0.3742039
v -0.1601595 0.1294685 0.3483817
v -0.1601595 0.1294685 0.3483817
v -0.1601595 0.1294685 0.3483817
v -0.1616035 0.1288443 0.3471810
v -0.1616035 0.1288443 0.3471810
v -0.1616035 0.1288443 0.3471810
v -0.1616035 0.1288443 0.3471810
v -0.1583579 0.1170000 0.3736759
v -0.1583579 0.1170000 0.3736759
v -0.1583579 0.1170000 0.3736759
v -0.1570505 0.1177176 0.3748583
v -0.1570505 0.1177176 0.3748583
v -0.1570505 0.1177176 0.3748583
v -0.1570505 0.1177176 0.3748583
v -0.1549570 0.1259641 0.3739548
v -0.1549570 0.1259641 0.3739548
v -0.1549570 0.1259641 0.3739548
v -0.1544544 0.1244832 0.3750703
v -0.1544544 0.1244832 0.3750703
v -0.1544544 0.1244832 0.3750703
v -0.1544544 0.1244832 0.3750703
v -0.1560856 0.1169257 0.3487753
v -0.1560856 0.1169257 0.3487753
v -0.1560856 0.1169257 0.3487753
v -0.1545850 0.1176476 0.3478386
v -0.1545850 0.1176476 0.3478386
v -0.1545850 0.1176476 0.3478386
v -0.1545850 0.1176476 0.3478386
v -0.1527108 0.1259728 0.3490518
v -0.1527108 0.1259728 0.3490518
v -0.1527108 0.1259728 0.3490518
v -0.1520133 0.1244825 0.3480482
v -0.1520133 0.1244825 0.3480482
v -0.1520133 0.1244825 0.3480482
v -0.1520133 0.1244825 0.3480482
v -0.1544510 0.1259934 0.3685778
v -0.1544510 0.1259934 0.3685778
v -0.1531811 0.1259846 0.3544339
v -0.1531811 0.1259846 0.3544339
v -0.1538121 0.1261119 0.3615077
v -0.1538121 0.1261119 0.3615077
v -0.1525870 0.1244995 0.3544888
v -0.1525870 0.1244995 0.3544888
v -0.1538604 0.1245176 0.3686329
v -0.1538604 0.1245176 0.3686329
v -0.1531970 0.1246529 0.3615659
v -0.1531970 0.1246529 0.3615659
v -0.1564232 0.1177138 0.3684248
v -0.1564232 0.1177138 0.3684248
v -0.1551500 0.1176700 0.3542804
v -0.1551500 0.1176700 0.3542804
v -0.1556173 0.1177416 0.3613749
v -0.1556173 0.1177416 0.3613749
v -0.1565471 0.1169435 0.3541586
v -0.1565471 0.1169435 0.3541586
v -0.1578216 0.1169895 0.3683023
v -0.1578216 0.1169895 0.3683023
v -0.1570094 0.1169842 0.3612531
v -0.1570094 0.1169842 0.3612531
v -0.1610306 0.1296075 0.3537264
v -0.1610306 0.1296075 0.3537264
v -0.1623179 0.1296013 0.3678667
v -0.1623179 0.1296013 0.3678667
v -0.1620020 0.1295657 0.3607608
v -0.1620020 0.1295657 0.3607608
v -0.1638903 0.1289912 0.3677236
v -0.1638903 0.1289912 0.3677236
v -0.1626032 0.1289951 0.3535821
v -0.1626032 0.1289951 0.3535821
v -0.1635349 0.1289048 0.3606210
v -0.1635349 0.1289048 0.3606210
v -0.1655432 0.1208581 0.3533262
v -0.1655432 0.1208581 0.3533262
v -0.1668256 0.1208898 0.3674687
v -0.1668256 0.1208898 0.3674687
v -0.1662785 0.1207649 0.3603903
v -0.1662785 0.1207649 0.3603903
v -0.1660259 0.1194166 0.3675468
v -0.1660259 0.1194166 0.3675468
v -0.1647440 0.1193786 0.3534054
v -0.1647440 0.1193786 0.3534054
v -0.1654726 0.1193176 0.3604706
v -0.1654726 0.1193176 0.3604706
v -0.1564499 0.0769092 0.3503968
v -0.1564499 0.0769092 0.3503968
v -0.1586365 0.0771405 0.3737336
v -0.1586365 0.0771405 0.3737336
v -0.1631279 0.0762565 0.3733216
v -0.1631279 0.0762565 0.3733216
v -0.1609413 0.0760251 0.3499847
v -0.1609413 0.0760251 0.3499847
v -0.1586794 0.0885339 0.3500727
v -0.1586794 0.0885339 0.3500727
v -0.1608659 0.0887652 0.3734095
v -0.1608659 0.0887652 0.3734095
v -0.1653757 0.0879816 0.3729948
v -0.1653757 0.0879816 0.3729948
v -0.1631893 0.0877502 0.3496579
v -0.1631893 0.0877502 0.3496579
v -0.1601627 0.0983325 0.3498366
v -0.1601627 0.0983325 0.3498366
v -0.1623492 0.0985638 0.3731734
v -0.1623492 0.0985638 0.3731734
v -0.1668978 0.0980563 0.3727522
v -0.1668978 0.0980563 0.3727522
v -0.1647112 0.0978250 0.3494154
v -0.1647112 0.0978250 0.3494154
v -0.1611048 0.1071339 0.3496491
v -0.1611048 0.1071339 0.3496491
v -0.1632704 0.1073134 0.3729884
v -0.1632704 0.1073134 0.3729884
v -0.1677565 0.1076521 0.3725715
v -0.1677565 0.1076521 0.3725715
v -0.1655880 0.1074618 0.3492324
v -0.1655880 0.1074618 0.3492324
v -0.1596502 0.1162293 0.3497080
v -0.1596502 0.1162293 0.3497080
v -0.1617832 0.1163132 0.3730508
v -0.1617832 0.1163132 0.3730508
v -0.1660816 0.1176758 0.3726545
v -0.1660816 0.1176758 0.3726545
v -0.1639460 0.1175856 0.3493119
v -0.1639460 0.1175856 0.3493119
v -0.1554594 0.1274953 0.3500557
v -0.1554594 0.1274953 0.3500557
v -0.1575627 0.1274867 0.3734013
v -0.1575627 0.1274867 0.3734013
v -0.1616379 0.1295145 0.3730350
v -0.1616379 0.1295145 0.3730350
v -0.1595338 0.1295173 0.3496894
v -0.1595338 0.1295173 0.3496894
v -0.1498165 0.1367158 0.3505603
v -0.1498165 0.1367158 0.3505603
v -0.1518945 0.1365874 0.3739079
v -0.1518945 0.1365874 0.3739079
v -0.1552435 0.1396819 0.3736273
v -0.1552435 0.1396819 0.3736273
v -0.1531651 0.1398072 0.3502797
v -0.1531651 0.1398072 0.3502797
v -0.1429107 0.1434059 0.3512083
v -0.1429107 0.1434059 0.3512083
v -0.1449827 0.1432201 0.3745561
v -0.1449827 0.1432201 0.3745561
v -0.1479032 0.1467616 0.3743251
v -0.1479032 0.1467616 0.3743251
v -0.1458311 0.1469473 0.3509774
v -0.1458311 0.1469473 0.3509774
v -0.1335598 0.1508816 0.3520977
v -0.1335598 0.1508816 0.3520977
v -0.1335598 0.1508816 0.3520977
v -0.1356319 0.1506958 0.3754455
v -0.1356319 0.1506958 0.3754455
v -0.1356319 0.1506958 0.3754455
v -0.1384891 0.1542886 0.3752204
v -0.1384891 0.1542886 0.3752204
v -0.1384891 0.1542886 0.3752204
v -0.1364170 0.1544743 0.3518727
v -0.1364170 0.1544743 0.3518727
v -0.1364170 0.1544743 0.3518727
v -0.1640183 0.0782593 0.3752721
v -0.1640183 0.0782593 0.3752721
v -0.1640183 0.0782593 0.3752721
v -0.1640183 0.0782593 0.3752721
v -0.1614536 0.0784847 0.3479463
v -0.1614536 0.0784847 0.3479463
v -0.1614536 0.0784847 0.3479463
v -0.1614536 0.0784847 0.3479463
v -0.1614482 0.1074880 0.3484310
v -0.1614482 0.1074880 0.3484310
v -0.1614482 0.1074880 0.3484310
v -0.1614482 0.1074880 0.3484310
v -0.1639673 0.1072667 0.3752709
v -0.1639673 0.1072667 0.3752709
v -0.1639673 0.1072667 0.3752709
v -0.1639673 0.1072667 0.3752709
v -0.1547505 0.0676474 0.3391826
v -0.1547505 0.0676474 0.3391826
v -0.1547505 0.0676474 0.3391826
v -0.1547505 0.0676474 0.3391826
v -0.1546384 0.1159350 0.3407369
v -0.1546384 0.1159350 0.3407369
v -0.1546384 0.1159350 0.3407369
v -0.1546384 0.1159350 0.3407369
v -0.1587209 0.1155762 0.3842345
v -0.1587209 0.1155762 0.3842345
v -0.1587209 0.1155762 0.3842345
v -0.1587209 0.1155762 0.3842345
v -0.1590462 0.0672699 0.3849514
v -0.1590462 0.0672699 0.3849514
v -0.1590462 0.0672699 0.3849514
v -0.1590462 0.0672699 0.3849514
v -0.1553354 0.0784825 0.3485206
v -0.1553354 0.0784825 0.3485206
v -0.1553354 0.0784825 0.3485206
v -0.1553354 0.0784825 0.3485206
v -0.1553268 0.1073816 0.3490047
v -0.1553268 0.1073816 0.3490047
v -0.1553268 0.1073816 0.3490047
v -0.1553268 0.1073816 0.3490047
v -0.1578458 0.1071603 0.3758445
v -0.1578458 0.1071603 0.3758445
v -0.1578458 0.1071603 0.3758445
v -0.1578458 0.1071603 0.3758445
v -0.1579000 0.0782572 0.3758463
v -0.1579000 0.0782572 0.3758463
v -0.1579000 0.0782572 0.3758463
v -0.1579000 0.0782572 0.3758463
v -0.1611284 0.0694931 0.3385993
v -0.1611284 0.0694931 0.3385993
v -0.1611284 0.0694931 0.3385993
v -0.1611284 0.0694931 0.3385993
v -0.1626500 0.0719985 0.3418984
v -0.1626500 0.0719985 0.3418984
v -0.1626500 0.0719985 0.3418984
v -0.1626500 0.0719985 0.3418984
v -0.1615979 0.1138028 0.3428813
v -0.1615979 0.1138028 0.3428813
v -0.1615979 0.1138028 0.3428813
v -0.1615979 0.1138028 0.3428813
v -0.1596057 0.1158941 0.3402704
v -0.1596057 0.1158941 0.3402704
v -0.1596057 0.1158941 0.3402704
v -0.1596057 0.1158941 0.3402704
v -0.1663091 0.0716770 0.3808847
v -0.1663091 0.0716770 0.3808847
v -0.1663091 0.0716770 0.3808847
v -0.1663091 0.0716770 0.3808847
v -0.1654240 0.0691156 0.3843679
v -0.1654240 0.0691156 0.3843679
v -0.1654240 0.0691156 0.3843679
v -0.1654240 0.0691156 0.3843679
v -0.1636882 0.1155354 0.3837681
v -0.1636882 0.1155354 0.3837681
v -0.1636882 0.1155354 0.3837681
v -0.1636882 0.1155354 0.3837681
v -0.1651566 0.1134902 0.3807982
v -0.1651566 0.1134902 0.3807982
v -0.1651566 0.1134902 0.3807982
v -0.1651566 0.1134902 0.3807982
v -0.1439588 0.0932253 0.2551892
v -0.1439588 0.0932253 0.2551892
v -0.1446563 0.0933178 0.2609946
v -0.1446563 0.0933178 0.2609946
v -0.1488417 0.0973109 0.2553780
v -0.1488417 0.0973109 0.2553780
v -0.1499394 0.0981276 0.2566179
v -0.1499394 0.0981276 0.2566179
v -0.1501099 0.0981502 0.2580370
v -0.1501099 0.0981502 0.2580370
v -0.1493402 0.0973770 0.2595266
v -0.1493402 0.0973770 0.2595266
v -0.1583663 0.0779399 0.2527330
v -0.1583663 0.0779399 0.2527330
v -0.1583663 0.0779399 0.2527330
v -0.1583663 0.0779399 0.2527330
v -0.1594689 0.0774473 0.2537632
v -0.1594689 0.0774473 0.2537632
v -0.1594689 0.0774473 0.2537632
v -0.1594689 0.0774473 0.2537632
v -0.1589776 0.0797345 0.2539995
v -0.1589776 0.0797345 0.2539995
v -0.1589776 0.0797345 0.2539995
v -0.1589776 0.0797345 0.2539995
v -0.1592933 0.0780628 0.2604474
v -0.1592933 0.0780628 0.2604474
v -0.1592933 0.0780628 0.2604474
v -0.1592933 0.0780628 0.2604474
v -0.1595804 0.0798144 0.2590165
v -0.1595804 0.0798144 0.2590165
v -0.1595804 0.0798144 0.2590165
v -0.1595804 0.0798144 0.2590165
v -0.1601224 0.0775339 0.2592013
v -0.1601224 0.0775339 0.2592013
v -0.1601224 0.0775339 0.2592013
v -0.1601224 0.0775339 0.2592013
v -0.1594021 0.0753633 0.2536207
v -0.1594021 0.0753633 0.2536207
v -0.1594021 0.0753633 0.2536207
v -0.1582856 0.0753033 0.2525097
v -0.1582856 0.0753033 0.2525097
v -0.1582856 0.0753033 0.2525097
v -0.1582856 0.0753033 0.2525097
v -0.1600991 0.0754557 0.2594209
v -0.1600991 0.0754557 0.2594209
v -0.1600991 0.0754557 0.2594209
v -0.1592777 0.0754348 0.2607662
v -0.1592777 0.0754348 0.2607662
v -0.1592777 0.0754348 0.2607662
v -0.1592777 0.0754348 0.2607662
v -0.1184983 0.1515449 0.2773583
v -0.1184983 0.1515449 0.2773583
v -0.1153886 0.1516415 0.2511706
v -0.1153886 0.1516415 0.2511706
v -0.1189241 0.1567823 0.2507698
v -0.1189241 0.1567823 0.2507698
v -0.1220338 0.1566857 0.2769575
v -0.1220338 0.1566857 0.2769575
v -0.1226892 0.1485907 0.2768499
v -0.1226892 0.1485907 0.2768499
v -0.1195796 0.1486873 0.2506621
v -0.1195796 0.1486873 0.2506621
v -0.1231434 0.1538078 0.2502578
v -0.1231434 0.1538078 0.2502578
v -0.1262531 0.1537113 0.2764455
v -0.1262531 0.1537113 0.2764455
v -0.1106329 0.1567802 0.2752084
v -0.1106329 0.1567802 0.2752084
v -0.1141684 0.1619210 0.2748076
v -0.1141684 0.1619210 0.2748076
v -0.1117854 0.1619951 0.2547399
v -0.1117854 0.1619951 0.2547399
v -0.1082500 0.1568542 0.2551408
v -0.1082500 0.1568542 0.2551408
v -0.1033672 0.1612242 0.2681871
v -0.1033672 0.1612242 0.2681871
v -0.1069027 0.1663651 0.2677862
v -0.1069027 0.1663651 0.2677862
v -0.1063699 0.1663816 0.2632994
v -0.1063699 0.1663816 0.2632994
v -0.1028344 0.1612408 0.2637002
v -0.1028344 0.1612408 0.2637002
v -0.1181777 0.1593009 0.2765277
v -0.1181777 0.1593009 0.2765277
v -0.1152782 0.1593910 0.2521096
v -0.1152782 0.1593910 0.2521096
v -0.1146422 0.1541601 0.2769286
v -0.1146422 0.1541601 0.2769286
v -0.1117426 0.1542502 0.2525105
v -0.1117426 0.1542502 0.2525105
v -0.1129769 0.1619580 0.2647737
v -0.1094414 0.1568172 0.2651746
v -0.1060655 0.1667708 0.2656121
v -0.1060655 0.1667708 0.2656121
v -0.1025299 0.1616300 0.2660129
v -0.1025299 0.1616300 0.2660129
v -0.1025299 0.1616300 0.2660129
v -0.1167280 0.1593460 0.2643186
v -0.1167280 0.1593460 0.2643186
v -0.1193491 0.1567690 0.2543484
v -0.1216088 0.1566989 0.2733789
v -0.1180734 0.1515581 0.2737797
v -0.1158137 0.1516283 0.2547493
v -0.1132042 0.1541969 0.2647181
v -0.1132042 0.1541969 0.2647181
v -0.1258281 0.1537245 0.2728668
v -0.1258281 0.1537245 0.2728668
v -0.1258281 0.1537245 0.2728668
v -0.1235684 0.1537946 0.2538364
v -0.1235684 0.1537946 0.2538364
v -0.1235684 0.1537946 0.2538364
v -0.1200045 0.1486741 0.2542408
v -0.1200045 0.1486741 0.2542408
v -0.1200045 0.1486741 0.2542408
v -0.1222643 0.1486040 0.2732711
v -0.1222643 0.1486040 0.2732711
v -0.1222643 0.1486040 0.2732711
v -0.1254861 0.1521528 0.2499736
v -0.1254861 0.1521528 0.2499736
v -0.1254861 0.1521528 0.2499736
v -0.1219223 0.1470323 0.2503779
v -0.1219223 0.1470323 0.2503779
v -0.1219223 0.1470323 0.2503779
v -0.1250319 0.1469356 0.2765655
v -0.1250319 0.1469356 0.2765655
v -0.1250319 0.1469356 0.2765655
v -0.1285958 0.1520562 0.2761613
v -0.1285958 0.1520562 0.2761613
v -0.1285958 0.1520562 0.2761613
v -0.1225796 0.1481971 0.2709057
v -0.1225796 0.1481971 0.2709057
v -0.1208648 0.1482503 0.2564636
v -0.1208648 0.1482503 0.2564636
v -0.1173764 0.1512877 0.2642119
v -0.1227539 0.1478667 0.2682625
v -0.1227539 0.1478667 0.2682625
v -0.1226461 0.1476992 0.2651931
v -0.1226461 0.1476992 0.2651931
v -0.1222667 0.1477109 0.2619981
v -0.1222667 0.1477109 0.2619981
v -0.1216529 0.1479008 0.2589900
v -0.1216529 0.1479008 0.2589900
v -0.1244286 0.1533709 0.2560593
v -0.1244286 0.1533709 0.2560593
v -0.1261436 0.1533176 0.2705013
v -0.1261436 0.1533176 0.2705013
v -0.1252168 0.1530215 0.2585857
v -0.1252168 0.1530215 0.2585857
v -0.1258305 0.1528315 0.2615937
v -0.1258305 0.1528315 0.2615937
v -0.1262100 0.1528197 0.2647888
v -0.1262100 0.1528197 0.2647888
v -0.1263178 0.1529872 0.2678582
v -0.1263178 0.1529872 0.2678582
v -0.1212429 0.1552221 0.2779245
v -0.1212429 0.1552221 0.2779245
v -0.1179276 0.1553251 0.2500044
v -0.1179276 0.1553251 0.2500044
v -0.1224177 0.1521598 0.2494595
v -0.1224177 0.1521598 0.2494595
v -0.1257331 0.1520569 0.2773797
v -0.1257331 0.1520569 0.2773797
v -0.1128572 0.1608038 0.2756322
v -0.1128572 0.1608038 0.2756322
v -0.1103166 0.1608827 0.2542371
v -0.1103166 0.1608827 0.2542371
v -0.1051109 0.1655417 0.2681465
v -0.1051109 0.1655417 0.2681465
v -0.1045429 0.1655594 0.2633628
v -0.1045429 0.1655594 0.2633628
v -0.1140404 0.1581064 0.2514328
v -0.1140404 0.1581064 0.2514328
v -0.1171318 0.1580104 0.2774661
v -0.1171318 0.1580104 0.2774661
v -0.1042183 0.1659744 0.2658285
v -0.1042183 0.1659744 0.2658285
v -0.1042183 0.1659744 0.2658285
v -0.1237533 0.1515500 0.2532535
v -0.1237533 0.1515500 0.2532535
v -0.1237533 0.1515500 0.2532535
v -0.1237533 0.1515500 0.2532535
v -0.1261626 0.1514751 0.2735428
v -0.1261626 0.1514751 0.2735428
v -0.1261626 0.1514751 0.2735428
v -0.1261626 0.1514751 0.2735428
v -0.1257979 0.1497996 0.2491348
v -0.1257979 0.1497996 0.2491348
v -0.1257979 0.1497996 0.2491348
v -0.1257979 0.1497996 0.2491348
v -0.1291133 0.1496965 0.2770550
v -0.1291133 0.1496965 0.2770550
v -0.1291133 0.1496965 0.2770550
v -0.1291133 0.1496965 0.2770550
v -0.1264988 0.1510415 0.2710208
v -0.1264988 0.1510415 0.2710208
v -0.1266846 0.1506892 0.2682026
v -0.1266846 0.1506892 0.2682026
v -0.1265696 0.1505106 0.2649302
v -0.1265696 0.1505106 0.2649302
v -0.1261651 0.1505232 0.2615239
v -0.1261651 0.1505232 0.2615239
v -0.1255107 0.1507256 0.2583168
v -0.1255107 0.1507256 0.2583168
v -0.1246704 0.1510983 0.2556231
v -0.1246704 0.1510983 0.2556231
v -0.1050387 0.1602627 0.2705832
v -0.1050387 0.1602627 0.2705832
v -0.1079539 0.1584860 0.2734826
v -0.1079539 0.1584860 0.2734826
v -0.1085741 0.1654035 0.2701824
v -0.1085741 0.1654035 0.2701824
v -0.1114909 0.1636258 0.2730827
v -0.1114909 0.1636258 0.2730827
v -0.1095879 0.1636849 0.2570561
v -0.1095879 0.1636849 0.2570561
v -0.1074330 0.1654389 0.2605718
v -0.1074330 0.1654389 0.2605718
v -0.1060512 0.1585451 0.2574583
v -0.1060512 0.1585451 0.2574583
v -0.1038975 0.1602981 0.2609725
v -0.1038975 0.1602981 0.2609725
v -0.1079815 0.1654365 0.2653797
v -0.1105454 0.1636512 0.2650687
v -0.1044461 0.1602957 0.2657805
v -0.1070085 0.1585114 0.2654697
v -0.1098900 0.1626931 0.2737206
v -0.1098900 0.1626931 0.2737206
v -0.1069865 0.1644628 0.2708354
v -0.1069865 0.1644628 0.2708354
v -0.1057358 0.1645016 0.2603019
v -0.1057358 0.1645016 0.2603019
v -0.1078812 0.1627555 0.2568040
v -0.1078812 0.1627555 0.2568040
v -0.1507636 0.1200004 0.2469282
v -0.1507636 0.1200004 0.2469282
v -0.1507636 0.1200004 0.2469282
v -0.1513067 0.1215097 0.2457928
v -0.1513067 0.1215097 0.2457928
v -0.1513067 0.1215097 0.2457928
v -0.1513067 0.1215097 0.2457928
v -0.1537716 0.1199670 0.2717508
v -0.1537716 0.1199670 0.2717508
v -0.1537716 0.1199670 0.2717508
v -0.1545672 0.1214684 0.2727284
v -0.1545672 0.1214684 0.2727284
v -0.1545672 0.1214684 0.2727284
v -0.1545672 0.1214684 0.2727284
v -0.1464981 0.1299112 0.2474627
v -0.1464981 0.1299112 0.2474627
v -0.1464981 0.1299112 0.2474627
v -0.1479291 0.1293951 0.2462171
v -0.1479291 0.1293951 0.2462171
v -0.1479291 0.1293951 0.2462171
v -0.1479291 0.1293951 0.2462171
v -0.1494889 0.1298620 0.2722874
v -0.1494889 0.1298620 0.2722874
v -0.1494889 0.1298620 0.2722874
v -0.1511784 0.1293407 0.2731540
v -0.1511784 0.1293407 0.2731540
v -0.1511784 0.1293407 0.2731540
v -0.1511784 0.1293407 0.2731540
v -0.1431420 0.1171800 0.2478480
v -0.1431420 0.1171800 0.2478480
v -0.1431420 0.1171800 0.2478480
v -0.1415848 0.1178120 0.2469651
v -0.1415848 0.1178120 0.2469651
v -0.1415848 0.1178120 0.2469651
v -0.1415848 0.1178120 0.2469651
v -0.1393148 0.1259535 0.2483195
v -0.1393148 0.1259535 0.2483195
v -0.1393148 0.1259535 0.2483195
v -0.1386662 0.1244364 0.2473238
v -0.1386662 0.1244364 0.2473238
v -0.1386662 0.1244364 0.2473238
v -0.1386662 0.1244364 0.2473238
v -0.1461464 0.1171468 0.2726712
v -0.1461464 0.1171468 0.2726712
v -0.1461464 0.1171468 0.2726712
v -0.1448389 0.1177757 0.2739016
v -0.1448389 0.1177757 0.2739016
v -0.1448389 0.1177757 0.2739016
v -0.1448389 0.1177757 0.2739016
v -0.1423001 0.1259055 0.2731449
v -0.1423001 0.1259055 0.2731449
v -0.1423001 0.1259055 0.2731449
v -0.1419071 0.1243902 0.2742619
v -0.1419071 0.1243902 0.2742619
v -0.1419071 0.1243902 0.2742619
v -0.1419071 0.1243902 0.2742619
v -0.1399264 0.1259683 0.2536872
v -0.1399264 0.1259683 0.2536872
v -0.1416337 0.1259321 0.2677845
v -0.1416337 0.1259321 0.2677845
v -0.1407382 0.1260778 0.2607426
v -0.1407382 0.1260778 0.2607426
v -0.1411221 0.1244191 0.2678443
v -0.1411221 0.1244191 0.2678443
v -0.1394160 0.1244575 0.2537463
v -0.1394160 0.1244575 0.2537463
v -0.1402073 0.1245848 0.2608047
v -0.1402073 0.1245848 0.2608047
v -0.1423144 0.1178128 0.2533900
v -0.1423144 0.1178128 0.2533900
v -0.1440383 0.1177898 0.2674858
v -0.1440383 0.1177898 0.2674858
v -0.1429857 0.1178445 0.2604627
v -0.1429857 0.1178445 0.2604627
v -0.1454654 0.1171555 0.2673125
v -0.1454654 0.1171555 0.2673125
v -0.1437399 0.1171747 0.2532173
v -0.1437399 0.1171747 0.2532173
v -0.1444093 0.1171759 0.2602898
v -0.1444093 0.1171759 0.2602898
v -0.1492145 0.1300372 0.2668790
v -0.1492145 0.1300372 0.2668790
v -0.1475255 0.1300544 0.2527803
v -0.1475255 0.1300544 0.2527803
v -0.1486721 0.1300314 0.2597913
v -0.1486721 0.1300314 0.2597913
v -0.1491163 0.1295401 0.2525862
v -0.1491163 0.1295401 0.2525862
v -0.1508086 0.1295277 0.2666857
v -0.1508086 0.1295277 0.2666857
v -0.1502294 0.1294677 0.2596016
v -0.1502294 0.1294677 0.2596016
v -0.1541767 0.1216195 0.2662625
v -0.1541767 0.1216195 0.2662625
v -0.1524590 0.1216227 0.2521662
v -0.1524590 0.1216227 0.2521662
v -0.1534004 0.1215220 0.2592032
v -0.1534004 0.1215220 0.2592032
v -0.1517445 0.1201018 0.2522513
v -0.1517445 0.1201018 0.2522513
v -0.1534652 0.1200973 0.2663461
v -0.1534652 0.1200973 0.2663461
v -0.1526801 0.1200289 0.2592888
v -0.1526801 0.1200289 0.2592888
v -0.1487535 0.0774090 0.2710283
v -0.1487535 0.0774090 0.2710283
v -0.1459275 0.0774612 0.2477591
v -0.1459275 0.0774612 0.2477591
v -0.1504502 0.0768555 0.2472085
v -0.1504502 0.0768555 0.2472085
v -0.1532761 0.0768034 0.2704777
v -0.1532761 0.0768034 0.2704777
v -0.1502778 0.0891504 0.2708694
v -0.1502778 0.0891504 0.2708694
v -0.1474519 0.0892025 0.2476003
v -0.1474519 0.0892025 0.2476003
v -0.1519868 0.0886982 0.2470484
v -0.1519868 0.0886982 0.2470484
v -0.1548128 0.0886461 0.2703176
v -0.1548128 0.0886461 0.2703176
v -0.1511686 0.0990230 0.2707833
v -0.1511686 0.0990230 0.2707833
v -0.1483427 0.0990751 0.2475141
v -0.1483427 0.0990751 0.2475141
v -0.1528997 0.0988488 0.2469603
v -0.1528997 0.0988488 0.2469603
v -0.1557256 0.0987967 0.2702294
v -0.1557256 0.0987967 0.2702294
v -0.1515035 0.1077958 0.2707612
v -0.1515035 0.1077958 0.2707612
v -0.1486735 0.1078333 0.2474925
v -0.1486735 0.1078333 0.2474925
v -0.1531212 0.1084509 0.2469528
v -0.1531212 0.1084509 0.2469528
v -0.1559514 0.1084125 0.2702215
v -0.1559514 0.1084125 0.2702215
v -0.1494627 0.1166734 0.2710148
v -0.1494627 0.1166734 0.2710148
v -0.1466398 0.1167019 0.2477451
v -0.1466398 0.1167019 0.2477451
v -0.1508256 0.1183245 0.2472392
v -0.1508256 0.1183245 0.2472392
v -0.1536501 0.1182972 0.2705086
v -0.1536501 0.1182972 0.2705086
v -0.1446828 0.1275901 0.2716070
v -0.1446828 0.1275901 0.2716070
v -0.1418827 0.1276368 0.2483347
v -0.1418827 0.1276368 0.2483347
v -0.1458047 0.1299110 0.2478672
v -0.1458047 0.1299110 0.2478672
v -0.1486061 0.1298654 0.2711394
v -0.1486061 0.1298654 0.2711394
v -0.1386695 0.1362720 0.2723443
v -0.1386695 0.1362720 0.2723443
v -0.1358947 0.1363444 0.2490690
v -0.1358947 0.1363444 0.2490690
v -0.1390313 0.1396416 0.2487053
v -0.1390313 0.1396416 0.2487053
v -0.1418066 0.1395698 0.2719806
v -0.1418066 0.1395698 0.2719806
v -0.1314914 0.1424249 0.2732159
v -0.1314914 0.1424249 0.2732159
v -0.1287274 0.1425107 0.2499393
v -0.1287274 0.1425107 0.2499393
v -0.1314157 0.1462262 0.2496338
v -0.1314157 0.1462262 0.2496338
v -0.1341796 0.1461403 0.2729104
v -0.1341796 0.1461403 0.2729104
v -0.1217271 0.1493076 0.2744008
v -0.1217271 0.1493076 0.2744008
v -0.1217271 0.1493076 0.2744008
v -0.1189632 0.1493934 0.2511241
v -0.1189632 0.1493934 0.2511241
v -0.1189632 0.1493934 0.2511241
v -0.1215853 0.1531561 0.2508266
v -0.1215853 0.1531561 0.2508266
v -0.1215853 0.1531561 0.2508266
v -0.1243493 0.1530702 0.2741032
v -0.1243493 0.1530702 0.2741032
v -0.1243493 0.1530702 0.2741032
v -0.1507815 0.0788823 0.2451130
v -0.1507815 0.0788823 0.2451130
v -0.1507815 0.0788823 0.2451130
v -0.1507815 0.0788823 0.2451130
v -0.1540555 0.0793163 0.2723603
v -0.1540555 0.0793163 0.2723603
v -0.1540555 0.0793163 0.2723603
v -0.1540555 0.0793163 0.2723603
v -0.1521540 0.1082573 0.2718822
v -0.1521540 0.1082573 0.2718822
v -0.1521540 0.1082573 0.2718822
v -0.1521540 0.1082573 0.2718822
v -0.1489382 0.1078311 0.2451193
v -0.1489382 0.1078311 0.2451193
v -0.1489382 0.1078311 0.2451193
v -0.1489382 0.1078311 0.2451193
v -0.1500446 0.0682116 0.2823493
v -0.1500446 0.0682116 0.2823493
v -0.1500446 0.0682116 0.2823493
v -0.1500446 0.0682116 0.2823493
v -0.1466199 0.1163793 0.2808448
v -0.1466199 0.1163793 0.2808448
v -0.1466199 0.1163793 0.2808448
v -0.1466199 0.1163793 0.2808448
v -0.1414083 0.1156885 0.2374720
v -0.1414083 0.1156885 0.2374720
v -0.1414083 0.1156885 0.2374720
v -0.1414083 0.1156885 0.2374720
v -0.1445609 0.0674848 0.2367119
v -0.1445609 0.0674848 0.2367119
v -0.1445609 0.0674848 0.2367119
v -0.1445609 0.0674848 0.2367119
v -0.1479666 0.0789370 0.2730979
v -0.1479666 0.0789370 0.2730979
v -0.1479666 0.0789370 0.2730979
v -0.1479666 0.0789370 0.2730979
v -0.1460686 0.1077738 0.2726211
v -0.1460686 0.1077738 0.2726211
v -0.1460686 0.1077738 0.2726211
v -0.1460686 0.1077738 0.2726211
v -0.1428528 0.1073476 0.2458582
v -0.1428528 0.1073476 0.2458582
v -0.1428528 0.1073476 0.2458582
v -0.1428528 0.1073476 0.2458582
v -0.1446926 0.0785030 0.2458506
v -0.1446926 0.0785030 0.2458506
v -0.1446926 0.0785030 0.2458506
v -0.1446926 0.0785030 0.2458506
v -0.1562746 0.0704467 0.2815652
v -0.1562746 0.0704467 0.2815652
v -0.1562746 0.0704467 0.2815652
v -0.1562746 0.0704467 0.2815652
v -0.1569048 0.0729953 0.2780176
v -0.1569048 0.0729953 0.2780176
v -0.1569048 0.0729953 0.2780176
v -0.1569048 0.0729953 0.2780176
v -0.1530853 0.1146430 0.2772724
v -0.1530853 0.1146430 0.2772724
v -0.1530853 0.1146430 0.2772724
v -0.1530853 0.1146430 0.2772724
v -0.1515661 0.1166448 0.2802463
v -0.1515661 0.1166448 0.2802463
v -0.1515661 0.1166448 0.2802463
v -0.1515661 0.1166448 0.2802463
v -0.1522338 0.0723762 0.2391433
v -0.1522338 0.0723762 0.2391433
v -0.1522338 0.0723762 0.2391433
v -0.1522338 0.0723762 0.2391433
v -0.1507910 0.0697199 0.2359278
v -0.1507910 0.0697199 0.2359278
v -0.1507910 0.0697199 0.2359278
v -0.1507910 0.0697199 0.2359278
v -0.1463544 0.1159540 0.2368734
v -0.1463544 0.1159540 0.2368734
v -0.1463544 0.1159540 0.2368734
v -0.1463544 0.1159540 0.2368734
v -0.1485424 0.1140408 0.2394643
v -0.1485424 0.1140408 0.2394643
v -0.1485424 0.1140408 0.2394643
v -0.1485424 0.1140408 0.2394643
v -0.1328986 0.0923357 0.1638308
v -0.1328986 0.0923357 0.1638308
v -0.1326273 0.0923726 0.1579893
v -0.1326273 0.0923726 0.1579893
v -0.1379019 0.0961368 0.1627871
v -0.1379019 0.0961368 0.1627871
v -0.1388223 0.0968864 0.1613728
v -0.1388223 0.0968864 0.1613728
v -0.1387560 0.0968954 0.1599449
v -0.1387560 0.0968954 0.1599449
v -0.1377081 0.0961632 0.1586128
v -0.1377081 0.0961632 0.1586128
v -0.1466420 0.0762633 0.1640537
v -0.1466420 0.0762633 0.1640537
v -0.1466420 0.0762633 0.1640537
v -0.1466420 0.0762633 0.1640537
v -0.1475293 0.0757060 0.1628613
v -0.1475293 0.0757060 0.1628613
v -0.1475293 0.0757060 0.1628613
v -0.1475293 0.0757060 0.1628613
v -0.1471334 0.0780168 0.1626820
v -0.1471334 0.0780168 0.1626820
v -0.1471334 0.0780168 0.1626820
v -0.1471334 0.0780168 0.1626820
v -0.1462816 0.0763123 0.1562914
v -0.1462816 0.0763123 0.1562914
v -0.1462816 0.0763123 0.1562914
v -0.1462816 0.0763123 0.1562914
v -0.1468990 0.0780487 0.1576338
v -0.1468990 0.0780487 0.1576338
v -0.1468990 0.0780487 0.1576338
v -0.1468990 0.0780487 0.1576338
v -0.1472753 0.0757406 0.1573894
v -0.1472753 0.0757406 0.1573894
v -0.1472753 0.0757406 0.1573894
v -0.1472753 0.0757406 0.1573894
v -0.1473714 0.0736296 0.1630382
v -0.1473714 0.0736296 0.1630382
v -0.1473714 0.0736296 0.1630382
v -0.1464531 0.0736362 0.1643192
v -0.1464531 0.0736362 0.1643192
v -0.1464531 0.0736362 0.1643192
v -0.1464531 0.0736362 0.1643192
v -0.1471004 0.0736665 0.1572019
v -0.1471004 0.0736665 0.1572019
v -0.1471004 0.0736665 0.1572019
v -0.1460673 0.0736886 0.1560115
v -0.1460673 0.0736886 0.1560115
v -0.1460673 0.0736886 0.1560115
v -0.1460673 0.0736886 0.1560115
v -0.1081311 0.1541699 0.1464759
v -0.1081311 0.1541699 0.1464759
v -0.1093792 0.1533446 0.1728053
v -0.1093792 0.1533446 0.1728053
v -0.1132308 0.1582693 0.1727770
v -0.1132308 0.1582693 0.1727770
v -0.1119827 0.1590946 0.1464476
v -0.1119827 0.1590946 0.1464476
v -0.1121661 0.1509788 0.1461845
v -0.1121661 0.1509788 0.1461845
v -0.1134143 0.1501535 0.1725139
v -0.1134143 0.1501535 0.1725139
v -0.1172932 0.1550563 0.1724837
v -0.1172932 0.1550563 0.1724837
v -0.1160450 0.1558816 0.1461544
v -0.1160450 0.1558816 0.1461544
v -0.1010502 0.1597218 0.1500721
v -0.1010502 0.1597218 0.1500721
v -0.1049018 0.1646465 0.1500439
v -0.1049018 0.1646465 0.1500439
v -0.1058583 0.1640141 0.1702200
v -0.1058583 0.1640141 0.1702200
v -0.1020067 0.1590894 0.1702483
v -0.1020067 0.1590894 0.1702483
v -0.0953136 0.1642502 0.1583440
v -0.0953136 0.1642502 0.1583440
v -0.0991652 0.1691749 0.1583158
v -0.0991652 0.1691749 0.1583158
v -0.0993790 0.1690335 0.1628269
v -0.0993790 0.1690335 0.1628269
v -0.0955275 0.1641088 0.1628551
v -0.0955275 0.1641088 0.1628551
v -0.1084115 0.1618909 0.1475971
v -0.1084115 0.1618909 0.1475971
v -0.1095753 0.1611214 0.1721473
v -0.1095753 0.1611214 0.1721473
v -0.1045599 0.1569661 0.1476254
v -0.1045599 0.1569661 0.1476254
v -0.1057237 0.1561966 0.1721755
v -0.1057237 0.1561966 0.1721755
v -0.1053800 0.1643303 0.1601320
v -0.1015284 0.1594055 0.1601603
v -0.0987222 0.1695340 0.1606108
v -0.0987222 0.1695340 0.1606108
v -0.0948706 0.1646093 0.1606391
v -0.0948706 0.1646093 0.1606391
v -0.0948706 0.1646093 0.1606391
v -0.1089934 0.1615061 0.1598722
v -0.1089934 0.1615061 0.1598722
v -0.1130603 0.1583820 0.1691791
v -0.1121532 0.1589818 0.1500456
v -0.1083016 0.1540571 0.1500739
v -0.1092088 0.1534573 0.1692072
v -0.1051532 0.1565725 0.1598997
v -0.1051532 0.1565725 0.1598997
v -0.1162155 0.1557688 0.1497524
v -0.1162155 0.1557688 0.1497524
v -0.1162155 0.1557688 0.1497524
v -0.1171226 0.1551691 0.1688857
v -0.1171226 0.1551691 0.1688857
v -0.1171226 0.1551691 0.1688857
v -0.1132437 0.1502662 0.1689160
v -0.1132437 0.1502662 0.1689160
v -0.1132437 0.1502662 0.1689160
v -0.1123367 0.1508660 0.1497826
v -0.1123367 0.1508660 0.1497826
v -0.1123367 0.1508660 0.1497826
v -0.1195485 0.1532688 0.1723208
v -0.1195485 0.1532688 0.1723208
v -0.1195485 0.1532688 0.1723208
v -0.1156696 0.1483660 0.1723509
v -0.1156696 0.1483660 0.1723509
v -0.1156696 0.1483660 0.1723509
v -0.1144214 0.1491912 0.1460216
v -0.1144214 0.1491912 0.1460216
v -0.1144214 0.1491912 0.1460216
v -0.1183003 0.1540941 0.1459914
v -0.1183003 0.1540941 0.1459914
v -0.1183003 0.1540941 0.1459914
v -0.1130119 0.1503452 0.1520482
v -0.1130119 0.1503452 0.1520482
v -0.1137003 0.1498900 0.1665685
v -0.1137003 0.1498900 0.1665685
v -0.1091720 0.1534273 0.1596105
v -0.1135984 0.1498966 0.1546136
v -0.1135984 0.1498966 0.1546136
v -0.1139867 0.1496078 0.1576511
v -0.1139867 0.1496078 0.1576511
v -0.1141390 0.1495070 0.1608634
v -0.1141390 0.1495070 0.1608634
v -0.1140403 0.1496043 0.1639361
v -0.1140403 0.1496043 0.1639361
v -0.1175792 0.1547929 0.1665383
v -0.1175792 0.1547929 0.1665383
v -0.1168908 0.1552480 0.1520180
v -0.1168908 0.1552480 0.1520180
v -0.1179192 0.1545072 0.1639059
v -0.1179192 0.1545072 0.1639059
v -0.1180179 0.1544099 0.1608332
v -0.1180179 0.1544099 0.1608332
v -0.1178656 0.1545106 0.1576209
v -0.1178656 0.1545106 0.1576209
v -0.1174772 0.1547994 0.1545833
v -0.1174772 0.1547994 0.1545833
v -0.1109583 0.1577165 0.1455793
v -0.1109583 0.1577165 0.1455793
v -0.1122891 0.1568366 0.1736504
v -0.1122891 0.1568366 0.1736504
v -0.1166122 0.1534175 0.1733383
v -0.1166122 0.1534175 0.1733383
v -0.1152814 0.1542974 0.1452671
v -0.1152814 0.1542974 0.1452671
v -0.1034091 0.1636358 0.1494135
v -0.1034091 0.1636358 0.1494135
v -0.1044288 0.1629615 0.1709243
v -0.1044288 0.1629615 0.1709243
v -0.0972930 0.1684636 0.1582325
v -0.0972930 0.1684636 0.1582325
v -0.0975210 0.1683129 0.1630420
v -0.0975210 0.1683129 0.1630420
v -0.1083917 0.1598773 0.1729791
v -0.1083917 0.1598773 0.1729791
v -0.1071509 0.1606978 0.1468049
v -0.1071509 0.1606978 0.1468049
v -0.0968207 0.1688465 0.1606794
v -0.0968207 0.1688465 0.1606794
v -0.0968207 0.1688465 0.1606794
v -0.1172675 0.1528955 0.1693573
v -0.1172675 0.1528955 0.1693573
v -0.1172675 0.1528955 0.1693573
v -0.1172675 0.1528955 0.1693573
v -0.1163005 0.1535349 0.1489583
v -0.1163005 0.1535349 0.1489583
v -0.1163005 0.1535349 0.1489583
v -0.1163005 0.1535349 0.1489583
v -0.1198539 0.1508695 0.1730198
v -0.1198539 0.1508695 0.1730198
v -0.1198539 0.1508695 0.1730198
v -0.1198539 0.1508695 0.1730198
v -0.1185231 0.1517494 0.1449486
v -0.1185231 0.1517494 0.1449486
v -0.1185231 0.1517494 0.1449486
v -0.1185231 0.1517494 0.1449486
v -0.1170204 0.1529797 0.1513738
v -0.1170204 0.1529797 0.1513738
v -0.1176457 0.1525014 0.1541090
v -0.1176457 0.1525014 0.1541090
v -0.1180597 0.1521935 0.1573474
v -0.1180597 0.1521935 0.1573474
v -0.1182221 0.1520862 0.1607722
v -0.1182221 0.1520862 0.1607722
v -0.1181168 0.1521898 0.1640482
v -0.1181168 0.1521898 0.1640482
v -0.1177543 0.1524944 0.1668548
v -0.1177543 0.1524944 0.1668548
v -0.0965086 0.1633015 0.1556734
v -0.0965086 0.1633015 0.1556734
v -0.0987972 0.1614944 0.1522736
v -0.0987972 0.1614944 0.1522736
v -0.1003601 0.1682262 0.1556451
v -0.1003601 0.1682262 0.1556451
v -0.1026500 0.1664180 0.1522443
v -0.1026500 0.1664180 0.1522443
v -0.1034139 0.1659129 0.1683575
v -0.1034139 0.1659129 0.1683575
v -0.1008182 0.1679233 0.1653077
v -0.1008182 0.1679233 0.1653077
v -0.0995610 0.1609894 0.1683846
v -0.0995610 0.1609894 0.1683846
v -0.0969667 0.1629986 0.1653362
v -0.0969667 0.1629986 0.1653362
v -0.1005679 0.1680914 0.1604781
v -0.1030377 0.1661610 0.1603005
v -0.0967164 0.1631666 0.1605063
v -0.0991848 0.1612374 0.1603288
v -0.1009136 0.1655990 0.1518520
v -0.1009136 0.1655990 0.1518520
v -0.0986339 0.1673990 0.1552356
v -0.0986339 0.1673990 0.1552356
v -0.0991359 0.1670671 0.1658262
v -0.0991359 0.1670671 0.1658262
v -0.1017199 0.1650659 0.1688601
v -0.1017199 0.1650659 0.1688601
v -0.1428124 0.1188361 0.1705691
v -0.1428124 0.1188361 0.1705691
v -0.1428124 0.1188361 0.1705691
v -0.1436324 0.1203132 0.1716030
v -0.1436324 0.1203132 0.1716030
v -0.1436324 0.1203132 0.1716030
v -0.1436324 0.1203132 0.1716030
v -0.1416883 0.1190051 0.1455909
v -0.1416883 0.1190051 0.1455909
v -0.1416883 0.1190051 0.1455909
v -0.1424110 0.1205094 0.1444993
v -0.1424110 0.1205094 0.1444993
v -0.1424110 0.1205094 0.1444993
v -0.1424110 0.1205094 0.1444993
v -0.1392266 0.1291844 0.1708143
v -0.1392266 0.1291844 0.1708143
v -0.1392266 0.1291844 0.1708143
v -0.1407939 0.1285364 0.1717990
v -0.1407939 0.1285364 0.1717990
v -0.1407939 0.1285364 0.1717990
v -0.1407939 0.1285364 0.1717990
v -0.1381062 0.1295425 0.1458376
v -0.1381062 0.1295425 0.1458376
v -0.1381062 0.1295425 0.1458376
v -0.1395794 0.1288933 0.1446962
v -0.1395794 0.1288933 0.1446962
v -0.1395794 0.1288933 0.1446962
v -0.1395794 0.1288933 0.1446962
v -0.1350121 0.1164815 0.1708928
v -0.1350121 0.1164815 0.1708928
v -0.1350121 0.1164815 0.1708928
v -0.1336737 0.1172051 0.1720155
v -0.1336737 0.1172051 0.1720155
v -0.1336737 0.1172051 0.1720155
v -0.1336737 0.1172051 0.1720155
v -0.1317894 0.1256679 0.1710923
v -0.1317894 0.1256679 0.1710923
v -0.1317894 0.1256679 0.1710923
v -0.1312119 0.1241335 0.1721670
v -0.1312119 0.1241335 0.1721670
v -0.1312119 0.1241335 0.1721670
v -0.1312119 0.1241335 0.1721670
v -0.1338881 0.1166763 0.1459148
v -0.1338881 0.1166763 0.1459148
v -0.1338881 0.1166763 0.1459148
v -0.1324503 0.1174371 0.1449125
v -0.1324503 0.1174371 0.1449125
v -0.1324503 0.1174371 0.1449125
v -0.1324503 0.1174371 0.1449125
v -0.1306595 0.1260433 0.1461171
v -0.1306595 0.1260433 0.1461171
v -0.1306595 0.1260433 0.1461171
v -0.1299887 0.1245143 0.1450655
v -0.1299887 0.1245143 0.1450655
v -0.1299887 0.1245143 0.1450655
v -0.1299887 0.1245143 0.1450655
v -0.1315021 0.1257473 0.1657022
v -0.1315021 0.1257473 0.1657022
v -0.1308758 0.1259535 0.1515162
v -0.1308758 0.1259535 0.1515162
v -0.1311110 0.1258653 0.1586193
v -0.1311110 0.1258653 0.1586193
v -0.1302641 0.1244259 0.1515259
v -0.1302641 0.1244259 0.1515259
v -0.1308915 0.1242371 0.1657125
v -0.1308915 0.1242371 0.1657125
v -0.1304788 0.1243751 0.1586325
v -0.1304788 0.1243751 0.1586325
v -0.1333286 0.1172583 0.1655638
v -0.1333286 0.1172583 0.1655638
v -0.1327121 0.1173774 0.1513750
v -0.1327121 0.1173774 0.1513750
v -0.1327941 0.1172970 0.1584982
v -0.1327941 0.1172970 0.1584982
v -0.1340929 0.1166239 0.1513158
v -0.1340929 0.1166239 0.1513158
v -0.1347095 0.1165136 0.1655042
v -0.1347095 0.1165136 0.1655042
v -0.1341722 0.1165204 0.1584389
v -0.1341722 0.1165204 0.1584389
v -0.1387225 0.1295844 0.1512183
v -0.1387225 0.1295844 0.1512183
v -0.1393638 0.1293688 0.1654011
v -0.1393638 0.1293688 0.1654011
v -0.1392979 0.1293366 0.1582925
v -0.1392979 0.1293366 0.1582925
v -0.1409168 0.1287335 0.1653226
v -0.1409168 0.1287335 0.1653226
v -0.1402777 0.1289394 0.1511383
v -0.1402777 0.1289394 0.1511383
v -0.1408150 0.1286522 0.1582160
v -0.1408150 0.1286522 0.1582160
v -0.1430925 0.1205685 0.1509437
v -0.1430925 0.1205685 0.1509437
v -0.1437166 0.1204466 0.1651309
v -0.1437166 0.1204466 0.1651309
v -0.1434461 0.1203352 0.1580456
v -0.1434461 0.1203352 0.1580456
v -0.1428995 0.1189475 0.1651616
v -0.1428995 0.1189475 0.1651616
v -0.1422767 0.1190577 0.1509752
v -0.1422767 0.1190577 0.1509752
v -0.1426258 0.1188631 0.1580790
v -0.1426258 0.1188631 0.1580790
v -0.1341126 0.0762294 0.1476094
v -0.1341126 0.0762294 0.1476094
v -0.1351938 0.0765055 0.1710231
v -0.1351938 0.0765055 0.1710231
v -0.1397043 0.0756454 0.1708250
v -0.1397043 0.0756454 0.1708250
v -0.1386231 0.0753694 0.1474113
v -0.1386231 0.0753694 0.1474113
v -0.1362922 0.0878657 0.1473716
v -0.1362922 0.0878657 0.1473716
v -0.1373734 0.0881417 0.1707852
v -0.1373734 0.0881417 0.1707852
v -0.1419019 0.0873821 0.1705851
v -0.1419019 0.0873821 0.1705851
v -0.1408207 0.0871061 0.1471714
v -0.1408207 0.0871061 0.1471714
v -0.1377321 0.0976719 0.1471895
v -0.1377321 0.0976719 0.1471895
v -0.1388133 0.0979479 0.1706032
v -0.1388133 0.0979479 0.1706032
v -0.1433793 0.0974647 0.1703980
v -0.1433793 0.0974647 0.1703980
v -0.1422981 0.0971887 0.1469844
v -0.1422981 0.0971887 0.1469844
v -0.1386959 0.1065675 0.1470091
v -0.1386959 0.1065675 0.1470091
v -0.1397565 0.1066830 0.1704252
v -0.1397565 0.1066830 0.1704252
v -0.1442422 0.1070338 0.1702266
v -0.1442422 0.1070338 0.1702266
v -0.1431798 0.1068885 0.1468108
v -0.1431798 0.1068885 0.1468108
v -0.1373695 0.1159233 0.1470151
v -0.1373695 0.1159233 0.1470151
v -0.1384213 0.1157718 0.1704312
v -0.1384213 0.1157718 0.1704312
v -0.1427073 0.1171359 0.1702536
v -0.1427073 0.1171359 0.1702536
v -0.1416547 0.1172730 0.1468375
v -0.1416547 0.1172730 0.1468375
v -0.1333620 0.1275685 0.1472661
v -0.1333620 0.1275685 0.1472661
v -0.1344175 0.1272120 0.1706796
v -0.1344175 0.1272120 0.1706796
v -0.1384818 0.1292393 0.1705301
v -0.1384818 0.1292393 0.1705301
v -0.1374298 0.1295844 0.1471160
v -0.1374298 0.1295844 0.1471160
v -0.1279187 0.1372907 0.1476192
v -0.1279187 0.1372907 0.1476192
v -0.1290017 0.1366764 0.1710264
v -0.1290017 0.1366764 0.1710264
v -0.1323429 0.1397736 0.1709554
v -0.1323429 0.1397736 0.1709554
v -0.1312611 0.1403815 0.1475480
v -0.1312611 0.1403815 0.1475480
v -0.1210648 0.1442087 0.1481027
v -0.1210648 0.1442087 0.1481027
v -0.1221742 0.1434751 0.1715052
v -0.1221742 0.1434751 0.1715052
v -0.1250915 0.1470266 0.1714782
v -0.1250915 0.1470266 0.1714782
v -0.1239821 0.1477602 0.1480758
v -0.1239821 0.1477602 0.1480758
v -0.1116638 0.1516435 0.1487814
v -0.1116638 0.1516435 0.1487814
v -0.1116638 0.1516435 0.1487814
v -0.1127732 0.1509099 0.1721839
v -0.1127732 0.1509099 0.1721839
v -0.1127732 0.1509099 0.1721839
v -0.1156269 0.1545124 0.1721616
v -0.1156269 0.1545124 0.1721616
v -0.1156269 0.1545124 0.1721616
v -0.1145175 0.1552459 0.1487591
v -0.1145175 0.1552459 0.1487591
v -0.1145175 0.1552459 0.1487591
v -0.1404909 0.0776558 0.1728120
v -0.1404909 0.0776558 0.1728120
v -0.1404909 0.0776558 0.1728120
v -0.1404909 0.0776558 0.1728120
v -0.1392178 0.0778288 0.1453953
v -0.1392178 0.0778288 0.1453953
v -0.1392178 0.0778288 0.1453953
v -0.1392178 0.0778288 0.1453953
v -0.1390331 0.1068323 0.1458310
v -0.1390331 0.1068323 0.1458310
v -0.1390331 0.1068323 0.1458310
v -0.1390331 0.1068323 0.1458310
v -0.1402836 0.1066624 0.1727602
v -0.1402836 0.1066624 0.1727602
v -0.1402836 0.1066624 0.1727602
v -0.1402836 0.1066624 0.1727602
v -0.1329944 0.0669428 0.1363430
v -0.1329944 0.0669428 0.1363430
v -0.1329944 0.0669428 0.1363430
v -0.1329944 0.0669428 0.1363430
v -0.1325487 0.1152311 0.1378101
v -0.1325487 0.1152311 0.1378101
v -0.1325487 0.1152311 0.1378101
v -0.1325487 0.1152311 0.1378101
v -0.1345752 0.1149557 0.1814525
v -0.1345752 0.1149557 0.1814525
v -0.1345752 0.1149557 0.1814525
v -0.1345752 0.1149557 0.1814525
v -0.1351267 0.0666530 0.1822640
v -0.1351267 0.0666530 0.1822640
v -0.1351267 0.0666530 0.1822640
v -0.1351267 0.0666530 0.1822640
v -0.1330793 0.0777940 0.1456801
v -0.1330793 0.0777940 0.1456801
v -0.1330793 0.0777940 0.1456801
v -0.1330793 0.0777940 0.1456801
v -0.1328921 0.1066933 0.1461153
v -0.1328921 0.1066933 0.1461153
v -0.1328921 0.1066933 0.1461153
v -0.1328921 0.1066933 0.1461153
v -0.1341425 0.1065234 0.1730445
v -0.1341425 0.1065234 0.1730445
v -0.1341425 0.1065234 0.1730445
v -0.1341425 0.1065234 0.1730445
v -0.1343524 0.0776211 0.1730968
v -0.1343524 0.0776211 0.1730968
v -0.1343524 0.0776211 0.1730968
v -0.1343524 0.0776211 0.1730968
v -0.1393826 0.0688225 0.1360582
v -0.1393826 0.0688225 0.1360582
v -0.1393826 0.0688225 0.1360582
v -0.1393826 0.0688225 0.1360582
v -0.1407333 0.0713407 0.1394214
v -0.1407333 0.0713407 0.1394214
v -0.1407333 0.0713407 0.1394214
v -0.1407333 0.0713407 0.1394214
v -0.1394106 0.1131401 0.1402841
v -0.1394106 0.1131401 0.1402841
v -0.1394106 0.1131401 0.1402841
v -0.1394106 0.1131401 0.1402841
v -0.1375326 0.1152168 0.1375785
v -0.1375326 0.1152168 0.1375785
v -0.1375326 0.1152168 0.1375785
v -0.1375326 0.1152168 0.1375785
v -0.1425496 0.0710940 0.1785374
v -0.1425496 0.0710940 0.1785374
v -0.1425496 0.0710940 0.1785374
v -0.1425496 0.0710940 0.1785374
v -0.1415149 0.0685327 0.1819792
v -0.1415149 0.0685327 0.1819792
v -0.1415149 0.0685327 0.1819792
v -0.1415149 0.0685327 0.1819792
v -0.1395591 0.1149414 0.1812210
v -0.1395591 0.1149414 0.1812210
v -0.1395591 0.1149414 0.1812210
v -0.1395591 0.1149414 0.1812210
v -0.1411771 0.1129001 0.1783272
v -0.1411771 0.1129001 0.1783272
v -0.1411771 0.1129001 0.1783272
v -0.1411771 0.1129001 0.1783272
usemtl MI_Ranger
f 30 32 5
f 30 5 4
f 247 246 9
f 247 9 33
f 33 34 11
f 33 11 10
f 34 13 15
f 34 15 35
f 190 37 19
f 190 19 187
f 37 21 23
f 37 23 24
f 137 40 25
f 139 28 40
f 139 40 137
f 19 37 24
f 189 21 37
f 189 37 190
f 11 34 35
f 11 35 17
f 9 13 34
f 9 34 33
f 248 247 33
f 248 33 10
f 3 7 32
f 3 32 30
f 25 40 43
f 25 43 41
f 41 43 46
f 41 46 44
f 44 46 48
f 44 48 49
f 48 52 50
f 48 50 49
f 52 54 55
f 52 55 50
f 54 58 56
f 54 56 55
f 56 58 60
f 56 60 61
f 60 64 62
f 60 62 61
f 88 87 66
f 88 66 67
f 85 70 68
f 85 68 83
f 70 72 73
f 70 73 68
f 72 76 74
f 72 74 73
f 74 76 79
f 74 79 77
f 79 82 80
f 79 80 77
f 80 82 30
f 80 30 4
f 66 85 83
f 66 83 67
f 248 249 90
f 248 90 5
f 90 91 4
f 90 4 5
f 89 10 11
f 89 11 92
f 92 11 17
f 92 17 93
f 187 19 95
f 187 95 191
f 95 19 24
f 95 24 96
f 140 137 25
f 140 25 97
f 25 41 98
f 25 98 97
f 98 41 44
f 98 44 99
f 44 49 100
f 44 100 99
f 100 49 50
f 100 50 101
f 101 50 55
f 101 55 102
f 55 56 103
f 55 103 102
f 103 56 61
f 103 61 104
f 91 105 80
f 91 80 4
f 105 106 77
f 105 77 80
f 77 106 107
f 77 107 74
f 107 108 73
f 107 73 74
f 73 108 109
f 73 109 68
f 109 110 83
f 109 83 68
f 83 110 111
f 83 111 67
f 111 112 88
f 111 88 67
f 164 167 113
f 164 113 62
f 113 104 61
f 113 61 62
f 104 113 115
f 104 115 114
f 164 165 87
f 164 87 88
f 119 111 110
f 119 110 118
f 116 119 118
f 116 118 117
f 119 116 112
f 119 112 111
f 167 168 115
f 167 115 113
f 114 120 103
f 114 103 104
f 120 121 102
f 120 102 103
f 109 122 118
f 109 118 110
f 122 123 117
f 122 117 118
f 169 170 120
f 169 120 114
f 108 124 122
f 108 122 109
f 124 125 123
f 124 123 122
f 170 171 121
f 170 121 120
f 101 102 121
f 101 121 126
f 169 168 116
f 169 116 117
f 125 124 128
f 125 128 127
f 128 124 108
f 128 108 107
f 106 129 128
f 106 128 107
f 129 130 127
f 129 127 128
f 172 173 131
f 172 131 126
f 131 100 101
f 131 101 126
f 99 100 131
f 99 131 132
f 132 133 98
f 132 98 99
f 133 134 97
f 133 97 98
f 250 135 96
f 250 96 251
f 135 136 95
f 135 95 96
f 134 141 140
f 134 140 97
f 251 252 137
f 251 137 140
f 254 139 137
f 254 137 255
f 255 137 252
f 172 171 125
f 172 125 127
f 142 144 92
f 142 92 93
f 92 144 145
f 92 145 89
f 256 146 90
f 256 90 249
f 146 147 91
f 146 91 90
f 147 148 105
f 147 105 91
f 105 148 129
f 105 129 106
f 192 143 94
f 192 94 191
f 130 129 148
f 130 148 149
f 174 173 130
f 174 130 149
f 145 144 158
f 145 158 159
f 148 147 161
f 148 161 162
f 136 135 150
f 136 150 154
f 133 132 151
f 133 151 153
f 256 145 159
f 256 159 257
f 134 133 153
f 134 153 152
f 192 136 154
f 192 154 193
f 149 148 162
f 149 162 163
f 147 146 160
f 147 160 161
f 250 141 155
f 250 155 258
f 144 142 156
f 144 156 158
f 141 134 152
f 141 152 155
f 132 174 175
f 132 175 151
f 132 131 173
f 132 173 174
f 174 149 163
f 174 163 175
f 126 121 171
f 126 171 172
f 127 130 173
f 127 173 172
f 123 125 171
f 123 171 170
f 117 123 170
f 117 170 169
f 114 115 168
f 114 168 169
f 112 116 168
f 112 168 167
f 62 64 165
f 62 165 164
f 183 184 38
f 183 38 26
f 59 57 177
f 59 177 176
f 88 112 167
f 88 167 164
f 59 176 166
f 59 166 63
f 176 177 84
f 176 84 65
f 53 178 177
f 53 177 57
f 166 176 65
f 166 65 86
f 178 69 84
f 178 84 177
f 179 178 53
f 179 53 51
f 47 180 179
f 47 179 51
f 69 178 179
f 69 179 71
f 180 75 71
f 180 71 179
f 181 180 47
f 181 47 45
f 78 75 180
f 78 180 181
f 42 186 181
f 42 181 45
f 2 29 184
f 2 184 183
f 186 81 78
f 186 78 181
f 186 42 39
f 186 39 185
f 81 186 185
f 81 185 31
f 136 192 191
f 136 191 95
f 143 192 193
f 143 193 157
f 18 187 191
f 18 191 94
f 16 189 190
f 16 190 36
f 8 194 14
f 8 14 12
f 36 190 187
f 36 187 18
f 188 195 22
f 188 22 20
f 245 259 194
f 245 194 8
f 194 195 188
f 194 188 14
f 260 197 138
f 260 138 253
f 196 6 1
f 259 260 195
f 259 195 194
f 27 138 197
f 27 197 182
f 163 162 210
f 163 210 211
f 193 154 202
f 193 202 213
f 153 151 199
f 153 199 201
f 158 156 204
f 158 204 206
f 258 155 203
f 258 203 261
f 197 196 1
f 197 1 182
f 159 158 206
f 159 206 207
f 257 159 207
f 257 207 262
f 175 163 211
f 175 211 212
f 161 160 208
f 161 208 209
f 155 152 200
f 155 200 203
f 162 161 209
f 162 209 210
f 152 153 201
f 152 201 200
f 151 175 212
f 151 212 199
f 154 150 198
f 154 198 202
f 309 320 229
f 309 229 232
f 320 318 227
f 320 227 229
f 308 317 219
f 308 219 225
f 307 316 236
f 307 236 237
f 306 315 223
f 306 223 244
f 310 309 232
f 310 232 266
f 317 314 221
f 317 221 219
f 311 308 225
f 311 225 264
f 303 313 242
f 303 242 217
f 157 193 213
f 157 213 205
f 315 304 215
f 315 215 223
f 314 303 217
f 314 217 221
f 316 305 234
f 316 234 236
f 319 306 244
f 319 244 228
f 312 307 237
f 312 237 239
f 304 311 264
f 304 264 215
f 305 310 266
f 305 266 234
f 160 257 262
f 160 262 208
f 150 258 261
f 150 261 198
f 195 260 253
f 195 253 22
f 313 312 239
f 313 239 242
f 6 196 259
f 6 259 245
f 135 250 258
f 135 258 150
f 146 256 257
f 146 257 160
f 145 256 249
f 145 249 89
f 24 255 252
f 23 254 255
f 23 255 24
f 96 24 252
f 96 252 251
f 141 250 251
f 141 251 140
f 10 89 249
f 10 249 248
f 5 32 247
f 5 247 248
f 32 7 246
f 32 246 247
f 196 197 260
f 196 260 259
f 337 347 273
f 337 273 282
f 302 285 344
f 302 344 342
f 301 286 346
f 301 346 340
f 300 287 348
f 300 348 338
f 294 288 350
f 294 350 324
f 349 332 276
f 349 276 275
f 298 291 356
f 298 356 333
f 334 355 280
f 334 280 278
f 299 300 338
f 299 338 335
f 290 301 340
f 290 340 353
f 347 330 274
f 347 274 273
f 289 302 342
f 289 342 351
f 297 290 353
f 297 353 331
f 296 289 351
f 296 351 329
f 295 298 333
f 295 333 327
f 326 349 275
f 326 275 270
f 292 293 323
f 292 323 321
f 207 206 292
f 207 292 285
f 206 204 293
f 206 293 292
f 203 200 295
f 203 295 286
f 210 209 296
f 210 296 287
f 213 202 297
f 213 297 288
f 262 207 285
f 262 285 302
f 200 201 298
f 200 298 295
f 261 203 286
f 261 286 301
f 199 212 299
f 199 299 291
f 202 198 290
f 202 290 297
f 201 199 291
f 201 291 298
f 209 208 289
f 209 289 296
f 205 213 288
f 205 288 294
f 211 210 287
f 211 287 300
f 198 261 301
f 198 301 290
f 208 262 302
f 208 302 289
f 212 211 300
f 212 300 299
f 322 325 269
f 322 269 268
f 285 292 321
f 285 321 344
f 328 334 278
f 328 278 272
f 330 352 277
f 330 277 274
f 332 354 279
f 332 279 276
f 281 282 312
f 281 312 313
f 286 295 327
f 286 327 346
f 341 343 267
f 341 267 284
f 336 337 282
f 336 282 281
f 288 297 331
f 288 331 350
f 355 336 281
f 355 281 280
f 287 296 329
f 287 329 348
f 345 328 272
f 345 272 271
f 339 345 271
f 339 271 283
f 354 339 283
f 354 283 279
f 352 341 284
f 352 284 277
f 291 299 335
f 291 335 356
f 322 343 344
f 322 344 321
f 325 322 321
f 325 321 323
f 328 345 346
f 328 346 327
f 330 347 348
f 330 348 329
f 332 349 350
f 332 350 331
f 343 341 342
f 343 342 344
f 334 328 327
f 334 327 333
f 345 339 340
f 345 340 346
f 336 355 356
f 336 356 335
f 354 332 331
f 354 331 353
f 355 334 333
f 355 333 356
f 352 330 329
f 352 329 351
f 349 326 324
f 349 324 350
f 347 337 338
f 347 338 348
f 339 354 353
f 339 353 340
f 341 352 351
f 341 351 342
f 337 336 335
f 337 335 338
f 343 322 268
f 343 268 267
f 277 284 310
f 277 310 305
f 279 283 311
f 279 311 304
f 282 273 307
f 282 307 312
f 270 275 306
f 270 306 319
f 274 277 305
f 274 305 316
f 278 280 303
f 278 303 314
f 276 279 304
f 276 304 315
f 280 281 313
f 280 313 303
f 283 271 308
f 283 308 311
f 272 278 314
f 272 314 317
f 284 267 309
f 284 309 310
f 275 276 315
f 275 315 306
f 273 274 316
f 273 316 307
f 271 272 317
f 271 317 308
f 268 269 318
f 268 318 320
f 267 268 320
f 267 320 309
f 216 241 370
f 216 370 358
f 214 263 372
f 214 372 357
f 226 243 371
f 226 371 363
f 222 214 357
f 222 357 361
f 231 230 364
f 231 364 365
f 233 265 373
f 233 373 366
f 263 224 362
f 263 362 372
f 235 233 366
f 235 366 367
f 240 238 368
f 240 368 369
f 265 231 365
f 265 365 373
f 224 218 359
f 224 359 362
f 243 222 361
f 243 361 371
f 238 235 367
f 238 367 368
f 220 216 358
f 220 358 360
f 218 220 360
f 218 360 359
f 230 226 363
f 230 363 364
f 241 240 369
f 241 369 370
f 372 362 379
f 372 379 389
f 366 373 390
f 366 390 383
f 373 365 382
f 373 382 390
f 367 366 383
f 367 383 384
f 369 368 385
f 369 385 386
f 370 369 386
f 370 386 387
f 362 359 376
f 362 376 379
f 371 361 378
f 371 378 388
f 363 371 388
f 363 388 380
f 368 367 384
f 368 384 385
f 360 358 375
f 360 375 377
f 359 360 377
f 359 377 376
f 364 363 380
f 364 380 381
f 358 370 387
f 358 387 375
f 357 372 389
f 357 389 374
f 361 357 374
f 361 374 378
f 365 364 381
f 365 381 382
f 386 385 384
f 384 383 390
f 390 382 381
f 381 380 388
f 388 378 374
f 374 389 379
f 379 376 377
f 377 375 387
f 387 386 384
f 384 390 381
f 381 388 374
f 374 379 377
f 377 387 384
f 384 381 374
f 384 374 377
f 421 394 395
f 421 395 422
f 637 423 399
f 637 399 636
f 423 400 401
f 423 401 424
f 424 425 404
f 424 404 403
f 580 577 409
f 580 409 427
f 427 414 413
f 427 413 411
f 527 415 429
f 529 527 429
f 529 429 417
f 409 414 427
f 579 580 427
f 579 427 411
f 401 407 425
f 401 425 424
f 399 423 424
f 399 424 403
f 638 400 423
f 638 423 637
f 393 421 422
f 393 422 397
f 415 431 433
f 415 433 429
f 431 434 436
f 431 436 433
f 434 439 438
f 434 438 436
f 438 439 440
f 438 440 442
f 442 440 445
f 442 445 444
f 444 445 446
f 444 446 448
f 446 451 450
f 446 450 448
f 450 451 452
f 450 452 453
f 478 457 456
f 478 456 477
f 475 473 458
f 475 458 460
f 460 458 463
f 460 463 462
f 462 463 464
f 462 464 466
f 464 467 469
f 464 469 466
f 469 467 470
f 469 470 472
f 470 394 421
f 470 421 472
f 456 457 473
f 456 473 475
f 638 395 480
f 638 480 639
f 480 395 394
f 480 394 481
f 479 482 401
f 479 401 400
f 482 483 407
f 482 407 401
f 577 581 485
f 577 485 409
f 485 486 414
f 485 414 409
f 530 487 415
f 530 415 527
f 415 487 488
f 415 488 431
f 488 489 434
f 488 434 431
f 434 489 490
f 434 490 439
f 490 491 440
f 490 440 439
f 491 492 445
f 491 445 440
f 445 492 493
f 445 493 446
f 493 494 451
f 493 451 446
f 481 394 470
f 481 470 495
f 495 470 467
f 495 467 496
f 467 464 497
f 467 497 496
f 497 464 463
f 497 463 498
f 463 458 499
f 463 499 498
f 499 458 473
f 499 473 500
f 473 457 501
f 473 501 500
f 501 457 478
f 501 478 502
f 554 452 503
f 554 503 557
f 503 452 451
f 503 451 494
f 494 504 505
f 494 505 503
f 554 478 477
f 554 477 555
f 509 508 500
f 509 500 501
f 506 507 508
f 506 508 509
f 509 501 502
f 509 502 506
f 557 503 505
f 557 505 558
f 504 494 493
f 504 493 510
f 510 493 492
f 510 492 511
f 499 500 508
f 499 508 512
f 512 508 507
f 512 507 513
f 559 504 510
f 559 510 560
f 498 499 512
f 498 512 514
f 514 512 513
f 514 513 515
f 560 510 511
f 560 511 561
f 491 516 511
f 491 511 492
f 559 507 506
f 559 506 558
f 515 517 518
f 515 518 514
f 518 497 498
f 518 498 514
f 496 497 518
f 496 518 519
f 519 518 517
f 519 517 520
f 562 516 521
f 562 521 563
f 521 516 491
f 521 491 490
f 489 522 521
f 489 521 490
f 522 489 488
f 522 488 523
f 523 488 487
f 523 487 524
f 640 641 486
f 640 486 525
f 525 486 485
f 525 485 526
f 524 487 530
f 524 530 531
f 641 530 527
f 641 527 642
f 644 645 527
f 644 527 529
f 645 642 527
f 562 517 515
f 562 515 561
f 532 483 482
f 532 482 534
f 482 479 535
f 482 535 534
f 646 639 480
f 646 480 536
f 536 480 481
f 536 481 537
f 537 481 495
f 537 495 538
f 495 496 519
f 495 519 538
f 582 581 484
f 582 484 533
f 520 539 538
f 520 538 519
f 564 539 520
f 564 520 563
f 535 549 548
f 535 548 534
f 538 552 551
f 538 551 537
f 526 544 540
f 526 540 525
f 523 543 541
f 523 541 522
f 646 647 549
f 646 549 535
f 524 542 543
f 524 543 523
f 582 583 544
f 582 544 526
f 539 553 552
f 539 552 538
f 537 551 550
f 537 550 536
f 640 648 545
f 640 545 531
f 534 548 546
f 534 546 532
f 531 545 542
f 531 542 524
f 522 541 565
f 522 565 564
f 522 564 563
f 522 563 521
f 564 565 553
f 564 553 539
f 516 562 561
f 516 561 511
f 517 562 563
f 517 563 520
f 513 560 561
f 513 561 515
f 507 559 560
f 507 560 513
f 504 559 558
f 504 558 505
f 502 557 558
f 502 558 506
f 452 554 555
f 452 555 453
f 573 418 430
f 573 430 575
f 449 566 567
f 449 567 447
f 478 554 557
f 478 557 502
f 449 454 556
f 449 556 566
f 566 455 474
f 566 474 567
f 443 447 567
f 443 567 568
f 556 476 455
f 556 455 566
f 568 567 474
f 568 474 459
f 569 441 443
f 569 443 568
f 437 441 569
f 437 569 570
f 459 461 569
f 459 569 568
f 570 569 461
f 570 461 465
f 571 435 437
f 571 437 570
f 468 571 570
f 468 570 465
f 432 435 571
f 432 571 576
f 392 573 575
f 392 575 420
f 576 571 468
f 576 468 471
f 576 574 428
f 576 428 432
f 471 419 574
f 471 574 576
f 526 485 581
f 526 581 582
f 533 547 583
f 533 583 582
f 408 484 581
f 408 581 577
f 405 426 580
f 405 580 579
f 398 402 406
f 398 406 584
f 426 408 577
f 426 577 580
f 578 410 412
f 578 412 585
f 635 398 584
f 635 584 649
f 584 406 578
f 584 578 585
f 650 643 528
f 650 528 587
f 586 391 396
f 649 584 585
f 649 585 650
f 416 572 587
f 416 587 528
f 553 601 600
f 553 600 552
f 583 603 592
f 583 592 544
f 543 591 589
f 543 589 541
f 548 596 594
f 548 594 546
f 648 651 593
f 648 593 545
f 587 572 391
f 587 391 586
f 549 597 596
f 549 596 548
f 647 652 597
f 647 597 549
f 565 602 601
f 565 601 553
f 551 599 598
f 551 598 550
f 545 593 590
f 545 590 542
f 552 600 599
f 552 599 551
f 542 590 591
f 542 591 543
f 541 589 602
f 541 602 565
f 544 592 588
f 544 588 540
f 699 622 620
f 699 620 710
f 710 620 617
f 710 617 708
f 698 614 608
f 698 608 707
f 697 628 626
f 697 626 706
f 696 634 613
f 696 613 705
f 700 656 622
f 700 622 699
f 707 608 610
f 707 610 704
f 701 653 614
f 701 614 698
f 693 606 631
f 693 631 703
f 547 595 603
f 547 603 583
f 705 613 604
f 705 604 694
f 704 610 606
f 704 606 693
f 706 626 624
f 706 624 695
f 709 618 634
f 709 634 696
f 702 630 628
f 702 628 697
f 694 604 653
f 694 653 701
f 695 624 656
f 695 656 700
f 550 598 652
f 550 652 647
f 540 588 651
f 540 651 648
f 585 412 643
f 585 643 650
f 703 631 630
f 703 630 702
f 396 635 649
f 396 649 586
f 525 540 648
f 525 648 640
f 536 550 647
f 536 647 646
f 535 479 639
f 535 639 646
f 414 642 645
f 413 414 645
f 413 645 644
f 486 641 642
f 486 642 414
f 531 530 641
f 531 641 640
f 400 638 639
f 400 639 479
f 395 638 637
f 395 637 422
f 422 637 636
f 422 636 397
f 586 649 650
f 586 650 587
f 727 672 663
f 727 663 737
f 692 732 734
f 692 734 675
f 691 730 736
f 691 736 676
f 690 728 738
f 690 738 677
f 684 714 740
f 684 740 678
f 739 665 666
f 739 666 722
f 688 723 746
f 688 746 681
f 724 668 670
f 724 670 745
f 689 725 728
f 689 728 690
f 680 743 730
f 680 730 691
f 737 663 664
f 737 664 720
f 679 741 732
f 679 732 692
f 687 721 743
f 687 743 680
f 686 719 741
f 686 741 679
f 685 717 723
f 685 723 688
f 716 660 665
f 716 665 739
f 682 711 713
f 682 713 683
f 597 675 682
f 597 682 596
f 596 682 683
f 596 683 594
f 593 676 685
f 593 685 590
f 600 677 686
f 600 686 599
f 603 678 687
f 603 687 592
f 652 692 675
f 652 675 597
f 590 685 688
f 590 688 591
f 651 691 676
f 651 676 593
f 589 681 689
f 589 689 602
f 592 687 680
f 592 680 588
f 591 688 681
f 591 681 589
f 599 686 679
f 599 679 598
f 595 684 678
f 595 678 603
f 601 690 677
f 601 677 600
f 588 680 691
f 588 691 651
f 598 679 692
f 598 692 652
f 602 689 690
f 602 690 601
f 712 658 659
f 712 659 715
f 675 734 711
f 675 711 682
f 718 662 668
f 718 668 724
f 720 664 667
f 720 667 742
f 722 666 669
f 722 669 744
f 671 703 702
f 671 702 672
f 676 736 717
f 676 717 685
f 731 674 657
f 731 657 733
f 726 671 672
f 726 672 727
f 678 740 721
f 678 721 687
f 745 670 671
f 745 671 726
f 677 738 719
f 677 719 686
f 735 661 662
f 735 662 718
f 729 673 661
f 729 661 735
f 744 669 673
f 744 673 729
f 742 667 674
f 742 674 731
f 681 746 725
f 681 725 689
f 712 711 734
f 712 734 733
f 715 713 711
f 715 711 712
f 718 717 736
f 718 736 735
f 720 719 738
f 720 738 737
f 722 721 740
f 722 740 739
f 733 734 732
f 733 732 731
f 724 723 717
f 724 717 718
f 735 736 730
f 735 730 729
f 726 725 746
f 726 746 745
f 744 743 721
f 744 721 722
f 745 746 723
f 745 723 724
f 742 741 719
f 742 719 720
f 739 740 714
f 739 714 716
f 737 738 728
f 737 728 727
f 729 730 743
f 729 743 744
f 731 732 741
f 731 741 742
f 727 728 725
f 727 725 726
f 733 657 658
f 733 658 712
f 667 695 700
f 667 700 674
f 669 694 701
f 669 701 673
f 672 702 697
f 672 697 663
f 660 709 696
f 660 696 665
f 664 706 695
f 664 695 667
f 668 704 693
f 668 693 670
f 666 705 694
f 666 694 669
f 670 693 703
f 670 703 671
f 673 701 698
f 673 698 661
f 662 707 704
f 662 704 668
f 674 700 699
f 674 699 657
f 665 696 705
f 665 705 666
f 663 697 706
f 663 706 664
f 661 698 707
f 661 707 662
f 658 710 708
f 658 708 659
f 657 699 710
f 657 710 658
f 607 748 760
f 607 760 632
f 605 747 762
f 605 762 654
f 616 753 761
f 616 761 633
f 612 751 747
f 612 747 605
f 621 755 754
f 621 754 619
f 623 756 763
f 623 763 655
f 654 762 752
f 654 752 615
f 625 757 756
f 625 756 623
f 629 759 758
f 629 758 627
f 655 763 755
f 655 755 621
f 615 752 749
f 615 749 609
f 633 761 751
f 633 751 612
f 627 758 757
f 627 757 625
f 611 750 748
f 611 748 607
f 609 749 750
f 609 750 611
f 619 754 753
f 619 753 616
f 632 760 759
f 632 759 629
f 762 779 769
f 762 769 752
f 756 773 780
f 756 780 763
f 763 780 772
f 763 772 755
f 757 774 773
f 757 773 756
f 759 776 775
f 759 775 758
f 760 777 776
f 760 776 759
f 752 769 766
f 752 766 749
f 761 778 768
f 761 768 751
f 753 770 778
f 753 778 761
f 758 775 774
f 758 774 757
f 750 767 765
f 750 765 748
f 749 766 767
f 749 767 750
f 754 771 770
f 754 770 753
f 748 765 777
f 748 777 760
f 747 764 779
f 747 779 762
f 751 768 764
f 751 764 747
f 755 772 771
f 755 771 754
f 774 775 776
f 776 777 765
f 765 767 766
f 766 769 779
f 779 764 768
f 768 778 770
f 770 771 772
f 772 780 773
f 773 774 776
f 776 765 766
f 766 779 768
f 768 770 772
f 772 773 776
f 776 766 768
f 776 768 772
f 781 789 796
f 781 796 788
f 784 792 790
f 784 790 782
f 785 793 791
f 785 791 783
f 789 797 804
f 789 804 796
f 792 800 798
f 792 798 790
f 793 801 799
f 793 799 791
f 797 805 812
f 797 812 804
f 800 808 806
f 800 806 798
f 801 809 807
f 801 807 799
f 805 813 820
f 805 820 812
f 808 816 814
f 808 814 806
f 809 817 815
f 809 815 807
f 813 821 828
f 813 828 820
f 816 824 822
f 816 822 814
f 817 825 823
f 817 823 815
f 821 829 836
f 821 836 828
f 824 832 830
f 824 830 822
f 825 833 831
f 825 831 823
f 829 837 844
f 829 844 836
f 832 840 838
f 832 838 830
f 833 841 839
f 833 839 831
f 837 845 852
f 837 852 844
f 840 848 846
f 840 846 838
f 841 849 847
f 841 847 839
f 845 853 859
f 845 859 852
f 848 855 854
f 848 854 846
f 849 857 856
f 849 856 847
f 853 861 867
f 853 867 859
f 855 863 862
f 855 862 854
f 857 865 864
f 857 864 856
f 861 869 875
f 861 875 867
f 863 871 870
f 863 870 862
f 865 873 872
f 865 872 864
f 869 877 883
f 869 883 875
f 871 879 878
f 871 878 870
f 873 881 880
f 873 880 872
f 877 885 891
f 877 891 883
f 879 887 886
f 879 886 878
f 881 889 888
f 881 888 880
f 885 893 899
f 885 899 891
f 887 895 894
f 887 894 886
f 889 897 896
f 889 896 888
f 893 901 907
f 893 907 899
f 895 903 902
f 895 902 894
f 897 905 904
f 897 904 896
f 901 909 915
f 901 915 907
f 903 911 910
f 903 910 902
f 905 913 912
f 905 912 904
f 909 917 923
f 909 923 915
f 911 919 918
f 911 918 910
f 913 921 920
f 913 920 912
f 917 925 931
f 917 931 923
f 919 927 926
f 919 926 918
f 921 929 928
f 921 928 920
f 925 933 939
f 925 939 931
f 927 935 934
f 927 934 926
f 929 937 936
f 929 936 928
f 933 941 947
f 933 947 939
f 935 943 942
f 935 942 934
f 937 945 944
f 937 944 936
f 941 949 955
f 941 955 947
f 943 951 950
f 943 950 942
f 945 953 952
f 945 952 944
f 949 957 963
f 949 963 955
f 951 959 958
f 951 958 950
f 953 961 960
f 953 960 952
f 957 966 978
f 957 978 963
f 959 970 968
f 959 968 958
f 961 973 971
f 961 971 960
f 965 981 988
f 965 988 977
f 969 984 982
f 969 982 967
f 974 985 983
f 974 983 972
f 981 989 996
f 981 996 988
f 984 992 990
f 984 990 982
f 985 993 991
f 985 991 983
f 989 997 1004
f 989 1004 996
f 992 1000 998
f 992 998 990
f 993 1001 999
f 993 999 991
f 997 1005 1012
f 997 1012 1004
f 1000 1008 1006
f 1000 1006 998
f 1001 1009 1007
f 1001 1007 999
f 1005 1013 1020
f 1005 1020 1012
f 1008 1016 1014
f 1008 1014 1006
f 1009 1017 1015
f 1009 1015 1007
f 1013 1021 1028
f 1013 1028 1020
f 1016 1024 1022
f 1016 1022 1014
f 1017 1025 1023
f 1017 1023 1015
f 1021 1029 1036
f 1021 1036 1028
f 1024 1032 1030
f 1024 1030 1022
f 1025 1033 1031
f 1025 1031 1023
f 1029 1037 1044
f 1029 1044 1036
f 1032 1040 1038
f 1032 1038 1030
f 1033 1041 1039
f 1033 1039 1031
f 1037 781 788
f 1037 788 1044
f 1040 784 782
f 1040 782 1038
f 1041 785 783
f 1041 783 1039
f 787 786 1042
f 787 1042 1043
f 1042 1034 1035
f 1042 1035 1043
f 1019 1018 1010
f 1019 1010 1011
f 1034 1026 1027
f 1034 1027 1035
f 995 994 986
f 995 986 987
f 980 976 962
f 980 962 964
f 1026 1018 1019
f 1026 1019 1027
f 1003 1002 994
f 1003 994 995
f 1010 1002 1003
f 1010 1003 1011
f 986 975 979
f 986 979 987
f 962 954 956
f 962 956 964
f 954 946 948
f 954 948 956
f 946 938 940
f 946 940 948
f 938 930 932
f 938 932 940
f 930 922 924
f 930 924 932
f 922 914 916
f 922 916 924
f 914 906 908
f 914 908 916
f 906 898 900
f 906 900 908
f 898 890 892
f 898 892 900
f 890 882 884
f 890 884 892
f 882 874 876
f 882 876 884
f 874 866 868
f 874 868 876
f 866 858 860
f 866 860 868
f 858 850 851
f 858 851 860
f 850 842 843
f 850 843 851
f 842 834 835
f 842 835 843
f 834 826 827
f 834 827 835
f 826 818 819
f 826 819 827
f 818 810 811
f 818 811 819
f 810 802 803
f 810 803 811
f 802 794 795
f 802 795 803
f 794 786 787
f 794 787 795
f 1045 1053 1060
f 1045 1060 1052
f 1048 1056 1054
f 1048 1054 1046
f 1049 1057 1055
f 1049 1055 1047
f 1053 1061 1068
f 1053 1068 1060
f 1056 1064 1062
f 1056 1062 1054
f 1057 1065 1063
f 1057 1063 1055
f 1061 1069 1076
f 1061 1076 1068
f 1064 1072 1070
f 1064 1070 1062
f 1065 1073 1071
f 1065 1071 1063
f 1069 1077 1084
f 1069 1084 1076
f 1072 1080 1078
f 1072 1078 1070
f 1073 1081 1079
f 1073 1079 1071
f 1077 1085 1092
f 1077 1092 1084
f 1080 1088 1086
f 1080 1086 1078
f 1081 1089 1087
f 1081 1087 1079
f 1085 1093 1100
f 1085 1100 1092
f 1088 1096 1094
f 1088 1094 1086
f 1089 1097 1095
f 1089 1095 1087
f 1093 1101 1108
f 1093 1108 1100
f 1096 1104 1102
f 1096 1102 1094
f 1097 1105 1103
f 1097 1103 1095
f 1101 1110 1116
f 1101 1116 1108
f 1104 1112 1109
f 1104 1109 1102
f 1105 1113 1111
f 1105 1111 1103
f 1110 1117 1123
f 1110 1123 1116
f 1112 1119 1118
f 1112 1118 1109
f 1113 1121 1120
f 1113 1120 1111
f 1117 1125 1131
f 1117 1131 1123
f 1119 1127 1126
f 1119 1126 1118
f 1121 1129 1128
f 1121 1128 1120
f 1125 1133 1139
f 1125 1139 1131
f 1127 1135 1134
f 1127 1134 1126
f 1129 1137 1136
f 1129 1136 1128
f 1133 1141 1147
f 1133 1147 1139
f 1135 1143 1142
f 1135 1142 1134
f 1137 1145 1144
f 1137 1144 1136
f 1141 1149 1155
f 1141 1155 1147
f 1143 1151 1150
f 1143 1150 1142
f 1145 1153 1152
f 1145 1152 1144
f 1149 1157 1163
f 1149 1163 1155
f 1151 1159 1158
f 1151 1158 1150
f 1153 1161 1160
f 1153 1160 1152
f 1157 1165 1171
f 1157 1171 1163
f 1159 1167 1166
f 1159 1166 1158
f 1161 1169 1168
f 1161 1168 1160
f 1165 1173 1179
f 1165 1179 1171
f 1167 1175 1174
f 1167 1174 1166
f 1169 1177 1176
f 1169 1176 1168
f 1173 1181 1187
f 1173 1187 1179
f 1175 1183 1182
f 1175 1182 1174
f 1177 1185 1184
f 1177 1184 1176
f 1181 1189 1195
f 1181 1195 1187
f 1183 1191 1190
f 1183 1190 1182
f 1185 1193 1192
f 1185 1192 1184
f 1189 1197 1203
f 1189 1203 1195
f 1191 1199 1198
f 1191 1198 1190
f 1193 1201 1200
f 1193 1200 1192
f 1197 1205 1211
f 1197 1211 1203
f 1199 1207 1206
f 1199 1206 1198
f 1201 1209 1208
f 1201 1208 1200
f 1205 1213 1219
f 1205 1219 1211
f 1207 1215 1214
f 1207 1214 1206
f 1209 1217 1216
f 1209 1216 1208
f 1213 1221 1227
f 1213 1227 1219
f 1215 1223 1222
f 1215 1222 1214
f 1217 1225 1224
f 1217 1224 1216
f 1221 1229 1241
f 1221 1241 1227
f 1223 1234 1232
f 1223 1232 1222
f 1225 1237 1235
f 1225 1235 1224
f 1230 1245 1252
f 1230 1252 1242
f 1233 1248 1246
f 1233 1246 1231
f 1238 1249 1247
f 1238 1247 1236
f 1245 1253 1260
f 1245 1260 1252
f 1248 1256 1254
f 1248 1254 1246
f 1249 1257 1255
f 1249 1255 1247
f 1253 1261 1268
f 1253 1268 1260
f 1256 1264 1262
f 1256 1262 1254
f 1257 1265 1263
f 1257 1263 1255
f 1261 1269 1276
f 1261 1276 1268
f 1264 1272 1270
f 1264 1270 1262
f 1265 1273 1271
f 1265 1271 1263
f 1269 1277 1284
f 1269 1284 1276
f 1272 1280 1278
f 1272 1278 1270
f 1273 1281 1279
f 1273 1279 1271
f 1277 1285 1292
f 1277 1292 1284
f 1280 1288 1286
f 1280 1286 1278
f 1281 1289 1287
f 1281 1287 1279
f 1285 1293 1300
f 1285 1300 1292
f 1288 1296 1294
f 1288 1294 1286
f 1289 1297 1295
f 1289 1295 1287
f 1293 1301 1308
f 1293 1308 1300
f 1296 1304 1302
f 1296 1302 1294
f 1297 1305 1303
f 1297 1303 1295
f 1301 1045 1052
f 1301 1052 1308
f 1304 1048 1046
f 1304 1046 1302
f 1305 1049 1047
f 1305 1047 1303
f 1051 1050 1306
f 1051 1306 1307
f 1306 1298 1299
f 1306 1299 1307
f 1283 1282 1274
f 1283 1274 1275
f 1298 1290 1291
f 1298 1291 1299
f 1259 1258 1250
f 1259 1250 1251
f 1244 1240 1226
f 1244 1226 1228
f 1290 1282 1283
f 1290 1283 1291
f 1267 1266 1258
f 1267 1258 1259
f 1274 1266 1267
f 1274 1267 1275
f 1250 1239 1243
f 1250 1243 1251
f 1226 1218 1220
f 1226 1220 1228
f 1218 1210 1212
f 1218 1212 1220
f 1210 1202 1204
f 1210 1204 1212
f 1202 1194 1196
f 1202 1196 1204
f 1194 1186 1188
f 1194 1188 1196
f 1186 1178 1180
f 1186 1180 1188
f 1178 1170 1172
f 1178 1172 1180
f 1170 1162 1164
f 1170 1164 1172
f 1162 1154 1156
f 1162 1156 1164
f 1154 1146 1148
f 1154 1148 1156
f 1146 1138 1140
f 1146 1140 1148
f 1138 1130 1132
f 1138 1132 1140
f 1130 1122 1124
f 1130 1124 1132
f 1122 1114 1115
f 1122 1115 1124
f 1114 1106 1107
f 1114 1107 1115
f 1106 1098 1099
f 1106 1099 1107
f 1098 1090 1091
f 1098 1091 1099
f 1090 1082 1083
f 1090 1083 1091
f 1082 1074 1075
f 1082 1075 1083
f 1074 1066 1067
f 1074 1067 1075
f 1066 1058 1059
f 1066 1059 1067
f 1058 1050 1051
f 1058 1051 1059
f 1309 1317 1324
f 1309 1324 1316
f 1312 1320 1318
f 1312 1318 1310
f 1313 1321 1319
f 1313 1319 1311
f 1317 1325 1332
f 1317 1332 1324
f 1320 1328 1326
f 1320 1326 1318
f 1321 1329 1327
f 1321 1327 1319
f 1325 1333 1340
f 1325 1340 1332
f 1328 1336 1334
f 1328 1334 1326
f 1329 1337 1335
f 1329 1335 1327
f 1333 1341 1348
f 1333 1348 1340
f 1336 1344 1342
f 1336 1342 1334
f 1337 1345 1343
f 1337 1343 1335
f 1341 1349 1356
f 1341 1356 1348
f 1344 1352 1350
f 1344 1350 1342
f 1345 1353 1351
f 1345 1351 1343
f 1349 1357 1364
f 1349 1364 1356
f 1352 1360 1358
f 1352 1358 1350
f 1353 1361 1359
f 1353 1359 1351
f 1357 1365 1372
f 1357 1372 1364
f 1360 1368 1366
f 1360 1366 1358
f 1361 1369 1367
f 1361 1367 1359
f 1365 1374 1379
f 1365 1379 1372
f 1368 1375 1373
f 1368 1373 1366
f 1369 1377 1376
f 1369 1376 1367
f 1374 1381 1387
f 1374 1387 1379
f 1375 1383 1382
f 1375 1382 1373
f 1377 1385 1384
f 1377 1384 1376
f 1381 1389 1395
f 1381 1395 1387
f 1383 1391 1390
f 1383 1390 1382
f 1385 1393 1392
f 1385 1392 1384
f 1389 1397 1403
f 1389 1403 1395
f 1391 1399 1398
f 1391 1398 1390
f 1393 1401 1400
f 1393 1400 1392
f 1397 1405 1411
f 1397 1411 1403
f 1399 1407 1406
f 1399 1406 1398
f 1401 1409 1408
f 1401 1408 1400
f 1405 1413 1419
f 1405 1419 1411
f 1407 1415 1414
f 1407 1414 1406
f 1409 1417 1416
f 1409 1416 1408
f 1413 1421 1427
f 1413 1427 1419
f 1415 1423 1422
f 1415 1422 1414
f 1417 1425 1424
f 1417 1424 1416
f 1421 1429 1435
f 1421 1435 1427
f 1423 1431 1430
f 1423 1430 1422
f 1425 1433 1432
f 1425 1432 1424
f 1429 1437 1443
f 1429 1443 1435
f 1431 1439 1438
f 1431 1438 1430
f 1433 1441 1440
f 1433 1440 1432
f 1437 1445 1451
f 1437 1451 1443
f 1439 1447 1446
f 1439 1446 1438
f 1441 1449 1448
f 1441 1448 1440
f 1445 1453 1459
f 1445 1459 1451
f 1447 1455 1454
f 1447 1454 1446
f 1449 1457 1456
f 1449 1456 1448
f 1453 1461 1467
f 1453 1467 1459
f 1455 1463 1462
f 1455 1462 1454
f 1457 1465 1464
f 1457 1464 1456
f 1461 1469 1475
f 1461 1475 1467
f 1463 1471 1470
f 1463 1470 1462
f 1465 1473 1472
f 1465 1472 1464
f 1469 1477 1483
f 1469 1483 1475
f 1471 1479 1478
f 1471 1478 1470
f 1473 1481 1480
f 1473 1480 1472
f 1477 1485 1491
f 1477 1491 1483
f 1479 1487 1486
f 1479 1486 1478
f 1481 1489 1488
f 1481 1488 1480
f 1485 1493 1505
f 1485 1505 1491
f 1487 1498 1496
f 1487 1496 1486
f 1489 1501 1499
f 1489 1499 1488
f 1494 1509 1515
f 1494 1515 1506
f 1497 1512 1510
f 1497 1510 1495
f 1502 1513 1511
f 1502 1511 1500
f 1509 1517 1524
f 1509 1524 1515
f 1512 1520 1518
f 1512 1518 1510
f 1513 1521 1519
f 1513 1519 1511
f 1517 1525 1532
f 1517 1532 1524
f 1520 1528 1526
f 1520 1526 1518
f 1521 1529 1527
f 1521 1527 1519
f 1525 1533 1540
f 1525 1540 1532
f 1528 1536 1534
f 1528 1534 1526
f 1529 1537 1535
f 1529 1535 1527
f 1533 1541 1548
f 1533 1548 1540
f 1536 1544 1542
f 1536 1542 1534
f 1537 1545 1543
f 1537 1543 1535
f 1541 1549 1556
f 1541 1556 1548
f 1544 1552 1550
f 1544 1550 1542
f 1545 1553 1551
f 1545 1551 1543
f 1549 1557 1564
f 1549 1564 1556
f 1552 1560 1558
f 1552 1558 1550
f 1553 1561 1559
f 1553 1559 1551
f 1557 1565 1572
f 1557 1572 1564
f 1560 1568 1566
f 1560 1566 1558
f 1561 1569 1567
f 1561 1567 1559
f 1565 1309 1316
f 1565 1316 1572
f 1568 1312 1310
f 1568 1310 1566
f 1569 1313 1311
f 1569 1311 1567
f 1315 1314 1570
f 1315 1570 1571
f 1570 1562 1563
f 1570 1563 1571
f 1547 1546 1538
f 1547 1538 1539
f 1562 1554 1555
f 1562 1555 1563
f 1523 1522 1514
f 1523 1514 1516
f 1508 1504 1490
f 1508 1490 1492
f 1554 1546 1547
f 1554 1547 1555
f 1531 1530 1522
f 1531 1522 1523
f 1538 1530 1531
f 1538 1531 1539
f 1514 1503 1507
f 1514 1507 1516
f 1490 1482 1484
f 1490 1484 1492
f 1482 1474 1476
f 1482 1476 1484
f 1474 1466 1468
f 1474 1468 1476
f 1466 1458 1460
f 1466 1460 1468
f 1458 1450 1452
f 1458 1452 1460
f 1450 1442 1444
f 1450 1444 1452
f 1442 1434 1436
f 1442 1436 1444
f 1434 1426 1428
f 1434 1428 1436
f 1426 1418 1420
f 1426 1420 1428
f 1418 1410 1412
f 1418 1412 1420
f 1410 1402 1404
f 1410 1404 1412
f 1402 1394 1396
f 1402 1396 1404
f 1394 1386 1388
f 1394 1388 1396
f 1386 1378 1380
f 1386 1380 1388
f 1378 1370 1371
f 1378 1371 1380
f 1370 1362 1363
f 1370 1363 1371
f 1362 1354 1355
f 1362 1355 1363
f 1354 1346 1347
f 1354 1347 1355
f 1346 1338 1339
f 1346 1339 1347
f 1338 1330 1331
f 1338 1331 1339
f 1330 1322 1323
f 1330 1323 1331
f 1322 1314 1315
f 1322 1315 1323
f 1685 2280 1644
f 1685 1644 1611
f 1610 1611 1644
f 1610 1644 1652
f 1636 1694 1819
f 1636 1819 1772
f 1642 1638 1594
f 1642 1594 1596
f 1703 1579 1624
f 1703 1624 1707
f 1706 1707 1624
f 1706 1624 1612
f 1677 1589 1674
f 1677 1674 2131
f 1638 1639 1585
f 1638 1585 1594
f 1573 1579 1603
f 1573 1603 1598
f 1575 1574 1600
f 1575 1600 1602
f 1574 1573 1598
f 1574 1598 1600
f 1678 1575 1602
f 1678 1602 1684
f 1686 1685 1611
f 1686 1611 1619
f 1616 1610 1609
f 1616 1609 1615
f 1616 1619 1611
f 1616 1611 1610
f 1615 1609 1612
f 1615 1612 1624
f 1573 1615 1624
f 1573 1624 1579
f 1574 1575 1619
f 1574 1619 1616
f 1574 1616 1615
f 1574 1615 1573
f 1593 1584 1724
f 1593 1724 1733
f 1683 1601 1625
f 1683 1625 1692
f 1701 1595 1735
f 1701 1735 1832
f 1599 1597 1630
f 1599 1630 1632
f 1597 1604 1634
f 1597 1634 1630
f 1601 1599 1632
f 1601 1632 1625
f 1609 1651 1648
f 1609 1648 1612
f 1695 1641 1591
f 1695 1591 1693
f 1639 1643 1637
f 1639 1637 1585
f 1595 1593 1733
f 1595 1733 1735
f 1670 1675 1638
f 1670 1638 1642
f 1581 1582 1658
f 1581 1658 1676
f 1583 1581 1676
f 1583 1676 1669
f 1650 1581 1583
f 1650 1583 1649
f 1610 1652 1651
f 1610 1651 1609
f 1653 1582 1581
f 1653 1581 1650
f 1653 2334 1580
f 1653 1580 1582
f 1653 1650 1651
f 1653 1651 1652
f 2334 1653 1652
f 2334 1652 1644
f 1650 1649 1648
f 1650 1648 1651
f 2260 1677 1580
f 2260 1580 2334
f 1659 1660 1643
f 1659 1643 1639
f 1582 1580 1665
f 1582 1665 1658
f 1696 1672 1641
f 1696 1641 1695
f 1675 1659 1639
f 1675 1639 1638
f 1659 1675 1676
f 1659 1676 1658
f 1660 1659 1658
f 1660 1658 1665
f 1675 1670 1669
f 1675 1669 1676
f 1672 1696 2131
f 1672 2131 1674
f 1660 1696 1695
f 1660 1695 1643
f 1655 1589 1677
f 1655 1677 2260
f 1655 2260 2280
f 1655 2280 1657
f 1643 1695 1693
f 1643 1693 1637
f 1694 1592 1731
f 1694 1731 1819
f 1607 1683 1692
f 1607 1692 1629
f 1587 1618 1686
f 1587 1686 1678
f 1618 1614 1685
f 1618 1685 1686
f 1587 1678 1684
f 1587 1684 1608
f 1580 1677 2131
f 1580 2131 1665
f 1614 1657 2280
f 1614 2280 1685
f 1670 1714 1715
f 1670 1715 1669
f 1670 1642 1711
f 1670 1711 1714
f 1649 1712 1713
f 1649 1713 1648
f 1612 1648 1713
f 1612 1713 1706
f 1649 1583 1710
f 1649 1710 1712
f 1583 1669 1715
f 1583 1715 1710
f 1642 1596 1702
f 1642 1702 1711
f 1604 1704 1709
f 1604 1709 1634
f 1579 1703 1705
f 1579 1705 1603
f 1813 1751 1781
f 1813 1781 1827
f 1750 1786 1781
f 1750 1781 1751
f 1778 1736 1734
f 1778 1734 1774
f 1834 1838 1760
f 1834 1760 1719
f 1837 1752 1760
f 1837 1760 1838
f 1804 1830 1801
f 1804 1801 1729
f 1774 1734 1725
f 1774 1725 1775
f 1716 1738 1743
f 1716 1743 1719
f 1718 1742 1740
f 1718 1740 1717
f 1717 1740 1738
f 1717 1738 1716
f 1807 1811 1742
f 1807 1742 1718
f 1815 1759 1751
f 1815 1751 1813
f 1756 1755 1749
f 1756 1749 1750
f 1756 1750 1751
f 1756 1751 1759
f 1755 1760 1752
f 1755 1752 1749
f 1716 1719 1760
f 1716 1760 1755
f 1717 1756 1759
f 1717 1759 1718
f 1717 1716 1755
f 1717 1755 1756
f 1807 1718 1759
f 1807 1759 1815
f 1810 1818 1762
f 1810 1762 1741
f 1739 1769 1767
f 1739 1767 1737
f 1737 1767 1771
f 1737 1771 1744
f 1741 1762 1769
f 1741 1769 1739
f 1749 1752 1782
f 1749 1782 1785
f 1822 1820 1732
f 1822 1732 1777
f 1775 1725 1773
f 1775 1773 1779
f 1797 1778 1774
f 1797 1774 1802
f 1721 1803 1792
f 1721 1792 1722
f 1723 1796 1803
f 1723 1803 1721
f 1784 1783 1723
f 1784 1723 1721
f 1750 1749 1785
f 1750 1785 1786
f 1787 1784 1721
f 1787 1721 1722
f 1787 1722 1720
f 1787 1720 1780
f 1825 1827 1781
f 1825 1781 1780
f 1787 1786 1785
f 1787 1785 1784
f 1780 1781 1786
f 1780 1786 1787
f 1784 1785 1782
f 1784 1782 1783
f 1825 1780 1720
f 1825 1720 1805
f 1793 1775 1779
f 1793 1779 1794
f 1722 1792 1795
f 1722 1795 1720
f 1828 1822 1777
f 1828 1777 1799
f 1802 1774 1775
f 1802 1775 1793
f 1829 1831 1795
f 1829 1795 1794
f 1793 1792 1803
f 1793 1803 1802
f 1794 1795 1792
f 1794 1792 1793
f 1802 1803 1796
f 1802 1796 1797
f 1799 1801 1830
f 1799 1830 1828
f 1794 1779 1823
f 1794 1823 1829
f 1789 1824 1804
f 1789 1804 1729
f 1789 1791 1826
f 1789 1826 1824
f 1779 1773 1821
f 1779 1821 1823
f 1748 1765 1817
f 1748 1817 1809
f 1727 1806 1814
f 1727 1814 1757
f 1757 1814 1812
f 1757 1812 1754
f 1727 1747 1808
f 1727 1808 1806
f 1720 1795 1831
f 1720 1831 1805
f 1754 1812 1826
f 1754 1826 1791
f 1797 1796 1846
f 1797 1846 1845
f 1797 1845 1842
f 1797 1842 1778
f 1783 1782 1844
f 1783 1844 1843
f 1752 1837 1844
f 1752 1844 1782
f 1783 1843 1841
f 1783 1841 1723
f 1723 1841 1846
f 1723 1846 1796
f 1778 1842 1833
f 1778 1833 1736
f 1744 1771 1839
f 1744 1839 1836
f 1719 1743 1835
f 1719 1835 1834
f 1588 1728 1800
f 1588 1800 1673
f 1631 1766 1768
f 1631 1768 1633
f 1671 1798 1776
f 1671 1776 1640
f 1635 1770 1766
f 1635 1766 1631
f 1613 1753 1790
f 1613 1790 1656
f 1708 1840 1770
f 1708 1770 1635
f 1640 1776 1730
f 1640 1730 1590
f 1586 1726 1758
f 1586 1758 1617
f 1617 1758 1753
f 1617 1753 1613
f 1633 1768 1761
f 1633 1761 1626
f 1673 1800 1798
f 1673 1798 1671
f 1626 1761 1816
f 1626 1816 1691
f 1654 1788 1728
f 1654 1728 1588
f 1628 1764 1745
f 1628 1745 1605
f 1656 1790 1788
f 1656 1788 1654
f 1691 1816 1763
f 1691 1763 1627
f 1606 1746 1726
f 1606 1726 1586
f 1584 1636 1772
f 1584 1772 1724
f 1941 1881 2719
f 1941 2719 2739
f 1880 1917 2719
f 1880 2719 1881
f 1905 2009 2055
f 1905 2055 1949
f 1911 1866 1864
f 1911 1864 1907
f 1703 1707 1893
f 1703 1893 1849
f 1706 1882 1893
f 1706 1893 1707
f 1933 2581 1930
f 1933 1930 1859
f 1907 1864 1855
f 1907 1855 1908
f 1847 1868 1873
f 1847 1873 1849
f 2872 1872 1870
f 2872 1870 1848
f 1848 1870 1868
f 1848 1868 1847
f 1938 1940 1872
f 1938 1872 2872
f 1946 1892 1881
f 1946 1881 1941
f 1886 1885 1879
f 1886 1879 1880
f 1886 1880 1881
f 1886 1881 1892
f 1885 1893 1882
f 1885 1882 1879
f 1847 1849 1893
f 1847 1893 1885
f 1848 1886 1892
f 1848 1892 2872
f 1848 1847 1885
f 1848 1885 1886
f 1863 1970 1961
f 1863 1961 1854
f 1939 1948 1895
f 1939 1895 1871
f 1701 1832 1972
f 1701 1972 1865
f 1869 1902 1900
f 1869 1900 1867
f 1867 1900 1904
f 1867 1904 1874
f 1871 1895 1902
f 1871 1902 1869
f 1879 1882 1913
f 1879 1913 1916
f 1951 1950 1862
f 1951 1862 1910
f 1908 1855 1906
f 1908 1906 1912
f 1865 1972 1970
f 1865 1970 1863
f 1926 1911 1907
f 1926 1907 1931
f 1851 1932 1923
f 1851 1923 1852
f 1853 1925 1932
f 1853 1932 1851
f 1915 1914 1853
f 1915 1853 1851
f 1880 1879 1916
f 1880 1916 1917
f 1918 1915 1851
f 1918 1851 1852
f 1918 1852 1850
f 1918 1850 2793
f 1918 1917 1916
f 1918 1916 1915
f 2793 2719 1917
f 2793 1917 1918
f 1915 1916 1913
f 1915 1913 1914
f 2715 2793 1850
f 2715 1850 1933
f 1924 1908 1912
f 1924 1912 2635
f 1852 1923 2561
f 1852 2561 1850
f 2557 1951 1910
f 2557 1910 1928
f 1931 1907 1908
f 1931 1908 1924
f 1924 1923 1932
f 1924 1932 1931
f 2635 2561 1923
f 2635 1923 1924
f 1931 1932 1925
f 1931 1925 1926
f 1928 1930 2581
f 1928 2581 2557
f 2635 1912 1951
f 2635 1951 2557
f 1920 2715 1933
f 1920 1933 1859
f 1920 1922 2739
f 1920 2739 2715
f 1912 1906 1950
f 1912 1950 1951
f 1949 2055 1966
f 1949 1966 1860
f 1877 1898 1948
f 1877 1948 1939
f 1857 1938 1946
f 1857 1946 1888
f 1888 1946 1941
f 1888 1941 1884
f 1857 1878 1940
f 1857 1940 1938
f 1850 2561 2581
f 1850 2581 1933
f 1884 1941 2739
f 1884 2739 1922
f 1926 1925 1715
f 1926 1715 1714
f 1926 1714 1711
f 1926 1711 1911
f 1914 1913 1713
f 1914 1713 1712
f 1882 1706 1713
f 1882 1713 1913
f 1914 1712 1710
f 1914 1710 1853
f 1853 1710 1715
f 1853 1715 1925
f 1911 1711 1702
f 1911 1702 1866
f 1874 1904 1709
f 1874 1709 1704
f 1849 1873 1705
f 1849 1705 1703
f 2049 2063 2017
f 2049 2017 1987
f 1986 1987 2017
f 1986 2017 2022
f 2014 2010 1969
f 2014 1969 1971
f 1834 1955 1996
f 1834 1996 1838
f 1837 1838 1996
f 1837 1996 1988
f 2040 1964 2036
f 2040 2036 2066
f 2010 2011 1960
f 2010 1960 1969
f 1952 1955 1979
f 1952 1979 1974
f 1954 1953 1976
f 1954 1976 1978
f 1953 1952 1974
f 1953 1974 1976
f 2043 1954 1978
f 2043 1978 2047
f 2050 2049 1987
f 2050 1987 1995
f 1992 1986 1985
f 1992 1985 1991
f 1992 1995 1987
f 1992 1987 1986
f 1991 1985 1988
f 1991 1988 1996
f 1952 1991 1996
f 1952 1996 1955
f 1953 1954 1995
f 1953 1995 1992
f 1953 1992 1991
f 1953 1991 1952
f 2043 2050 1995
f 2043 1995 1954
f 2046 1977 1998
f 2046 1998 2053
f 1975 1973 2003
f 1975 2003 2005
f 1973 1980 2007
f 1973 2007 2003
f 1977 1975 2005
f 1977 2005 1998
f 1985 2021 2018
f 1985 2018 1988
f 2058 2012 1967
f 2058 1967 2056
f 2011 2015 2008
f 2011 2008 1960
f 2033 2038 2010
f 2033 2010 2014
f 1957 1958 2028
f 1957 2028 2039
f 1959 1957 2039
f 1959 2039 2032
f 2020 1957 1959
f 2020 1959 2019
f 1986 2022 2021
f 1986 2021 1985
f 2023 1958 1957
f 2023 1957 2020
f 2023 2016 1956
f 2023 1956 1958
f 2061 2016 2017
f 2061 2017 2063
f 2023 2020 2021
f 2023 2021 2022
f 2016 2023 2022
f 2016 2022 2017
f 2020 2019 2018
f 2020 2018 2021
f 2061 2041 1956
f 2061 1956 2016
f 2029 2030 2015
f 2029 2015 2011
f 1958 1956 2031
f 1958 2031 2028
f 2064 2034 2012
f 2064 2012 2058
f 2038 2029 2011
f 2038 2011 2010
f 2065 2030 2031
f 2065 2031 2067
f 2029 2038 2039
f 2029 2039 2028
f 2030 2029 2028
f 2030 2028 2031
f 2038 2033 2032
f 2038 2032 2039
f 2034 2064 2066
f 2034 2066 2036
f 2030 2065 2059
f 2030 2059 2015
f 2024 1964 2040
f 2024 2040 2060
f 2024 2060 2062
f 2024 2062 2026
f 2015 2059 2057
f 2015 2057 2008
f 1982 2045 2052
f 1982 2052 1999
f 1962 1993 2051
f 1962 2051 2042
f 1993 1989 2048
f 1993 2048 2051
f 1962 2042 2044
f 1962 2044 1981
f 1956 2041 2067
f 1956 2067 2031
f 1989 2026 2062
f 1989 2062 2048
f 2033 1845 1846
f 2033 1846 2032
f 2033 2014 1842
f 2033 1842 1845
f 2019 1843 1844
f 2019 1844 2018
f 1988 2018 1844
f 1988 1844 1837
f 2019 1959 1841
f 2019 1841 1843
f 1959 2032 1846
f 1959 1846 1841
f 2014 1971 1833
f 2014 1833 1842
f 1980 1836 1839
f 1980 1839 2007
f 1955 1834 1835
f 1955 1835 1979
f 1858 1929 2037
f 1858 2037 1965
f 1899 1901 2004
f 1899 2004 2002
f 1927 1909 2013
f 1927 2013 2035
f 1903 1899 2002
f 1903 2002 2006
f 1883 1921 2027
f 1883 2027 1990
f 1708 1903 2006
f 1708 2006 1840
f 1909 1861 1968
f 1909 1968 2013
f 1856 1887 1994
f 1856 1994 1963
f 1887 1883 1990
f 1887 1990 1994
f 1901 1894 1997
f 1901 1997 2004
f 1929 1927 2035
f 1929 2035 2037
f 1894 1947 2054
f 1894 2054 1997
f 1919 1858 1965
f 1919 1965 2025
f 1897 1875 1983
f 1897 1983 2001
f 1921 1919 2025
f 1921 2025 2027
f 1947 1896 2000
f 1947 2000 2054
f 1876 1856 1963
f 1876 1963 1984
f 1854 1961 2009
f 1854 2009 1905
f 2132 2157 2094
f 2132 2094 1668
f 2108 2182 2203
f 2093 2156 2181
f 2093 2181 2107
f 2151 2088 2112
f 2151 2112 2166
f 2098 2173 2207
f 2111 2087 2071
f 2111 2071 2074
f 2092 2106 2075
f 2092 2075 2072
f 2189 2178 2210
f 2167 2113 2200
f 2129 1698 2086
f 1666 2122 2089
f 2161 2078 2102
f 2161 2102 2176
f 2128 2084 2118
f 2127 2105 2070
f 2124 2095 2073
f 2121 2115 2076
f 2082 2096 2068
f 2082 2068 2116
f 2101 2077 2117
f 2101 2117 2069
f 2110 2121 2076
f 2091 2124 2073
f 1668 2094 2123
f 2194 2168 2202
f 2100 2127 2070
f 2079 2128 2118
f 2081 1700 2130
f 2104 2126 2211
f 2083 2146 2171
f 2083 2171 2097
f 2172 2195 2206
f 1697 1664 2149
f 1697 2149 2085
f 1662 1667 2090
f 1662 2090 2153
f 2120 2109 2204
f 2180 2155 2139
f 2180 2139 2142
f 2160 2175 2143
f 2160 2143 2140
f 2177 2103 2209
f 2125 2099 2208
f 2197 1661 2152
f 2133 2191 2158
f 2199 2154 2187
f 2196 2174 2138
f 2192 2162 2141
f 2190 2184 2144
f 2150 2165 2136
f 2150 2136 2185
f 2170 2145 2186
f 2170 2186 2137
f 2179 2190 2144
f 2159 2192 2141
f 2135 2164 2193
f 2114 2119 2201
f 2169 2196 2138
f 2148 2199 2187
f 2147 1663 2198
f 2183 2188 2205
f 2080 2163 2134
f 2080 2134 1699
f 2281 2306 2238
f 2281 2238 1647
f 2253 2331 2358
f 2237 2305 2330
f 2237 2330 2251
f 2300 2232 2256
f 2300 2256 2315
f 2242 2322 2361
f 2255 2231 2215
f 2255 2215 2218
f 2236 2250 2219
f 2236 2219 2216
f 2343 2327 2364
f 2316 2257 2354
f 2278 2262 2230
f 1645 2271 2233
f 2310 2222 2246
f 2310 2246 2325
f 2277 2228 2267
f 2276 2249 2214
f 2273 2239 2217
f 2270 2259 2220
f 2226 2240 2212
f 2226 2212 2265
f 2245 2221 2266
f 2245 2266 2213
f 2254 2270 2220
f 2235 2273 2217
f 1647 2238 2272
f 2348 2317 2356
f 2244 2276 2214
f 2223 2277 2267
f 2225 2264 2279
f 2248 2275 2365
f 2227 2295 2320
f 2227 2320 2241
f 2321 2349 2360
f 2261 2338 2298
f 2261 2298 2229
f 2336 1646 2234
f 2336 2234 2302
f 2269 2252 2357
f 2329 2304 2288
f 2329 2288 2291
f 2309 2324 2292
f 2309 2292 2289
f 2326 2247 2363
f 2274 2243 2362
f 2351 2335 2301
f 2282 2345 2307
f 2353 2303 2341
f 2350 2323 2287
f 2346 2311 2290
f 2344 2333 2293
f 2299 2314 2285
f 2299 2285 2339
f 2319 2294 2340
f 2319 2340 2286
f 2328 2344 2293
f 2308 2346 2290
f 2284 2313 2347
f 2258 2268 2355
f 2318 2350 2287
f 2297 2353 2341
f 2296 2337 2352
f 2332 2342 2359
f 2224 2312 2283
f 2224 2283 2263
f 1679 2451 2393
f 1679 2393 1578
f 2407 2475 2500
f 2391 2449 2474
f 2391 2474 2405
f 2444 2386 2410
f 2444 2410 2459
f 2396 2465 2496
f 2409 2385 2369
f 2409 2369 2372
f 2390 2404 2373
f 2390 2373 2370
f 2482 2471 2504
f 2460 2411 2493
f 2426 1688 2383
f 1576 2420 2387
f 2454 2376 2400
f 2454 2400 2469
f 2427 2384 2416
f 2425 2403 2368
f 2421 2392 2371
f 2419 2413 2374
f 2380 2394 2366
f 2380 2366 2414
f 2399 2375 2415
f 2399 2415 2367
f 2408 2419 2374
f 2389 2421 2371
f 1578 2393 2422
f 2487 2461 2494
f 2398 2425 2368
f 2377 2427 2416
f 2378 1689 2428
f 2402 2424 2503
f 2381 2439 2464
f 2381 2464 2395
f 2466 2488 2497
f 1687 1623 2441
f 1687 2441 2382
f 1622 1577 2388
f 1622 2388 2446
f 2418 2406 2499
f 2473 2448 2432
f 2473 2432 2435
f 2453 2468 2436
f 2453 2436 2433
f 2470 2401 2502
f 2423 2397 2498
f 2490 1620 2445
f 1681 2485 2452
f 2492 2447 2480
f 2489 2467 2431
f 2484 2455 2434
f 2483 2477 2437
f 2443 2458 2429
f 2443 2429 2478
f 2463 2438 2479
f 2463 2479 2430
f 2472 2483 2437
f 2450 2484 2434
f 1682 2457 2486
f 2412 2417 2495
f 2462 2489 2431
f 2442 2492 2480
f 2440 1621 2491
f 2476 2481 2501
f 2379 2456 1680
f 2379 1680 1690
f 2577 2560 2529
f 2577 2529 2601
f 2545 2654 2628
f 2532 2544 2627
f 2532 2627 2605
f 2600 2612 2549
f 2600 2549 2528
f 2535 2658 2619
f 2548 2511 2509
f 2548 2509 2527
f 2531 2510 2512
f 2531 2512 2543
f 2640 2661 2624
f 2613 2651 2550
f 2575 2521 2554
f 2558 2524 2568
f 2610 2622 2539
f 2610 2539 2518
f 2574 2562 2519
f 2573 2507 2542
f 2570 2508 2530
f 2567 2513 2552
f 2522 2563 2505
f 2522 2505 2533
f 2538 2506 2564
f 2538 2564 2517
f 2547 2513 2567
f 2526 2508 2570
f 2560 2569 2529
f 2645 2653 2614
f 2537 2507 2573
f 2514 2562 2574
f 2516 2576 2556
f 2541 2662 2572
f 2523 2534 2617
f 2523 2617 2595
f 2618 2657 2646
f 2553 2520 2593
f 2553 2593 2634
f 2632 2597 2525
f 2632 2525 2559
f 2566 2655 2546
f 2626 2588 2586
f 2626 2586 2604
f 2609 2587 2589
f 2609 2589 2621
f 2623 2660 2540
f 2571 2659 2536
f 2648 2596 2631
f 2578 2602 2642
f 2650 2636 2598
f 2647 2584 2620
f 2643 2585 2606
f 2641 2590 2630
f 2599 2637 2582
f 2599 2582 2611
f 2616 2583 2638
f 2616 2638 2594
f 2625 2590 2641
f 2603 2585 2643
f 2580 2644 2608
f 2551 2652 2565
f 2615 2584 2647
f 2592 2636 2650
f 2591 2649 2633
f 2629 2656 2639
f 2515 2555 2579
f 2515 2579 2607
f 2735 2718 2687
f 2735 2687 2759
f 2704 2813 2786
f 2690 2702 2785
f 2690 2785 2763
f 2758 2770 2707
f 2758 2707 2686
f 2693 2816 2777
f 2706 2669 2667
f 2706 2667 2685
f 2689 2668 2670
f 2689 2670 2701
f 2798 2819 2782
f 2771 2809 2708
f 2733 2679 2712
f 2716 2682 2726
f 2768 2780 2697
f 2768 2697 2676
f 2732 2720 2677
f 2731 2665 2700
f 2728 2666 2688
f 2725 2671 2710
f 2680 2721 2663
f 2680 2663 2691
f 2696 2664 2722
f 2696 2722 2675
f 2705 2671 2725
f 2684 2666 2728
f 2718 2727 2687
f 2803 2811 2772
f 2695 2665 2731
f 2672 2720 2732
f 2674 2734 2714
f 2699 2820 2730
f 2681 2692 2775
f 2681 2775 2753
f 2776 2815 2804
f 2711 2678 2751
f 2711 2751 2792
f 2790 2755 2683
f 2790 2683 2717
f 2724 2812 2703
f 2784 2746 2744
f 2784 2744 2762
f 2767 2745 2747
f 2767 2747 2779
f 2781 2818 2698
f 2729 2817 2694
f 2806 2754 2789
f 2736 2760 2800
f 2808 2794 2756
f 2805 2742 2778
f 2801 2743 2764
f 2799 2748 2788
f 2757 2795 2740
f 2757 2740 2769
f 2774 2741 2796
f 2774 2796 2752
f 2783 2748 2799
f 2761 2743 2801
f 2738 2802 2766
f 2709 2810 2723
f 2773 2742 2805
f 2750 2794 2808
f 2749 2807 2791
f 2787 2814 2797
f 2673 2713 2737
f 2673 2737 2765
f 1937 2869 2845
f 1937 2845 2907
f 2861 2953 2932
f 2848 2860 2931
f 2848 2931 2909
f 2904 2916 2865
f 2904 2865 2844
f 2851 2950 2922
f 2864 2827 2825
f 2864 2825 2843
f 2847 2826 2828
f 2847 2828 2859
f 2938 2954 2926
f 2917 2947 2866
f 2886 2836 1945
f 2870 2840 2879
f 2914 2928 2857
f 2914 2857 2834
f 2887 2873 2837
f 2884 2823 2858
f 2880 2824 2846
f 2878 2829 2868
f 2838 2874 2821
f 2838 2821 2849
f 2854 2822 2875
f 2854 2875 2833
f 2863 2829 2878
f 2841 2824 2880
f 2869 2881 2845
f 2944 2948 2918
f 2853 2823 2884
f 2832 2873 2887
f 2831 2885 1943
f 2855 2957 2883
f 2839 2850 2921
f 2839 2921 2900
f 2923 2951 2945
f 1944 2835 2897
f 1944 2897 1889
f 1890 2902 2842
f 1890 2842 2871
f 2877 2955 2862
f 2930 2894 2892
f 2930 2892 2908
f 2913 2893 2895
f 2913 2895 2925
f 2927 2958 2856
f 2882 2952 2852
f 1935 2905 2942
f 1891 2935 2901
f 2946 2890 2924
f 2943 2891 2912
f 2940 2896 2934
f 2903 2936 2888
f 2903 2888 2915
f 2920 2889 2937
f 2920 2937 2899
f 2929 2896 2940
f 2906 2891 2943
f 1934 2941 2910
f 2867 2949 2876
f 2919 2890 2946
f 2898 2935 1891
f 2933 2956 2939
f 2830 1942 1936
f 2830 1936 2911
f 2969 3010 3029
f 2969 3029 3014
f 3010 2981 3024
f 3010 3024 3029
f 3029 3024 2990
f 3029 2990 3028
f 3014 3029 3028
f 3014 3028 2984
f 2988 3027 3030
f 2988 3030 3003
f 3027 2987 2994
f 3027 2994 3030
f 3030 2994 2967
f 3030 2967 2998
f 3003 3030 2998
f 3003 2998 2975
f 2985 3026 3031
f 2985 3031 3015
f 3026 2988 3003
f 3026 3003 3031
f 3031 3003 2975
f 3031 2975 3002
f 3015 3031 3002
f 3015 3002 2970
f 3115 2991 3032
f 3115 3032 3126
f 2991 2984 3028
f 2991 3028 3032
f 3032 3028 2990
f 3032 2990 3013
f 3126 3032 3013
f 3126 3013 3118
f 2989 3025 3033
f 2989 3033 3012
f 3117 3127 3004
f 3117 3004 2977
f 2980 3006 3034
f 2980 3034 3023
f 3023 3034 3025
f 3023 3025 2989
f 3116 3128 3035
f 3116 3035 2992
f 3035 3018 2988
f 3035 2988 3026
f 2992 3035 3026
f 2992 3026 2985
f 3121 3132 3040
f 3121 3040 3018
f 3132 3120 3017
f 3132 3017 3040
f 3040 3017 2987
f 3040 2987 3027
f 3018 3040 3027
f 3018 3027 2988
f 3052 3096 3107
f 3052 3107 3093
f 3093 3107 3102
f 3093 3102 3065
f 3107 3106 3072
f 3107 3072 3102
f 3096 3066 3106
f 3096 3106 3107
f 3070 3085 3108
f 3070 3108 3105
f 3105 3108 3076
f 3105 3076 3069
f 3108 3080 3049
f 3108 3049 3076
f 3085 3057 3080
f 3085 3080 3108
f 3067 3097 3109
f 3067 3109 3104
f 3104 3109 3085
f 3104 3085 3070
f 3109 3084 3057
f 3109 3057 3085
f 3097 3053 3084
f 3097 3084 3109
f 3133 3140 3110
f 3133 3110 3073
f 3073 3110 3106
f 3073 3106 3066
f 3110 3095 3072
f 3110 3072 3106
f 3140 3136 3095
f 3140 3095 3110
f 3071 3094 3111
f 3071 3111 3103
f 3135 3059 3086
f 3135 3086 3141
f 3062 3101 3112
f 3062 3112 3089
f 3101 3071 3103
f 3101 3103 3112
f 3134 3074 3113
f 3134 3113 3142
f 3142 3113 3100
f 3142 3100 3139
f 3113 3104 3070
f 3113 3070 3100
f 3074 3067 3104
f 3074 3104 3113
f 3139 3100 3114
f 3139 3114 3143
f 3143 3114 3099
f 3143 3099 3138
f 3114 3105 3069
f 3114 3069 3099
f 3100 3070 3105
f 3100 3105 3114
f 2993 2986 3068
f 2993 3068 3075
f 2966 2993 3075
f 2966 3075 3048
f 2972 2995 3077
f 2972 3077 3054
f 2995 2961 3043
f 2995 3043 3077
f 2974 2997 3079
f 2974 3079 3056
f 2997 2965 3047
f 2997 3047 3079
f 2959 2999 3081
f 2959 3081 3041
f 2999 2972 3054
f 2999 3054 3081
f 2968 3001 3083
f 2968 3083 3050
f 3001 2974 3056
f 3001 3056 3083
f 2976 3005 3087
f 2976 3087 3058
f 3007 2982 3063
f 3007 3063 3088
f 2964 3009 3090
f 2964 3090 3044
f 3009 2979 3060
f 3009 3060 3090
f 3011 2971 3051
f 3011 3051 3092
f 2983 3011 3092
f 2983 3092 3064
f 3119 2959 3041
f 3119 3041 3137
f 2986 3016 3098
f 2986 3098 3068
f 3016 3119 3137
f 3016 3137 3098
f 3082 3143 3138
f 3082 3138 3042
f 3055 3139 3143
f 3055 3143 3082
f 3078 3142 3139
f 3078 3139 3055
f 3046 3134 3142
f 3046 3142 3078
f 3094 3135 3141
f 3094 3141 3111
f 3091 3061 3136
f 3091 3136 3140
f 3045 3091 3140
f 3045 3140 3133
f 3000 2960 3120
f 3000 3120 3132
f 2973 3000 3132
f 2973 3132 3121
f 2996 2973 3121
f 2996 3121 3128
f 2963 2996 3128
f 2963 3128 3116
f 3012 3033 3127
f 3012 3127 3117
f 3008 3126 3118
f 3008 3118 2978
f 2962 3115 3126
f 2962 3126 3008
f 3155 3195 3208
f 3155 3208 3192
f 3192 3208 3204
f 3192 3204 3168
f 3208 3207 3175
f 3208 3175 3204
f 3195 3169 3207
f 3195 3207 3208
f 3173 3188 3209
f 3173 3209 3206
f 3206 3209 3179
f 3206 3179 3172
f 3209 3183 3152
f 3209 3152 3179
f 3188 3160 3183
f 3188 3183 3209
f 3170 3196 3210
f 3170 3210 3205
f 3205 3210 3188
f 3205 3188 3173
f 3210 3187 3160
f 3210 3160 3188
f 3196 3156 3187
f 3196 3187 3210
f 3285 3295 3211
f 3285 3211 3176
f 3176 3211 3207
f 3176 3207 3169
f 3211 3194 3175
f 3211 3175 3207
f 3295 3288 3194
f 3295 3194 3211
f 3174 3193 3033
f 3174 3033 3025
f 3287 3163 3004
f 3287 3004 3127
f 3167 3203 3034
f 3167 3034 3006
f 3203 3174 3025
f 3203 3025 3034
f 3286 3177 3216
f 3286 3216 3299
f 3216 3205 3173
f 3216 3173 3202
f 3177 3170 3205
f 3177 3205 3216
f 3294 3202 3217
f 3294 3217 3300
f 3300 3217 3198
f 3300 3198 3290
f 3217 3206 3172
f 3217 3172 3198
f 3202 3173 3206
f 3202 3206 3217
f 3228 3266 3279
f 3228 3279 3269
f 3266 3242 3275
f 3266 3275 3279
f 3279 3275 3249
f 3279 3249 3278
f 3269 3279 3278
f 3269 3278 3243
f 3247 3277 3280
f 3247 3280 3262
f 3277 3245 3252
f 3277 3252 3280
f 3280 3252 3224
f 3280 3224 3256
f 3262 3280 3256
f 3262 3256 3233
f 3244 3276 3281
f 3244 3281 3270
f 3276 3247 3262
f 3276 3262 3281
f 3281 3262 3233
f 3281 3233 3260
f 3270 3281 3260
f 3270 3260 3229
f 3301 3250 3282
f 3301 3282 3308
f 3250 3243 3278
f 3250 3278 3282
f 3282 3278 3249
f 3282 3249 3268
f 3308 3282 3268
f 3308 3268 3304
f 3248 3103 3111
f 3248 3111 3267
f 3303 3141 3086
f 3303 3086 3235
f 3239 3089 3112
f 3239 3112 3274
f 3274 3112 3103
f 3274 3103 3248
f 3302 3309 3283
f 3302 3283 3251
f 3309 3307 3273
f 3309 3273 3283
f 3283 3273 3247
f 3283 3247 3276
f 3251 3283 3276
f 3251 3276 3244
f 3307 3310 3284
f 3307 3284 3273
f 3310 3305 3271
f 3310 3271 3284
f 3284 3271 3245
f 3284 3245 3277
f 3273 3284 3277
f 3273 3277 3247
f 3178 3253 3246
f 3178 3246 3171
f 3151 3226 3253
f 3151 3253 3178
f 3157 3232 3255
f 3157 3255 3180
f 3180 3255 3223
f 3180 3223 3147
f 3159 3234 3257
f 3159 3257 3182
f 3182 3257 3225
f 3182 3225 3150
f 3144 3219 3259
f 3144 3259 3184
f 3184 3259 3232
f 3184 3232 3157
f 3154 3230 3261
f 3154 3261 3186
f 3186 3261 3234
f 3186 3234 3159
f 3162 3238 3087
f 3162 3087 3005
f 3007 3088 3240
f 3007 3240 3165
f 3146 3220 3263
f 3146 3263 3189
f 3189 3263 3236
f 3189 3236 3161
f 3191 3265 3227
f 3191 3227 3153
f 3166 3241 3265
f 3166 3265 3191
f 3289 3306 3219
f 3289 3219 3144
f 3171 3246 3272
f 3171 3272 3197
f 3197 3272 3306
f 3197 3306 3289
f 3258 3218 3305
f 3258 3305 3310
f 3231 3258 3310
f 3231 3310 3307
f 3254 3231 3307
f 3254 3307 3309
f 3222 3254 3309
f 3222 3309 3302
f 3267 3111 3141
f 3267 3141 3303
f 3264 3308 3304
f 3264 3304 3237
f 3221 3301 3308
f 3221 3308 3264
f 3185 3300 3290
f 3185 3290 3145
f 3158 3294 3300
f 3158 3300 3185
f 3181 3299 3294
f 3181 3294 3158
f 3149 3286 3299
f 3149 3299 3181
f 3193 3287 3127
f 3193 3127 3033
f 3190 3164 3288
f 3190 3288 3295
f 3148 3190 3295
f 3148 3295 3285
f 3122 3396 3337
f 3122 3337 3131
f 3352 3420 3444
f 3336 3394 3419
f 3336 3419 3350
f 3388 3330 3354
f 3388 3354 3403
f 3341 3411 3442
f 3358 3331 3315
f 3358 3315 3319
f 3335 3349 3317
f 3335 3317 3314
f 3428 3417 3449
f 3404 3355 3438
f 3372 3020 3329
f 3129 3365 3332
f 3399 3321 3346
f 3399 3346 3415
f 3371 3328 3361
f 3369 3345 3313
f 3367 3338 3316
f 3364 3357 3318
f 3325 3339 3311
f 3325 3311 3359
f 3344 3320 3360
f 3344 3360 3312
f 3353 3364 3318
f 3334 3367 3316
f 3131 3337 3366
f 3432 3405 3439
f 3343 3369 3313
f 3322 3371 3361
f 3324 3022 3373
f 3348 3370 3448
f 3326 3384 3409
f 3326 3409 3340
f 3410 3433 3441
f 3019 3039 3386
f 3019 3386 3327
f 3036 3130 3333
f 3036 3333 3390
f 3363 3351 3443
f 3418 3393 3377
f 3418 3377 3380
f 3398 3413 3381
f 3398 3381 3378
f 3416 3347 3447
f 3368 3342 3445
f 3435 3037 3391
f 3123 3430 3397
f 3437 3392 3425
f 3434 3412 3375
f 3429 3400 3379
f 3427 3422 3382
f 3389 3407 3376
f 3389 3376 3424
f 3408 3383 3423
f 3408 3423 3374
f 3414 3427 3382
f 3395 3429 3379
f 3125 3402 3431
f 3356 3362 3440
f 3406 3434 3375
f 3387 3437 3425
f 3385 3038 3436
f 3421 3426 3446
f 3323 3401 3124
f 3323 3124 3021
f 3293 3298 3473
f 3293 3473 3528
f 3489 3573 3552
f 3475 3487 3551
f 3475 3551 3530
f 3526 3536 3492
f 3526 3492 3471
f 3478 3571 3543
f 3491 3456 3453
f 3491 3453 3467
f 3474 3455 3457
f 3474 3457 3486
f 3560 3578 3549
f 3537 3567 3493
f 3296 3468 3502
f 3534 3547 3483
f 3534 3483 3462
f 3200 3496 3464
f 3506 3452 3482
f 3504 3454 3472
f 3501 3458 3495
f 3465 3497 3450
f 3465 3450 3476
f 3481 3451 3498
f 3481 3498 3461
f 3490 3458 3501
f 3470 3454 3504
f 3298 3503 3473
f 3561 3568 3538
f 3480 3452 3506
f 3459 3496 3200
f 3485 3577 3507
f 3466 3477 3541
f 3466 3541 3521
f 3542 3570 3562
f 3201 3463 3519
f 3201 3519 3215
f 3212 3523 3469
f 3212 3469 3297
f 3500 3572 3488
f 3550 3514 3512
f 3550 3512 3529
f 3533 3513 3515
f 3533 3515 3545
f 3548 3576 3484
f 3505 3574 3479
f 3564 3524 3213
f 3566 3556 3525
f 3563 3510 3544
f 3292 3511 3532
f 3559 3516 3554
f 3522 3555 3508
f 3522 3508 3535
f 3540 3509 3557
f 3540 3557 3520
f 3546 3516 3559
f 3527 3511 3292
f 3494 3569 3499
f 3539 3510 3563
f 3518 3556 3566
f 3517 3565 3214
f 3553 3575 3558
f 3460 3199 3291
f 3460 3291 3531
f 3579 3585 3593
f 3579 3593 3587
f 3581 3580 3588
f 3581 3588 3589
f 3583 3582 3590
f 3583 3590 3591
f 3587 3593 3601
f 3587 3601 3595
f 3589 3588 3596
f 3589 3596 3597
f 3591 3590 3598
f 3591 3598 3599
f 3595 3601 3609
f 3595 3609 3603
f 3597 3596 3604
f 3597 3604 3605
f 3599 3598 3606
f 3599 3606 3607
f 3603 3609 3617
f 3603 3617 3611
f 3605 3604 3612
f 3605 3612 3613
f 3607 3606 3614
f 3607 3614 3615
f 3611 3617 3625
f 3611 3625 3619
f 3613 3612 3620
f 3613 3620 3621
f 3615 3614 3622
f 3615 3622 3623
f 3619 3625 3633
f 3619 3633 3627
f 3621 3620 3628
f 3621 3628 3629
f 3623 3622 3630
f 3623 3630 3631
f 3627 3633 3641
f 3627 3641 3635
f 3629 3628 3636
f 3629 3636 3637
f 3631 3630 3638
f 3631 3638 3639
f 3635 3641 3649
f 3635 3649 3643
f 3637 3636 3644
f 3637 3644 3645
f 3639 3638 3646
f 3639 3646 3647
f 3643 3649 3658
f 3643 3658 3651
f 3645 3644 3652
f 3645 3652 3654
f 3647 3646 3653
f 3647 3653 3655
f 3651 3658 3666
f 3651 3666 3659
f 3654 3652 3660
f 3654 3660 3662
f 3655 3653 3661
f 3655 3661 3663
f 3659 3666 3674
f 3659 3674 3667
f 3662 3660 3668
f 3662 3668 3670
f 3663 3661 3669
f 3663 3669 3671
f 3667 3674 3682
f 3667 3682 3675
f 3670 3668 3676
f 3670 3676 3678
f 3671 3669 3677
f 3671 3677 3679
f 3675 3682 3690
f 3675 3690 3683
f 3678 3676 3684
f 3678 3684 3686
f 3679 3677 3685
f 3679 3685 3687
f 3683 3690 3698
f 3683 3698 3691
f 3686 3684 3692
f 3686 3692 3694
f 3687 3685 3693
f 3687 3693 3695
f 3691 3698 3706
f 3691 3706 3699
f 3694 3692 3700
f 3694 3700 3702
f 3695 3693 3701
f 3695 3701 3703
f 3699 3706 3714
f 3699 3714 3707
f 3702 3700 3708
f 3702 3708 3710
f 3703 3701 3709
f 3703 3709 3711
f 3707 3714 3722
f 3707 3722 3715
f 3710 3708 3716
f 3710 3716 3718
f 3711 3709 3717
f 3711 3717 3719
f 3715 3722 3730
f 3715 3730 3723
f 3718 3716 3724
f 3718 3724 3726
f 3719 3717 3725
f 3719 3725 3727
f 3723 3730 3738
f 3723 3738 3731
f 3726 3724 3732
f 3726 3732 3734
f 3727 3725 3733
f 3727 3733 3735
f 3731 3738 3746
f 3731 3746 3739
f 3734 3732 3740
f 3734 3740 3742
f 3735 3733 3741
f 3735 3741 3743
f 3739 3746 3754
f 3739 3754 3747
f 3742 3740 3748
f 3742 3748 3750
f 3743 3741 3749
f 3743 3749 3751
f 3747 3754 3762
f 3747 3762 3755
f 3750 3748 3756
f 3750 3756 3758
f 3751 3749 3757
f 3751 3757 3759
f 3755 3762 3778
f 3755 3778 3764
f 3758 3756 3766
f 3758 3766 3770
f 3759 3757 3767
f 3759 3767 3771
f 3763 3777 3785
f 3763 3785 3779
f 3769 3765 3780
f 3769 3780 3781
f 3772 3768 3782
f 3772 3782 3783
f 3779 3785 3793
f 3779 3793 3787
f 3781 3780 3788
f 3781 3788 3789
f 3783 3782 3790
f 3783 3790 3791
f 3787 3793 3801
f 3787 3801 3795
f 3789 3788 3796
f 3789 3796 3797
f 3791 3790 3798
f 3791 3798 3799
f 3795 3801 3809
f 3795 3809 3803
f 3797 3796 3804
f 3797 3804 3805
f 3799 3798 3806
f 3799 3806 3807
f 3803 3809 3817
f 3803 3817 3811
f 3805 3804 3812
f 3805 3812 3813
f 3807 3806 3814
f 3807 3814 3815
f 3811 3817 3825
f 3811 3825 3819
f 3813 3812 3820
f 3813 3820 3821
f 3815 3814 3822
f 3815 3822 3823
f 3819 3825 3833
f 3819 3833 3827
f 3821 3820 3828
f 3821 3828 3829
f 3823 3822 3830
f 3823 3830 3831
f 3827 3833 3841
f 3827 3841 3835
f 3829 3828 3836
f 3829 3836 3837
f 3831 3830 3838
f 3831 3838 3839
f 3835 3841 3585
f 3835 3585 3579
f 3837 3836 3580
f 3837 3580 3581
f 3839 3838 3582
f 3839 3582 3583
f 3586 3842 3840
f 3586 3840 3584
f 3840 3842 3834
f 3840 3834 3832
f 3818 3810 3808
f 3818 3808 3816
f 3832 3834 3826
f 3832 3826 3824
f 3794 3786 3784
f 3794 3784 3792
f 3776 3761 3760
f 3776 3760 3774
f 3824 3826 3818
f 3824 3818 3816
f 3802 3794 3792
f 3802 3792 3800
f 3808 3810 3802
f 3808 3802 3800
f 3784 3786 3775
f 3784 3775 3773
f 3760 3761 3753
f 3760 3753 3752
f 3752 3753 3745
f 3752 3745 3744
f 3744 3745 3737
f 3744 3737 3736
f 3736 3737 3729
f 3736 3729 3728
f 3728 3729 3721
f 3728 3721 3720
f 3720 3721 3713
f 3720 3713 3712
f 3712 3713 3705
f 3712 3705 3704
f 3704 3705 3697
f 3704 3697 3696
f 3696 3697 3689
f 3696 3689 3688
f 3688 3689 3681
f 3688 3681 3680
f 3680 3681 3673
f 3680 3673 3672
f 3672 3673 3665
f 3672 3665 3664
f 3664 3665 3657
f 3664 3657 3656
f 3656 3657 3650
f 3656 3650 3648
f 3648 3650 3642
f 3648 3642 3640
f 3640 3642 3634
f 3640 3634 3632
f 3632 3634 3626
f 3632 3626 3624
f 3624 3626 3618
f 3624 3618 3616
f 3616 3618 3610
f 3616 3610 3608
f 3608 3610 3602
f 3608 3602 3600
f 3600 3602 3594
f 3600 3594 3592
f 3592 3594 3586
f 3592 3586 3584
f 3843 3849 3857
f 3843 3857 3851
f 3845 3844 3852
f 3845 3852 3853
f 3847 3846 3854
f 3847 3854 3855
f 3851 3857 3865
f 3851 3865 3859
f 3853 3852 3860
f 3853 3860 3861
f 3855 3854 3862
f 3855 3862 3863
f 3859 3865 3873
f 3859 3873 3867
f 3861 3860 3868
f 3861 3868 3869
f 3863 3862 3870
f 3863 3870 3871
f 3867 3873 3881
f 3867 3881 3875
f 3869 3868 3876
f 3869 3876 3877
f 3871 3870 3878
f 3871 3878 3879
f 3875 3881 3889
f 3875 3889 3883
f 3877 3876 3884
f 3877 3884 3885
f 3879 3878 3886
f 3879 3886 3887
f 3883 3889 3897
f 3883 3897 3891
f 3885 3884 3892
f 3885 3892 3893
f 3887 3886 3894
f 3887 3894 3895
f 3891 3897 3905
f 3891 3905 3899
f 3893 3892 3900
f 3893 3900 3901
f 3895 3894 3902
f 3895 3902 3903
f 3899 3905 3914
f 3899 3914 3908
f 3901 3900 3907
f 3901 3907 3909
f 3903 3902 3910
f 3903 3910 3912
f 3908 3914 3922
f 3908 3922 3915
f 3909 3907 3916
f 3909 3916 3918
f 3912 3910 3917
f 3912 3917 3919
f 3915 3922 3930
f 3915 3930 3923
f 3918 3916 3924
f 3918 3924 3926
f 3919 3917 3925
f 3919 3925 3927
f 3923 3930 3938
f 3923 3938 3931
f 3926 3924 3932
f 3926 3932 3934
f 3927 3925 3933
f 3927 3933 3935
f 3931 3938 3946
f 3931 3946 3939
f 3934 3932 3940
f 3934 3940 3942
f 3935 3933 3941
f 3935 3941 3943
f 3939 3946 3954
f 3939 3954 3947
f 3942 3940 3948
f 3942 3948 3950
f 3943 3941 3949
f 3943 3949 3951
f 3947 3954 3962
f 3947 3962 3955
f 3950 3948 3956
f 3950 3956 3958
f 3951 3949 3957
f 3951 3957 3959
f 3955 3962 3970
f 3955 3970 3963
f 3958 3956 3964
f 3958 3964 3966
f 3959 3957 3965
f 3959 3965 3967
f 3963 3970 3978
f 3963 3978 3971
f 3966 3964 3972
f 3966 3972 3974
f 3967 3965 3973
f 3967 3973 3975
f 3971 3978 3986
f 3971 3986 3979
f 3974 3972 3980
f 3974 3980 3982
f 3975 3973 3981
f 3975 3981 3983
f 3979 3986 3994
f 3979 3994 3987
f 3982 3980 3988
f 3982 3988 3990
f 3983 3981 3989
f 3983 3989 3991
f 3987 3994 4002
f 3987 4002 3995
f 3990 3988 3996
f 3990 3996 3998
f 3991 3989 3997
f 3991 3997 3999
f 3995 4002 4010
f 3995 4010 4003
f 3998 3996 4004
f 3998 4004 4006
f 3999 3997 4005
f 3999 4005 4007
f 4003 4010 4018
f 4003 4018 4011
f 4006 4004 4012
f 4006 4012 4014
f 4007 4005 4013
f 4007 4013 4015
f 4011 4018 4026
f 4011 4026 4019
f 4014 4012 4020
f 4014 4020 4022
f 4015 4013 4021
f 4015 4021 4023
f 4019 4026 4041
f 4019 4041 4027
f 4022 4020 4030
f 4022 4030 4034
f 4023 4021 4031
f 4023 4031 4035
f 4028 4042 4049
f 4028 4049 4043
f 4033 4029 4044
f 4033 4044 4045
f 4036 4032 4046
f 4036 4046 4047
f 4043 4049 4057
f 4043 4057 4051
f 4045 4044 4052
f 4045 4052 4053
f 4047 4046 4054
f 4047 4054 4055
f 4051 4057 4065
f 4051 4065 4059
f 4053 4052 4060
f 4053 4060 4061
f 4055 4054 4062
f 4055 4062 4063
f 4059 4065 4073
f 4059 4073 4067
f 4061 4060 4068
f 4061 4068 4069
f 4063 4062 4070
f 4063 4070 4071
f 4067 4073 4081
f 4067 4081 4075
f 4069 4068 4076
f 4069 4076 4077
f 4071 4070 4078
f 4071 4078 4079
f 4075 4081 4089
f 4075 4089 4083
f 4077 4076 4084
f 4077 4084 4085
f 4079 4078 4086
f 4079 4086 4087
f 4083 4089 4097
f 4083 4097 4091
f 4085 4084 4092
f 4085 4092 4093
f 4087 4086 4094
f 4087 4094 4095
f 4091 4097 4105
f 4091 4105 4099
f 4093 4092 4100
f 4093 4100 4101
f 4095 4094 4102
f 4095 4102 4103
f 4099 4105 3849
f 4099 3849 3843
f 4101 4100 3844
f 4101 3844 3845
f 4103 4102 3846
f 4103 3846 3847
f 3850 4106 4104
f 3850 4104 3848
f 4104 4106 4098
f 4104 4098 4096
f 4082 4074 4072
f 4082 4072 4080
f 4096 4098 4090
f 4096 4090 4088
f 4058 4050 4048
f 4058 4048 4056
f 4040 4025 4024
f 4040 4024 4038
f 4088 4090 4082
f 4088 4082 4080
f 4066 4058 4056
f 4066 4056 4064
f 4072 4074 4066
f 4072 4066 4064
f 4048 4050 4039
f 4048 4039 4037
f 4024 4025 4017
f 4024 4017 4016
f 4016 4017 4009
f 4016 4009 4008
f 4008 4009 4001
f 4008 4001 4000
f 4000 4001 3993
f 4000 3993 3992
f 3992 3993 3985
f 3992 3985 3984
f 3984 3985 3977
f 3984 3977 3976
f 3976 3977 3969
f 3976 3969 3968
f 3968 3969 3961
f 3968 3961 3960
f 3960 3961 3953
f 3960 3953 3952
f 3952 3953 3945
f 3952 3945 3944
f 3944 3945 3937
f 3944 3937 3936
f 3936 3937 3929
f 3936 3929 3928
f 3928 3929 3921
f 3928 3921 3920
f 3920 3921 3913
f 3920 3913 3911
f 3911 3913 3906
f 3911 3906 3904
f 3904 3906 3898
f 3904 3898 3896
f 3896 3898 3890
f 3896 3890 3888
f 3888 3890 3882
f 3888 3882 3880
f 3880 3882 3874
f 3880 3874 3872
f 3872 3874 3866
f 3872 3866 3864
f 3864 3866 3858
f 3864 3858 3856
f 3856 3858 3850
f 3856 3850 3848
f 4107 4113 4121
f 4107 4121 4115
f 4109 4108 4116
f 4109 4116 4117
f 4111 4110 4118
f 4111 4118 4119
f 4115 4121 4129
f 4115 4129 4123
f 4117 4116 4124
f 4117 4124 4125
f 4119 4118 4126
f 4119 4126 4127
f 4123 4129 4137
f 4123 4137 4131
f 4125 4124 4132
f 4125 4132 4133
f 4127 4126 4134
f 4127 4134 4135
f 4131 4137 4145
f 4131 4145 4139
f 4133 4132 4140
f 4133 4140 4141
f 4135 4134 4142
f 4135 4142 4143
f 4139 4145 4153
f 4139 4153 4147
f 4141 4140 4148
f 4141 4148 4149
f 4143 4142 4150
f 4143 4150 4151
f 4147 4153 4161
f 4147 4161 4155
f 4149 4148 4156
f 4149 4156 4157
f 4151 4150 4158
f 4151 4158 4159
f 4155 4161 4169
f 4155 4169 4163
f 4157 4156 4164
f 4157 4164 4165
f 4159 4158 4166
f 4159 4166 4167
f 4163 4169 4177
f 4163 4177 4171
f 4165 4164 4172
f 4165 4172 4174
f 4167 4166 4173
f 4167 4173 4175
f 4171 4177 4186
f 4171 4186 4179
f 4174 4172 4180
f 4174 4180 4182
f 4175 4173 4181
f 4175 4181 4183
f 4179 4186 4194
f 4179 4194 4187
f 4182 4180 4188
f 4182 4188 4190
f 4183 4181 4189
f 4183 4189 4191
f 4187 4194 4202
f 4187 4202 4195
f 4190 4188 4196
f 4190 4196 4198
f 4191 4189 4197
f 4191 4197 4199
f 4195 4202 4210
f 4195 4210 4203
f 4198 4196 4204
f 4198 4204 4206
f 4199 4197 4205
f 4199 4205 4207
f 4203 4210 4218
f 4203 4218 4211
f 4206 4204 4212
f 4206 4212 4214
f 4207 4205 4213
f 4207 4213 4215
f 4211 4218 4226
f 4211 4226 4219
f 4214 4212 4220
f 4214 4220 4222
f 4215 4213 4221
f 4215 4221 4223
f 4219 4226 4234
f 4219 4234 4227
f 4222 4220 4228
f 4222 4228 4230
f 4223 4221 4229
f 4223 4229 4231
f 4227 4234 4242
f 4227 4242 4235
f 4230 4228 4236
f 4230 4236 4238
f 4231 4229 4237
f 4231 4237 4239
f 4235 4242 4250
f 4235 4250 4243
f 4238 4236 4244
f 4238 4244 4246
f 4239 4237 4245
f 4239 4245 4247
f 4243 4250 4258
f 4243 4258 4251
f 4246 4244 4252
f 4246 4252 4254
f 4247 4245 4253
f 4247 4253 4255
f 4251 4258 4266
f 4251 4266 4259
f 4254 4252 4260
f 4254 4260 4262
f 4255 4253 4261
f 4255 4261 4263
f 4259 4266 4274
f 4259 4274 4267
f 4262 4260 4268
f 4262 4268 4270
f 4263 4261 4269
f 4263 4269 4271
f 4267 4274 4282
f 4267 4282 4275
f 4270 4268 4276
f 4270 4276 4278
f 4271 4269 4277
f 4271 4277 4279
f 4275 4282 4290
f 4275 4290 4283
f 4278 4276 4284
f 4278 4284 4286
f 4279 4277 4285
f 4279 4285 4287
f 4283 4290 4305
f 4283 4305 4291
f 4286 4284 4294
f 4286 4294 4298
f 4287 4285 4295
f 4287 4295 4299
f 4292 4306 4313
f 4292 4313 4308
f 4297 4293 4307
f 4297 4307 4309
f 4300 4296 4310
f 4300 4310 4311
f 4308 4313 4321
f 4308 4321 4315
f 4309 4307 4316
f 4309 4316 4317
f 4311 4310 4318
f 4311 4318 4319
f 4315 4321 4329
f 4315 4329 4323
f 4317 4316 4324
f 4317 4324 4325
f 4319 4318 4326
f 4319 4326 4327
f 4323 4329 4337
f 4323 4337 4331
f 4325 4324 4332
f 4325 4332 4333
f 4327 4326 4334
f 4327 4334 4335
f 4331 4337 4345
f 4331 4345 4339
f 4333 4332 4340
f 4333 4340 4341
f 4335 4334 4342
f 4335 4342 4343
f 4339 4345 4353
f 4339 4353 4347
f 4341 4340 4348
f 4341 4348 4349
f 4343 4342 4350
f 4343 4350 4351
f 4347 4353 4361
f 4347 4361 4355
f 4349 4348 4356
f 4349 4356 4357
f 4351 4350 4358
f 4351 4358 4359
f 4355 4361 4369
f 4355 4369 4363
f 4357 4356 4364
f 4357 4364 4365
f 4359 4358 4366
f 4359 4366 4367
f 4363 4369 4113
f 4363 4113 4107
f 4365 4364 4108
f 4365 4108 4109
f 4367 4366 4110
f 4367 4110 4111
f 4114 4370 4368
f 4114 4368 4112
f 4368 4370 4362
f 4368 4362 4360
f 4346 4338 4336
f 4346 4336 4344
f 4360 4362 4354
f 4360 4354 4352
f 4322 4314 4312
f 4322 4312 4320
f 4304 4289 4288
f 4304 4288 4302
f 4352 4354 4346
f 4352 4346 4344
f 4330 4322 4320
f 4330 4320 4328
f 4336 4338 4330
f 4336 4330 4328
f 4312 4314 4303
f 4312 4303 4301
f 4288 4289 4281
f 4288 4281 4280
f 4280 4281 4273
f 4280 4273 4272
f 4272 4273 4265
f 4272 4265 4264
f 4264 4265 4257
f 4264 4257 4256
f 4256 4257 4249
f 4256 4249 4248
f 4248 4249 4241
f 4248 4241 4240
f 4240 4241 4233
f 4240 4233 4232
f 4232 4233 4225
f 4232 4225 4224
f 4224 4225 4217
f 4224 4217 4216
f 4216 4217 4209
f 4216 4209 4208
f 4208 4209 4201
f 4208 4201 4200
f 4200 4201 4193
f 4200 4193 4192
f 4192 4193 4185
f 4192 4185 4184
f 4184 4185 4178
f 4184 4178 4176
f 4176 4178 4170
f 4176 4170 4168
f 4168 4170 4162
f 4168 4162 4160
f 4160 4162 4154
f 4160 4154 4152
f 4152 4154 4146
f 4152 4146 4144
f 4144 4146 4138
f 4144 4138 4136
f 4136 4138 4130
f 4136 4130 4128
f 4128 4130 4122
f 4128 4122 4120
f 4120 4122 4114
f 4120 4114 4112
f 4483 4409 4445
f 4483 4445 5082
f 4408 4450 4445
f 4408 4445 4409
f 4434 4571 4617
f 4434 4617 4491
f 4440 4394 4392
f 4440 4392 4436
f 4501 4505 4422
f 4501 4422 4377
f 4504 4410 4422
f 4504 4422 4505
f 4475 4933 4472
f 4475 4472 4387
f 4436 4392 4383
f 4436 4383 4437
f 4371 4396 4401
f 4371 4401 4377
f 4376 4400 4398
f 4376 4398 4372
f 4372 4398 4396
f 4372 4396 4371
f 4480 4482 4400
f 4480 4400 4376
f 4488 4421 4409
f 4488 4409 4483
f 4414 4413 4407
f 4414 4407 4408
f 4414 4408 4409
f 4414 4409 4421
f 4413 4422 4410
f 4413 4410 4407
f 4371 4377 4422
f 4371 4422 4413
f 4372 4414 4421
f 4372 4421 4376
f 4372 4371 4413
f 4372 4413 4414
f 4391 4532 4523
f 4391 4523 4382
f 4481 4490 4424
f 4481 4424 4399
f 4500 4631 4534
f 4500 4534 4393
f 4397 4431 4429
f 4397 4429 4395
f 4395 4429 4433
f 4395 4433 4402
f 4399 4424 4431
f 4399 4431 4397
f 4407 4410 4446
f 4407 4446 4449
f 4493 4492 4390
f 4493 4390 4439
f 4437 4383 4435
f 4437 4435 4441
f 4393 4534 4532
f 4393 4532 4391
f 4468 4440 4436
f 4468 4436 4473
f 4379 4474 4456
f 4379 4456 4380
f 4381 4467 4474
f 4381 4474 4379
f 4448 4447 4381
f 4448 4381 4379
f 4408 4407 4449
f 4408 4449 4450
f 4451 4448 4379
f 4451 4379 4380
f 4451 4380 4378
f 4451 4378 5136
f 4451 4450 4449
f 4451 4449 4448
f 5136 4445 4450
f 5136 4450 4451
f 4448 4449 4446
f 4448 4446 4447
f 5062 5136 4378
f 5062 4378 4475
f 4457 4437 4441
f 4457 4441 4462
f 4380 4456 4466
f 4380 4466 4378
f 4498 4493 4439
f 4498 4439 4470
f 4473 4436 4437
f 4473 4437 4457
f 4457 4456 4474
f 4457 4474 4473
f 4462 4466 4456
f 4462 4456 4457
f 4473 4474 4467
f 4473 4467 4468
f 4470 4472 4933
f 4470 4933 4498
f 4462 4441 4493
f 4462 4493 4498
f 4453 5062 4475
f 4453 4475 4387
f 4453 4455 5082
f 4453 5082 5062
f 4441 4435 4492
f 4441 4492 4493
f 4491 4617 4528
f 4491 4528 4388
f 4405 4427 4490
f 4405 4490 4481
f 4385 4480 4488
f 4385 4488 4416
f 4416 4488 4483
f 4416 4483 4412
f 4385 4406 4482
f 4385 4482 4480
f 4378 4466 4933
f 4378 4933 4475
f 4412 4483 5082
f 4412 5082 4455
f 4468 4467 4513
f 4468 4513 4512
f 4468 4512 4509
f 4468 4509 4440
f 4447 4446 4511
f 4447 4511 4510
f 4410 4504 4511
f 4410 4511 4446
f 4447 4510 4508
f 4447 4508 4381
f 4381 4508 4513
f 4381 4513 4467
f 4440 4509 4499
f 4440 4499 4394
f 4402 4433 4507
f 4402 4507 4503
f 4377 4401 4502
f 4377 4502 4501
f 4611 4625 4579
f 4611 4579 4549
f 4548 4549 4579
f 4548 4579 4584
f 4576 4572 4531
f 4576 4531 4533
f 4632 4517 4558
f 4632 4558 4636
f 4635 4636 4558
f 4635 4558 4550
f 4602 4526 4598
f 4602 4598 4628
f 4572 4573 4522
f 4572 4522 4531
f 4514 4517 4541
f 4514 4541 4536
f 4516 4515 4538
f 4516 4538 4540
f 4515 4514 4536
f 4515 4536 4538
f 4605 4516 4540
f 4605 4540 4609
f 4612 4611 4549
f 4612 4549 4557
f 4554 4548 4547
f 4554 4547 4553
f 4554 4557 4549
f 4554 4549 4548
f 4553 4547 4550
f 4553 4550 4558
f 4514 4553 4558
f 4514 4558 4517
f 4515 4516 4557
f 4515 4557 4554
f 4515 4554 4553
f 4515 4553 4514
f 4605 4612 4557
f 4605 4557 4516
f 4608 4539 4559
f 4608 4559 4615
f 4537 4535 4565
f 4537 4565 4567
f 4535 4542 4569
f 4535 4569 4565
f 4539 4537 4567
f 4539 4567 4559
f 4547 4583 4580
f 4547 4580 4550
f 4620 4574 4529
f 4620 4529 4618
f 4573 4577 4570
f 4573 4570 4522
f 4595 4600 4572
f 4595 4572 4576
f 4519 4520 4590
f 4519 4590 4601
f 4521 4519 4601
f 4521 4601 4594
f 4582 4519 4521
f 4582 4521 4581
f 4548 4584 4583
f 4548 4583 4547
f 4585 4520 4519
f 4585 4519 4582
f 4585 4578 4518
f 4585 4518 4520
f 4623 4578 4579
f 4623 4579 4625
f 4585 4582 4583
f 4585 4583 4584
f 4578 4585 4584
f 4578 4584 4579
f 4582 4581 4580
f 4582 4580 4583
f 4623 4603 4518
f 4623 4518 4578
f 4591 4592 4577
f 4591 4577 4573
f 4520 4518 4593
f 4520 4593 4590
f 4626 4596 4574
f 4626 4574 4620
f 4600 4591 4573
f 4600 4573 4572
f 4627 4592 4593
f 4627 4593 4629
f 4591 4600 4601
f 4591 4601 4590
f 4592 4591 4590
f 4592 4590 4593
f 4600 4595 4594
f 4600 4594 4601
f 4596 4626 4628
f 4596 4628 4598
f 4592 4627 4621
f 4592 4621 4577
f 4586 4526 4602
f 4586 4602 4622
f 4586 4622 4624
f 4586 4624 4588
f 4577 4621 4619
f 4577 4619 4570
f 4544 4607 4614
f 4544 4614 4561
f 4524 4555 4613
f 4524 4613 4604
f 4555 4551 4610
f 4555 4610 4613
f 4524 4604 4606
f 4524 4606 4543
f 4518 4603 4629
f 4518 4629 4593
f 4551 4588 4624
f 4551 4624 4610
f 4595 4643 4644
f 4595 4644 4594
f 4595 4576 4640
f 4595 4640 4643
f 4581 4641 4642
f 4581 4642 4580
f 4550 4580 4642
f 4550 4642 4635
f 4581 4521 4639
f 4581 4639 4641
f 4521 4594 4644
f 4521 4644 4639
f 4576 4533 4630
f 4576 4630 4640
f 4542 4633 4637
f 4542 4637 4569
f 4517 4632 4634
f 4517 4634 4541
f 4386 4471 4599
f 4386 4599 4527
f 4428 4430 4566
f 4428 4566 4564
f 4469 4438 4575
f 4469 4575 4597
f 4432 4428 4564
f 4432 4564 4568
f 4411 4454 4589
f 4411 4589 4552
f 4506 4432 4568
f 4506 4568 4638
f 4438 4389 4530
f 4438 4530 4575
f 4384 4415 4556
f 4384 4556 4525
f 4415 4411 4552
f 4415 4552 4556
f 4430 4423 4560
f 4430 4560 4566
f 4471 4469 4597
f 4471 4597 4599
f 4423 4489 4616
f 4423 4616 4560
f 4452 4386 4527
f 4452 4527 4587
f 4426 4403 4545
f 4426 4545 4563
f 4454 4452 4587
f 4454 4587 4589
f 4489 4425 4562
f 4489 4562 4616
f 4404 4384 4525
f 4404 4525 4546
f 4382 4523 4571
f 4382 4571 4434
f 4739 5533 5514
f 4739 5514 4679
f 4678 4679 5514
f 4678 5514 4715
f 4703 4748 4853
f 4703 4853 4806
f 4709 4705 4662
f 4709 4662 4664
f 4501 4647 4691
f 4501 4691 4505
f 4504 4505 4691
f 4504 4691 4680
f 4731 4657 4728
f 4731 4728 5375
f 4705 4706 4653
f 4705 4653 4662
f 4645 4647 4671
f 4645 4671 4666
f 5667 4646 4668
f 5667 4668 4670
f 4646 4645 4666
f 4646 4666 4668
f 4732 5667 4670
f 4732 4670 4738
f 4740 4739 4679
f 4740 4679 4687
f 4684 4678 4677
f 4684 4677 4683
f 4684 4687 4679
f 4684 4679 4678
f 4683 4677 4680
f 4683 4680 4691
f 4645 4683 4691
f 4645 4691 4647
f 4646 5667 4687
f 4646 4687 4684
f 4646 4684 4683
f 4646 4683 4645
f 4661 4652 4758
f 4661 4758 4767
f 4737 4669 4692
f 4737 4692 4746
f 4500 4663 4769
f 4500 4769 4631
f 4667 4665 4697
f 4667 4697 4699
f 4665 4672 4701
f 4665 4701 4697
f 4669 4667 4699
f 4669 4699 4692
f 4677 4714 4711
f 4677 4711 4680
f 4749 4708 4659
f 4749 4659 4747
f 4706 4710 4704
f 4706 4704 4653
f 4663 4661 4767
f 4663 4767 4769
f 4724 4729 4705
f 4724 4705 4709
f 4649 4650 4721
f 4649 4721 4730
f 4651 4649 4730
f 4651 4730 4723
f 4713 4649 4651
f 4713 4651 4712
f 4678 4715 4714
f 4678 4714 4677
f 4716 4650 4649
f 4716 4649 4713
f 4716 5587 4648
f 4716 4648 4650
f 4716 4713 4714
f 4716 4714 4715
f 5587 4716 4715
f 5587 4715 5514
f 4713 4712 4711
f 4713 4711 4714
f 5509 4731 4648
f 5509 4648 5587
f 4722 5429 4710
f 4722 4710 4706
f 4650 4648 5356
f 4650 5356 4721
f 5351 4726 4708
f 5351 4708 4749
f 4729 4722 4706
f 4729 4706 4705
f 4722 4729 4730
f 4722 4730 4721
f 5429 4722 4721
f 5429 4721 5356
f 4729 4724 4723
f 4729 4723 4730
f 4726 5351 5375
f 4726 5375 4728
f 5429 5351 4749
f 5429 4749 4710
f 4718 4657 4731
f 4718 4731 5509
f 4718 5509 5533
f 4718 5533 4720
f 4710 4749 4747
f 4710 4747 4704
f 4748 4660 4765
f 4748 4765 4853
f 4675 4737 4746
f 4675 4746 4696
f 4655 4686 4740
f 4655 4740 4732
f 4686 4682 4739
f 4686 4739 4740
f 4655 4732 4738
f 4655 4738 4676
f 4648 4731 5375
f 4648 5375 5356
f 4682 4720 5533
f 4682 5533 4739
f 4724 4512 4513
f 4724 4513 4723
f 4724 4709 4509
f 4724 4509 4512
f 4712 4510 4511
f 4712 4511 4711
f 4680 4711 4511
f 4680 4511 4504
f 4712 4651 4508
f 4712 4508 4510
f 4651 4723 4513
f 4651 4513 4508
f 4709 4664 4499
f 4709 4499 4509
f 4672 4503 4507
f 4672 4507 4701
f 4647 4501 4502
f 4647 4502 4671
f 4847 4785 4815
f 4847 4815 4861
f 4784 4820 4815
f 4784 4815 4785
f 4812 4770 4768
f 4812 4768 4808
f 4632 4636 4794
f 4632 4794 4753
f 4635 4786 4794
f 4635 4794 4636
f 4838 4864 4835
f 4838 4835 4763
f 4808 4768 4759
f 4808 4759 4809
f 4750 4772 4777
f 4750 4777 4753
f 4752 4776 4774
f 4752 4774 4751
f 4751 4774 4772
f 4751 4772 4750
f 4841 4845 4776
f 4841 4776 4752
f 4849 4793 4785
f 4849 4785 4847
f 4790 4789 4783
f 4790 4783 4784
f 4790 4784 4785
f 4790 4785 4793
f 4789 4794 4786
f 4789 4786 4783
f 4750 4753 4794
f 4750 4794 4789
f 4751 4790 4793
f 4751 4793 4752
f 4751 4750 4789
f 4751 4789 4790
f 4841 4752 4793
f 4841 4793 4849
f 4844 4852 4796
f 4844 4796 4775
f 4773 4803 4801
f 4773 4801 4771
f 4771 4801 4805
f 4771 4805 4778
f 4775 4796 4803
f 4775 4803 4773
f 4783 4786 4816
f 4783 4816 4819
f 4856 4854 4766
f 4856 4766 4811
f 4809 4759 4807
f 4809 4807 4813
f 4831 4812 4808
f 4831 4808 4836
f 4755 4837 4826
f 4755 4826 4756
f 4757 4830 4837
f 4757 4837 4755
f 4818 4817 4757
f 4818 4757 4755
f 4784 4783 4819
f 4784 4819 4820
f 4821 4818 4755
f 4821 4755 4756
f 4821 4756 4754
f 4821 4754 4814
f 4859 4861 4815
f 4859 4815 4814
f 4821 4820 4819
f 4821 4819 4818
f 4814 4815 4820
f 4814 4820 4821
f 4818 4819 4816
f 4818 4816 4817
f 4859 4814 4754
f 4859 4754 4839
f 4827 4809 4813
f 4827 4813 4828
f 4756 4826 4829
f 4756 4829 4754
f 4862 4856 4811
f 4862 4811 4833
f 4836 4808 4809
f 4836 4809 4827
f 4863 4865 4829
f 4863 4829 4828
f 4827 4826 4837
f 4827 4837 4836
f 4828 4829 4826
f 4828 4826 4827
f 4836 4837 4830
f 4836 4830 4831
f 4833 4835 4864
f 4833 4864 4862
f 4828 4813 4857
f 4828 4857 4863
f 4823 4858 4838
f 4823 4838 4763
f 4823 4825 4860
f 4823 4860 4858
f 4813 4807 4855
f 4813 4855 4857
f 4782 4799 4851
f 4782 4851 4843
f 4761 4840 4848
f 4761 4848 4791
f 4791 4848 4846
f 4791 4846 4788
f 4761 4781 4842
f 4761 4842 4840
f 4754 4829 4865
f 4754 4865 4839
f 4788 4846 4860
f 4788 4860 4825
f 4831 4830 4644
f 4831 4644 4643
f 4831 4643 4640
f 4831 4640 4812
f 4817 4816 4642
f 4817 4642 4641
f 4786 4635 4642
f 4786 4642 4816
f 4817 4641 4639
f 4817 4639 4757
f 4757 4639 4644
f 4757 4644 4830
f 4812 4640 4630
f 4812 4630 4770
f 4778 4805 4637
f 4778 4637 4633
f 4753 4777 4634
f 4753 4634 4632
f 4656 4762 4834
f 4656 4834 4727
f 4698 4800 4802
f 4698 4802 4700
f 4725 4832 4810
f 4725 4810 4707
f 4702 4804 4800
f 4702 4800 4698
f 4681 4787 4824
f 4681 4824 4719
f 4506 4638 4804
f 4506 4804 4702
f 4707 4810 4764
f 4707 4764 4658
f 4654 4760 4792
f 4654 4792 4685
f 4685 4792 4787
f 4685 4787 4681
f 4700 4802 4795
f 4700 4795 4693
f 4727 4834 4832
f 4727 4832 4725
f 4693 4795 4850
f 4693 4850 4745
f 4717 4822 4762
f 4717 4762 4656
f 4695 4798 4779
f 4695 4779 4673
f 4719 4824 4822
f 4719 4822 4717
f 4745 4850 4797
f 4745 4797 4694
f 4674 4780 4760
f 4674 4760 4654
f 4652 4703 4806
f 4652 4806 4758
f 4929 4465 4890
f 4929 4890 4953
f 4906 5001 4980
f 4893 4905 4979
f 4893 4979 4957
f 4952 4964 4910
f 4952 4910 4889
f 4896 5005 4971
f 4909 4872 4870
f 4909 4870 4888
f 4892 4871 4873
f 4892 4873 4904
f 4987 5008 4976
f 4965 4998 4911
f 4927 4882 4495
f 4463 4885 4920
f 4962 4974 4900
f 4962 4900 4879
f 4926 4914 4880
f 4925 4868 4903
f 4922 4869 4891
f 4919 4874 4913
f 4883 4915 4866
f 4883 4866 4894
f 4899 4867 4916
f 4899 4916 4878
f 4908 4874 4919
f 4887 4869 4922
f 4465 4921 4890
f 4992 5000 4966
f 4898 4868 4925
f 4875 4914 4926
f 4877 4928 4497
f 4902 5009 4924
f 4884 4895 4969
f 4884 4969 4947
f 4970 5004 4993
f 4494 4881 4945
f 4494 4945 4461
f 4459 4949 4886
f 4459 4886 4464
f 4918 5002 4907
f 4978 4940 4938
f 4978 4938 4956
f 4961 4939 4941
f 4961 4941 4973
f 4975 5007 4901
f 4923 5006 4897
f 4995 4948 4458
f 4930 4954 4989
f 4997 4983 4950
f 4994 4936 4972
f 4990 4937 4958
f 4988 4942 4982
f 4951 4984 4934
f 4951 4934 4963
f 4968 4935 4985
f 4968 4985 4946
f 4977 4942 4988
f 4955 4937 4990
f 4932 4991 4960
f 4912 4999 4917
f 4967 4936 4994
f 4944 4983 4997
f 4943 4996 4460
f 4981 5003 4986
f 4876 4496 4931
f 4876 4931 4959
f 5078 4444 5034
f 5078 5034 5102
f 5051 5156 5129
f 5037 5049 5128
f 5037 5128 5106
f 5101 5113 5054
f 5101 5054 5033
f 5040 5159 5120
f 5053 5016 5014
f 5053 5014 5032
f 5036 5015 5017
f 5036 5017 5048
f 5141 5162 5125
f 5114 5152 5055
f 5076 5026 5059
f 4442 5029 5069
f 5111 5123 5044
f 5111 5044 5023
f 5075 5063 5024
f 5074 5012 5047
f 5071 5013 5035
f 5068 5018 5057
f 5027 5064 5010
f 5027 5010 5038
f 5043 5011 5065
f 5043 5065 5022
f 5052 5018 5068
f 5031 5013 5071
f 4444 5070 5034
f 5146 5154 5115
f 5042 5012 5074
f 5019 5063 5075
f 5021 5077 5061
f 5046 5163 5073
f 5028 5039 5118
f 5028 5118 5096
f 5119 5158 5147
f 5058 5025 5094
f 5058 5094 5135
f 5133 5098 5030
f 5133 5030 4443
f 5067 5155 5050
f 5127 5089 5087
f 5127 5087 5105
f 5110 5088 5090
f 5110 5090 5122
f 5124 5161 5045
f 5072 5160 5041
f 5149 5097 5132
f 5079 5103 5143
f 5151 5137 5099
f 5148 5085 5121
f 5144 5086 5107
f 5142 5091 5131
f 5100 5138 5083
f 5100 5083 5112
f 5117 5084 5139
f 5117 5139 5095
f 5126 5091 5142
f 5104 5086 5144
f 5081 5145 5109
f 5056 5153 5066
f 5116 5085 5148
f 5093 5137 5151
f 5092 5150 5134
f 5130 5157 5140
f 5020 5060 5080
f 5020 5080 5108
f 4476 4375 5189
f 4476 5189 5247
f 5205 5298 5273
f 5191 5203 5272
f 5191 5272 5250
f 5245 5257 5208
f 5245 5208 5187
f 5194 5294 5263
f 5207 5170 5168
f 5207 5168 5186
f 5190 5169 5171
f 5190 5171 5202
f 5280 5302 5269
f 5258 5291 5209
f 5224 5179 4485
f 4373 5183 5218
f 5255 5267 5198
f 5255 5198 5177
f 5225 5212 5180
f 5223 5166 5201
f 5219 5167 5188
f 5217 5172 5211
f 5181 5213 5164
f 5181 5164 5192
f 5197 5165 5214
f 5197 5214 5176
f 5206 5172 5217
f 5185 5167 5219
f 4375 5220 5189
f 5285 5292 5259
f 5196 5166 5223
f 5173 5212 5225
f 5174 5226 4486
f 5200 5301 5222
f 5182 5193 5262
f 5182 5262 5240
f 5264 5295 5286
f 4484 5178 5237
f 4484 5237 4420
f 4419 5242 5184
f 4419 5184 4374
f 5216 5297 5204
f 5271 5233 5231
f 5271 5231 5249
f 5254 5232 5234
f 5254 5234 5266
f 5268 5300 5199
f 5221 5296 5195
f 5288 5241 4417
f 4478 5248 5283
f 5290 5276 5243
f 5287 5229 5265
f 5282 5230 5251
f 5281 5235 5275
f 5244 5277 5227
f 5244 5227 5256
f 5261 5228 5278
f 5261 5278 5239
f 5270 5235 5281
f 5246 5230 5282
f 4479 5284 5253
f 5210 5293 5215
f 5260 5229 5287
f 5238 5276 5290
f 5236 5289 4418
f 5274 5299 5279
f 5175 4487 4477
f 5175 4477 5252
f 5376 5401 5329
f 5376 5329 5359
f 5343 5426 5452
f 5328 5400 5425
f 5328 5425 5342
f 5395 5323 5347
f 5395 5347 5410
f 5333 5417 5456
f 5346 5322 5306
f 5346 5306 5309
f 5327 5341 5310
f 5327 5310 5307
f 5438 5422 5459
f 5411 5348 5449
f 5373 5353 5321
f 5357 5366 5324
f 5405 5313 5337
f 5405 5337 5420
f 5372 5319 5362
f 5371 5340 5305
f 5368 5330 5308
f 5365 5350 5311
f 5317 5331 5303
f 5317 5303 5360
f 5336 5312 5361
f 5336 5361 5304
f 5345 5365 5311
f 5326 5368 5308
f 5359 5329 5367
f 5443 5412 5451
f 5335 5371 5305
f 5314 5372 5362
f 5316 5355 5374
f 5339 5370 5460
f 5318 5390 5415
f 5318 5415 5332
f 5416 5444 5455
f 5352 5433 5393
f 5352 5393 5320
f 5431 5358 5325
f 5431 5325 5397
f 5364 5344 5453
f 5424 5399 5383
f 5424 5383 5386
f 5404 5419 5387
f 5404 5387 5384
f 5421 5338 5458
f 5369 5334 5457
f 5446 5430 5396
f 5377 5440 5402
f 5448 5398 5436
f 5445 5418 5382
f 5441 5406 5385
f 5439 5428 5388
f 5394 5409 5380
f 5394 5380 5434
f 5414 5389 5435
f 5414 5435 5381
f 5423 5439 5388
f 5403 5441 5385
f 5379 5408 5442
f 5349 5363 5450
f 5413 5445 5382
f 5392 5448 5436
f 5391 5432 5447
f 5427 5437 5454
f 5315 5407 5378
f 5315 5378 5354
f 5534 5559 5487
f 5534 5487 5517
f 5502 5584 5611
f 5486 5558 5583
f 5486 5583 5500
f 5553 5481 5505
f 5553 5505 5568
f 5491 5575 5614
f 5504 5480 5464
f 5504 5464 5467
f 5485 5499 5468
f 5485 5468 5465
f 5596 5580 5617
f 5569 5506 5607
f 5531 5511 5479
f 5515 5524 5482
f 5563 5471 5495
f 5563 5495 5578
f 5530 5477 5520
f 5529 5498 5463
f 5526 5488 5466
f 5523 5508 5469
f 5475 5489 5461
f 5475 5461 5518
f 5494 5470 5519
f 5494 5519 5462
f 5503 5523 5469
f 5484 5526 5466
f 5517 5487 5525
f 5601 5570 5609
f 5493 5529 5463
f 5472 5530 5520
f 5474 5513 5532
f 5497 5528 5618
f 5476 5548 5573
f 5476 5573 5490
f 5574 5602 5613
f 5510 5591 5551
f 5510 5551 5478
f 5589 5516 5483
f 5589 5483 5555
f 5522 5501 5610
f 5582 5557 5541
f 5582 5541 5544
f 5562 5577 5545
f 5562 5545 5542
f 5579 5496 5616
f 5527 5492 5615
f 5604 5588 5554
f 5535 5598 5560
f 5606 5556 5594
f 5603 5576 5540
f 5599 5564 5543
f 5597 5586 5546
f 5552 5567 5538
f 5552 5538 5592
f 5572 5547 5593
f 5572 5593 5539
f 5581 5597 5546
f 5561 5599 5543
f 5537 5566 5600
f 5507 5521 5608
f 5571 5603 5540
f 5550 5606 5594
f 5549 5590 5605
f 5585 5595 5612
f 5473 5565 5536
f 5473 5536 5512
f 4736 5707 5645
f 4736 5645 5668
f 5659 5730 5751
f 5644 5704 5729
f 5644 5729 5658
f 5700 5639 5663
f 5700 5663 5714
f 5649 5720 5748
f 5662 5638 5622
f 5662 5622 5625
f 5643 5657 5626
f 5643 5626 5623
f 5736 5724 5752
f 5715 5664 5745
f 5684 4744 5636
f 5669 5677 5640
f 5709 5629 5655
f 5709 5655 5726
f 5685 5637 5673
f 5682 5656 5621
f 5678 5646 5624
f 5676 5666 5627
f 5633 5647 5619
f 5633 5619 5671
f 5652 5628 5672
f 5652 5672 5620
f 5661 5676 5627
f 5641 5678 5624
f 5668 5645 5679
f 5742 5716 5746
f 5651 5682 5621
f 5632 5685 5673
f 5631 4742 5683
f 5653 5681 5755
f 5634 5696 5719
f 5634 5719 5648
f 5721 5743 5749
f 4743 4688 5697
f 4743 5697 5635
f 4689 5670 5642
f 4689 5642 5702
f 5675 5660 5753
f 5728 5703 5689
f 5728 5689 5692
f 5708 5723 5693
f 5708 5693 5690
f 5725 5654 5756
f 5680 5650 5750
f 4734 5740 5705
f 4690 5701 5735
f 5744 5722 5688
f 5741 5712 5691
f 5738 5732 5694
f 5699 5713 5686
f 5699 5686 5733
f 5718 5695 5734
f 5718 5734 5687
f 5727 5738 5694
f 5706 5741 5691
f 4733 5710 5739
f 5665 5674 5747
f 5717 5744 5688
f 5698 4690 5735
f 5731 5737 5754
f 5630 5711 4735
f 5630 4735 4741
f 5768 5812 5827
f 5768 5827 5809
f 5809 5827 5822
f 5809 5822 5781
f 5827 5826 5788
f 5827 5788 5822
f 5812 5782 5826
f 5812 5826 5827
f 5786 5801 5828
f 5786 5828 5825
f 5825 5828 5792
f 5825 5792 5785
f 5828 5796 5765
f 5828 5765 5792
f 5801 5773 5796
f 5801 5796 5828
f 5783 5813 5829
f 5783 5829 5824
f 5824 5829 5801
f 5824 5801 5786
f 5829 5800 5773
f 5829 5773 5801
f 5813 5769 5800
f 5813 5800 5829
f 5913 5924 5830
f 5913 5830 5789
f 5789 5830 5826
f 5789 5826 5782
f 5830 5811 5788
f 5830 5788 5826
f 5924 5916 5811
f 5924 5811 5830
f 5787 5810 5831
f 5787 5831 5823
f 5915 5776 5802
f 5915 5802 5925
f 5780 5821 5832
f 5780 5832 5804
f 5821 5787 5823
f 5821 5823 5832
f 5914 5790 5837
f 5914 5837 5929
f 5837 5824 5786
f 5837 5786 5820
f 5790 5783 5824
f 5790 5824 5837
f 5923 5820 5838
f 5923 5838 5930
f 5930 5838 5815
f 5930 5815 5918
f 5838 5825 5785
f 5838 5785 5815
f 5820 5786 5825
f 5820 5825 5838
f 5849 5891 5905
f 5849 5905 5894
f 5891 5863 5900
f 5891 5900 5905
f 5905 5900 5870
f 5905 5870 5904
f 5894 5905 5904
f 5894 5904 5864
f 5868 5903 5906
f 5868 5906 5883
f 5903 5866 5873
f 5903 5873 5906
f 5906 5873 5845
f 5906 5845 5877
f 5883 5906 5877
f 5883 5877 5854
f 5865 5902 5907
f 5865 5907 5895
f 5902 5868 5883
f 5902 5883 5907
f 5907 5883 5854
f 5907 5854 5881
f 5895 5907 5881
f 5895 5881 5850
f 5931 5871 5908
f 5931 5908 5938
f 5871 5864 5904
f 5871 5904 5908
f 5908 5904 5870
f 5908 5870 5893
f 5938 5908 5893
f 5938 5893 5934
f 5869 5901 5909
f 5869 5909 5892
f 5933 5939 5884
f 5933 5884 5856
f 5860 5887 5910
f 5860 5910 5899
f 5899 5910 5901
f 5899 5901 5869
f 5932 5940 5911
f 5932 5911 5872
f 5940 5937 5898
f 5940 5898 5911
f 5911 5898 5868
f 5911 5868 5902
f 5872 5911 5902
f 5872 5902 5865
f 5937 5941 5912
f 5937 5912 5898
f 5941 5935 5896
f 5941 5896 5912
f 5912 5896 5866
f 5912 5866 5903
f 5898 5912 5903
f 5898 5903 5868
f 5791 5874 5867
f 5791 5867 5784
f 5764 5847 5874
f 5764 5874 5791
f 5770 5853 5876
f 5770 5876 5793
f 5793 5876 5844
f 5793 5844 5760
f 5772 5855 5878
f 5772 5878 5795
f 5795 5878 5846
f 5795 5846 5763
f 5757 5840 5880
f 5757 5880 5797
f 5797 5880 5853
f 5797 5853 5770
f 5767 5851 5882
f 5767 5882 5799
f 5799 5882 5855
f 5799 5855 5772
f 5775 5859 5885
f 5775 5885 5803
f 5805 5886 5861
f 5805 5861 5778
f 5759 5841 5888
f 5759 5888 5806
f 5806 5888 5857
f 5806 5857 5774
f 5808 5890 5848
f 5808 5848 5766
f 5779 5862 5890
f 5779 5890 5808
f 5917 5936 5840
f 5917 5840 5757
f 5784 5867 5897
f 5784 5897 5814
f 5814 5897 5936
f 5814 5936 5917
f 5879 5839 5935
f 5879 5935 5941
f 5852 5879 5941
f 5852 5941 5937
f 5875 5852 5937
f 5875 5937 5940
f 5843 5875 5940
f 5843 5940 5932
f 5892 5909 5939
f 5892 5939 5933
f 5889 5938 5934
f 5889 5934 5858
f 5842 5931 5938
f 5842 5938 5889
f 5798 5930 5918
f 5798 5918 5758
f 5771 5923 5930
f 5771 5930 5798
f 5794 5929 5923
f 5794 5923 5771
f 5762 5914 5929
f 5762 5929 5794
f 5810 5915 5925
f 5810 5925 5831
f 5807 5777 5916
f 5807 5916 5924
f 5761 5807 5924
f 5761 5924 5913
f 5952 5989 6006
f 5952 6006 5993
f 5989 5964 6002
f 5989 6002 6006
f 6006 6002 5973
f 6006 5973 6005
f 5993 6006 6005
f 5993 6005 5967
f 5971 6004 6007
f 5971 6007 5986
f 6004 5970 5977
f 6004 5977 6007
f 6007 5977 5950
f 6007 5950 5981
f 5986 6007 5981
f 5986 5981 5958
f 5968 6003 6008
f 5968 6008 5994
f 6003 5971 5986
f 6003 5986 6008
f 6008 5986 5958
f 6008 5958 5985
f 5994 6008 5985
f 5994 5985 5953
f 6083 5974 6009
f 6083 6009 6093
f 5974 5967 6005
f 5974 6005 6009
f 6009 6005 5973
f 6009 5973 5992
f 6093 6009 5992
f 6093 5992 6086
f 5972 5823 5831
f 5972 5831 5991
f 6085 5925 5802
f 6085 5802 5960
f 5963 5804 5832
f 5963 5832 6001
f 6001 5832 5823
f 6001 5823 5972
f 6084 6094 6010
f 6084 6010 5975
f 6010 5997 5971
f 6010 5971 6003
f 5975 6010 6003
f 5975 6003 5968
f 6089 6098 6015
f 6089 6015 5997
f 6098 6088 5996
f 6098 5996 6015
f 6015 5996 5970
f 6015 5970 6004
f 5997 6015 6004
f 5997 6004 5971
f 6027 6067 6077
f 6027 6077 6064
f 6064 6077 6073
f 6064 6073 6040
f 6077 6076 6047
f 6077 6047 6073
f 6067 6041 6076
f 6067 6076 6077
f 6045 6060 6078
f 6045 6078 6075
f 6075 6078 6051
f 6075 6051 6044
f 6078 6055 6024
f 6078 6024 6051
f 6060 6032 6055
f 6060 6055 6078
f 6042 6068 6079
f 6042 6079 6074
f 6074 6079 6060
f 6074 6060 6045
f 6079 6059 6032
f 6079 6032 6060
f 6068 6028 6059
f 6068 6059 6079
f 6099 6106 6080
f 6099 6080 6048
f 6048 6080 6076
f 6048 6076 6041
f 6080 6066 6047
f 6080 6047 6076
f 6106 6102 6066
f 6106 6066 6080
f 6046 6065 5909
f 6046 5909 5901
f 6101 6034 5884
f 6101 5884 5939
f 6037 6072 5910
f 6037 5910 5887
f 6072 6046 5901
f 6072 5901 5910
f 6100 6049 6081
f 6100 6081 6107
f 6107 6081 6071
f 6107 6071 6105
f 6081 6074 6045
f 6081 6045 6071
f 6049 6042 6074
f 6049 6074 6081
f 6105 6071 6082
f 6105 6082 6108
f 6108 6082 6070
f 6108 6070 6104
f 6082 6075 6044
f 6082 6044 6070
f 6071 6045 6075
f 6071 6075 6082
f 5976 5969 6043
f 5976 6043 6050
f 5949 5976 6050
f 5949 6050 6023
f 5955 5978 6052
f 5955 6052 6029
f 5978 5944 6018
f 5978 6018 6052
f 5957 5980 6054
f 5957 6054 6031
f 5980 5948 6022
f 5980 6022 6054
f 5942 5982 6056
f 5942 6056 6016
f 5982 5955 6029
f 5982 6029 6056
f 5951 5984 6058
f 5951 6058 6025
f 5984 5957 6031
f 5984 6031 6058
f 5959 5803 5885
f 5959 5885 6033
f 5805 5965 6038
f 5805 6038 5886
f 5947 5988 6061
f 5947 6061 6019
f 5988 5962 6035
f 5988 6035 6061
f 5990 5954 6026
f 5990 6026 6063
f 5966 5990 6063
f 5966 6063 6039
f 6087 5942 6016
f 6087 6016 6103
f 5969 5995 6069
f 5969 6069 6043
f 5995 6087 6103
f 5995 6103 6069
f 6057 6108 6104
f 6057 6104 6017
f 6030 6105 6108
f 6030 6108 6057
f 6053 6107 6105
f 6053 6105 6030
f 6021 6100 6107
f 6021 6107 6053
f 6065 6101 5939
f 6065 5939 5909
f 6062 6036 6102
f 6062 6102 6106
f 6020 6062 6106
f 6020 6106 6099
f 5983 5943 6088
f 5983 6088 6098
f 5956 5983 6098
f 5956 6098 6089
f 5979 5956 6089
f 5979 6089 6094
f 5946 5979 6094
f 5946 6094 6084
f 5991 5831 5925
f 5991 5925 6085
f 5987 6093 6086
f 5987 6086 5961
f 5945 6083 6093
f 5945 6093 5987
f 5919 5928 6133
f 5919 6133 6192
f 6150 6242 6218
f 6136 6148 6217
f 6136 6217 6195
f 6190 6202 6153
f 6190 6153 6132
f 6139 6240 6209
f 6152 6115 6112
f 6152 6112 6128
f 6135 6114 6116
f 6135 6116 6147
f 6226 6247 6215
f 6203 6236 6154
f 6170 6125 5817
f 5926 6129 6163
f 6200 6213 6144
f 6200 6144 6122
f 6169 6157 6124
f 6167 6111 6143
f 6165 6113 6134
f 6162 6117 6156
f 6126 6158 6109
f 6126 6109 6137
f 6142 6110 6159
f 6142 6159 6121
f 6151 6117 6162
f 6131 6113 6165
f 5928 6164 6133
f 6230 6237 6204
f 6141 6111 6167
f 6118 6157 6169
f 6120 6171 5819
f 6146 6246 6168
f 6127 6138 6207
f 6127 6207 6185
f 6208 6239 6231
f 5816 6123 6182
f 5816 6182 5836
f 5833 6187 6130
f 5833 6130 5927
f 6161 6241 6149
f 6216 6178 6176
f 6216 6176 6194
f 6199 6177 6179
f 6199 6179 6211
f 6214 6245 6145
f 6166 6243 6140
f 6233 6188 5834
f 5920 6193 6228
f 6235 6222 6189
f 6232 6174 6210
f 6227 6175 6196
f 6225 6180 6220
f 6186 6221 6172
f 6186 6172 6201
f 6206 6173 6223
f 6206 6223 6184
f 6212 6180 6225
f 6191 6175 6227
f 5922 6229 6198
f 6155 6238 6160
f 6205 6174 6232
f 6183 6222 6235
f 6181 6234 5835
f 6219 6244 6224
f 6119 5818 5921
f 6119 5921 6197
f 6092 6328 6273
f 6092 6273 6097
f 6287 6350 6371
f 6271 6326 6349
f 6271 6349 6285
f 6320 6265 6289
f 6320 6289 6333
f 6276 6341 6369
f 6293 6266 6252
f 6293 6252 6256
f 6270 6284 6254
f 6270 6254 6251
f 6358 6347 6376
f 6334 6290 6365
f 6095 6300 6267
f 6330 6258 6281
f 6330 6281 6345
f 5999 6264 6296
f 6304 6280 6250
f 6302 6272 6253
f 6299 6292 6255
f 6261 6274 6248
f 6261 6248 6294
f 6279 6257 6295
f 6279 6295 6249
f 6288 6299 6255
f 6269 6302 6253
f 6097 6273 6301
f 6359 6335 6366
f 6278 6304 6250
f 6259 5999 6296
f 6283 6305 6375
f 6262 6316 6339
f 6262 6339 6275
f 6340 6360 6368
f 6000 6014 6319
f 6000 6319 6263
f 6011 6096 6268
f 6011 6268 6322
f 6298 6286 6370
f 6348 6325 6309
f 6348 6309 6312
f 6329 6343 6313
f 6329 6313 6310
f 6346 6282 6374
f 6303 6277 6372
f 6362 6012 6323
f 6364 6324 6355
f 6361 6342 6307
f 6091 6332 6311
f 6357 6352 6314
f 6321 6337 6308
f 6321 6308 6354
f 6338 6315 6353
f 6338 6353 6306
f 6344 6357 6314
f 6327 6091 6311
f 6291 6297 6367
f 6336 6361 6307
f 6318 6364 6355
f 6317 6013 6363
f 6351 6356 6373
f 6260 6331 6090
f 6260 6090 5998
f 6387 6388 6381
f 6387 6381 6382
f 6382 6381 6384
f 6382 6384 6383
f 6389 6390 6385
f 6389 6385 6386
f 6530 6570 6597
f 6530 6597 6590
f 6538 6391 6598
f 6538 6598 6588
f 6377 6379 6380
f 6377 6380 6378
f 6383 6384 6390
f 6383 6390 6389
f 6585 6586 6551
f 6585 6551 6541
f 6579 6595 6512
f 6579 6512 6514
f 6579 6514 6527
f 6579 6527 6581
f 6585 6541 6538
f 6585 6538 6588
f 6578 6592 6521
f 6578 6521 6524
f 6533 6530 6590
f 6533 6590 6584
f 6546 6551 6586
f 6546 6586 6593
f 6574 6573 6561
f 6574 6561 6564
f 6571 6377 6378
f 6571 6378 6572
f 6595 6574 6564
f 6595 6564 6512
f 6587 6537 6553
f 6587 6553 6589
f 6578 6524 6544
f 6578 6544 6577
f 6527 6520 6576
f 6527 6576 6581
f 6583 6598 6391
f 6583 6391 6535
f 6558 6533 6584
f 6558 6584 6596
f 6378 6380 6388
f 6378 6388 6387
f 6388 6380 6395
f 6388 6395 6399
f 6384 6381 6393
f 6384 6393 6394
f 6380 6379 6396
f 6380 6396 6395
f 6602 6491 6494
f 6602 6494 6601
f 6381 6388 6399
f 6381 6399 6393
f 6385 6390 6397
f 6385 6397 6398
f 6390 6384 6394
f 6390 6394 6397
f 6434 6415 6414
f 6434 6414 6435
f 6415 6416 6417
f 6415 6417 6414
f 6436 6429 6428
f 6436 6428 6439
f 6489 6483 6442
f 6489 6442 6468
f 6470 6454 6443
f 6470 6443 6461
f 6400 6405 6407
f 6400 6407 6406
f 6416 6436 6439
f 6416 6439 6417
f 6438 6431 6429
f 6438 6429 6436
f 6433 6419 6415
f 6433 6415 6434
f 6471 6459 6454
f 6471 6454 6470
f 6460 6445 6457
f 6460 6457 6472
f 6419 6421 6416
f 6419 6416 6415
f 6421 6438 6436
f 6421 6436 6416
f 6402 6404 6405
f 6402 6405 6400
f 6504 6503 6459
f 6504 6459 6471
f 6479 6402 6400
f 6479 6400 6486
f 6486 6400 6406
f 6486 6406 6481
f 6465 6451 6453
f 6465 6453 6469
f 6461 6443 6445
f 6461 6445 6460
f 6404 6433 6434
f 6404 6434 6405
f 6472 6457 6451
f 6472 6451 6465
f 6496 6412 6408
f 6496 6408 6499
f 6405 6434 6435
f 6405 6435 6407
f 6435 6472 6465
f 6435 6465 6407
f 6417 6461 6460
f 6417 6460 6414
f 6407 6465 6469
f 6407 6469 6406
f 6497 6504 6471
f 6497 6471 6428
f 6414 6460 6472
f 6414 6472 6435
f 6428 6471 6470
f 6428 6470 6439
f 6439 6470 6461
f 6439 6461 6417
f 6539 6456 6446
f 6539 6446 6392
f 6536 6455 6458
f 6536 6458 6552
f 6495 6511 6562
f 6495 6562 6411
f 6540 6450 6456
f 6540 6456 6539
f 6532 6449 6464
f 6532 6464 6529
f 6566 6467 6441
f 6566 6441 6548
f 6392 6446 6444
f 6392 6444 6534
f 6437 6526 6513
f 6437 6513 6430
f 6420 6519 6526
f 6420 6526 6437
f 6418 6508 6519
f 6418 6519 6420
f 6545 6482 6452
f 6545 6452 6550
f 6534 6444 6455
f 6534 6455 6536
f 6557 6502 6447
f 6557 6447 6531
f 6432 6510 6508
f 6432 6508 6418
f 6403 6518 6510
f 6403 6510 6432
f 6523 6425 6423
f 6523 6423 6543
f 6560 6410 6413
f 6560 6413 6563
f 6401 6516 6518
f 6401 6518 6403
f 6478 6522 6516
f 6478 6516 6401
f 6550 6452 6450
f 6550 6450 6540
f 6426 6525 6522
f 6426 6522 6478
f 6547 6440 6482
f 6547 6482 6545
f 6406 6469 6489
f 6406 6489 6481
f 6427 6479 6486
f 6427 6486 6424
f 6469 6453 6483
f 6469 6483 6489
f 6556 6474 6600
f 6556 6600 6594
f 6553 6558 6596
f 6553 6596 6589
f 6477 6567 6591
f 6477 6591 6599
f 6552 6458 6502
f 6552 6502 6557
f 6430 6513 6511
f 6430 6511 6495
f 6431 6496 6499
f 6431 6499 6429
f 6429 6499 6497
f 6429 6497 6428
f 6462 6448 6503
f 6462 6503 6504
f 6544 6556 6594
f 6544 6594 6577
f 6602 6597 6570
f 6602 6570 6491
f 6480 6473 6555
f 6480 6555 6485
f 6480 6488 6476
f 6480 6476 6473
f 6565 6475 6487
f 6565 6487 6466
f 6542 6422 6484
f 6542 6484 6554
f 6498 6490 6569
f 6498 6569 6506
f 6498 6501 6493
f 6498 6493 6490
f 6528 6463 6505
f 6528 6505 6568
f 6559 6492 6500
f 6559 6500 6409
f 6576 6383 6389
f 6576 6389 6581
f 6581 6389 6386
f 6581 6386 6579
f 6572 6378 6387
f 6572 6387 6580
f 6580 6387 6382
f 6580 6382 6575
f 6579 6386 6601
f 6579 6601 6595
f 6591 6567 6549
f 6591 6549 6582
f 6549 6546 6593
f 6549 6593 6582
f 6590 6597 6596
f 6590 6596 6584
f 6587 6583 6535
f 6587 6535 6537
f 6597 6398 6589
f 6597 6589 6596
f 6395 6396 6586
f 6395 6586 6585
f 6397 6394 6583
f 6397 6583 6587
f 6578 6577 6594
f 6578 6594 6592
f 6599 6591 6582
f 6599 6582 6593
f 6396 6599 6593
f 6396 6593 6586
f 6393 6399 6588
f 6393 6588 6598
f 6517 6515 6571
f 6517 6571 6572
f 6580 6509 6517
f 6580 6517 6572
f 6592 6571 6515
f 6592 6515 6521
f 6595 6601 6573
f 6595 6573 6574
f 6394 6393 6598
f 6394 6598 6583
f 6474 6477 6599
f 6474 6599 6600
f 6520 6507 6575
f 6520 6575 6576
f 6398 6397 6587
f 6398 6587 6589
f 6594 6600 6379
f 6594 6379 6377
f 6386 6385 6602
f 6386 6602 6601
f 6602 6385 6398
f 6602 6398 6597
f 6575 6382 6383
f 6575 6383 6576
f 6494 6561 6573
f 6494 6573 6601
f 6399 6395 6585
f 6399 6585 6588
f 6379 6600 6599
f 6379 6599 6396
f 6580 6575 6507
f 6580 6507 6509
f 6592 6594 6377
f 6592 6377 6571
f 6658 6657 6660
f 6658 6660 6659
f 6622 6620 6685
f 6622 6685 6686
f 6608 6661 6672
f 6608 6672 6610
f 6647 6658 6681
f 6647 6681 6679
f 6680 6682 6669
f 6680 6669 6671
f 6640 6670 6668
f 6640 6668 6614
f 6678 6677 6673
f 6678 6673 6675
f 6654 6655 6650
f 6654 6650 6644
f 6656 6665 6666
f 6656 6666 6660
f 6665 6664 6627
f 6665 6627 6624
f 6672 6661 6673
f 6672 6673 6677
f 6685 6668 6670
f 6685 6670 6683
f 6633 6666 6665
f 6633 6665 6624
f 6675 6629 6646
f 6675 6646 6678
f 6635 6667 6666
f 6635 6666 6633
f 6622 6686 6667
f 6622 6667 6635
f 6686 6685 6683
f 6686 6683 6684
f 6620 6618 6668
f 6620 6668 6685
f 6654 6652 6656
f 6654 6656 6655
f 6610 6672 6671
f 6610 6671 6612
f 6637 6612 6671
f 6637 6671 6669
f 6646 6645 6648
f 6646 6648 6647
f 6640 6637 6669
f 6640 6669 6670
f 6642 6644 6650
f 6642 6650 6649
f 6603 6606 6642
f 6603 6642 6649
f 6649 6650 6648
f 6649 6648 6645
f 6684 6681 6658
f 6684 6658 6659
f 6711 6777 6776
f 6711 6776 6741
f 6686 6684 6659
f 6686 6659 6667
f 6646 6647 6679
f 6646 6679 6678
f 6679 6681 6682
f 6679 6682 6680
f 6684 6683 6682
f 6684 6682 6681
f 6647 6648 6657
f 6647 6657 6658
f 6678 6679 6680
f 6678 6680 6677
f 6659 6660 6666
f 6659 6666 6667
f 6618 6616 6614
f 6618 6614 6668
f 6648 6650 6655
f 6648 6655 6657
f 6677 6680 6671
f 6677 6671 6672
f 6631 6603 6649
f 6631 6649 6645
f 6657 6655 6656
f 6657 6656 6660
f 6683 6670 6669
f 6683 6669 6682
f 6646 6629 6631
f 6646 6631 6645
f 6757 6763 6734
f 6757 6734 6700
f 6741 6732 6772
f 6741 6772 6706
f 6764 6735 6766
f 6764 6766 6785
f 6721 6723 6773
f 6721 6773 6726
f 6782 6692 6720
f 6782 6720 6757
f 6719 6775 6702
f 6719 6702 6746
f 6761 6701 6765
f 6761 6765 6723
f 6791 6792 6770
f 6791 6770 6768
f 6699 6734 6704
f 6699 6704 6703
f 6718 6716 6744
f 6718 6744 6736
f 6737 6695 6728
f 6737 6728 6761
f 6708 6709 6766
f 6708 6766 6714
f 6765 6774 6735
f 6765 6735 6764
f 6691 6760 6736
f 6691 6736 6781
f 6711 6741 6706
f 6711 6706 6688
f 6751 6756 6697
f 6751 6697 6693
f 6703 6704 6697
f 6703 6697 6756
f 6790 6791 6768
f 6790 6768 6731
f 6759 6744 6716
f 6759 6716 6748
f 6691 6777 6711
f 6691 6711 6760
f 6785 6766 6709
f 6785 6709 6783
f 6701 6762 6774
f 6701 6774 6765
f 6794 6795 6703
f 6794 6703 6756
f 6733 6785 6783
f 6733 6783 6724
f 6742 6732 6741
f 6742 6741 6776
f 6740 6708 6714
f 6740 6714 6743
f 6745 6728 6697
f 6745 6697 6704
f 6743 6775 6780
f 6743 6780 6758
f 6777 6782 6712
f 6777 6712 6776
f 6733 6773 6764
f 6733 6764 6785
f 6792 6713 6698
f 6792 6698 6796
f 6793 6795 6788
f 6793 6788 6786
f 6742 6776 6712
f 6742 6712 6713
f 6693 6697 6728
f 6693 6728 6695
f 6762 6763 6757
f 6762 6757 6720
f 6796 6698 6699
f 6796 6699 6793
f 6663 6789 6754
f 6663 6754 6626
f 6688 6690 6760
f 6688 6760 6711
f 6761 6728 6745
f 6761 6745 6701
f 6702 6714 6766
f 6702 6766 6735
f 6701 6745 6763
f 6701 6763 6762
f 6777 6691 6692
f 6777 6692 6782
f 6692 6719 6746
f 6692 6746 6720
f 6762 6720 6746
f 6762 6746 6774
f 6782 6757 6700
f 6782 6700 6712
f 6691 6781 6719
f 6691 6719 6692
f 6743 6758 6750
f 6743 6750 6740
f 6763 6745 6704
f 6763 6704 6734
f 6743 6714 6702
f 6743 6702 6775
f 6758 6759 6748
f 6758 6748 6750
f 6737 6761 6723
f 6737 6723 6721
f 6712 6700 6698
f 6712 6698 6713
f 6744 6780 6781
f 6744 6781 6736
f 6781 6780 6775
f 6781 6775 6719
f 6726 6773 6733
f 6726 6733 6724
f 6759 6758 6780
f 6759 6780 6744
f 6700 6734 6699
f 6700 6699 6698
f 6774 6746 6702
f 6774 6702 6735
f 6690 6718 6736
f 6690 6736 6760
f 6605 6729 6767
f 6605 6767 6641
f 6643 6769 6779
f 6643 6779 6653
f 6630 6687 6705
f 6630 6705 6632
f 6651 6787 6789
f 6651 6789 6663
f 6639 6710 6707
f 6639 6707 6638
f 6795 6794 6753
f 6795 6753 6788
f 6676 6689 6687
f 6676 6687 6630
f 6617 6725 6784
f 6617 6784 6615
f 6634 6694 6696
f 6634 6696 6636
f 6674 6717 6689
f 6674 6689 6676
f 6615 6784 6710
f 6615 6710 6639
f 6621 6722 6727
f 6621 6727 6619
f 6662 6715 6717
f 6662 6717 6674
f 6609 6747 6715
f 6609 6715 6662
f 6611 6749 6747
f 6611 6747 6609
f 6653 6779 6787
f 6653 6787 6651
f 6613 6739 6749
f 6613 6749 6611
f 6628 6755 6752
f 6628 6752 6625
f 6632 6705 6771
f 6632 6771 6604
f 6636 6696 6738
f 6636 6738 6623
f 6619 6727 6725
f 6619 6725 6617
f 6625 6752 6694
f 6625 6694 6634
f 6623 6738 6722
f 6623 6722 6621
f 6638 6707 6739
f 6638 6739 6613
f 6641 6767 6769
f 6641 6769 6643
f 6604 6771 6730
f 6604 6730 6607
f 6723 6765 6764
f 6723 6764 6773
f 6790 6732 6742
f 6790 6742 6791
f 6778 6796 6793
f 6778 6793 6786
f 6699 6703 6795
f 6699 6795 6793
f 6770 6792 6796
f 6770 6796 6778
f 6742 6713 6792
f 6742 6792 6791
f 6732 6790 6731
f 6732 6731 6772
f 6751 6753 6794
f 6751 6794 6756
f 6664 6665 6656
f 6664 6656 6652
f 6807 6802 6801
f 6807 6801 6808
f 6802 6803 6804
f 6802 6804 6801
f 6809 6806 6805
f 6809 6805 6810
f 6950 7010 7017
f 6950 7017 6990
f 6959 7008 7018
f 6959 7018 6812
f 6797 6798 6800
f 6797 6800 6799
f 6803 6809 6810
f 6803 6810 6804
f 7005 6961 6971
f 7005 6971 7006
f 6999 6933 6931
f 6999 6931 7015
f 6999 7001 6946
f 6999 6946 6933
f 7005 7008 6959
f 7005 6959 6961
f 6998 6945 6942
f 6998 6942 7012
f 6952 7004 7010
f 6952 7010 6950
f 6966 7013 7006
f 6966 7006 6971
f 6994 6983 6981
f 6994 6981 6993
f 6991 6992 6798
f 6991 6798 6797
f 7015 6931 6983
f 7015 6983 6994
f 7007 7009 6972
f 7007 6972 6957
f 6998 6997 6964
f 6998 6964 6945
f 6946 7001 6996
f 6946 6996 6939
f 7003 6955 6812
f 7003 6812 7018
f 6977 7016 7004
f 6977 7004 6952
f 6798 6807 6808
f 6798 6808 6800
f 6808 6819 6815
f 6808 6815 6800
f 6804 6814 6813
f 6804 6813 6801
f 6800 6815 6816
f 6800 6816 6799
f 7022 7021 6914
f 7022 6914 6911
f 6801 6813 6819
f 6801 6819 6808
f 6805 6818 6817
f 6805 6817 6810
f 6810 6817 6814
f 6810 6814 6804
f 6854 6855 6834
f 6854 6834 6835
f 6835 6834 6837
f 6835 6837 6836
f 6856 6859 6848
f 6856 6848 6849
f 6907 6886 6860
f 6907 6860 6902
f 6890 6881 6864
f 6890 6864 6875
f 6820 6826 6827
f 6820 6827 6825
f 6836 6837 6859
f 6836 6859 6856
f 6858 6856 6849
f 6858 6849 6851
f 6853 6854 6835
f 6853 6835 6838
f 6891 6890 6875
f 6891 6875 6879
f 6880 6892 6877
f 6880 6877 6865
f 6838 6835 6836
f 6838 6836 6841
f 6841 6836 6856
f 6841 6856 6858
f 6822 6820 6825
f 6822 6825 6824
f 6926 6891 6879
f 6926 6879 6923
f 6899 6904 6820
f 6899 6820 6822
f 6904 6900 6826
f 6904 6826 6820
f 6885 6889 6872
f 6885 6872 6870
f 6881 6880 6865
f 6881 6865 6864
f 6824 6825 6854
f 6824 6854 6853
f 6892 6885 6870
f 6892 6870 6877
f 6916 6921 6830
f 6916 6830 6833
f 6825 6827 6855
f 6825 6855 6854
f 6855 6827 6885
f 6855 6885 6892
f 6837 6834 6880
f 6837 6880 6881
f 6827 6826 6889
f 6827 6889 6885
f 6918 6848 6891
f 6918 6891 6926
f 6834 6855 6892
f 6834 6892 6880
f 6848 6859 6890
f 6848 6890 6891
f 6859 6837 6881
f 6859 6881 6890
f 6958 6811 6866
f 6958 6866 6876
f 6956 6973 6878
f 6956 6878 6874
f 6915 6832 6984
f 6915 6984 6932
f 6960 6958 6876
f 6960 6876 6871
f 6951 6949 6883
f 6951 6883 6867
f 6986 6968 6862
f 6986 6862 6888
f 6811 6954 6863
f 6811 6863 6866
f 6857 6850 6934
f 6857 6934 6947
f 6840 6857 6947
f 6840 6947 6940
f 6839 6840 6940
f 6839 6940 6928
f 6965 6970 6873
f 6965 6873 6903
f 6954 6956 6874
f 6954 6874 6863
f 6978 6953 6868
f 6978 6868 6922
f 6852 6839 6928
f 6852 6928 6929
f 6823 6852 6929
f 6823 6929 6937
f 6944 6963 6844
f 6944 6844 6847
f 6980 6982 6831
f 6980 6831 6829
f 6821 6823 6937
f 6821 6937 6935
f 6898 6821 6935
f 6898 6935 6941
f 6970 6960 6871
f 6970 6871 6873
f 6845 6898 6941
f 6845 6941 6943
f 6967 6965 6903
f 6967 6903 6861
f 6826 6900 6907
f 6826 6907 6889
f 6846 6842 6904
f 6846 6904 6899
f 6889 6907 6902
f 6889 6902 6872
f 6976 7014 7020
f 6976 7020 6894
f 6972 7009 7016
f 6972 7016 6977
f 6897 7019 7011
f 6897 7011 6987
f 6973 6978 6922
f 6973 6922 6878
f 6850 6915 6932
f 6850 6932 6934
f 6851 6849 6921
f 6851 6921 6916
f 6849 6848 6918
f 6849 6918 6921
f 6884 6926 6923
f 6884 6923 6869
f 6964 6997 7014
f 6964 7014 6976
f 7022 6911 6990
f 7022 6990 7017
f 6901 6906 6975
f 6901 6975 6893
f 6901 6893 6896
f 6901 6896 6909
f 6985 6887 6908
f 6985 6908 6895
f 6962 6974 6905
f 6962 6905 6843
f 6917 6925 6989
f 6917 6989 6910
f 6917 6910 6913
f 6917 6913 6920
f 6948 6988 6924
f 6948 6924 6882
f 6979 6828 6919
f 6979 6919 6912
f 6996 7001 6809
f 6996 6809 6803
f 7001 6999 6806
f 7001 6806 6809
f 6992 7000 6807
f 6992 6807 6798
f 7000 6995 6802
f 7000 6802 6807
f 6999 7015 7021
f 6999 7021 6806
f 7011 7002 6969
f 7011 6969 6987
f 6969 7002 7013
f 6969 7013 6966
f 7010 7004 7016
f 7010 7016 7017
f 7007 6957 6955
f 7007 6955 7003
f 7017 7016 7009
f 7017 7009 6818
f 6815 7005 7006
f 6815 7006 6816
f 6817 7007 7003
f 6817 7003 6814
f 6998 7012 7014
f 6998 7014 6997
f 7019 7013 7002
f 7019 7002 7011
f 6816 7006 7013
f 6816 7013 7019
f 6813 7018 7008
f 6813 7008 6819
f 6938 6992 6991
f 6938 6991 6936
f 7000 6992 6938
f 7000 6938 6930
f 7012 6942 6936
f 7012 6936 6991
f 7015 6994 6993
f 7015 6993 7021
f 6814 7003 7018
f 6814 7018 6813
f 6894 7020 7019
f 6894 7019 6897
f 6939 6996 6995
f 6939 6995 6927
f 6818 7009 7007
f 6818 7007 6817
f 7014 6797 6799
f 7014 6799 7020
f 6806 7021 7022
f 6806 7022 6805
f 7022 7017 6818
f 7022 6818 6805
f 6995 6996 6803
f 6995 6803 6802
f 6914 7021 6993
f 6914 6993 6981
f 6819 7008 7005
f 6819 7005 6815
f 6799 6816 7019
f 6799 7019 7020
f 7000 6930 6927
f 7000 6927 6995
f 7012 6991 6797
f 7012 6797 7014
f 7078 7079 7080
f 7078 7080 7077
f 7042 7106 7105
f 7042 7105 7040
f 7028 7030 7092
f 7028 7092 7081
f 7067 7099 7101
f 7067 7101 7078
f 7100 7091 7089
f 7100 7089 7102
f 7060 7034 7088
f 7060 7088 7090
f 7098 7095 7093
f 7098 7093 7097
f 7074 7064 7070
f 7074 7070 7075
f 7076 7080 7086
f 7076 7086 7085
f 7085 7044 7047
f 7085 7047 7084
f 7092 7097 7093
f 7092 7093 7081
f 7105 7103 7090
f 7105 7090 7088
f 7053 7044 7085
f 7053 7085 7086
f 7095 7098 7066
f 7095 7066 7049
f 7055 7053 7086
f 7055 7086 7087
f 7042 7055 7087
f 7042 7087 7106
f 7106 7104 7103
f 7106 7103 7105
f 7040 7105 7088
f 7040 7088 7038
f 7074 7075 7076
f 7074 7076 7072
f 7030 7032 7091
f 7030 7091 7092
f 7057 7089 7091
f 7057 7091 7032
f 7066 7067 7068
f 7066 7068 7065
f 7060 7090 7089
f 7060 7089 7057
f 7062 7069 7070
f 7062 7070 7064
f 7023 7069 7062
f 7023 7062 7026
f 7069 7065 7068
f 7069 7068 7070
f 7104 7079 7078
f 7104 7078 7101
f 7131 7161 7196
f 7131 7196 7197
f 7106 7087 7079
f 7106 7079 7104
f 7066 7098 7099
f 7066 7099 7067
f 7099 7100 7102
f 7099 7102 7101
f 7104 7101 7102
f 7104 7102 7103
f 7067 7078 7077
f 7067 7077 7068
f 7098 7097 7100
f 7098 7100 7099
f 7079 7087 7086
f 7079 7086 7080
f 7038 7088 7034
f 7038 7034 7036
f 7068 7077 7075
f 7068 7075 7070
f 7097 7092 7091
f 7097 7091 7100
f 7051 7065 7069
f 7051 7069 7023
f 7077 7080 7076
f 7077 7076 7075
f 7103 7102 7089
f 7103 7089 7090
f 7066 7065 7051
f 7066 7051 7049
f 7177 7120 7154
f 7177 7154 7183
f 7161 7125 7191
f 7161 7191 7152
f 7184 7205 7186
f 7184 7186 7155
f 7142 7147 7193
f 7142 7193 7143
f 7202 7177 7140
f 7202 7140 7112
f 7139 7166 7122
f 7139 7122 7195
f 7181 7143 7185
f 7181 7185 7121
f 7211 7187 7189
f 7211 7189 7212
f 7119 7123 7124
f 7119 7124 7154
f 7137 7156 7164
f 7137 7164 7135
f 7158 7181 7148
f 7158 7148 7116
f 7127 7134 7186
f 7127 7186 7130
f 7185 7184 7155
f 7185 7155 7194
f 7111 7201 7156
f 7111 7156 7180
f 7131 7107 7125
f 7131 7125 7161
f 7172 7114 7117
f 7172 7117 7176
f 7123 7176 7117
f 7123 7117 7124
f 7210 7149 7187
f 7210 7187 7211
f 7179 7167 7135
f 7179 7135 7164
f 7111 7180 7131
f 7111 7131 7197
f 7205 7204 7130
f 7205 7130 7186
f 7121 7185 7194
f 7121 7194 7182
f 7214 7176 7123
f 7214 7123 7215
f 7153 7145 7204
f 7153 7204 7205
f 7162 7196 7161
f 7162 7161 7152
f 7159 7163 7134
f 7159 7134 7127
f 7165 7124 7117
f 7165 7117 7148
f 7163 7178 7200
f 7163 7200 7195
f 7197 7196 7132
f 7197 7132 7202
f 7153 7205 7184
f 7153 7184 7193
f 7212 7216 7118
f 7212 7118 7133
f 7213 7207 7209
f 7213 7209 7215
f 7162 7133 7132
f 7162 7132 7196
f 7114 7116 7148
f 7114 7148 7117
f 7182 7140 7177
f 7182 7177 7183
f 7216 7213 7119
f 7216 7119 7118
f 7083 7046 7173
f 7083 7173 7208
f 7107 7131 7180
f 7107 7180 7109
f 7181 7121 7165
f 7181 7165 7148
f 7122 7155 7186
f 7122 7186 7134
f 7121 7182 7183
f 7121 7183 7165
f 7197 7202 7112
f 7197 7112 7111
f 7112 7140 7166
f 7112 7166 7139
f 7182 7194 7166
f 7182 7166 7140
f 7202 7132 7120
f 7202 7120 7177
f 7111 7112 7139
f 7111 7139 7201
f 7163 7159 7169
f 7163 7169 7178
f 7183 7154 7124
f 7183 7124 7165
f 7163 7195 7122
f 7163 7122 7134
f 7178 7169 7167
f 7178 7167 7179
f 7158 7142 7143
f 7158 7143 7181
f 7132 7133 7118
f 7132 7118 7120
f 7164 7156 7201
f 7164 7201 7200
f 7201 7139 7195
f 7201 7195 7200
f 7147 7145 7153
f 7147 7153 7193
f 7179 7164 7200
f 7179 7200 7178
f 7120 7118 7119
f 7120 7119 7154
f 7194 7155 7122
f 7194 7122 7166
f 7109 7180 7156
f 7109 7156 7137
f 7025 7061 7188
f 7025 7188 7150
f 7063 7073 7198
f 7063 7198 7190
f 7050 7052 7126
f 7050 7126 7108
f 7071 7083 7208
f 7071 7208 7206
f 7059 7058 7128
f 7059 7128 7129
f 7215 7209 7175
f 7215 7175 7214
f 7096 7050 7108
f 7096 7108 7110
f 7037 7035 7203
f 7037 7203 7144
f 7054 7056 7115
f 7054 7115 7113
f 7094 7096 7110
f 7094 7110 7138
f 7035 7059 7129
f 7035 7129 7203
f 7041 7039 7146
f 7041 7146 7141
f 7082 7094 7138
f 7082 7138 7136
f 7029 7082 7136
f 7029 7136 7168
f 7031 7029 7168
f 7031 7168 7170
f 7073 7071 7206
f 7073 7206 7198
f 7033 7031 7170
f 7033 7170 7160
f 7048 7045 7171
f 7048 7171 7174
f 7052 7024 7192
f 7052 7192 7126
f 7056 7043 7157
f 7056 7157 7115
f 7039 7037 7144
f 7039 7144 7146
f 7045 7054 7113
f 7045 7113 7171
f 7043 7041 7141
f 7043 7141 7157
f 7058 7033 7160
f 7058 7160 7128
f 7061 7063 7190
f 7061 7190 7188
f 7024 7027 7151
f 7024 7151 7192
f 7143 7193 7184
f 7143 7184 7185
f 7210 7211 7162
f 7210 7162 7152
f 7199 7207 7213
f 7199 7213 7216
f 7119 7213 7215
f 7119 7215 7123
f 7189 7199 7216
f 7189 7216 7212
f 7162 7211 7212
f 7162 7212 7133
f 7152 7191 7149
f 7152 7149 7210
f 7172 7176 7214
f 7172 7214 7175
f 7084 7072 7076
f 7084 7076 7085
f 7239 7247 7226
f 7239 7226 7224
f 7218 7220 7266
f 7218 7266 7259
f 7265 7219 7228
f 7265 7228 7244
f 7254 7261 7252
f 7254 7252 7236
f 7232 7234 7238
f 7243 7246 7250
f 7262 7255 7258
f 7262 7258 7264
f 7231 7257 7253
f 7231 7253 7233
f 7263 7242 7249
f 7263 7249 7260
f 7248 7240 7235
f 7248 7235 7251
f 7222 7230 7237
f 7222 7237 7223
f 7241 7227 7225
f 7241 7225 7245
f 7217 7256 7229
f 7217 7229 7221
f 7377 7371 7273
f 7377 7273 7281
f 7268 7318 7321
f 7268 7321 7304
f 7376 7374 7269
f 7376 7269 7277
f 7272 7314 7317
f 7272 7317 7302
f 7317 7299 7285
f 7317 7285 7307
f 7289 7382 7449
f 7289 7449 7434
f 7390 7303 7283
f 7390 7283 7380
f 7321 7306 7290
f 7321 7290 7308
f 7387 7301 7288
f 7387 7288 7381
f 7432 7438 7309
f 7432 7309 7295
f 7286 7379 7442
f 7286 7442 7429
f 7287 7307 7439
f 7287 7439 7430
f 7381 7288 7431
f 7381 7431 7448
f 7392 7312 7298
f 7392 7298 7386
f 7427 7444 7383
f 7427 7383 7294
f 7437 7447 7386
f 7437 7386 7298
f 7422 7440 7311
f 7422 7311 7291
f 7373 7271 7301
f 7373 7301 7387
f 7333 7318 7268
f 7333 7268 7276
f 7372 7267 7303
f 7372 7303 7390
f 7325 7314 7272
f 7325 7272 7280
f 7278 7270 7319
f 7278 7319 7330
f 7380 7283 7425
f 7380 7425 7443
f 7440 7436 7297
f 7440 7297 7311
f 7384 7292 7313
f 7384 7313 7393
f 7446 7433 7296
f 7446 7296 7385
f 7304 7321 7308
f 7304 7308 7284
f 7445 7423 7292
f 7445 7292 7384
f 7302 7317 7307
f 7302 7307 7287
f 7316 7315 7274
f 7316 7274 7299
f 7320 7319 7270
f 7320 7270 7306
f 7314 7325 7359
f 7314 7359 7316
f 7410 7346 7331
f 7410 7331 7398
f 7282 7274 7315
f 7282 7315 7322
f 7320 7318 7333
f 7333 7347 7350
f 7333 7350 7320
f 7376 7277 7338
f 7376 7338 7405
f 7278 7330 7339
f 7399 7332 7340
f 7399 7340 7407
f 7319 7320 7350
f 7350 7349 7330
f 7350 7330 7319
f 7325 7280 7335
f 7333 7276 7342
f 7377 7281 7343
f 7377 7343 7406
f 7316 7361 7322
f 7316 7322 7315
f 7282 7322 7344
f 7396 7326 7336
f 7396 7336 7404
f 7347 7352 7350
f 7352 7354 7350
f 7354 7356 7350
f 7356 7358 7350
f 7358 7349 7350
f 7359 7363 7316
f 7363 7365 7316
f 7365 7367 7316
f 7367 7369 7316
f 7369 7361 7316
f 7411 7362 7370
f 7411 7370 7413
f 7413 7370 7368
f 7413 7368 7415
f 7415 7368 7366
f 7415 7366 7417
f 7417 7366 7364
f 7417 7364 7419
f 7419 7364 7360
f 7419 7360 7421
f 7395 7329 7348
f 7395 7348 7420
f 7327 7397 7421
f 7327 7421 7360
f 7357 7418 7420
f 7357 7420 7348
f 7355 7416 7418
f 7355 7418 7357
f 7353 7414 7416
f 7353 7416 7355
f 7351 7412 7414
f 7351 7414 7353
f 7346 7410 7412
f 7346 7412 7351
f 7328 7394 7403
f 7328 7403 7337
f 7275 7378 7409
f 7275 7409 7341
f 7323 7400 7408
f 7323 7408 7345
f 7279 7375 7402
f 7279 7402 7334
f 7362 7411 7401
f 7362 7401 7324
f 7294 7383 7391
f 7294 7391 7310
f 7273 7371 7389
f 7273 7389 7300
f 7269 7374 7388
f 7269 7388 7305
f 7307 7285 7428
f 7307 7428 7439
f 7310 7391 7385
f 7310 7385 7296
f 7438 7426 7293
f 7438 7293 7309
f 7308 7290 7435
f 7308 7435 7441
f 7305 7388 7382
f 7305 7382 7289
f 7300 7389 7379
f 7300 7379 7286
f 7279 7271 7373
f 7279 7373 7375
f 7275 7267 7372
f 7275 7372 7378
f 7444 7427 7429
f 7444 7429 7442
f 7439 7428 7426
f 7439 7426 7438
f 7441 7435 7436
f 7441 7436 7440
f 7448 7431 7433
f 7448 7433 7446
f 7430 7439 7438
f 7430 7438 7432
f 7424 7441 7440
f 7424 7440 7422
f 7423 7445 7443
f 7423 7443 7425
f 7434 7449 7447
f 7434 7447 7437
f 7284 7308 7441
f 7284 7441 7424
f 7463 7496 7502
f 7463 7502 7476
f 7468 7536 7532
f 7468 7532 7464
f 7484 7491 7515
f 7484 7515 7519
f 7473 7500 7508
f 7473 7508 7531
f 7504 7512 7509
f 7504 7509 7501
f 7462 7475 7539
f 7462 7539 7543
f 7545 7537 7469
f 7545 7469 7456
f 7494 7525 7520
f 7494 7520 7497
f 7533 7506 7486
f 7533 7486 7466
f 7465 7485 7489
f 7465 7489 7470
f 7478 7450 7454
f 7478 7454 7482
f 7477 7503 7499
f 7477 7499 7472
f 7495 7460 7457
f 7495 7457 7492
f 7453 7467 7488
f 7453 7488 7481
f 7458 7550 7524
f 7458 7524 7493
f 7538 7474 7471
f 7538 7471 7530
f 7551 7459 7461
f 7551 7461 7542
f 7452 7549 7544
f 7452 7544 7455
f 7521 7513 7505
f 7521 7505 7498
f 7527 7480 7483
f 7527 7483 7518
f 7548 7451 7479
f 7548 7479 7526
f 7551 7542 7546
f 7551 7546 7553
f 7553 7546 7544
f 7553 7544 7549
f 7538 7530 7534
f 7538 7534 7540
f 7540 7534 7532
f 7540 7532 7536
f 7514 7507 7511
f 7514 7511 7516
f 7516 7511 7509
f 7516 7509 7512
f 7527 7518 7522
f 7527 7522 7529
f 7529 7522 7520
f 7529 7520 7525
f 7537 7545 7547
f 7537 7547 7541
f 7541 7547 7543
f 7541 7543 7539
f 7506 7533 7535
f 7506 7535 7510
f 7510 7535 7531
f 7510 7531 7508
f 7513 7521 7523
f 7513 7523 7517
f 7517 7523 7519
f 7517 7519 7515
f 7548 7526 7528
f 7548 7528 7552
f 7552 7528 7524
f 7552 7524 7550
f 7514 7490 7487
f 7514 7487 7507
f 7554 7562 7569
f 7554 7569 7561
f 7557 7565 7563
f 7557 7563 7555
f 7558 7566 7564
f 7558 7564 7556
f 7562 7570 7577
f 7562 7577 7569
f 7565 7573 7571
f 7565 7571 7563
f 7566 7574 7572
f 7566 7572 7564
f 7570 7578 7585
f 7570 7585 7577
f 7573 7581 7579
f 7573 7579 7571
f 7574 7582 7580
f 7574 7580 7572
f 7578 7586 7593
f 7578 7593 7585
f 7581 7589 7587
f 7581 7587 7579
f 7582 7590 7588
f 7582 7588 7580
f 7586 7594 7601
f 7586 7601 7593
f 7589 7597 7595
f 7589 7595 7587
f 7590 7598 7596
f 7590 7596 7588
f 7597 7605 7603
f 7597 7603 7595
f 7598 7606 7604
f 7598 7604 7596
f 7602 7610 7617
f 7602 7617 7609
f 7605 7613 7611
f 7605 7611 7603
f 7606 7614 7612
f 7606 7612 7604
f 7626 7629 7620
f 7626 7620 7623
f 7594 7602 7609
f 7594 7609 7601
f 7614 7624 7621
f 7614 7621 7612
f 7613 7622 7619
f 7613 7619 7611
f 7610 7618 7628
f 7610 7628 7617
f 7625 7615 7616
f 7625 7616 7627
f 7615 7607 7608
f 7615 7608 7616
f 7607 7599 7600
f 7607 7600 7608
f 7599 7591 7592
f 7599 7592 7600
f 7591 7583 7584
f 7591 7584 7592
f 7583 7575 7576
f 7583 7576 7584
f 7575 7567 7568
f 7575 7568 7576
f 7567 7559 7560
f 7567 7560 7568
f 7656 7672 7676
f 7656 7676 7660
f 7649 7665 7669
f 7649 7669 7653
f 7661 7677 7664
f 7661 7664 7648
f 7632 7697 7684
f 7632 7684 7636
f 7633 7675 7671
f 7633 7671 7645
f 7702 7690 7650
f 7702 7650 7654
f 7685 7689 7641
f 7685 7641 7637
f 7640 7688 7709
f 7640 7709 7644
f 7708 7696 7631
f 7708 7631 7643
f 7639 7667 7663
f 7639 7663 7635
f 7652 7668 7673
f 7652 7673 7657
f 7638 7642 7670
f 7638 7670 7666
f 7703 7655 7658
f 7703 7658 7698
f 7682 7679 7692
f 7682 7692 7687
f 7707 7705 7701
f 7707 7701 7695
f 7706 7686 7691
f 7706 7691 7704
f 7681 7647 7651
f 7681 7651 7693
f 7680 7683 7694
f 7680 7694 7700
f 7659 7646 7678
f 7659 7678 7699
f 7662 7674 7630
f 7662 7630 7634
f 7732 7717 7719
f 7732 7719 7740
f 7711 7752 7759
f 7711 7759 7713
f 7757 7734 7720
f 7757 7720 7712
f 7748 7729 7745
f 7748 7745 7755
f 7724 7731 7727
f 7737 7743 7739
f 7753 7756 7749
f 7753 7749 7746
f 7723 7726 7747
f 7723 7747 7750
f 7758 7754 7742
f 7758 7742 7736
f 7741 7744 7728
f 7741 7728 7733
f 7714 7716 7730
f 7714 7730 7722
f 7735 7738 7718
f 7735 7718 7721
f 7710 7715 7725
f 7710 7725 7751
f 7871 7774 7766
f 7871 7766 7864
f 7761 7797 7814
f 7761 7814 7811
f 7869 7770 7762
f 7869 7762 7867
f 7765 7794 7808
f 7765 7808 7809
f 7808 7800 7778
f 7808 7778 7793
f 7783 7928 7942
f 7783 7942 7875
f 7883 7873 7776
f 7883 7776 7796
f 7814 7801 7782
f 7814 7782 7799
f 7880 7874 7781
f 7880 7781 7795
f 7925 7788 7802
f 7925 7802 7931
f 7779 7922 7935
f 7779 7935 7872
f 7780 7923 7932
f 7780 7932 7800
f 7874 7941 7924
f 7874 7924 7781
f 7886 7879 7791
f 7886 7791 7806
f 7920 7787 7876
f 7920 7876 7937
f 7930 7791 7879
f 7930 7879 7940
f 7915 7784 7804
f 7915 7804 7933
f 7866 7880 7795
f 7866 7795 7764
f 7826 7769 7761
f 7826 7761 7811
f 7865 7883 7796
f 7865 7796 7760
f 7818 7773 7765
f 7818 7765 7809
f 7771 7823 7812
f 7771 7812 7763
f 7873 7936 7917
f 7873 7917 7776
f 7933 7804 7790
f 7933 7790 7929
f 7877 7885 7805
f 7877 7805 7785
f 7939 7878 7789
f 7939 7789 7926
f 7797 7777 7801
f 7797 7801 7814
f 7938 7877 7785
f 7938 7785 7916
f 7794 7780 7800
f 7794 7800 7808
f 7807 7793 7767
f 7807 7767 7810
f 7813 7799 7763
f 7813 7763 7812
f 7809 7807 7852
f 7809 7852 7818
f 7903 7892 7825
f 7903 7825 7839
f 7775 7815 7810
f 7775 7810 7767
f 7826 7811 7813
f 7813 7843 7840
f 7813 7840 7826
f 7869 7898 7831
f 7869 7831 7770
f 7771 7832 7823
f 7891 7900 7833
f 7891 7833 7824
f 7843 7813 7812
f 7812 7823 7842
f 7812 7842 7843
f 7818 7828 7773
f 7826 7835 7769
f 7871 7899 7836
f 7871 7836 7774
f 7807 7810 7815
f 7807 7815 7854
f 7775 7837 7815
f 7889 7897 7829
f 7889 7829 7819
f 7840 7843 7845
f 7845 7843 7847
f 7847 7843 7849
f 7849 7843 7851
f 7851 7843 7842
f 7852 7807 7856
f 7856 7807 7858
f 7858 7807 7860
f 7860 7807 7862
f 7862 7807 7854
f 7904 7906 7863
f 7904 7863 7855
f 7906 7908 7861
f 7906 7861 7863
f 7908 7910 7859
f 7908 7859 7861
f 7910 7912 7857
f 7910 7857 7859
f 7912 7914 7853
f 7912 7853 7857
f 7887 7913 7841
f 7887 7841 7821
f 7820 7853 7914
f 7820 7914 7890
f 7850 7841 7913
f 7850 7913 7911
f 7848 7850 7911
f 7848 7911 7909
f 7846 7848 7909
f 7846 7909 7907
f 7844 7846 7907
f 7844 7907 7905
f 7839 7844 7905
f 7839 7905 7903
f 7822 7830 7896
f 7822 7896 7888
f 7768 7834 7902
f 7768 7902 7870
f 7816 7838 7901
f 7816 7901 7893
f 7772 7827 7895
f 7772 7895 7868
f 7855 7817 7894
f 7855 7894 7904
f 7787 7803 7884
f 7787 7884 7876
f 7766 7792 7882
f 7766 7882 7864
f 7762 7798 7881
f 7762 7881 7867
f 7800 7932 7921
f 7800 7921 7778
f 7803 7789 7878
f 7803 7878 7884
f 7931 7802 7786
f 7931 7786 7919
f 7801 7934 7927
f 7801 7927 7782
f 7798 7783 7875
f 7798 7875 7881
f 7792 7779 7872
f 7792 7872 7882
f 7772 7868 7866
f 7772 7866 7764
f 7768 7870 7865
f 7768 7865 7760
f 7937 7935 7922
f 7937 7922 7920
f 7932 7931 7919
f 7932 7919 7921
f 7934 7933 7929
f 7934 7929 7927
f 7941 7939 7926
f 7941 7926 7924
f 7923 7925 7931
f 7923 7931 7932
f 7918 7915 7933
f 7918 7933 7934
f 7916 7917 7936
f 7916 7936 7938
f 7928 7930 7940
f 7928 7940 7942
f 7777 7918 7934
f 7777 7934 7801
f 7953 7967 7995
f 7953 7995 7988
f 7960 7957 8025
f 7960 8025 8029
f 7977 8012 8007
f 7977 8007 7983
f 7966 8024 8001
f 7966 8001 7993
f 7998 7994 8002
f 7998 8002 8006
f 7956 8036 8032
f 7956 8032 7969
f 8038 7948 7961
f 8038 7961 8030
f 7987 7990 8013
f 7987 8013 8018
f 8026 7959 7979
f 8026 7979 7999
f 7958 7963 7982
f 7958 7982 7978
f 7971 7974 7946
f 7971 7946 7943
f 7970 7965 7992
f 7970 7992 7996
f 7989 7985 7950
f 7989 7950 7954
f 7949 7975 7981
f 7949 7981 7962
f 7951 7986 8017
f 7951 8017 8043
f 8031 8023 7964
f 8031 7964 7968
f 8044 8035 7955
f 8044 7955 7952
f 7945 7947 8037
f 7945 8037 8042
f 8014 7991 7997
f 8014 7997 8005
f 8020 8011 7976
f 8020 7976 7973
f 8041 8019 7972
f 8041 7972 7944
f 8044 8046 8039
f 8044 8039 8035
f 8046 8042 8037
f 8046 8037 8039
f 8031 8033 8027
f 8031 8027 8023
f 8033 8029 8025
f 8033 8025 8027
f 8008 8010 8004
f 8008 8004 8000
f 8010 8006 8002
f 8010 8002 8004
f 8020 8022 8015
f 8020 8015 8011
f 8022 8018 8013
f 8022 8013 8015
f 8030 8034 8040
f 8030 8040 8038
f 8034 8032 8036
f 8034 8036 8040
f 7999 8003 8028
f 7999 8028 8026
f 8003 8001 8024
f 8003 8024 8028
f 8005 8009 8016
f 8005 8016 8014
f 8009 8007 8012
f 8009 8012 8016
f 8041 8045 8021
f 8041 8021 8019
f 8045 8043 8017
f 8045 8017 8021
f 8008 8000 7980
f 8008 7980 7984
f 8047 8053 8061
f 8047 8061 8055
f 8050 8048 8056
f 8050 8056 8058
f 8052 8049 8057
f 8052 8057 8060
f 8055 8061 8069
f 8055 8069 8063
f 8058 8056 8064
f 8058 8064 8066
f 8060 8057 8065
f 8060 8065 8068
f 8063 8069 8077
f 8063 8077 8071
f 8066 8064 8072
f 8066 8072 8074
f 8068 8065 8073
f 8068 8073 8076
f 8071 8077 8085
f 8071 8085 8079
f 8074 8072 8080
f 8074 8080 8082
f 8076 8073 8081
f 8076 8081 8084
f 8079 8085 8093
f 8079 8093 8087
f 8082 8080 8088
f 8082 8088 8090
f 8084 8081 8089
f 8084 8089 8092
f 8090 8088 8096
f 8090 8096 8098
f 8092 8089 8097
f 8092 8097 8100
f 8095 8101 8109
f 8095 8109 8103
f 8098 8096 8104
f 8098 8104 8106
f 8100 8097 8105
f 8100 8105 8108
f 8119 8116 8113
f 8119 8113 8122
f 8087 8093 8101
f 8087 8101 8095
f 8108 8105 8114
f 8108 8114 8118
f 8106 8104 8112
f 8106 8112 8115
f 8103 8109 8120
f 8103 8120 8111
f 8117 8121 8110
f 8117 8110 8107
f 8107 8110 8102
f 8107 8102 8099
f 8099 8102 8094
f 8099 8094 8091
f 8091 8094 8086
f 8091 8086 8083
f 8083 8086 8078
f 8083 8078 8075
f 8075 8078 8070
f 8075 8070 8067
f 8067 8070 8062
f 8067 8062 8059
f 8059 8062 8054
f 8059 8054 8051
f 8150 8154 8170
f 8150 8170 8166
f 8141 8145 8161
f 8141 8161 8157
f 8153 8142 8158
f 8153 8158 8169
f 8124 8127 8176
f 8124 8176 8189
f 8123 8136 8164
f 8123 8164 8167
f 8197 8147 8144
f 8197 8144 8186
f 8178 8128 8132
f 8178 8132 8181
f 8133 8137 8201
f 8133 8201 8182
f 8202 8138 8125
f 8202 8125 8190
f 8134 8130 8156
f 8134 8156 8160
f 8146 8149 8165
f 8146 8165 8162
f 8131 8159 8163
f 8131 8163 8135
f 8198 8194 8152
f 8198 8152 8148
f 8177 8180 8185
f 8177 8185 8174
f 8200 8187 8192
f 8200 8192 8196
f 8199 8195 8184
f 8199 8184 8179
f 8171 8183 8143
f 8171 8143 8139
f 8173 8193 8188
f 8173 8188 8175
f 8151 8191 8172
f 8151 8172 8140
f 8155 8129 8126
f 8155 8126 8168
f 8225 8233 8212
f 8225 8212 8210
f 8204 8206 8252
f 8204 8252 8245
f 8249 8205 8213
f 8249 8213 8227
f 8240 8247 8238
f 8240 8238 8222
f 8218 8220 8224
f 8230 8232 8236
f 8248 8241 8244
f 8248 8244 8251
f 8217 8243 8239
f 8217 8239 8219
f 8250 8229 8235
f 8250 8235 8246
f 8234 8226 8221
f 8234 8221 8237
f 8208 8216 8223
f 8208 8223 8209
f 8228 8214 8211
f 8228 8211 8231
f 8203 8242 8215
f 8203 8215 8207
f 8363 8357 8259
f 8363 8259 8267
f 8254 8304 8307
f 8254 8307 8290
f 8362 8360 8255
f 8362 8255 8263
f 8258 8302 8301
f 8258 8301 8288
f 8301 8286 8271
f 8301 8271 8293
f 8275 8368 8435
f 8275 8435 8420
f 8376 8289 8269
f 8376 8269 8366
f 8307 8292 8276
f 8307 8276 8294
f 8373 8287 8274
f 8373 8274 8367
f 8418 8424 8295
f 8418 8295 8281
f 8272 8365 8428
f 8272 8428 8415
f 8273 8293 8425
f 8273 8425 8416
f 8367 8274 8417
f 8367 8417 8434
f 8378 8298 8284
f 8378 8284 8372
f 8413 8430 8369
f 8413 8369 8280
f 8423 8433 8372
f 8423 8372 8284
f 8408 8426 8297
f 8408 8297 8277
f 8359 8257 8287
f 8359 8287 8373
f 8319 8304 8254
f 8319 8254 8262
f 8358 8253 8289
f 8358 8289 8376
f 8311 8302 8258
f 8311 8258 8266
f 8264 8256 8305
f 8264 8305 8316
f 8366 8269 8411
f 8366 8411 8429
f 8426 8422 8283
f 8426 8283 8297
f 8370 8278 8299
f 8370 8299 8379
f 8432 8419 8282
f 8432 8282 8371
f 8290 8307 8294
f 8290 8294 8270
f 8431 8409 8278
f 8431 8278 8370
f 8288 8301 8293
f 8288 8293 8273
f 8300 8303 8260
f 8300 8260 8286
f 8306 8305 8256
f 8306 8256 8292
f 8302 8311 8345
f 8302 8345 8300
f 8396 8332 8317
f 8396 8317 8384
f 8268 8260 8303
f 8268 8303 8308
f 8306 8304 8319
f 8319 8333 8336
f 8319 8336 8306
f 8362 8263 8324
f 8362 8324 8391
f 8264 8316 8325
f 8385 8318 8326
f 8385 8326 8393
f 8305 8306 8336
f 8336 8335 8316
f 8336 8316 8305
f 8311 8266 8321
f 8319 8262 8328
f 8363 8267 8329
f 8363 8329 8392
f 8300 8347 8308
f 8300 8308 8303
f 8268 8308 8330
f 8382 8312 8322
f 8382 8322 8390
f 8333 8338 8336
f 8338 8340 8336
f 8340 8342 8336
f 8342 8344 8336
f 8344 8335 8336
f 8345 8349 8300
f 8349 8351 8300
f 8351 8353 8300
f 8353 8355 8300
f 8355 8347 8300
f 8397 8348 8356
f 8397 8356 8399
f 8399 8356 8354
f 8399 8354 8401
f 8401 8354 8352
f 8401 8352 8403
f 8403 8352 8350
f 8403 8350 8405
f 8405 8350 8346
f 8405 8346 8407
f 8381 8315 8334
f 8381 8334 8406
f 8313 8383 8407
f 8313 8407 8346
f 8343 8404 8406
f 8343 8406 8334
f 8341 8402 8404
f 8341 8404 8343
f 8339 8400 8402
f 8339 8402 8341
f 8337 8398 8400
f 8337 8400 8339
f 8332 8396 8398
f 8332 8398 8337
f 8314 8380 8389
f 8314 8389 8323
f 8261 8364 8395
f 8261 8395 8327
f 8309 8386 8394
f 8309 8394 8331
f 8265 8361 8388
f 8265 8388 8320
f 8348 8397 8387
f 8348 8387 8310
f 8280 8369 8377
f 8280 8377 8296
f 8259 8357 8375
f 8259 8375 8285
f 8255 8360 8374
f 8255 8374 8291
f 8293 8271 8414
f 8293 8414 8425
f 8296 8377 8371
f 8296 8371 8282
f 8424 8412 8279
f 8424 8279 8295
f 8294 8276 8421
f 8294 8421 8427
f 8291 8374 8368
f 8291 8368 8275
f 8285 8375 8365
f 8285 8365 8272
f 8265 8257 8359
f 8265 8359 8361
f 8261 8253 8358
f 8261 8358 8364
f 8430 8413 8415
f 8430 8415 8428
f 8425 8414 8412
f 8425 8412 8424
f 8427 8421 8422
f 8427 8422 8426
f 8434 8417 8419
f 8434 8419 8432
f 8416 8425 8424
f 8416 8424 8418
f 8410 8427 8426
f 8410 8426 8408
f 8409 8431 8429
f 8409 8429 8411
f 8420 8435 8433
f 8420 8433 8423
f 8270 8294 8427
f 8270 8427 8410
f 8449 8482 8488
f 8449 8488 8462
f 8454 8522 8518
f 8454 8518 8450
f 8470 8477 8501
f 8470 8501 8505
f 8459 8486 8494
f 8459 8494 8517
f 8490 8498 8495
f 8490 8495 8487
f 8448 8461 8525
f 8448 8525 8529
f 8531 8523 8455
f 8531 8455 8442
f 8480 8511 8506
f 8480 8506 8483
f 8519 8492 8472
f 8519 8472 8452
f 8451 8471 8475
f 8451 8475 8456
f 8464 8436 8440
f 8464 8440 8468
f 8463 8489 8485
f 8463 8485 8458
f 8481 8446 8443
f 8481 8443 8478
f 8439 8453 8474
f 8439 8474 8467
f 8444 8536 8510
f 8444 8510 8479
f 8524 8460 8457
f 8524 8457 8516
f 8537 8445 8447
f 8537 8447 8528
f 8438 8535 8530
f 8438 8530 8441
f 8507 8499 8491
f 8507 8491 8484
f 8513 8466 8469
f 8513 8469 8504
f 8534 8437 8465
f 8534 8465 8512
f 8537 8528 8532
f 8537 8532 8539
f 8539 8532 8530
f 8539 8530 8535
f 8524 8516 8520
f 8524 8520 8526
f 8526 8520 8518
f 8526 8518 8522
f 8500 8493 8497
f 8500 8497 8502
f 8502 8497 8495
f 8502 8495 8498
f 8513 8504 8508
f 8513 8508 8515
f 8515 8508 8506
f 8515 8506 8511
f 8523 8531 8533
f 8523 8533 8527
f 8527 8533 8529
f 8527 8529 8525
f 8492 8519 8521
f 8492 8521 8496
f 8496 8521 8517
f 8496 8517 8494
f 8499 8507 8509
f 8499 8509 8503
f 8503 8509 8505
f 8503 8505 8501
f 8534 8512 8514
f 8534 8514 8538
f 8538 8514 8510
f 8538 8510 8536
f 8500 8476 8473
f 8500 8473 8493
f 8540 8548 8555
f 8540 8555 8547
f 8543 8551 8549
f 8543 8549 8541
f 8544 8552 8550
f 8544 8550 8542
f 8548 8556 8563
f 8548 8563 8555
f 8551 8559 8557
f 8551 8557 8549
f 8552 8560 8558
f 8552 8558 8550
f 8556 8564 8571
f 8556 8571 8563
f 8559 8567 8565
f 8559 8565 8557
f 8560 8568 8566
f 8560 8566 8558
f 8564 8572 8579
f 8564 8579 8571
f 8567 8575 8573
f 8567 8573 8565
f 8568 8576 8574
f 8568 8574 8566
f 8572 8580 8587
f 8572 8587 8579
f 8575 8583 8581
f 8575 8581 8573
f 8576 8584 8582
f 8576 8582 8574
f 8583 8591 8589
f 8583 8589 8581
f 8584 8592 8590
f 8584 8590 8582
f 8588 8596 8603
f 8588 8603 8595
f 8591 8599 8597
f 8591 8597 8589
f 8592 8600 8598
f 8592 8598 8590
f 8612 8615 8606
f 8612 8606 8609
f 8580 8588 8595
f 8580 8595 8587
f 8600 8610 8607
f 8600 8607 8598
f 8599 8608 8605
f 8599 8605 8597
f 8596 8604 8614
f 8596 8614 8603
f 8611 8601 8602
f 8611 8602 8613
f 8601 8593 8594
f 8601 8594 8602
f 8593 8585 8586
f 8593 8586 8594
f 8585 8577 8578
f 8585 8578 8586
f 8577 8569 8570
f 8577 8570 8578
f 8569 8561 8562
f 8569 8562 8570
f 8561 8553 8554
f 8561 8554 8562
f 8553 8545 8546
f 8553 8546 8554
f 8642 8658 8662
f 8642 8662 8646
f 8635 8651 8655
f 8635 8655 8639
f 8647 8663 8650
f 8647 8650 8634
f 8616 8682 8670
f 8616 8670 8621
f 8619 8661 8657
f 8619 8657 8631
f 8688 8676 8636
f 8688 8636 8640
f 8671 8674 8626
f 8671 8626 8622
f 8627 8675 8695
f 8627 8695 8630
f 8694 8683 8617
f 8694 8617 8629
f 8625 8653 8648
f 8625 8648 8620
f 8638 8654 8659
f 8638 8659 8643
f 8624 8628 8656
f 8624 8656 8652
f 8689 8641 8644
f 8689 8644 8684
f 8668 8665 8678
f 8668 8678 8673
f 8693 8691 8687
f 8693 8687 8681
f 8692 8672 8677
f 8692 8677 8690
f 8667 8633 8637
f 8667 8637 8679
f 8666 8669 8680
f 8666 8680 8686
f 8645 8632 8664
f 8645 8664 8685
f 8649 8660 8618
f 8649 8618 8623
f 8718 8703 8705
f 8718 8705 8726
f 8696 8736 8744
f 8696 8744 8699
f 8743 8720 8706
f 8743 8706 8698
f 8734 8715 8731
f 8734 8731 8741
f 8711 8717 8713
f 8723 8729 8725
f 8739 8742 8735
f 8739 8735 8732
f 8710 8712 8733
f 8710 8733 8738
f 8745 8740 8728
f 8745 8728 8722
f 8727 8730 8714
f 8727 8714 8719
f 8701 8702 8716
f 8701 8716 8709
f 8721 8724 8704
f 8721 8704 8707
f 8697 8700 8708
f 8697 8708 8737
f 8857 8760 8752
f 8857 8752 8851
f 8747 8783 8800
f 8747 8800 8797
f 8854 8756 8748
f 8854 8748 8852
f 8751 8781 8796
f 8751 8796 8793
f 8796 8786 8765
f 8796 8765 8779
f 8768 8913 8928
f 8768 8928 8861
f 8869 8859 8762
f 8869 8762 8782
f 8800 8787 8769
f 8800 8769 8785
f 8867 8860 8766
f 8867 8766 8780
f 8912 8775 8789
f 8912 8789 8917
f 8764 8907 8921
f 8764 8921 8858
f 8767 8910 8918
f 8767 8918 8786
f 8860 8927 8909
f 8860 8909 8766
f 8871 8865 8777
f 8871 8777 8791
f 8905 8772 8862
f 8905 8862 8923
f 8916 8777 8865
f 8916 8865 8926
f 8901 8770 8790
f 8901 8790 8919
f 8853 8867 8780
f 8853 8780 8750
f 8810 8755 8747
f 8810 8747 8797
f 8850 8869 8782
f 8850 8782 8746
f 8804 8759 8751
f 8804 8751 8793
f 8757 8807 8798
f 8757 8798 8749
f 8859 8922 8904
f 8859 8904 8762
f 8919 8790 8776
f 8919 8776 8915
f 8863 8872 8792
f 8863 8792 8771
f 8925 8864 8774
f 8925 8774 8911
f 8783 8763 8787
f 8783 8787 8800
f 8924 8863 8771
f 8924 8771 8902
f 8781 8767 8786
f 8781 8786 8796
f 8795 8779 8753
f 8795 8753 8794
f 8799 8785 8749
f 8799 8749 8798
f 8793 8795 8838
f 8793 8838 8804
f 8889 8877 8811
f 8889 8811 8826
f 8761 8801 8794
f 8761 8794 8753
f 8810 8797 8799
f 8799 8829 8825
f 8799 8825 8810
f 8854 8881 8816
f 8854 8816 8756
f 8757 8817 8807
f 8878 8887 8821
f 8878 8821 8812
f 8829 8799 8798
f 8798 8807 8827
f 8798 8827 8829
f 8804 8814 8759
f 8810 8820 8755
f 8857 8886 8822
f 8857 8822 8760
f 8795 8794 8801
f 8795 8801 8840
f 8761 8823 8801
f 8875 8884 8815
f 8875 8815 8805
f 8825 8829 8830
f 8830 8829 8832
f 8832 8829 8834
f 8834 8829 8836
f 8836 8829 8827
f 8838 8795 8842
f 8842 8795 8844
f 8844 8795 8846
f 8846 8795 8848
f 8848 8795 8840
f 8890 8892 8849
f 8890 8849 8841
f 8892 8894 8847
f 8892 8847 8849
f 8894 8896 8845
f 8894 8845 8847
f 8896 8898 8843
f 8896 8843 8845
f 8898 8900 8839
f 8898 8839 8843
f 8874 8899 8828
f 8874 8828 8809
f 8806 8839 8900
f 8806 8900 8876
f 8837 8828 8899
f 8837 8899 8897
f 8835 8837 8897
f 8835 8897 8895
f 8833 8835 8895
f 8833 8895 8893
f 8831 8833 8893
f 8831 8893 8891
f 8826 8831 8891
f 8826 8891 8889
f 8808 8818 8883
f 8808 8883 8873
f 8754 8819 8885
f 8754 8885 8856
f 8802 8824 8888
f 8802 8888 8879
f 8758 8813 8882
f 8758 8882 8855
f 8841 8803 8880
f 8841 8880 8890
f 8772 8788 8870
f 8772 8870 8862
f 8752 8778 8868
f 8752 8868 8851
f 8748 8784 8866
f 8748 8866 8852
f 8786 8918 8908
f 8786 8908 8765
f 8788 8774 8864
f 8788 8864 8870
f 8917 8789 8773
f 8917 8773 8906
f 8787 8920 8914
f 8787 8914 8769
f 8784 8768 8861
f 8784 8861 8866
f 8778 8764 8858
f 8778 8858 8868
f 8758 8855 8853
f 8758 8853 8750
f 8754 8856 8850
f 8754 8850 8746
f 8923 8921 8907
f 8923 8907 8905
f 8918 8917 8906
f 8918 8906 8908
f 8920 8919 8915
f 8920 8915 8914
f 8927 8925 8911
f 8927 8911 8909
f 8910 8912 8917
f 8910 8917 8918
f 8903 8901 8919
f 8903 8919 8920
f 8902 8904 8922
f 8902 8922 8924
f 8913 8916 8926
f 8913 8926 8928
f 8763 8903 8920
f 8763 8920 8787
f 8939 8953 8981
f 8939 8981 8974
f 8948 8945 9012
f 8948 9012 9015
f 8961 8998 8994
f 8961 8994 8969
f 8951 9009 8987
f 8951 8987 8979
f 8983 8980 8988
f 8983 8988 8991
f 8942 9022 9018
f 8942 9018 8956
f 9024 8935 8949
f 9024 8949 9016
f 8971 8975 8999
f 8971 8999 9003
f 9011 8944 8965
f 9011 8965 8985
f 8943 8946 8967
f 8943 8967 8964
f 8958 8963 8933
f 8958 8933 8929
f 8954 8950 8978
f 8954 8978 8982
f 8977 8972 8936
f 8977 8936 8940
f 8932 8962 8970
f 8932 8970 8947
f 8937 8973 9004
f 8937 9004 9029
f 9017 9010 8952
f 9017 8952 8955
f 9030 9021 8941
f 9030 8941 8938
f 8931 8934 9023
f 8931 9023 9028
f 9000 8976 8984
f 9000 8984 8992
f 9005 8997 8960
f 9005 8960 8957
f 9027 9006 8959
f 9027 8959 8930
f 9030 9032 9025
f 9030 9025 9021
f 9032 9028 9023
f 9032 9023 9025
f 9017 9019 9014
f 9017 9014 9010
f 9019 9015 9012
f 9019 9012 9014
f 8993 8995 8990
f 8993 8990 8986
f 8995 8991 8988
f 8995 8988 8990
f 9005 9007 9001
f 9005 9001 8997
f 9007 9003 8999
f 9007 8999 9001
f 9016 9020 9026
f 9016 9026 9024
f 9020 9018 9022
f 9020 9022 9026
f 8985 8989 9013
f 8985 9013 9011
f 8989 8987 9009
f 8989 9009 9013
f 8992 8996 9002
f 8992 9002 9000
f 8996 8994 8998
f 8996 8998 9002
f 9027 9031 9008
f 9027 9008 9006
f 9031 9029 9004
f 9031 9004 9008
f 8993 8986 8966
f 8993 8966 8968
f 9033 9039 9047
f 9033 9047 9041
f 9035 9034 9042
f 9035 9042 9043
f 9037 9036 9044
f 9037 9044 9045
f 9041 9047 9055
f 9041 9055 9049
f 9043 9042 9050
f 9043 9050 9051
f 9045 9044 9052
f 9045 9052 9053
f 9049 9055 9063
f 9049 9063 9057
f 9051 9050 9058
f 9051 9058 9059
f 9053 9052 9060
f 9053 9060 9061
f 9057 9063 9071
f 9057 9071 9065
f 9059 9058 9066
f 9059 9066 9067
f 9061 9060 9068
f 9061 9068 9069
f 9065 9071 9079
f 9065 9079 9073
f 9067 9066 9074
f 9067 9074 9075
f 9069 9068 9076
f 9069 9076 9077
f 9075 9074 9082
f 9075 9082 9083
f 9077 9076 9084
f 9077 9084 9085
f 9081 9087 9095
f 9081 9095 9089
f 9083 9082 9090
f 9083 9090 9091
f 9085 9084 9092
f 9085 9092 9093
f 9103 9101 9099
f 9103 9099 9107
f 9073 9079 9087
f 9073 9087 9081
f 9093 9092 9102
f 9093 9102 9104
f 9091 9090 9098
f 9091 9098 9100
f 9089 9095 9106
f 9089 9106 9097
f 9105 9108 9096
f 9105 9096 9094
f 9094 9096 9088
f 9094 9088 9086
f 9086 9088 9080
f 9086 9080 9078
f 9078 9080 9072
f 9078 9072 9070
f 9070 9072 9064
f 9070 9064 9062
f 9062 9064 9056
f 9062 9056 9054
f 9054 9056 9048
f 9054 9048 9046
f 9046 9048 9040
f 9046 9040 9038
f 9133 9137 9154
f 9133 9154 9150
f 9127 9131 9146
f 9127 9146 9142
f 9138 9126 9141
f 9138 9141 9155
f 9112 9115 9163
f 9112 9163 9176
f 9109 9121 9149
f 9109 9149 9153
f 9181 9135 9132
f 9181 9132 9170
f 9164 9116 9120
f 9164 9120 9168
f 9119 9124 9188
f 9119 9188 9167
f 9187 9123 9111
f 9187 9111 9175
f 9118 9114 9144
f 9118 9144 9148
f 9130 9134 9151
f 9130 9151 9145
f 9117 9147 9152
f 9117 9152 9122
f 9182 9177 9139
f 9182 9139 9136
f 9161 9166 9172
f 9161 9172 9159
f 9186 9174 9180
f 9186 9180 9184
f 9185 9183 9171
f 9185 9171 9165
f 9157 9169 9129
f 9157 9129 9125
f 9160 9179 9173
f 9160 9173 9162
f 9140 9178 9158
f 9140 9158 9128
f 9143 9113 9110
f 9143 9110 9156
f 9211 9219 9198
f 9211 9198 9196
f 9190 9191 9235
f 9190 9235 9229
f 9237 9192 9199
f 9237 9199 9213
f 9227 9234 9224
f 9227 9224 9208
f 9204 9206 9210
f 9216 9218 9222
f 9232 9225 9230
f 9232 9230 9236
f 9203 9231 9226
f 9203 9226 9205
f 9238 9215 9221
f 9238 9221 9233
f 9220 9212 9207
f 9220 9207 9223
f 9194 9202 9209
f 9194 9209 9195
f 9214 9200 9197
f 9214 9197 9217
f 9189 9228 9201
f 9189 9201 9193
f 9350 9344 9245
f 9350 9245 9253
f 9240 9290 9293
f 9240 9293 9276
f 9347 9345 9241
f 9347 9241 9249
f 9244 9288 9287
f 9244 9287 9274
f 9287 9272 9258
f 9287 9258 9279
f 9262 9354 9421
f 9262 9421 9407
f 9361 9275 9255
f 9361 9255 9352
f 9293 9278 9261
f 9293 9261 9280
f 9359 9273 9259
f 9359 9259 9353
f 9405 9410 9282
f 9405 9282 9268
f 9257 9351 9414
f 9257 9414 9400
f 9260 9279 9411
f 9260 9411 9403
f 9353 9259 9402
f 9353 9402 9420
f 9365 9285 9270
f 9365 9270 9358
f 9398 9416 9355
f 9398 9355 9265
f 9409 9419 9358
f 9409 9358 9270
f 9394 9412 9283
f 9394 9283 9263
f 9346 9243 9273
f 9346 9273 9359
f 9303 9290 9240
f 9303 9240 9247
f 9343 9239 9275
f 9343 9275 9361
f 9297 9288 9244
f 9297 9244 9252
f 9250 9242 9291
f 9250 9291 9300
f 9352 9255 9396
f 9352 9396 9415
f 9412 9408 9269
f 9412 9269 9283
f 9356 9264 9284
f 9356 9284 9364
f 9418 9404 9267
f 9418 9267 9357
f 9276 9293 9280
f 9276 9280 9256
f 9417 9395 9264
f 9417 9264 9356
f 9274 9287 9279
f 9274 9279 9260
f 9286 9289 9246
f 9286 9246 9272
f 9292 9291 9242
f 9292 9242 9278
f 9288 9297 9331
f 9288 9331 9286
f 9382 9319 9305
f 9382 9305 9371
f 9254 9246 9289
f 9254 9289 9294
f 9292 9290 9303
f 9303 9318 9322
f 9303 9322 9292
f 9347 9249 9309
f 9347 9309 9374
f 9250 9300 9310
f 9370 9304 9314
f 9370 9314 9380
f 9291 9292 9322
f 9322 9320 9300
f 9322 9300 9291
f 9297 9252 9307
f 9303 9247 9313
f 9350 9253 9315
f 9350 9315 9379
f 9286 9333 9294
f 9286 9294 9289
f 9254 9294 9316
f 9368 9298 9308
f 9368 9308 9377
f 9318 9323 9322
f 9323 9325 9322
f 9325 9327 9322
f 9327 9329 9322
f 9329 9320 9322
f 9331 9335 9286
f 9335 9337 9286
f 9337 9339 9286
f 9339 9341 9286
f 9341 9333 9286
f 9383 9334 9342
f 9383 9342 9385
f 9385 9342 9340
f 9385 9340 9387
f 9387 9340 9338
f 9387 9338 9389
f 9389 9338 9336
f 9389 9336 9391
f 9391 9336 9332
f 9391 9332 9393
f 9366 9301 9321
f 9366 9321 9392
f 9299 9369 9393
f 9299 9393 9332
f 9330 9390 9392
f 9330 9392 9321
f 9328 9388 9390
f 9328 9390 9330
f 9326 9386 9388
f 9326 9388 9328
f 9324 9384 9386
f 9324 9386 9326
f 9319 9382 9384
f 9319 9384 9324
f 9302 9367 9376
f 9302 9376 9311
f 9248 9349 9378
f 9248 9378 9312
f 9295 9372 9381
f 9295 9381 9317
f 9251 9348 9375
f 9251 9375 9306
f 9334 9383 9373
f 9334 9373 9296
f 9265 9355 9363
f 9265 9363 9281
f 9245 9344 9362
f 9245 9362 9271
f 9241 9345 9360
f 9241 9360 9277
f 9279 9258 9401
f 9279 9401 9411
f 9281 9363 9357
f 9281 9357 9267
f 9410 9399 9266
f 9410 9266 9282
f 9280 9261 9406
f 9280 9406 9413
f 9277 9360 9354
f 9277 9354 9262
f 9271 9362 9351
f 9271 9351 9257
f 9251 9243 9346
f 9251 9346 9348
f 9248 9239 9343
f 9248 9343 9349
f 9416 9398 9400
f 9416 9400 9414
f 9411 9401 9399
f 9411 9399 9410
f 9413 9406 9408
f 9413 9408 9412
f 9420 9402 9404
f 9420 9404 9418
f 9403 9411 9410
f 9403 9410 9405
f 9397 9413 9412
f 9397 9412 9394
f 9395 9417 9415
f 9395 9415 9396
f 9407 9421 9419
f 9407 9419 9409
f 9256 9280 9413
f 9256 9413 9397
f 9432 9469 9477
f 9432 9477 9447
f 9441 9508 9505
f 9441 9505 9438
f 9455 9462 9486
f 9455 9486 9491
f 9444 9472 9480
f 9444 9480 9502
f 9476 9485 9481
f 9476 9481 9473
f 9435 9449 9511
f 9435 9511 9515
f 9517 9509 9442
f 9517 9442 9428
f 9464 9496 9492
f 9464 9492 9467
f 9504 9478 9458
f 9504 9458 9437
f 9436 9457 9461
f 9436 9461 9440
f 9451 9422 9426
f 9451 9426 9456
f 9446 9474 9471
f 9446 9471 9443
f 9470 9433 9429
f 9470 9429 9465
f 9425 9439 9460
f 9425 9460 9453
f 9430 9522 9497
f 9430 9497 9466
f 9510 9448 9445
f 9510 9445 9503
f 9523 9431 9434
f 9523 9434 9514
f 9424 9521 9516
f 9424 9516 9427
f 9493 9484 9475
f 9493 9475 9468
f 9498 9450 9454
f 9498 9454 9490
f 9520 9423 9452
f 9520 9452 9499
f 9523 9514 9518
f 9523 9518 9525
f 9525 9518 9516
f 9525 9516 9521
f 9510 9503 9507
f 9510 9507 9512
f 9512 9507 9505
f 9512 9505 9508
f 9487 9479 9483
f 9487 9483 9489
f 9489 9483 9481
f 9489 9481 9485
f 9498 9490 9494
f 9498 9494 9500
f 9500 9494 9492
f 9500 9492 9496
f 9509 9517 9519
f 9509 9519 9513
f 9513 9519 9515
f 9513 9515 9511
f 9478 9504 9506
f 9478 9506 9482
f 9482 9506 9502
f 9482 9502 9480
f 9484 9493 9495
f 9484 9495 9488
f 9488 9495 9491
f 9488 9491 9486
f 9520 9499 9501
f 9520 9501 9524
f 9524 9501 9497
f 9524 9497 9522
f 9487 9463 9459
f 9487 9459 9479
f 9527 9535 9540
f 9527 9540 9532
f 9529 9537 9534
f 9529 9534 9526
f 9530 9538 9536
f 9530 9536 9528
f 9535 9543 9548
f 9535 9548 9540
f 9537 9545 9542
f 9537 9542 9534
f 9538 9546 9544
f 9538 9544 9536
f 9543 9551 9556
f 9543 9556 9548
f 9545 9553 9550
f 9545 9550 9542
f 9546 9554 9552
f 9546 9552 9544
f 9551 9559 9564
f 9551 9564 9556
f 9553 9561 9558
f 9553 9558 9550
f 9554 9562 9560
f 9554 9560 9552
f 9559 9567 9572
f 9559 9572 9564
f 9561 9569 9566
f 9561 9566 9558
f 9562 9570 9568
f 9562 9568 9560
f 9569 9577 9574
f 9569 9574 9566
f 9570 9578 9576
f 9570 9576 9568
f 9575 9583 9588
f 9575 9588 9580
f 9577 9585 9582
f 9577 9582 9574
f 9578 9586 9584
f 9578 9584 9576
f 9597 9599 9591
f 9597 9591 9595
f 9567 9575 9580
f 9567 9580 9572
f 9586 9596 9593
f 9586 9593 9584
f 9585 9594 9590
f 9585 9590 9582
f 9583 9592 9600
f 9583 9600 9588
f 9598 9587 9589
f 9598 9589 9601
f 9587 9579 9581
f 9587 9581 9589
f 9579 9571 9573
f 9579 9573 9581
f 9571 9563 9565
f 9571 9565 9573
f 9563 9555 9557
f 9563 9557 9565
f 9555 9547 9549
f 9555 9549 9557
f 9547 9539 9541
f 9547 9541 9549
f 9539 9531 9533
f 9539 9533 9541
f 9629 9643 9648
f 9629 9648 9632
f 9618 9636 9639
f 9618 9639 9623
f 9631 9647 9637
f 9631 9637 9619
f 9604 9668 9655
f 9604 9655 9608
f 9603 9649 9645
f 9603 9645 9615
f 9674 9662 9622
f 9674 9622 9626
f 9657 9660 9612
f 9657 9612 9609
f 9613 9661 9680
f 9613 9680 9616
f 9681 9669 9605
f 9681 9605 9617
f 9610 9638 9635
f 9610 9635 9607
f 9624 9640 9642
f 9624 9642 9628
f 9611 9614 9644
f 9611 9644 9641
f 9675 9627 9630
f 9675 9630 9670
f 9656 9653 9665
f 9656 9665 9659
f 9679 9677 9672
f 9679 9672 9666
f 9678 9658 9664
f 9678 9664 9676
f 9650 9620 9625
f 9650 9625 9663
f 9652 9654 9667
f 9652 9667 9673
f 9633 9621 9651
f 9633 9651 9671
f 9634 9646 9602
f 9634 9602 9606
f 9704 9689 9691
f 9704 9691 9712
f 9682 9722 9729
f 9682 9729 9684
f 9730 9706 9692
f 9730 9692 9685
f 9720 9701 9717
f 9720 9717 9727
f 9697 9703 9699
f 9709 9715 9711
f 9725 9728 9721
f 9725 9721 9718
f 9696 9698 9719
f 9696 9719 9724
f 9731 9726 9714
f 9731 9714 9708
f 9713 9716 9700
f 9713 9700 9705
f 9687 9688 9702
f 9687 9702 9695
f 9707 9710 9690
f 9707 9690 9693
f 9683 9686 9694
f 9683 9694 9723
f 9843 9746 9738
f 9843 9738 9837
f 9733 9769 9786
f 9733 9786 9783
f 9840 9742 9734
f 9840 9734 9838
f 9737 9767 9780
f 9737 9780 9781
f 9780 9772 9751
f 9780 9751 9765
f 9754 9899 9914
f 9754 9914 9847
f 9854 9845 9748
f 9854 9748 9768
f 9786 9773 9755
f 9786 9755 9771
f 9853 9846 9752
f 9853 9752 9766
f 9898 9761 9775
f 9898 9775 9903
f 9750 9893 9907
f 9750 9907 9844
f 9753 9896 9904
f 9753 9904 9772
f 9846 9913 9895
f 9846 9895 9752
f 9857 9851 9763
f 9857 9763 9777
f 9891 9758 9848
f 9891 9848 9909
f 9902 9763 9851
f 9902 9851 9912
f 9887 9756 9776
f 9887 9776 9905
f 9839 9853 9766
f 9839 9766 9736
f 9796 9741 9733
f 9796 9733 9783
f 9836 9854 9768
f 9836 9768 9732
f 9790 9745 9737
f 9790 9737 9781
f 9743 9793 9784
f 9743 9784 9735
f 9845 9908 9890
f 9845 9890 9748
f 9905 9776 9762
f 9905 9762 9901
f 9849 9858 9778
f 9849 9778 9757
f 9911 9850 9760
f 9911 9760 9897
f 9769 9749 9773
f 9769 9773 9786
f 9910 9849 9757
f 9910 9757 9888
f 9767 9753 9772
f 9767 9772 9780
f 9779 9765 9739
f 9779 9739 9782
f 9785 9771 9735
f 9785 9735 9784
f 9781 9779 9824
f 9781 9824 9790
f 9875 9863 9797
f 9875 9797 9812
f 9747 9787 9782
f 9747 9782 9739
f 9796 9783 9785
f 9785 9815 9811
f 9785 9811 9796
f 9840 9867 9802
f 9840 9802 9742
f 9743 9803 9793
f 9864 9873 9807
f 9864 9807 9798
f 9815 9785 9784
f 9784 9793 9813
f 9784 9813 9815
f 9790 9800 9745
f 9796 9806 9741
f 9843 9872 9808
f 9843 9808 9746
f 9779 9782 9787
f 9779 9787 9826
f 9747 9809 9787
f 9861 9870 9801
f 9861 9801 9791
f 9811 9815 9816
f 9816 9815 9818
f 9818 9815 9820
f 9820 9815 9822
f 9822 9815 9813
f 9824 9779 9828
f 9828 9779 9830
f 9830 9779 9832
f 9832 9779 9834
f 9834 9779 9826
f 9876 9878 9835
f 9876 9835 9827
f 9878 9880 9833
f 9878 9833 9835
f 9880 9882 9831
f 9880 9831 9833
f 9882 9884 9829
f 9882 9829 9831
f 9884 9886 9825
f 9884 9825 9829
f 9860 9885 9814
f 9860 9814 9795
f 9792 9825 9886
f 9792 9886 9862
f 9823 9814 9885
f 9823 9885 9883
f 9821 9823 9883
f 9821 9883 9881
f 9819 9821 9881
f 9819 9881 9879
f 9817 9819 9879
f 9817 9879 9877
f 9812 9817 9877
f 9812 9877 9875
f 9794 9804 9869
f 9794 9869 9859
f 9740 9805 9871
f 9740 9871 9842
f 9788 9810 9874
f 9788 9874 9865
f 9744 9799 9868
f 9744 9868 9841
f 9827 9789 9866
f 9827 9866 9876
f 9758 9774 9856
f 9758 9856 9848
f 9738 9764 9855
f 9738 9855 9837
f 9734 9770 9852
f 9734 9852 9838
f 9772 9904 9894
f 9772 9894 9751
f 9774 9760 9850
f 9774 9850 9856
f 9903 9775 9759
f 9903 9759 9892
f 9773 9906 9900
f 9773 9900 9755
f 9770 9754 9847
f 9770 9847 9852
f 9764 9750 9844
f 9764 9844 9855
f 9744 9841 9839
f 9744 9839 9736
f 9740 9842 9836
f 9740 9836 9732
f 9909 9907 9893
f 9909 9893 9891
f 9904 9903 9892
f 9904 9892 9894
f 9906 9905 9901
f 9906 9901 9900
f 9913 9911 9897
f 9913 9897 9895
f 9896 9898 9903
f 9896 9903 9904
f 9889 9887 9905
f 9889 9905 9906
f 9888 9890 9908
f 9888 9908 9910
f 9899 9902 9912
f 9899 9912 9914
f 9749 9889 9906
f 9749 9906 9773
f 9925 9939 9967
f 9925 9967 9960
f 9934 9931 9998
f 9934 9998 10001
f 9947 9984 9980
f 9947 9980 9955
f 9937 9995 9973
f 9937 9973 9965
f 9969 9966 9974
f 9969 9974 9977
f 9928 10008 10004
f 9928 10004 9942
f 10010 9921 9935
f 10010 9935 10002
f 9957 9961 9985
f 9957 9985 9989
f 9997 9930 9951
f 9997 9951 9971
f 9929 9932 9953
f 9929 9953 9950
f 9944 9949 9919
f 9944 9919 9915
f 9940 9936 9964
f 9940 9964 9968
f 9963 9958 9922
f 9963 9922 9926
f 9918 9948 9956
f 9918 9956 9933
f 9923 9959 9990
f 9923 9990 10015
f 10003 9996 9938
f 10003 9938 9941
f 10016 10007 9927
f 10016 9927 9924
f 9917 9920 10009
f 9917 10009 10014
f 9986 9962 9970
f 9986 9970 9978
f 9991 9983 9946
f 9991 9946 9943
f 10013 9992 9945
f 10013 9945 9916
f 10016 10018 10011
f 10016 10011 10007
f 10018 10014 10009
f 10018 10009 10011
f 10003 10005 10000
f 10003 10000 9996
f 10005 10001 9998
f 10005 9998 10000
f 9979 9981 9976
f 9979 9976 9972
f 9981 9977 9974
f 9981 9974 9976
f 9991 9993 9987
f 9991 9987 9983
f 9993 9989 9985
f 9993 9985 9987
f 10002 10006 10012
f 10002 10012 10010
f 10006 10004 10008
f 10006 10008 10012
f 9971 9975 9999
f 9971 9999 9997
f 9975 9973 9995
f 9975 9995 9999
f 9978 9982 9988
f 9978 9988 9986
f 9982 9980 9984
f 9982 9984 9988
f 10013 10017 9994
f 10013 9994 9992
f 10017 10015 9990
f 10017 9990 9994
f 9979 9972 9952
f 9979 9952 9954
f 10019 10025 10033
f 10019 10033 10027
f 10021 10020 10028
f 10021 10028 10029
f 10023 10022 10030
f 10023 10030 10031
f 10027 10033 10041
f 10027 10041 10035
f 10029 10028 10036
f 10029 10036 10037
f 10031 10030 10038
f 10031 10038 10039
f 10035 10041 10049
f 10035 10049 10043
f 10037 10036 10044
f 10037 10044 10045
f 10039 10038 10046
f 10039 10046 10047
f 10043 10049 10057
f 10043 10057 10051
f 10045 10044 10052
f 10045 10052 10053
f 10047 10046 10054
f 10047 10054 10055
f 10051 10057 10065
f 10051 10065 10059
f 10053 10052 10060
f 10053 10060 10061
f 10055 10054 10062
f 10055 10062 10063
f 10061 10060 10068
f 10061 10068 10069
f 10063 10062 10070
f 10063 10070 10071
f 10067 10073 10081
f 10067 10081 10075
f 10069 10068 10076
f 10069 10076 10077
f 10071 10070 10078
f 10071 10078 10079
f 10089 10087 10085
f 10089 10085 10093
f 10059 10065 10073
f 10059 10073 10067
f 10079 10078 10088
f 10079 10088 10090
f 10077 10076 10084
f 10077 10084 10086
f 10075 10081 10092
f 10075 10092 10083
f 10091 10094 10082
f 10091 10082 10080
f 10080 10082 10074
f 10080 10074 10072
f 10072 10074 10066
f 10072 10066 10064
f 10064 10066 10058
f 10064 10058 10056
f 10056 10058 10050
f 10056 10050 10048
f 10048 10050 10042
f 10048 10042 10040
f 10040 10042 10034
f 10040 10034 10032
f 10032 10034 10026
f 10032 10026 10024
f 10119 10123 10141
f 10119 10141 10136
f 10113 10117 10132
f 10113 10132 10129
f 10124 10112 10128
f 10124 10128 10142
f 10097 10101 10149
f 10097 10149 10161
f 10096 10107 10135
f 10096 10135 10140
f 10167 10121 10118
f 10167 10118 10156
f 10150 10102 10105
f 10150 10105 10153
f 10106 10110 10174
f 10106 10174 10154
f 10173 10109 10098
f 10173 10098 10162
f 10104 10100 10130
f 10104 10130 10134
f 10116 10120 10137
f 10116 10137 10131
f 10103 10133 10138
f 10103 10138 10108
f 10168 10163 10125
f 10168 10125 10122
f 10147 10152 10158
f 10147 10158 10145
f 10172 10160 10166
f 10172 10166 10170
f 10171 10169 10157
f 10171 10157 10151
f 10143 10155 10115
f 10143 10115 10111
f 10146 10165 10159
f 10146 10159 10148
f 10126 10164 10144
f 10126 10144 10114
f 10127 10099 10095
f 10127 10095 10139
