# Evaluated render-only extract from Quaternius's CC0 Modular Character Outfits - Fantasy
o Male_Ranger_Arms
v 0.1775715 0.0283544 1.4231040
v 0.1776723 0.0669220 1.5212893
v 0.1755951 0.0614534 1.3933057
v 0.1761701 0.0446533 1.4164387
v 0.1761701 0.0446533 1.4164387
v 0.1809457 0.1262380 1.4881859
v 0.1836353 0.1160672 1.4167310
v 0.1818470 0.0035969 1.4491944
v 0.1803536 0.0094260 1.4294068
v 0.1703995 0.1071805 1.5079879
v 0.1703995 0.1071805 1.5079879
v 0.1771649 0.0061992 1.4984668
v 0.1771649 0.0061992 1.4984668
v 0.1694311 0.0594143 1.5257770
v 0.1694311 0.0594143 1.5257770
v 0.1641197 0.1248484 1.4598820
v 0.1641197 0.1248484 1.4598820
v 0.1737542 -0.0090939 1.4342453
v 0.1737542 -0.0090939 1.4342453
v 0.1753006 -0.0056192 1.4682539
v 0.1753006 -0.0056192 1.4682539
v 0.1666174 0.1270815 1.4881794
v 0.1666174 0.1270815 1.4881794
v 0.1731959 0.0924660 1.5226338
v 0.1731959 0.0924660 1.5226338
v 0.1697894 0.0301861 1.5166503
v 0.1697894 0.0301861 1.5166503
v 0.1574356 0.1046659 1.4119956
v 0.1574356 0.1046659 1.4119956
v 0.1667110 0.0505091 1.3894053
v 0.1667110 0.0505091 1.3894053
v 0.1648526 0.0808354 1.3871173
v 0.1648526 0.0808354 1.3871173
v 0.1625176 0.0312474 1.3999493
v 0.1625176 0.0312474 1.3999493
v 0.1625176 0.0312474 1.3999493
v 0.1625176 0.0312474 1.3999493
v 0.1592287 0.1147196 1.4326013
v 0.1592287 0.1147196 1.4326013
v 0.1723579 -0.0099969 1.4150485
v 0.1723579 -0.0099969 1.4150485
v 0.1658452 0.0051936 1.4004685
v 0.1658452 0.0051936 1.4004685
v 0.1795942 0.1189433 1.5041633
v 0.4260744 0.1018917 1.4851274
v 0.4279298 0.1179728 1.4223363
v 0.4329794 0.0378062 1.4900604
v 0.4292626 0.0567527 1.4155922
v 0.2396960 0.0483115 1.4125512
v 0.2396960 0.0483115 1.4125512
v 0.2646485 0.0313935 1.4213325
v 0.2325746 0.1134884 1.4940305
v 0.2341752 0.0269999 1.5038407
v 0.3837085 0.1084661 1.4779829
v 0.3893589 0.0341420 1.4842049
v 0.3933085 0.1148501 1.4239264
v 0.3950397 0.0521287 1.4187510
v 0.4255120 0.0677758 1.5018368
v 0.2250284 0.0720317 1.5199803
v 0.3855633 0.0751581 1.4945259
v 0.4774950 0.0938613 1.4936801
v 0.4721034 0.0297272 1.4888127
v 0.4806064 0.1264204 1.4231486
v 0.4665487 0.0658131 1.4002699
v 0.4705607 0.0575254 1.5050151
v 0.2474566 0.1298289 1.4575739
v 0.3858171 0.1251876 1.4513469
v 0.4809230 0.1232560 1.4646615
v 0.4235661 0.0888192 1.4056963
v 0.2679586 0.0699381 1.4054745
v 0.3938531 0.0869579 1.4149569
v 0.4749332 0.0982276 1.3977467
v 0.2532393 0.0080824 1.4486058
v 0.2460437 0.0160855 1.4711732
v 0.4469272 0.0330764 1.4432232
v 0.4456721 0.0316765 1.4634365
v 0.3987657 0.0142412 1.4480500
v 0.3945869 0.0161915 1.4668933
v 0.4734780 0.0354904 1.4384578
v 0.4754567 0.0287118 1.4606587
v 0.3246897 0.1208521 1.4213247
v 0.3326375 0.0426343 1.4233921
v 0.3022159 0.1134886 1.4883239
v 0.3100048 0.0337638 1.4924220
v 0.3043982 0.0742225 1.4957242
v 0.3128024 0.1214759 1.4558721
v 0.3334443 0.0822056 1.4082339
v 0.3191635 0.0132242 1.4722928
v 0.3265650 0.0101303 1.4516573
v 0.4257962 0.1056898 1.4105000
v 0.2683161 0.1006913 1.4040560
v 0.3938263 0.1026095 1.4157770
v 0.4772315 0.1153532 1.4063590
v 0.3301569 0.1050317 1.4104602
v 0.3431612 0.1107509 1.4826698
v 0.3499734 0.0333891 1.4900953
v 0.3454338 0.0755575 1.4923871
v 0.3535625 0.1242673 1.4519795
v 0.3670989 0.0853480 1.4103537
v 0.3555120 0.0128663 1.4699361
v 0.3609610 0.0098457 1.4491469
v 0.3616347 0.1179293 1.4215777
v 0.3641601 0.0497368 1.4210975
v 0.3656340 0.1048964 1.4104872
v 0.2812019 0.1227297 1.4191275
v 0.2899578 0.0363928 1.4211389
v 0.2574635 0.1116421 1.4889582
v 0.2643265 0.0339981 1.4949564
v 0.2565420 0.0732791 1.5118003
v 0.2678331 0.1288336 1.4562256
v 0.2912674 0.0754634 1.4068916
v 0.2731430 0.0135651 1.4712205
v 0.2808982 0.0081881 1.4479334
v 0.2886514 0.1037298 1.4071689
v 0.5110272 0.0859841 1.4939964
v 0.5528754 0.0729363 1.4910769
v 0.5950600 0.0637046 1.4862803
v 0.6327844 0.0310807 1.4519838
v 0.5119340 0.0272675 1.4785763
v 0.5550541 0.0265279 1.4669807
v 0.5969545 0.0287808 1.4584372
v 0.6306726 0.0605730 1.4808770
v 0.5079117 0.0500259 1.4995658
v 0.5524422 0.0438633 1.4865921
v 0.5948004 0.0423138 1.4789867
v 0.6316274 0.0332376 1.4647058
v 0.6305277 0.0491254 1.4792010
v 0.6039099 0.1051430 1.4424152
v 0.5594403 0.1165072 1.4346561
v 0.5181999 0.1259190 1.4279438
v 0.6308209 0.0391418 1.4736542
v 0.6067196 0.0750384 1.4136736
v 0.5625972 0.0724057 1.4099853
v 0.5128998 0.0691148 1.4026175
v 0.5157191 0.1189949 1.4680485
v 0.5561904 0.1067167 1.4699143
v 0.5998193 0.0922478 1.4710338
v 0.6344591 0.0328128 1.4384648
v 0.5130893 0.1016134 1.4007425
v 0.5625875 0.1015609 1.4110653
v 0.6074300 0.0998656 1.4213427
v 0.6361382 0.0450541 1.4278542
v 0.5151396 0.0254481 1.4542923
v 0.5576894 0.0263478 1.4450970
v 0.5997319 0.0293582 1.4387541
v 0.6319187 0.0730621 1.4785707
v 0.5186769 0.0393991 1.4298499
v 0.5602556 0.0422885 1.4256572
v 0.6023877 0.0421975 1.4265633
v 0.6332235 0.0863670 1.4710521
v 0.5156513 0.1174510 1.4104444
v 0.5605891 0.1120641 1.4201815
v 0.6060034 0.1042513 1.4303542
v 0.6357602 0.0999782 1.4504250
v 0.4504677 0.1232283 1.4214262
v 0.4490099 0.0595998 1.4077325
v 0.4486170 0.0991312 1.4912550
v 0.4492738 0.0340099 1.4907906
v 0.4456996 0.0637104 1.5041627
v 0.4500059 0.1269922 1.4610831
v 0.4463842 0.0934326 1.3989464
v 0.4557959 0.0344846 1.4616323
v 0.4573231 0.0370923 1.4409080
v 0.4477338 0.1112570 1.4059712
v 0.4050372 0.1054257 1.4806855
v 0.4131077 0.0388794 1.4833612
v 0.4085174 0.1142817 1.4239326
v 0.4164477 0.0562553 1.4200486
v 0.4062679 0.0762052 1.4987972
v 0.4063116 0.1250320 1.4530387
v 0.4127136 0.0876234 1.4112905
v 0.4176868 0.0209868 1.4651334
v 0.4198738 0.0201867 1.4453321
v 0.4106240 0.1022825 1.4150870
v 0.4250316 0.0716224 1.4082938
v 0.4250316 0.0716224 1.4082938
v 0.2675114 0.0522394 1.4133728
v 0.2675114 0.0522394 1.4133728
v 0.3939883 0.0715627 1.4175947
v 0.3939883 0.0715627 1.4175947
v 0.4715640 0.0804505 1.3956274
v 0.4715640 0.0804505 1.3956274
v 0.3333671 0.0626814 1.4147750
v 0.3333671 0.0626814 1.4147750
v 0.3658772 0.0665860 1.4137162
v 0.3658772 0.0665860 1.4137162
v 0.2911948 0.0568326 1.4138840
v 0.2911948 0.0568326 1.4138840
v 0.5164813 0.0879497 1.3989882
v 0.5164813 0.0879497 1.3989882
v 0.5631757 0.0876202 1.4077015
v 0.5631757 0.0876202 1.4077015
v 0.6076900 0.0907395 1.4147432
v 0.6076900 0.0907395 1.4147432
v 0.6343740 0.0961462 1.4620420
v 0.4468225 0.0747705 1.3998700
v 0.4468225 0.0747705 1.3998700
v 0.4144930 0.0724234 1.4142264
v 0.4144930 0.0724234 1.4142264
v 0.2553101 0.1279775 1.4382548
v 0.1825264 0.1222700 1.4364346
v 0.3880620 0.1224239 1.4364659
v 0.4814223 0.1261591 1.4438006
v 0.3187167 0.1223105 1.4383135
v 0.3576737 0.1201299 1.4365079
v 0.2739823 0.1267610 1.4375287
v 0.5177596 0.1239274 1.4481311
v 0.5580748 0.1135891 1.4524000
v 0.6017214 0.1023504 1.4581448
v 0.6372008 0.1000449 1.4393300
v 0.4510339 0.1286176 1.4404497
v 0.4076264 0.1245382 1.4365983
v 0.4281017 0.1135576 1.4762150
v 0.2377970 0.1210525 1.4785056
v 0.3853602 0.1183289 1.4667373
v 0.4796350 0.1118683 1.4829369
v 0.3065237 0.1219861 1.4740613
v 0.3486659 0.1198736 1.4664023
v 0.2611025 0.1234376 1.4772769
v 0.5141147 0.1045547 1.4844595
v 0.5543007 0.0911657 1.4837108
v 0.5974873 0.0785260 1.4825020
v 0.6384825 0.0971648 1.4275173
v 0.4485318 0.1126160 1.4809300
v 0.4051637 0.1149224 1.4694451
v 0.4250835 0.0869298 1.4971489
v 0.2263333 0.0969730 1.5114563
v 0.3844992 0.0936784 1.4891353
v 0.4743618 0.0757145 1.5007284
v 0.3026320 0.0953535 1.4940521
v 0.3443341 0.0932860 1.4876220
v 0.2550234 0.0933930 1.5038717
v 0.5077988 0.0678080 1.4989313
v 0.5525901 0.0575125 1.4896518
v 0.5946907 0.0517677 1.4839518
v 0.6389042 0.0894363 1.4204671
v 0.6389042 0.0894363 1.4204671
v 0.4472835 0.0817450 1.4994371
v 0.4051008 0.0922235 1.4941595
v 0.1742977 0.0332736 1.5145634
v 0.4279736 0.0510934 1.4993205
v 0.2263813 0.0467661 1.5180008
v 0.3872234 0.0540228 1.4913000
v 0.4702443 0.0415496 1.4999636
v 0.3059745 0.0513165 1.4985256
v 0.3482198 0.0523215 1.4960959
v 0.2598178 0.0484022 1.5094955
v 0.5087458 0.0373474 1.4923170
v 0.5534382 0.0338543 1.4797071
v 0.5956371 0.0347879 1.4710695
v 0.6384134 0.0741993 1.4200033
v 0.4467499 0.0461426 1.4999678
v 0.4091912 0.0557690 1.4967211
v 0.2602667 0.0181059 1.4286348
v 0.4358675 0.0459986 1.4243219
v 0.3972267 0.0339489 1.4290632
v 0.4693379 0.0499763 1.4138918
v 0.3326468 0.0239053 1.4294235
v 0.3636422 0.0276186 1.4268801
v 0.2870736 0.0203909 1.4278829
v 0.5162896 0.0520480 1.4132626
v 0.5615059 0.0571334 1.4172206
v 0.6051687 0.0597970 1.4181323
v 0.6375864 0.0599816 1.4228977
v 0.4530182 0.0472890 1.4197507
v 0.4188241 0.0390458 1.4273292
v 0.2360680 0.1223762 1.4191070
v 0.2334423 0.0273436 1.4227294
v 0.2060962 0.1154137 1.5008013
v 0.2107688 0.0218180 1.4991323
v 0.2050363 0.0704636 1.5197787
v 0.2199908 0.1264177 1.4604346
v 0.2158700 0.0117087 1.4698694
v 0.2190393 0.0117067 1.4489059
v 0.2449768 0.0949024 1.4002306
v 0.2295945 0.1270115 1.4380450
v 0.2096415 0.1240412 1.4845139
v 0.2007004 0.0972792 1.5170275
v 0.2046835 0.0422247 1.5149233
v 0.2280318 0.0144069 1.4308966
v 0.2811162 0.1126762 1.4906535
v 0.2861016 0.0320806 1.4928370
v 0.2845249 0.0751713 1.4944386
v 0.2916976 0.1249981 1.4568027
v 0.3130467 0.0789327 1.4090232
v 0.2937633 0.0129637 1.4726578
v 0.3033493 0.0090790 1.4507514
v 0.3108402 0.1046307 1.4098891
v 0.3051636 0.1217346 1.4206699
v 0.3104149 0.0390105 1.4232780
v 0.3115525 0.0599260 1.4157747
v 0.3115525 0.0599260 1.4157747
v 0.2979402 0.1244575 1.4382274
v 0.2850619 0.1232400 1.4763851
v 0.2822947 0.0934685 1.4946758
v 0.2848403 0.0492839 1.4992914
v 0.3090959 0.0218862 1.4291906
v 0.4431745 0.1239918 1.4298023
v 0.4296881 0.1254086 1.4310825
v 0.4316883 0.1302342 1.4410933
v 0.4300116 0.1195264 1.4683716
v 0.4322575 0.1287721 1.4572972
v 0.4153672 0.1257308 1.4527620
v 0.4427965 0.1282364 1.4573193
v 0.4434465 0.1291905 1.4430132
v 0.4415441 0.1192171 1.4711038
v 0.4174554 0.1243190 1.4328544
v 0.4159350 0.1262427 1.4412941
v 0.4150625 0.1213945 1.4641842
v 0.2429879 0.0657129 1.4035916
v 0.2644320 0.1226663 1.4178993
v 0.1816584 0.0119647 1.4959706
v 0.1810097 0.1311112 1.4641769
v 0.1833844 0.0032315 1.4652514
v 0.1849728 0.0904600 1.3910760
v 0.1789199 0.0941684 1.5194403
v 0.6701185 0.0881332 1.4261907
v 0.6701185 0.0881332 1.4261907
v 0.6695350 0.0944639 1.4336914
v 0.6683983 0.0958385 1.4483060
v 0.6670268 0.0899421 1.4659394
v 0.6666276 0.0804863 1.4710702
v 0.6663501 0.0675983 1.4746395
v 0.6662852 0.0574415 1.4754736
v 0.6663648 0.0464832 1.4744502
v 0.6668414 0.0359698 1.4683217
v 0.6676177 0.0316873 1.4583426
v 0.6686142 0.0333807 1.4455303
v 0.6691862 0.0362674 1.4381759
v 0.6700038 0.0601661 1.4276631
v 0.6698886 0.0479108 1.4291451
v 0.6701074 0.0733603 1.4263334
v 0.6676106 0.0948133 1.4584348
v 0.6716396 0.0968340 1.4596093
v 0.6716396 0.0968340 1.4596093
v 0.6742736 0.0976411 1.4479983
v 0.6742736 0.0976411 1.4479983
v 0.6742736 0.0976411 1.4479983
v 0.6739164 0.0955033 1.4343153
v 0.6739164 0.0955033 1.4343153
v 0.6739658 0.0892576 1.4273655
v 0.6739658 0.0892576 1.4273655
v 0.6739658 0.0892576 1.4273655
v 0.6734827 0.0746410 1.4304162
v 0.6734827 0.0746410 1.4304162
v 0.6743417 0.0619678 1.4286083
v 0.6743417 0.0619678 1.4286083
v 0.6743417 0.0619678 1.4286083
v 0.7526125 0.0226612 1.4189693
v 0.7526125 0.0226612 1.4189693
v 0.7515633 0.0234647 1.4274503
v 0.7515633 0.0234647 1.4274503
v 0.7533026 0.0223337 1.4372101
v 0.7533026 0.0223337 1.4372101
v 0.7457883 0.0192859 1.4317981
v 0.7618840 0.0219503 1.4409142
v 0.7618840 0.0219503 1.4409142
v 0.7510128 0.0201773 1.4397973
v 0.7728494 0.0209959 1.4427271
v 0.7728494 0.0209959 1.4427271
v 0.7881360 0.0213385 1.4430546
v 0.7881360 0.0213385 1.4430546
v 0.7724559 0.0205167 1.4475738
v 0.7614192 0.0206463 1.4454055
v 0.7973661 0.0225847 1.4438230
v 0.7973661 0.0225847 1.4438230
v 0.7854456 0.0219346 1.4527588
v 0.7970691 0.0224021 1.4495620
v 0.7560310 0.0471724 1.4699914
v 0.7375209 0.0462387 1.4708976
v 0.7223402 0.0450129 1.4707700
v 0.7226442 0.0575527 1.4737389
v 0.7379854 0.0587836 1.4724219
v 0.7082296 0.0569090 1.4751134
v 0.7073450 0.0452780 1.4720825
v 0.6943792 0.0450914 1.4735411
v 0.6950220 0.0565462 1.4767745
v 0.6819116 0.0448081 1.4723251
v 0.6815043 0.0564726 1.4749420
v 0.7096348 0.0845933 1.4726959
v 0.7230732 0.0861216 1.4722166
v 0.7368467 0.0874772 1.4716544
v 0.7506843 0.0889285 1.4702432
v 0.7544606 0.0611148 1.4726266
v 0.7985837 0.0268106 1.4556084
v 0.7986229 0.0364638 1.4594033
v 0.8031718 0.0442677 1.4551901
v 0.6769912 0.0520550 1.4284278
v 0.6769912 0.0520550 1.4284278
v 0.7096583 0.0401831 1.4140919
v 0.7096583 0.0401831 1.4140919
v 0.6985009 0.0376050 1.4232612
v 0.7162282 0.0376002 1.4104245
v 0.7162282 0.0376002 1.4104245
v 0.7051171 0.0310080 1.4167675
v 0.7112266 0.0265689 1.4129013
v 0.7225416 0.0329920 1.4071368
v 0.7225416 0.0329920 1.4071368
v 0.7163923 0.0221998 1.4106679
v 0.7148405 0.0153604 1.4136280
v 0.7090135 0.0184783 1.4175183
v 0.7027509 0.0219296 1.4223998
v 0.6973237 0.0254364 1.4292294
v 0.6787336 0.0397117 1.4353038
v 0.6787336 0.0397117 1.4353038
v 0.6780891 0.0329289 1.4425304
v 0.6780891 0.0329289 1.4425304
v 0.6752232 0.0305380 1.4549798
v 0.6752232 0.0305380 1.4549798
v 0.6977177 0.0215058 1.4351152
v 0.7039170 0.0186676 1.4332815
v 0.7134928 0.0155335 1.4279222
v 0.7193246 0.0118430 1.4221218
v 0.7187226 0.0126548 1.4373941
v 0.7322748 0.0058848 1.4263796
v 0.7264968 0.0086388 1.4324915
v 0.7082678 0.0185761 1.4437718
v 0.6948991 0.0321260 1.4657223
v 0.6977248 0.0219684 1.4525514
v 0.6824622 0.0324896 1.4651866
v 0.6717301 0.0463395 1.4728881
v 0.6717301 0.0463395 1.4728881
v 0.6727108 0.0355978 1.4664026
v 0.6727108 0.0355978 1.4664026
v 0.6712060 0.0572471 1.4743192
v 0.6712060 0.0572471 1.4743192
v 0.6968397 0.0828120 1.4733516
v 0.6831865 0.0829003 1.4737068
v 0.6707961 0.0810653 1.4717300
v 0.6707961 0.0810653 1.4717300
v 0.7144417 0.0477006 1.4160599
v 0.7218972 0.0444709 1.4121096
v 0.7306877 0.0404677 1.4077015
v 0.7480837 0.0358970 1.4060653
v 0.7362378 0.0489792 1.4117631
v 0.7248525 0.0516768 1.4152248
v 0.7162240 0.0541354 1.4182529
v 0.7514271 0.0294122 1.4234285
v 0.7551093 0.0297421 1.4121854
v 0.7525527 0.0277401 1.4351950
v 0.7648476 0.0275122 1.4373903
v 0.7908304 0.0304014 1.4364878
v 0.7992936 0.0316793 1.4361267
v 0.7858002 0.1018446 1.4555560
v 0.7905622 0.0964772 1.4462239
v 0.7905622 0.0964772 1.4462239
v 0.7894215 0.0997383 1.4340446
v 0.7837326 0.1069589 1.4579132
v 0.8021109 0.0474237 1.4562300
v 0.8051637 0.0485489 1.4441594
v 0.8051637 0.0485489 1.4441594
v 0.7958192 0.0519077 1.4639800
v 0.8041145 0.0720135 1.4487721
v 0.8041145 0.0720135 1.4487721
v 0.8003999 0.0691229 1.4623443
v 0.7950963 0.0635616 1.4671880
v 0.7817260 0.1146418 1.4553472
v 0.7803267 0.1177682 1.4484811
v 0.7713540 0.1161527 1.4490831
v 0.7486259 0.1128831 1.4537251
v 0.7368185 0.1119025 1.4542431
v 0.7513814 0.1151536 1.4389755
v 0.7513814 0.1151536 1.4389755
v 0.7252910 0.1100642 1.4549842
v 0.7122812 0.1065521 1.4563652
v 0.7268984 0.1114321 1.4410745
v 0.7268984 0.1114321 1.4410745
v 0.7393875 0.1136155 1.4402640
v 0.7393875 0.1136155 1.4402640
v 0.7149346 0.1090145 1.4429737
v 0.7149346 0.1090145 1.4429737
v 0.6997860 0.1013704 1.4570910
v 0.6868194 0.0990885 1.4583695
v 0.6905916 0.0985892 1.4480475
v 0.6905916 0.0985892 1.4480475
v 0.7027179 0.1043888 1.4446728
v 0.7027179 0.1043888 1.4446728
v 0.7613995 0.0964973 1.4284583
v 0.7771965 0.1095461 1.4335308
v 0.7843243 0.1102530 1.4333521
v 0.7803429 0.1177000 1.4404461
v 0.7803429 0.1177000 1.4404461
v 0.7720280 0.1171263 1.4402030
v 0.7720280 0.1171263 1.4402030
v 0.7570190 0.1084076 1.4300479
v 0.8033335 0.0456126 1.4422874
v 0.8033335 0.0456126 1.4422874
v 0.8011360 0.0410870 1.4371631
v 0.8048692 0.0667208 1.4409163
v 0.8043087 0.0548494 1.4390032
v 0.7643142 0.0703003 1.4359168
v 0.7628521 0.0841287 1.4335842
v 0.7256826 0.0555796 1.4174780
v 0.7672179 0.0587754 1.4365340
v 0.7360156 0.0519365 1.4182690
v 0.7456536 0.0456984 1.4252053
v 0.7437057 0.0446527 1.4131782
v 0.7397699 0.0381422 1.4046972
v 0.7244942 0.0076404 1.4165243
v 0.7195222 0.0117634 1.4091772
v 0.7211941 0.0175635 1.4060917
v 0.7278895 0.0299468 1.4038188
v 0.7278895 0.0299468 1.4038188
v 0.7885674 0.0922690 1.4650040
v 0.7909099 0.0826300 1.4668847
v 0.7973920 0.0751807 1.4605743
v 0.8033815 0.0735965 1.4478953
v 0.8033815 0.0735965 1.4478953
v 0.7992637 0.0791673 1.4414881
v 0.7970544 0.0872341 1.4400043
v 0.7953551 0.0960404 1.4475582
v 0.7953551 0.0960404 1.4475582
v 0.7925894 0.0966902 1.4597790
v 0.7477522 0.0173142 1.4235786
v 0.7908323 0.0746881 1.4659098
v 0.7950832 0.0738729 1.4604126
v 0.7824696 0.0958972 1.4620636
v 0.7846748 0.0963115 1.4557290
v 0.8014517 0.0737987 1.4478304
v 0.8014517 0.0737987 1.4478304
v 0.7688563 0.0376387 1.4360582
v 0.7532498 0.0355353 1.4376842
v 0.7503089 0.0369252 1.4177824
v 0.6817705 0.0698432 1.4748106
v 0.6710281 0.0690063 1.4739722
v 0.6710281 0.0690063 1.4739722
v 0.7085546 0.0703493 1.4764370
v 0.7223108 0.0716040 1.4747776
v 0.6706958 0.0907366 1.4674913
v 0.6706958 0.0907366 1.4674913
v 0.7245188 0.0991460 1.4658591
v 0.7370446 0.0725689 1.4729162
v 0.7500587 0.1017773 1.4645590
v 0.6845030 0.0929986 1.4701481
v 0.7370940 0.1009614 1.4651279
v 0.6948656 0.0696063 1.4769225
v 0.7514684 0.0728724 1.4710155
v 0.6978806 0.0946673 1.4664747
v 0.7112139 0.0968363 1.4660232
v 0.7800341 0.0896939 1.4689728
v 0.7825692 0.0809387 1.4699293
v 0.7869527 0.0522773 1.4680159
v 0.7860507 0.0612379 1.4716821
v 0.7870760 0.0263114 1.4591237
v 0.7879856 0.0351708 1.4635384
v 0.7749881 0.1055370 1.4624283
v 0.7732036 0.1130543 1.4581375
v 0.7407206 0.0179603 1.4353625
v 0.7338924 0.0168892 1.4387764
v 0.7256456 0.0167140 1.4429359
v 0.7774951 0.0525892 1.4684355
v 0.7761869 0.0586669 1.4718150
v 0.7717469 0.0866137 1.4707650
v 0.7727177 0.0805253 1.4716594
v 0.7676472 0.1028514 1.4635776
v 0.7656251 0.1093036 1.4600947
v 0.7784161 0.0264866 1.4588420
v 0.7784666 0.0342248 1.4638164
v 0.7800733 0.0733439 1.4697262
v 0.7676037 0.0732847 1.4704027
v 0.7750007 0.0942343 1.4655651
v 0.7645928 0.0907846 1.4670044
v 0.7922574 0.0693639 1.4665151
v 0.7963211 0.0707253 1.4609345
v 0.8021091 0.0721207 1.4481181
v 0.8021091 0.0721207 1.4481181
v 0.7809818 0.1005447 1.4593545
v 0.7831398 0.0983302 1.4554502
v 0.7953912 0.0468220 1.4605683
v 0.7956017 0.0411872 1.4597309
v 0.7983836 0.0470213 1.4553025
v 0.7985950 0.0441231 1.4554539
v 0.8020897 0.0461201 1.4437436
v 0.8020897 0.0461201 1.4437436
v 0.8028308 0.0485532 1.4441581
v 0.8028308 0.0485532 1.4441581
v 0.7741185 0.1006346 1.4635793
v 0.7644321 0.0972514 1.4648165
v 0.7599400 0.1135244 1.4536391
v 0.7813174 0.0669134 1.4704376
v 0.7694309 0.0650455 1.4714341
v 0.7711960 0.0470095 1.4668845
v 0.7862878 0.0463364 1.4645534
v 0.7872780 0.0396411 1.4636903
v 0.7727141 0.0382011 1.4656699
v 0.7715624 0.0218838 1.4541656
v 0.7577679 0.0214535 1.4568026
v 0.7565605 0.0351045 1.4649377
v 0.7620444 0.1159330 1.4383644
v 0.7620444 0.1159330 1.4383644
v 0.7372134 0.0317776 1.4647027
v 0.7208047 0.0312215 1.4669359
v 0.7068177 0.0321767 1.4662974
v 0.7691127 0.0209061 1.4501144
v 0.7604166 0.0203151 1.4489551
v 0.7385547 0.0179583 1.4520730
v 0.7442812 0.0191599 1.4453888
v 0.7272993 0.0234199 1.4607877
v 0.7176019 0.0210020 1.4550040
v 0.7304595 0.0195913 1.4547261
v 0.7752845 0.0279983 1.4371057
v 0.7672261 0.1087865 1.4307044
v 0.7951859 0.0659565 1.4365950
v 0.7971637 0.0529441 1.4369996
v 0.7936082 0.0764014 1.4364723
v 0.7900497 0.0872371 1.4346962
v 0.7901564 0.0952316 1.4463791
v 0.7901564 0.0952316 1.4463791
v 0.7895869 0.0959589 1.4456064
v 0.7895869 0.0959589 1.4456064
v 0.7839031 0.0979090 1.4326054
v 0.7925177 0.0424724 1.4365559
v 0.7827213 0.0625927 1.4355719
v 0.7839414 0.0502098 1.4357586
v 0.7801111 0.0735121 1.4347750
v 0.7778797 0.0859556 1.4334388
v 0.7823449 0.0402713 1.4355744
v 0.7738000 0.0973746 1.4309248
v 0.7700037 0.0480736 1.4360234
v 0.7565060 0.0195138 1.4114308
v 0.7565060 0.0195138 1.4114308
v 0.7604460 0.0273564 1.4049916
v 0.7542461 0.0291953 1.3985573
v 0.7462659 0.0302036 1.3953596
v 0.7319353 0.0213072 1.3973110
v 0.7319353 0.0213072 1.3973110
v 0.7280895 0.0128767 1.3995333
v 0.7268676 0.0068754 1.4016402
v 0.7309651 0.0038015 1.4101871
v 0.7358033 0.0041938 1.4177611
v 0.7501320 0.0150335 1.4140089
v 0.6891589 0.0876791 1.4296702
v 0.6857721 0.0947131 1.4340501
v 0.6954132 0.0943198 1.4365641
v 0.6996607 0.0878026 1.4320111
v 0.7426801 0.1071588 1.4297434
v 0.7304855 0.1055555 1.4303435
v 0.7185071 0.1030211 1.4311866
v 0.7066576 0.0989839 1.4336765
v 0.7466220 0.0964237 1.4262619
v 0.7347936 0.0960998 1.4253254
v 0.7230271 0.0944980 1.4261420
v 0.7113787 0.0913814 1.4281712
v 0.7175024 0.0583944 1.4195840
v 0.7117753 0.0601387 1.4215984
v 0.7080328 0.0578940 1.4213388
v 0.7051610 0.0515995 1.4204595
v 0.7018453 0.0460849 1.4207758
v 0.7018453 0.0460849 1.4207758
v 0.7175037 0.0664029 1.4234422
v 0.7102950 0.0654067 1.4248891
v 0.7025860 0.0626993 1.4262329
v 0.6978669 0.0593831 1.4259846
v 0.7265148 0.0651125 1.4220461
v 0.7367651 0.0611960 1.4251138
v 0.7497932 0.0556616 1.4374745
v 0.7552108 0.0448862 1.4393210
v 0.6918474 0.0468595 1.4304281
v 0.6881889 0.0353856 1.4338329
v 0.6870892 0.0292694 1.4391406
v 0.6844537 0.0266763 1.4550643
v 0.7485080 0.0691717 1.4360729
v 0.7493196 0.0834142 1.4292645
v 0.7360884 0.0836258 1.4253428
v 0.7357738 0.0689542 1.4296925
v 0.7030712 0.0786422 1.4297547
v 0.7055865 0.0716819 1.4297645
v 0.7140331 0.0822474 1.4253168
v 0.7155247 0.0721198 1.4252520
v 0.7248641 0.0836154 1.4246132
v 0.7253345 0.0715365 1.4264647
v 0.6967051 0.0692661 1.4329123
v 0.6928089 0.0759223 1.4318678
v 0.6921496 0.0657478 1.4323156
v 0.6899270 0.0590393 1.4304078
v 0.6899270 0.0590393 1.4304078
v 0.6952575 0.0553790 1.4269333
v 0.6952575 0.0553790 1.4269333
v 0.7602815 0.0230675 1.3944103
v 0.7481648 0.0161910 1.3901800
v 0.7481648 0.0161910 1.3901800
v 0.7467428 0.0046940 1.4024197
v 0.7877624 0.1189211 1.4491435
v 0.7880201 0.1185270 1.4412107
v 0.7880201 0.1185270 1.4412107
v 0.7904677 0.1114667 1.4342443
v 0.7937120 0.1006396 1.4348190
v 0.7865669 0.1153137 1.4551967
v 0.7937180 0.0967733 1.4459089
v 0.7937180 0.0967733 1.4459089
v 0.7892496 0.1015237 1.4541614
v 0.7875769 0.1071879 1.4572076
v 0.7984885 0.0822694 1.4650713
v 0.8005138 0.0752928 1.4603354
v 0.8055908 0.0731633 1.4491122
v 0.8055908 0.0731633 1.4491122
v 0.8031877 0.0878874 1.4409165
v 0.8006866 0.0964122 1.4475681
v 0.8006866 0.0964122 1.4475681
v 0.7992824 0.0971088 1.4591067
v 0.7981593 0.0923800 1.4639932
v 0.8067971 0.0415855 1.4373298
v 0.8052315 0.0322417 1.4352872
v 0.8077080 0.0445880 1.4549992
v 0.8078507 0.0459970 1.4430398
v 0.8078507 0.0459970 1.4430398
v 0.8039522 0.0232346 1.4436504
v 0.8039522 0.0232346 1.4436504
v 0.8062299 0.0367892 1.4585001
v 0.8039740 0.0231429 1.4490371
v 0.8049822 0.0270819 1.4550483
v 0.8095207 0.0546189 1.4389551
v 0.8090597 0.0668119 1.4416823
v 0.8083619 0.0723689 1.4496586
v 0.8083619 0.0723689 1.4496586
v 0.8050931 0.0693884 1.4619324
v 0.8031912 0.0637179 1.4648716
v 0.8029878 0.0525766 1.4624748
v 0.8057474 0.0472721 1.4555596
v 0.8087479 0.0484380 1.4439846
v 0.8087479 0.0484380 1.4439846
v 0.8228841 0.0239500 1.4492917
v 0.8230452 0.0434377 1.4547163
v 0.8285201 0.0485742 1.4548730
v 0.8276598 0.0695420 1.4599488
v 0.8280960 0.0633814 1.4636964
v 0.8278112 0.0551515 1.4419841
v 0.8204686 0.0965493 1.4570233
v 0.8199850 0.0954745 1.4491163
v 0.8199850 0.0954745 1.4491163
v 0.8202199 0.0801537 1.4447727
v 0.8206580 0.0834686 1.4645360
v 0.8200120 0.0883299 1.4438198
v 0.8036385 0.1025231 1.4558561
v 0.8020786 0.1123552 1.4357324
v 0.8026290 0.1159287 1.4566755
v 0.8019661 0.1197654 1.4517865
v 0.8015967 0.1194354 1.4426023
v 0.8015967 0.1194354 1.4426023
v 0.8045075 0.0795887 1.4417807
v 0.8121139 0.0462503 1.4435813
v 0.8121139 0.0462503 1.4435813
v 0.8110600 0.0366921 1.4584087
v 0.8101102 0.0271315 1.4551818
v 0.8092693 0.0233360 1.4491423
v 0.8091641 0.0232486 1.4435380
v 0.8091641 0.0232486 1.4435380
v 0.8120180 0.0446291 1.4549953
v 0.8101176 0.0323905 1.4354455
v 0.8112161 0.0415599 1.4378326
v 0.8127182 0.0546733 1.4394931
v 0.8119593 0.0725271 1.4499761
v 0.8119593 0.0725271 1.4499761
v 0.8072649 0.0526779 1.4623420
v 0.8095539 0.0470944 1.4554334
v 0.8123229 0.0668403 1.4422073
v 0.8074271 0.0636645 1.4646875
v 0.8121906 0.0482421 1.4442301
v 0.8121906 0.0482421 1.4442301
v 0.8090929 0.0696860 1.4616784
v 0.8075117 0.0880772 1.4416509
v 0.8038608 0.0825517 1.4649183
v 0.8060369 0.0966408 1.4479975
v 0.8060369 0.0966408 1.4479975
v 0.8052660 0.0754841 1.4601892
v 0.8047661 0.0971106 1.4586319
v 0.8092081 0.0730641 1.4496034
v 0.8092081 0.0730641 1.4496034
v 0.8037267 0.0923031 1.4637727
v 0.8083872 0.0796722 1.4425043
v 0.7924832 0.1192885 1.4500041
v 0.7969310 0.1009065 1.4358144
v 0.7917442 0.1155815 1.4556792
v 0.7924278 0.1074440 1.4577161
v 0.7935950 0.1016081 1.4546981
v 0.7968075 0.0970286 1.4465884
v 0.7968075 0.0970286 1.4465884
v 0.7943793 0.1118499 1.4346838
v 0.7926139 0.1192004 1.4415355
v 0.7926139 0.1192004 1.4415355
v 0.7669374 0.0205815 1.4464896
v 0.7673668 0.0214731 1.4418206
v 0.7673668 0.0214731 1.4418206
v 0.7542828 0.1132036 1.4536822
v 0.7572453 0.0995142 1.4646876
v 0.7576384 0.0898565 1.4686235
v 0.7595359 0.0730785 1.4707092
v 0.7636134 0.0470909 1.4684377
v 0.7619456 0.0630801 1.4720303
v 0.7646372 0.0366528 1.4653035
v 0.7646650 0.0216686 1.4554839
v 0.7567129 0.1155432 1.4386699
v 0.7567129 0.1155432 1.4386699
v 0.7647645 0.0206106 1.4495347
v 0.7700660 0.0277553 1.4372476
v 0.7621224 0.1085969 1.4303762
v 0.7756006 0.0389550 1.4358162
v 0.7749696 0.0606840 1.4360528
v 0.7722126 0.0719062 1.4353459
v 0.7703656 0.0850421 1.4335115
v 0.7675996 0.0969358 1.4296914
v 0.7769724 0.0491417 1.4358908
v 0.8214872 0.0325488 1.4345918
v 0.8211373 0.0221324 1.4427528
v 0.8211373 0.0221324 1.4427528
v 0.8215210 0.0420717 1.4381241
v 0.8220485 0.0465509 1.4445014
v 0.8220485 0.0465509 1.4445014
v 0.8219809 0.0264967 1.4561900
v 0.8223100 0.0365606 1.4591335
v 0.8214496 0.0226844 1.4494777
v 0.8219220 0.0446485 1.4555833
v 0.8279313 0.0482871 1.4445472
v 0.8279313 0.0482871 1.4445472
v 0.8275698 0.0474522 1.4551030
v 0.8271086 0.0547078 1.4407970
v 0.8273757 0.0527845 1.4626667
v 0.8266636 0.0704560 1.4607344
v 0.8270845 0.0724489 1.4505819
v 0.8270845 0.0724489 1.4505819
v 0.8266332 0.0669984 1.4435037
v 0.8269700 0.0637468 1.4647629
v 0.8204060 0.0730102 1.4509004
v 0.8204060 0.0730102 1.4509004
v 0.8197067 0.0760193 1.4605043
v 0.8192513 0.0925775 1.4639769
v 0.8194060 0.0976183 1.4574177
v 0.8190051 0.0964847 1.4485484
v 0.8190051 0.0964847 1.4485484
v 0.8191415 0.0885477 1.4426647
v 0.8195330 0.0831695 1.4655631
v 0.8194185 0.0795676 1.4437019
v 0.8028905 0.1008282 1.4368941
v 0.8028945 0.0974270 1.4476066
v 0.8028945 0.0974270 1.4476066
v 0.8025334 0.1018156 1.4563403
v 0.8020768 0.1079670 1.4595560
v 0.8013343 0.1164069 1.4572484
v 0.8007923 0.1205463 1.4518543
v 0.8004525 0.1201899 1.4420097
v 0.8004525 0.1201899 1.4420097
v 0.8011383 0.1125166 1.4345578
v 0.7575152 0.0116979 1.4099128
v 0.7638315 0.0173568 1.4069257
v 0.7638315 0.0173568 1.4069257
v 0.7444025 0.0035816 1.4035832
v 0.7496493 0.0051009 1.4092495
v 0.7414114 0.0042656 1.3968072
v 0.7420679 0.0102116 1.3929390
v 0.7459261 0.0169532 1.3899763
v 0.7459261 0.0169532 1.3899763
v 0.7531498 0.0243805 1.3899288
v 0.7604397 0.0246692 1.3943294
v 0.7673912 0.0244533 1.4007457
v 0.6590855 0.0601040 1.4260582
v 0.6568831 0.0965529 1.4557371
v 0.6542947 0.0473731 1.4760503
v 0.6574899 0.0351039 1.4382731
v 0.6594326 0.0736429 1.4242011
v 0.6596054 0.0885721 1.4242630
v 0.6596054 0.0885721 1.4242630
v 0.6590763 0.0953735 1.4316119
v 0.6578908 0.0972552 1.4452832
v 0.6560291 0.0920317 1.4646268
v 0.6553769 0.0824670 1.4710644
v 0.6547533 0.0694385 1.4759635
v 0.6585214 0.0469487 1.4287106
v 0.6547096 0.0370381 1.4701178
v 0.6554960 0.0322094 1.4604856
v 0.6542907 0.0584962 1.4772935
v 0.6565465 0.0326061 1.4477040
v 0.7634365 0.0167917 1.4056364
v 0.7634365 0.0167917 1.4056364
v 0.7665760 0.0230518 1.4001422
v 0.7514761 0.0061746 1.4072747
v 0.7577981 0.0116056 1.4083506
v 0.7538425 0.0226672 1.3903461
v 0.7447156 0.0103509 1.3929087
v 0.7441909 0.0050433 1.3965584
v 0.8233189 0.0273208 1.4552997
v 0.8235398 0.0362721 1.4578695
v 0.8225847 0.0234093 1.4432219
v 0.8225847 0.0234093 1.4432219
v 0.8228260 0.0327591 1.4360013
v 0.8227360 0.0412154 1.4392523
v 0.8231605 0.0451504 1.4449594
v 0.8231605 0.0451504 1.4449594
v 0.8285104 0.0534064 1.4618086
v 0.8278478 0.0712876 1.4508333
v 0.8278478 0.0712876 1.4508333
v 0.8273722 0.0663461 1.4444464
v 0.8286675 0.0493086 1.4453180
v 0.8286675 0.0493086 1.4453180
v 0.8207267 0.0769852 1.4599298
v 0.8211263 0.0742170 1.4513007
v 0.8211263 0.0742170 1.4513007
v 0.8203923 0.0919658 1.4630674
v 0.8033148 0.1081815 1.4588184
v 0.8035840 0.0979677 1.4479800
v 0.8035840 0.0979677 1.4479800
v 0.8035738 0.1015835 1.4380240
v 0.1610207 -0.0246584 1.4239173
v 0.1531519 -0.0127444 1.3847269
v 0.1584545 0.0033277 1.5025736
v 0.1467736 0.1087183 1.4088395
v 0.1579707 0.0538975 1.5289061
v 0.1425361 0.1238060 1.4591323
v 0.1604481 0.0470804 1.3803698
v 0.1622664 -0.0145105 1.4699589
v 0.1614012 0.0771891 1.3801191
v 0.1578144 0.0207643 1.3804334
v 0.1578144 0.0207643 1.3804334
v 0.1411466 0.1160261 1.4317676
v 0.1446553 0.1277011 1.4867538
v 0.1615243 0.0863851 1.5304900
v 0.1591525 0.0294088 1.5213875
v 0.1585748 -0.0290681 1.3992165
v 0.1530898 0.1070431 1.5086219
v -0.1775714 0.0283543 1.4231042
v -0.1776723 0.0669220 1.5212895
v -0.1755951 0.0614534 1.3933058
v -0.1761701 0.0446533 1.4164388
v -0.1761701 0.0446533 1.4164388
v -0.1809456 0.1262380 1.4881861
v -0.1836353 0.1160672 1.4167312
v -0.1818470 0.0035969 1.4491946
v -0.1803536 0.0094260 1.4294069
v -0.1703994 0.1071805 1.5079881
v -0.1703994 0.1071805 1.5079881
v -0.1771649 0.0061992 1.4984670
v -0.1771649 0.0061992 1.4984670
v -0.1694311 0.0594143 1.5257771
v -0.1694311 0.0594143 1.5257771
v -0.1641197 0.1248484 1.4598821
v -0.1641197 0.1248484 1.4598821
v -0.1737542 -0.0090939 1.4342455
v -0.1737542 -0.0090939 1.4342455
v -0.1753005 -0.0056192 1.4682540
v -0.1753005 -0.0056192 1.4682540
v -0.1666174 0.1270815 1.4881797
v -0.1666174 0.1270815 1.4881797
v -0.1731958 0.0924660 1.5226339
v -0.1731958 0.0924660 1.5226339
v -0.1697894 0.0301861 1.5166504
v -0.1697894 0.0301861 1.5166504
v -0.1574356 0.1046659 1.4119958
v -0.1574356 0.1046659 1.4119958
v -0.1667110 0.0505091 1.3894054
v -0.1667110 0.0505091 1.3894054
v -0.1648526 0.0808354 1.3871174
v -0.1648526 0.0808354 1.3871174
v -0.1625176 0.0312474 1.3999496
v -0.1625176 0.0312474 1.3999496
v -0.1625176 0.0312474 1.3999496
v -0.1625176 0.0312474 1.3999496
v -0.1592286 0.1147196 1.4326015
v -0.1592286 0.1147196 1.4326015
v -0.1723579 -0.0099969 1.4150486
v -0.1723579 -0.0099969 1.4150486
v -0.1658452 0.0051935 1.4004686
v -0.1658452 0.0051935 1.4004686
v -0.1795942 0.1189433 1.5041635
v -0.4260744 0.1018917 1.4851277
v -0.4279298 0.1179728 1.4223366
v -0.4329793 0.0378062 1.4900607
v -0.4292626 0.0567527 1.4155924
v -0.2396960 0.0483114 1.4125514
v -0.2396960 0.0483114 1.4125514
v -0.2646484 0.0313934 1.4213327
v -0.2325746 0.1134883 1.4940307
v -0.2341752 0.0269999 1.5038409
v -0.3837085 0.1084661 1.4779831
v -0.3893589 0.0341420 1.4842051
v -0.3933084 0.1148501 1.4239266
v -0.3950397 0.0521287 1.4187512
v -0.4255120 0.0677757 1.5018370
v -0.2250284 0.0720316 1.5199805
v -0.3855633 0.0751580 1.4945260
v -0.4774950 0.0938613 1.4936802
v -0.4721034 0.0297272 1.4888128
v -0.4806064 0.1264204 1.4231489
v -0.4665486 0.0658131 1.4002700
v -0.4705607 0.0575254 1.5050153
v -0.2474565 0.1298289 1.4575741
v -0.3858171 0.1251876 1.4513471
v -0.4809230 0.1232561 1.4646617
v -0.4235660 0.0888192 1.4056965
v -0.2679586 0.0699380 1.4054748
v -0.3938531 0.0869579 1.4149572
v -0.4749332 0.0982277 1.3977469
v -0.2532393 0.0080823 1.4486060
v -0.2460437 0.0160855 1.4711734
v -0.4469271 0.0330765 1.4432235
v -0.4456721 0.0316765 1.4634367
v -0.3987657 0.0142412 1.4480503
v -0.3945869 0.0161915 1.4668936
v -0.4734780 0.0354904 1.4384580
v -0.4754566 0.0287118 1.4606588
v -0.3246896 0.1208521 1.4213250
v -0.3326375 0.0426343 1.4233923
v -0.3022158 0.1134885 1.4883242
v -0.3100048 0.0337638 1.4924222
v -0.3043981 0.0742225 1.4957244
v -0.3128023 0.1214759 1.4558723
v -0.3334442 0.0822056 1.4082341
v -0.3191634 0.0132242 1.4722930
v -0.3265649 0.0101302 1.4516575
v -0.4257962 0.1056898 1.4105003
v -0.2683160 0.1006912 1.4040562
v -0.3938263 0.1026095 1.4157772
v -0.4772315 0.1153533 1.4063592
v -0.3301569 0.1050317 1.4104605
v -0.3431612 0.1107508 1.4826701
v -0.3499733 0.0333891 1.4900955
v -0.3454337 0.0755574 1.4923873
v -0.3535624 0.1242672 1.4519798
v -0.3670989 0.0853480 1.4103539
v -0.3555119 0.0128663 1.4699364
v -0.3609610 0.0098457 1.4491471
v -0.3616346 0.1179293 1.4215779
v -0.3641600 0.0497368 1.4210978
v -0.3656340 0.1048964 1.4104874
v -0.2812018 0.1227296 1.4191277
v -0.2899578 0.0363928 1.4211391
v -0.2574635 0.1116421 1.4889585
v -0.2643265 0.0339981 1.4949566
v -0.2565420 0.0732791 1.5118006
v -0.2678331 0.1288335 1.4562259
v -0.2912673 0.0754634 1.4068918
v -0.2731429 0.0135651 1.4712207
v -0.2808981 0.0081881 1.4479337
v -0.2886513 0.1037298 1.4071691
v -0.5110272 0.0859841 1.4939966
v -0.5528754 0.0729363 1.4910772
v -0.5950599 0.0637046 1.4862806
v -0.6327843 0.0310808 1.4519840
v -0.5119340 0.0272675 1.4785765
v -0.5550540 0.0265279 1.4669809
v -0.5969544 0.0287808 1.4584374
v -0.6306725 0.0605731 1.4808773
v -0.5079116 0.0500259 1.4995661
v -0.5524422 0.0438633 1.4865923
v -0.5948003 0.0423138 1.4789870
v -0.6316274 0.0332376 1.4647061
v -0.6305277 0.0491255 1.4792012
v -0.6039098 0.1051430 1.4424155
v -0.5594402 0.1165072 1.4346564
v -0.5181999 0.1259190 1.4279441
v -0.6308209 0.0391418 1.4736544
v -0.6067196 0.0750384 1.4136739
v -0.5625971 0.0724057 1.4099855
v -0.5128997 0.0691148 1.4026177
v -0.5157191 0.1189950 1.4680487
v -0.5561903 0.1067168 1.4699146
v -0.5998192 0.0922478 1.4710340
v -0.6344591 0.0328128 1.4384650
v -0.5130893 0.1016134 1.4007428
v -0.5625874 0.1015610 1.4110656
v -0.6074299 0.0998656 1.4213430
v -0.6361381 0.0450541 1.4278544
v -0.5151395 0.0254481 1.4542925
v -0.5576894 0.0263478 1.4450972
v -0.5997319 0.0293582 1.4387543
v -0.6319187 0.0730621 1.4785709
v -0.5186769 0.0393991 1.4298501
v -0.5602556 0.0422885 1.4256574
v -0.6023877 0.0421975 1.4265635
v -0.6332235 0.0863671 1.4710523
v -0.5156513 0.1174510 1.4104446
v -0.5605890 0.1120641 1.4201818
v -0.6060033 0.1042513 1.4303545
v -0.6357601 0.0999782 1.4504253
v -0.4504677 0.1232283 1.4214264
v -0.4490099 0.0595998 1.4077327
v -0.4486170 0.0991312 1.4912553
v -0.4492737 0.0340099 1.4907908
v -0.4456996 0.0637104 1.5041630
v -0.4500058 0.1269922 1.4610833
v -0.4463842 0.0934326 1.3989466
v -0.4557959 0.0344846 1.4616325
v -0.4573231 0.0370923 1.4409082
v -0.4477338 0.1112570 1.4059713
v -0.4050372 0.1054257 1.4806857
v -0.4131077 0.0388794 1.4833615
v -0.4085173 0.1142817 1.4239328
v -0.4164476 0.0562553 1.4200488
v -0.4062679 0.0762052 1.4987974
v -0.4063115 0.1250320 1.4530389
v -0.4127136 0.0876234 1.4112908
v -0.4176868 0.0209868 1.4651337
v -0.4198738 0.0201867 1.4453323
v -0.4106240 0.1022825 1.4150872
v -0.4250316 0.0716224 1.4082941
v -0.4250316 0.0716224 1.4082941
v -0.2675114 0.0522394 1.4133730
v -0.2675114 0.0522394 1.4133730
v -0.3939883 0.0715627 1.4175949
v -0.3939883 0.0715627 1.4175949
v -0.4715639 0.0804505 1.3956276
v -0.4715639 0.0804505 1.3956276
v -0.3333670 0.0626813 1.4147753
v -0.3333670 0.0626813 1.4147753
v -0.3658772 0.0665860 1.4137164
v -0.3658772 0.0665860 1.4137164
v -0.2911947 0.0568326 1.4138843
v -0.2911947 0.0568326 1.4138843
v -0.5164812 0.0879497 1.3989885
v -0.5164812 0.0879497 1.3989885
v -0.5631756 0.0876203 1.4077017
v -0.5631756 0.0876203 1.4077017
v -0.6076900 0.0907395 1.4147434
v -0.6076900 0.0907395 1.4147434
v -0.6343740 0.0961463 1.4620422
v -0.4468225 0.0747706 1.3998703
v -0.4468225 0.0747706 1.3998703
v -0.4144930 0.0724234 1.4142267
v -0.4144930 0.0724234 1.4142267
v -0.2553101 0.1279774 1.4382551
v -0.1825264 0.1222700 1.4364349
v -0.3880620 0.1224239 1.4364661
v -0.4814223 0.1261591 1.4438008
v -0.3187166 0.1223105 1.4383137
v -0.3576736 0.1201299 1.4365082
v -0.2739823 0.1267609 1.4375290
v -0.5177596 0.1239274 1.4481313
v -0.5580748 0.1135891 1.4524002
v -0.6017213 0.1023504 1.4581450
v -0.6372008 0.1000449 1.4393302
v -0.4510338 0.1286176 1.4404500
v -0.4076263 0.1245382 1.4365985
v -0.4281016 0.1135576 1.4762152
v -0.2377969 0.1210524 1.4785058
v -0.3853602 0.1183289 1.4667375
v -0.4796349 0.1118683 1.4829371
v -0.3065236 0.1219861 1.4740615
v -0.3486658 0.1198735 1.4664025
v -0.2611024 0.1234376 1.4772772
v -0.5141147 0.1045547 1.4844598
v -0.5543006 0.0911657 1.4837110
v -0.5974873 0.0785260 1.4825022
v -0.6384825 0.0971648 1.4275175
v -0.4485318 0.1126160 1.4809302
v -0.4051637 0.1149224 1.4694453
v -0.4250835 0.0869298 1.4971491
v -0.2263333 0.0969730 1.5114565
v -0.3844991 0.0936784 1.4891355
v -0.4743618 0.0757145 1.5007285
v -0.3026320 0.0953535 1.4940523
v -0.3443340 0.0932860 1.4876223
v -0.2550234 0.0933930 1.5038720
v -0.5077987 0.0678080 1.4989315
v -0.5525901 0.0575125 1.4896520
v -0.5946907 0.0517677 1.4839520
v -0.6389042 0.0894364 1.4204674
v -0.6389042 0.0894364 1.4204674
v -0.4472835 0.0817450 1.4994373
v -0.4051008 0.0922235 1.4941597
v -0.1742977 0.0332736 1.5145636
v -0.4279736 0.0510934 1.4993207
v -0.2263813 0.0467661 1.5180011
v -0.3872234 0.0540228 1.4913002
v -0.4702442 0.0415496 1.4999638
v -0.3059745 0.0513164 1.4985259
v -0.3482198 0.0523214 1.4960961
v -0.2598178 0.0484021 1.5094959
v -0.5087458 0.0373474 1.4923172
v -0.5534381 0.0338543 1.4797074
v -0.5956370 0.0347879 1.4710697
v -0.6384134 0.0741993 1.4200035
v -0.4467499 0.0461426 1.4999681
v -0.4091912 0.0557690 1.4967214
v -0.2602667 0.0181059 1.4286350
v -0.4358675 0.0459986 1.4243221
v -0.3972266 0.0339489 1.4290634
v -0.4693379 0.0499763 1.4138919
v -0.3326467 0.0239053 1.4294237
v -0.3636422 0.0276186 1.4268804
v -0.2870736 0.0203909 1.4278831
v -0.5162895 0.0520480 1.4132628
v -0.5615059 0.0571334 1.4172208
v -0.6051686 0.0597971 1.4181325
v -0.6375863 0.0599816 1.4228979
v -0.4530182 0.0472890 1.4197509
v -0.4188241 0.0390458 1.4273294
v -0.2360680 0.1223762 1.4191072
v -0.2334423 0.0273436 1.4227296
v -0.2060962 0.1154137 1.5008016
v -0.2107687 0.0218180 1.4991325
v -0.2050363 0.0704636 1.5197790
v -0.2199907 0.1264177 1.4604348
v -0.2158699 0.0117087 1.4698695
v -0.2190393 0.0117067 1.4489062
v -0.2449767 0.0949024 1.4002309
v -0.2295945 0.1270115 1.4380453
v -0.2096415 0.1240412 1.4845140
v -0.2007004 0.0972792 1.5170277
v -0.2046835 0.0422247 1.5149236
v -0.2280318 0.0144069 1.4308969
v -0.2811162 0.1126761 1.4906538
v -0.2861016 0.0320806 1.4928372
v -0.2845249 0.0751713 1.4944389
v -0.2916976 0.1249980 1.4568030
v -0.3130466 0.0789327 1.4090234
v -0.2937632 0.0129637 1.4726580
v -0.3033493 0.0090790 1.4507517
v -0.3108402 0.1046307 1.4098893
v -0.3051635 0.1217346 1.4206702
v -0.3104148 0.0390104 1.4232782
v -0.3115525 0.0599260 1.4157749
v -0.3115525 0.0599260 1.4157749
v -0.2979402 0.1244575 1.4382277
v -0.2850618 0.1232400 1.4763854
v -0.2822946 0.0934685 1.4946760
v -0.2848402 0.0492839 1.4992917
v -0.3090958 0.0218862 1.4291909
v -0.4431745 0.1239918 1.4298025
v -0.4296880 0.1254086 1.4310826
v -0.4316883 0.1302342 1.4410936
v -0.4300116 0.1195264 1.4683719
v -0.4322575 0.1287721 1.4572974
v -0.4153671 0.1257308 1.4527622
v -0.4427964 0.1282364 1.4573195
v -0.4434465 0.1291905 1.4430134
v -0.4415441 0.1192171 1.4711040
v -0.4174554 0.1243191 1.4328547
v -0.4159350 0.1262427 1.4412943
v -0.4150624 0.1213945 1.4641844
v -0.2429878 0.0657128 1.4035919
v -0.2644320 0.1226663 1.4178995
v -0.1816584 0.0119647 1.4959707
v -0.1810097 0.1311112 1.4641770
v -0.1833844 0.0032315 1.4652517
v -0.1849728 0.0904600 1.3910761
v -0.1789199 0.0941684 1.5194404
v -0.6701184 0.0881332 1.4261909
v -0.6701184 0.0881332 1.4261909
v -0.6695350 0.0944639 1.4336915
v -0.6683982 0.0958385 1.4483061
v -0.6670268 0.0899421 1.4659395
v -0.6666276 0.0804863 1.4710703
v -0.6663501 0.0675983 1.4746397
v -0.6662851 0.0574415 1.4754738
v -0.6663648 0.0464832 1.4744503
v -0.6668414 0.0359698 1.4683218
v -0.6676177 0.0316873 1.4583427
v -0.6686141 0.0333807 1.4455304
v -0.6691862 0.0362674 1.4381760
v -0.6700038 0.0601661 1.4276632
v -0.6698886 0.0479108 1.4291452
v -0.6701073 0.0733603 1.4263335
v -0.6676105 0.0948133 1.4584349
v -0.6716396 0.0968340 1.4596092
v -0.6716396 0.0968340 1.4596092
v -0.6742735 0.0976411 1.4479982
v -0.6742735 0.0976411 1.4479982
v -0.6742735 0.0976411 1.4479982
v -0.6739163 0.0955033 1.4343154
v -0.6739163 0.0955033 1.4343154
v -0.6739658 0.0892576 1.4273657
v -0.6739658 0.0892576 1.4273657
v -0.6739658 0.0892576 1.4273657
v -0.6734827 0.0746410 1.4304163
v -0.6734827 0.0746410 1.4304163
v -0.6743417 0.0619678 1.4286082
v -0.6743417 0.0619678 1.4286082
v -0.6743417 0.0619678 1.4286082
v -0.7526126 0.0226611 1.4189695
v -0.7526126 0.0226611 1.4189695
v -0.7515633 0.0234647 1.4274504
v -0.7515633 0.0234647 1.4274504
v -0.7533026 0.0223337 1.4372100
v -0.7533026 0.0223337 1.4372100
v -0.7457883 0.0192859 1.4317983
v -0.7618839 0.0219503 1.4409140
v -0.7618839 0.0219503 1.4409140
v -0.7510128 0.0201773 1.4397970
v -0.7728494 0.0209959 1.4427271
v -0.7728494 0.0209959 1.4427271
v -0.7881359 0.0213385 1.4430544
v -0.7881359 0.0213385 1.4430544
v -0.7724558 0.0205167 1.4475735
v -0.7614191 0.0206463 1.4454052
v -0.7973661 0.0225847 1.4438230
v -0.7973661 0.0225847 1.4438230
v -0.7854456 0.0219346 1.4527587
v -0.7970691 0.0224021 1.4495620
v -0.7560309 0.0471724 1.4699912
v -0.7375209 0.0462388 1.4708974
v -0.7223402 0.0450129 1.4707698
v -0.7226442 0.0575527 1.4737387
v -0.7379853 0.0587836 1.4724216
v -0.7082295 0.0569090 1.4751132
v -0.7073449 0.0452780 1.4720823
v -0.6943791 0.0450914 1.4735409
v -0.6950219 0.0565462 1.4767742
v -0.6819116 0.0448081 1.4723251
v -0.6815043 0.0564726 1.4749418
v -0.7096348 0.0845933 1.4726958
v -0.7230731 0.0861216 1.4722164
v -0.7368467 0.0874772 1.4716543
v -0.7506843 0.0889285 1.4702430
v -0.7544605 0.0611148 1.4726263
v -0.7985837 0.0268106 1.4556084
v -0.7986229 0.0364638 1.4594032
v -0.8031717 0.0442677 1.4551899
v -0.6769911 0.0520550 1.4284277
v -0.6769911 0.0520550 1.4284277
v -0.7096583 0.0401832 1.4140919
v -0.7096583 0.0401832 1.4140919
v -0.6985009 0.0376050 1.4232613
v -0.7162282 0.0376003 1.4104246
v -0.7162282 0.0376003 1.4104246
v -0.7051170 0.0310080 1.4167676
v -0.7112265 0.0265689 1.4129014
v -0.7225415 0.0329920 1.4071369
v -0.7225415 0.0329920 1.4071369
v -0.7163922 0.0221998 1.4106680
v -0.7148405 0.0153604 1.4136280
v -0.7090135 0.0184784 1.4175184
v -0.7027509 0.0219296 1.4223999
v -0.6973237 0.0254364 1.4292295
v -0.6787336 0.0397117 1.4353038
v -0.6787336 0.0397117 1.4353038
v -0.6780891 0.0329289 1.4425304
v -0.6780891 0.0329289 1.4425304
v -0.6752232 0.0305380 1.4549798
v -0.6752232 0.0305380 1.4549798
v -0.6977177 0.0215058 1.4351153
v -0.7039170 0.0186676 1.4332815
v -0.7134928 0.0155335 1.4279224
v -0.7193245 0.0118430 1.4221219
v -0.7187226 0.0126548 1.4373943
v -0.7322749 0.0058848 1.4263796
v -0.7264968 0.0086388 1.4324915
v -0.7082678 0.0185762 1.4437720
v -0.6948990 0.0321260 1.4657221
v -0.6977248 0.0219684 1.4525514
v -0.6824621 0.0324896 1.4651865
v -0.6717300 0.0463395 1.4728882
v -0.6717300 0.0463395 1.4728882
v -0.6727108 0.0355978 1.4664026
v -0.6727108 0.0355978 1.4664026
v -0.6712059 0.0572471 1.4743193
v -0.6712059 0.0572471 1.4743193
v -0.6968397 0.0828120 1.4733514
v -0.6831864 0.0829003 1.4737067
v -0.6707961 0.0810653 1.4717299
v -0.6707961 0.0810653 1.4717299
v -0.7144418 0.0477007 1.4160599
v -0.7218972 0.0444710 1.4121099
v -0.7306877 0.0404677 1.4077016
v -0.7480838 0.0358969 1.4060656
v -0.7362378 0.0489793 1.4117633
v -0.7248525 0.0516768 1.4152248
v -0.7162240 0.0541354 1.4182529
v -0.7514272 0.0294122 1.4234287
v -0.7551094 0.0297421 1.4121858
v -0.7525527 0.0277401 1.4351947
v -0.7648476 0.0275122 1.4373901
v -0.7908304 0.0304014 1.4364878
v -0.7992936 0.0316793 1.4361267
v -0.7858003 0.1018447 1.4555558
v -0.7905623 0.0964772 1.4462235
v -0.7905623 0.0964772 1.4462235
v -0.7894216 0.0997384 1.4340442
v -0.7837327 0.1069589 1.4579128
v -0.8021109 0.0474237 1.4562303
v -0.8051637 0.0485490 1.4441596
v -0.8051637 0.0485490 1.4441596
v -0.7958192 0.0519077 1.4639801
v -0.8041145 0.0720135 1.4487721
v -0.8041145 0.0720135 1.4487721
v -0.8003998 0.0691229 1.4623443
v -0.7950963 0.0635616 1.4671879
v -0.7817261 0.1146418 1.4553468
v -0.7803267 0.1177682 1.4484807
v -0.7713540 0.1161527 1.4490827
v -0.7486259 0.1128831 1.4537249
v -0.7368184 0.1119025 1.4542428
v -0.7513814 0.1151536 1.4389752
v -0.7513814 0.1151536 1.4389752
v -0.7252910 0.1100642 1.4549839
v -0.7122811 0.1065521 1.4563650
v -0.7268984 0.1114321 1.4410743
v -0.7268984 0.1114321 1.4410743
v -0.7393875 0.1136155 1.4402636
v -0.7393875 0.1136155 1.4402636
v -0.7149346 0.1090145 1.4429736
v -0.7149346 0.1090145 1.4429736
v -0.6997859 0.1013704 1.4570907
v -0.6868194 0.0990885 1.4583694
v -0.6905915 0.0985892 1.4480474
v -0.6905915 0.0985892 1.4480474
v -0.7027178 0.1043888 1.4446726
v -0.7027178 0.1043888 1.4446726
v -0.7613995 0.0964973 1.4284581
v -0.7771965 0.1095461 1.4335304
v -0.7843244 0.1102530 1.4333518
v -0.7803430 0.1177000 1.4404458
v -0.7803430 0.1177000 1.4404458
v -0.7720281 0.1171263 1.4402026
v -0.7720281 0.1171263 1.4402026
v -0.7570190 0.1084076 1.4300476
v -0.8033335 0.0456126 1.4422874
v -0.8033335 0.0456126 1.4422874
v -0.8011360 0.0410870 1.4371630
v -0.8048692 0.0667208 1.4409163
v -0.8043087 0.0548494 1.4390033
v -0.7643142 0.0703004 1.4359165
v -0.7628522 0.0841288 1.4335841
v -0.7256826 0.0555796 1.4174781
v -0.7672178 0.0587754 1.4365338
v -0.7360156 0.0519365 1.4182692
v -0.7456536 0.0456984 1.4252055
v -0.7437057 0.0446527 1.4131784
v -0.7397699 0.0381422 1.4046973
v -0.7244942 0.0076404 1.4165244
v -0.7195222 0.0117634 1.4091773
v -0.7211941 0.0175635 1.4060918
v -0.7278895 0.0299468 1.4038190
v -0.7278895 0.0299468 1.4038190
v -0.7885674 0.0922690 1.4650038
v -0.7909100 0.0826300 1.4668846
v -0.7973920 0.0751807 1.4605743
v -0.8033816 0.0735965 1.4478953
v -0.8033816 0.0735965 1.4478953
v -0.7992637 0.0791673 1.4414881
v -0.7970544 0.0872341 1.4400042
v -0.7953551 0.0960404 1.4475580
v -0.7953551 0.0960404 1.4475580
v -0.7925894 0.0966902 1.4597789
v -0.7477522 0.0173142 1.4235790
v -0.7908323 0.0746881 1.4659097
v -0.7950832 0.0738729 1.4604126
v -0.7824696 0.0958972 1.4620634
v -0.7846748 0.0963116 1.4557288
v -0.8014518 0.0737988 1.4478304
v -0.8014518 0.0737988 1.4478304
v -0.7688563 0.0376387 1.4360580
v -0.7532497 0.0355353 1.4376839
v -0.7503091 0.0369252 1.4177827
v -0.6817705 0.0698432 1.4748105
v -0.6710280 0.0690063 1.4739723
v -0.6710280 0.0690063 1.4739723
v -0.7085546 0.0703493 1.4764367
v -0.7223108 0.0716040 1.4747773
v -0.6706958 0.0907366 1.4674911
v -0.6706958 0.0907366 1.4674911
v -0.7245188 0.0991460 1.4658588
v -0.7370446 0.0725689 1.4729161
v -0.7500587 0.1017773 1.4645588
v -0.6845029 0.0929986 1.4701480
v -0.7370940 0.1009614 1.4651277
v -0.6948655 0.0696063 1.4769223
v -0.7514684 0.0728725 1.4710152
v -0.6978805 0.0946673 1.4664745
v -0.7112139 0.0968363 1.4660230
v -0.7800341 0.0896939 1.4689727
v -0.7825692 0.0809387 1.4699292
v -0.7869527 0.0522773 1.4680158
v -0.7860506 0.0612379 1.4716820
v -0.7870759 0.0263114 1.4591236
v -0.7879855 0.0351708 1.4635383
v -0.7749882 0.1055370 1.4624281
v -0.7732037 0.1130543 1.4581372
v -0.7407206 0.0179603 1.4353627
v -0.7338924 0.0168892 1.4387764
v -0.7256456 0.0167140 1.4429361
v -0.7774951 0.0525893 1.4684354
v -0.7761869 0.0586669 1.4718148
v -0.7717470 0.0866137 1.4707649
v -0.7727178 0.0805253 1.4716593
v -0.7676473 0.1028514 1.4635773
v -0.7656252 0.1093036 1.4600945
v -0.7784160 0.0264866 1.4588419
v -0.7784666 0.0342248 1.4638164
v -0.7800733 0.0733439 1.4697262
v -0.7676037 0.0732847 1.4704025
v -0.7750008 0.0942344 1.4655648
v -0.7645928 0.0907847 1.4670042
v -0.7922574 0.0693639 1.4665149
v -0.7963211 0.0707254 1.4609344
v -0.8021091 0.0721207 1.4481181
v -0.8021091 0.0721207 1.4481181
v -0.7809819 0.1005447 1.4593543
v -0.7831399 0.0983302 1.4554501
v -0.7953912 0.0468220 1.4605683
v -0.7956017 0.0411872 1.4597307
v -0.7983836 0.0470214 1.4553026
v -0.7985950 0.0441231 1.4554540
v -0.8020897 0.0461201 1.4437437
v -0.8020897 0.0461201 1.4437437
v -0.8028307 0.0485532 1.4441582
v -0.8028307 0.0485532 1.4441582
v -0.7741186 0.1006346 1.4635791
v -0.7644322 0.0972514 1.4648162
v -0.7599400 0.1135244 1.4536388
v -0.7813174 0.0669134 1.4704374
v -0.7694308 0.0650455 1.4714340
v -0.7711959 0.0470095 1.4668843
v -0.7862878 0.0463364 1.4645532
v -0.7872779 0.0396411 1.4636903
v -0.7727141 0.0382011 1.4656696
v -0.7715623 0.0218838 1.4541655
v -0.7577679 0.0214535 1.4568024
v -0.7565604 0.0351046 1.4649376
v -0.7620445 0.1159330 1.4383640
v -0.7620445 0.1159330 1.4383640
v -0.7372133 0.0317776 1.4647025
v -0.7208046 0.0312215 1.4669356
v -0.7068177 0.0321767 1.4662971
v -0.7691126 0.0209061 1.4501141
v -0.7604165 0.0203151 1.4489548
v -0.7385547 0.0179583 1.4520729
v -0.7442812 0.0191599 1.4453887
v -0.7272992 0.0234200 1.4607874
v -0.7176020 0.0210020 1.4550040
v -0.7304594 0.0195914 1.4547259
v -0.7752844 0.0279983 1.4371055
v -0.7672262 0.1087865 1.4307041
v -0.7951858 0.0659565 1.4365950
v -0.7971637 0.0529442 1.4369998
v -0.7936083 0.0764014 1.4364723
v -0.7900498 0.0872371 1.4346961
v -0.7901565 0.0952316 1.4463788
v -0.7901565 0.0952316 1.4463788
v -0.7895870 0.0959589 1.4456062
v -0.7895870 0.0959589 1.4456062
v -0.7839032 0.0979090 1.4326050
v -0.7925177 0.0424724 1.4365557
v -0.7827213 0.0625927 1.4355718
v -0.7839414 0.0502098 1.4357587
v -0.7801111 0.0735122 1.4347749
v -0.7778797 0.0859556 1.4334387
v -0.7823449 0.0402713 1.4355743
v -0.7738001 0.0973746 1.4309244
v -0.7700037 0.0480736 1.4360232
v -0.7565061 0.0195137 1.4114311
v -0.7565061 0.0195137 1.4114311
v -0.7604461 0.0273563 1.4049919
v -0.7542461 0.0291953 1.3985575
v -0.7462661 0.0302035 1.3953599
v -0.7319354 0.0213072 1.3973111
v -0.7319354 0.0213072 1.3973111
v -0.7280896 0.0128767 1.3995334
v -0.7268677 0.0068754 1.4016403
v -0.7309652 0.0038015 1.4101872
v -0.7358034 0.0041938 1.4177611
v -0.7501321 0.0150334 1.4140091
v -0.6891588 0.0876791 1.4296701
v -0.6857721 0.0947131 1.4340500
v -0.6954131 0.0943198 1.4365640
v -0.6996606 0.0878026 1.4320109
v -0.7426801 0.1071588 1.4297432
v -0.7304855 0.1055555 1.4303433
v -0.7185070 0.1030211 1.4311864
v -0.7066575 0.0989839 1.4336762
v -0.7466220 0.0964237 1.4262617
v -0.7347935 0.0960998 1.4253253
v -0.7230270 0.0944980 1.4261417
v -0.7113786 0.0913814 1.4281709
v -0.7175024 0.0583944 1.4195840
v -0.7117754 0.0601387 1.4215986
v -0.7080328 0.0578941 1.4213388
v -0.7051610 0.0515995 1.4204596
v -0.7018454 0.0460849 1.4207758
v -0.7018454 0.0460849 1.4207758
v -0.7175037 0.0664029 1.4234421
v -0.7102949 0.0654067 1.4248888
v -0.7025860 0.0626993 1.4262327
v -0.6978669 0.0593831 1.4259844
v -0.7265147 0.0651125 1.4220458
v -0.7367651 0.0611960 1.4251136
v -0.7497932 0.0556616 1.4374743
v -0.7552107 0.0448862 1.4393208
v -0.6918473 0.0468595 1.4304280
v -0.6881889 0.0353856 1.4338330
v -0.6870893 0.0292694 1.4391407
v -0.6844536 0.0266764 1.4550642
v -0.7485079 0.0691718 1.4360728
v -0.7493196 0.0834142 1.4292643
v -0.7360883 0.0836258 1.4253426
v -0.7357737 0.0689542 1.4296923
v -0.7030711 0.0786422 1.4297545
v -0.7055864 0.0716819 1.4297643
v -0.7140330 0.0822475 1.4253166
v -0.7155247 0.0721198 1.4252517
v -0.7248640 0.0836154 1.4246130
v -0.7253344 0.0715365 1.4264644
v -0.6967050 0.0692662 1.4329121
v -0.6928088 0.0759223 1.4318677
v -0.6921495 0.0657478 1.4323153
v -0.6899270 0.0590393 1.4304076
v -0.6899270 0.0590393 1.4304076
v -0.6952574 0.0553790 1.4269332
v -0.6952574 0.0553790 1.4269332
v -0.7602816 0.0230674 1.3944105
v -0.7481650 0.0161909 1.3901802
v -0.7481650 0.0161909 1.3901802
v -0.7467429 0.0046939 1.4024200
v -0.7877625 0.1189211 1.4491432
v -0.7880202 0.1185270 1.4412104
v -0.7880202 0.1185270 1.4412104
v -0.7904677 0.1114667 1.4342439
v -0.7937120 0.1006396 1.4348186
v -0.7865670 0.1153137 1.4551964
v -0.7937181 0.0967733 1.4459087
v -0.7937181 0.0967733 1.4459087
v -0.7892497 0.1015237 1.4541610
v -0.7875769 0.1071879 1.4572072
v -0.7984886 0.0822694 1.4650713
v -0.8005139 0.0752928 1.4603354
v -0.8055909 0.0731634 1.4491122
v -0.8055909 0.0731634 1.4491122
v -0.8031877 0.0878875 1.4409165
v -0.8006867 0.0964123 1.4475681
v -0.8006867 0.0964123 1.4475681
v -0.7992825 0.0971089 1.4591067
v -0.7981594 0.0923801 1.4639931
v -0.8067971 0.0415855 1.4373298
v -0.8052315 0.0322417 1.4352872
v -0.8077080 0.0445880 1.4549992
v -0.8078507 0.0459970 1.4430397
v -0.8078507 0.0459970 1.4430397
v -0.8039522 0.0232346 1.4436504
v -0.8039522 0.0232346 1.4436504
v -0.8062299 0.0367892 1.4585001
v -0.8039740 0.0231429 1.4490371
v -0.8049822 0.0270819 1.4550483
v -0.8095207 0.0546189 1.4389552
v -0.8090597 0.0668119 1.4416823
v -0.8083619 0.0723689 1.4496586
v -0.8083619 0.0723689 1.4496586
v -0.8050931 0.0693884 1.4619324
v -0.8031912 0.0637179 1.4648716
v -0.8029878 0.0525766 1.4624751
v -0.8057474 0.0472721 1.4555598
v -0.8087479 0.0484380 1.4439849
v -0.8087479 0.0484380 1.4439849
v -0.8228841 0.0239500 1.4492916
v -0.8230451 0.0434377 1.4547163
v -0.8285200 0.0485742 1.4548731
v -0.8276597 0.0695420 1.4599488
v -0.8280959 0.0633814 1.4636964
v -0.8278112 0.0551515 1.4419842
v -0.8204686 0.0965493 1.4570233
v -0.8199850 0.0954746 1.4491163
v -0.8199850 0.0954746 1.4491163
v -0.8202199 0.0801538 1.4447727
v -0.8206580 0.0834686 1.4645360
v -0.8200120 0.0883299 1.4438198
v -0.8036385 0.1025231 1.4558557
v -0.8020787 0.1123552 1.4357320
v -0.8026291 0.1159287 1.4566752
v -0.8019661 0.1197654 1.4517862
v -0.8015968 0.1194354 1.4426019
v -0.8015968 0.1194354 1.4426019
v -0.8045076 0.0795887 1.4417807
v -0.8121139 0.0462503 1.4435813
v -0.8121139 0.0462503 1.4435813
v -0.8110600 0.0366921 1.4584087
v -0.8101102 0.0271315 1.4551818
v -0.8092693 0.0233360 1.4491423
v -0.8091641 0.0232486 1.4435380
v -0.8091641 0.0232486 1.4435380
v -0.8120180 0.0446291 1.4549953
v -0.8101176 0.0323905 1.4354455
v -0.8112161 0.0415599 1.4378326
v -0.8127182 0.0546733 1.4394932
v -0.8119593 0.0725271 1.4499761
v -0.8119593 0.0725271 1.4499761
v -0.8072649 0.0526779 1.4623423
v -0.8095539 0.0470944 1.4554336
v -0.8123229 0.0668403 1.4422073
v -0.8074271 0.0636645 1.4646875
v -0.8121906 0.0482421 1.4442303
v -0.8121906 0.0482421 1.4442303
v -0.8090929 0.0696860 1.4616784
v -0.8075118 0.0880772 1.4416509
v -0.8038609 0.0825517 1.4649183
v -0.8060369 0.0966408 1.4479975
v -0.8060369 0.0966408 1.4479975
v -0.8052660 0.0754841 1.4601892
v -0.8047661 0.0971107 1.4586318
v -0.8092082 0.0730642 1.4496034
v -0.8092082 0.0730642 1.4496034
v -0.8037268 0.0923031 1.4637727
v -0.8083872 0.0796722 1.4425043
v -0.7924833 0.1192885 1.4500037
v -0.7969310 0.1009065 1.4358140
v -0.7917443 0.1155815 1.4556788
v -0.7924279 0.1074440 1.4577157
v -0.7935950 0.1016081 1.4546977
v -0.7968075 0.0970286 1.4465880
v -0.7968075 0.0970286 1.4465880
v -0.7943794 0.1118499 1.4346834
v -0.7926139 0.1192004 1.4415351
v -0.7926139 0.1192004 1.4415351
v -0.7669374 0.0205815 1.4464893
v -0.7673667 0.0214731 1.4418204
v -0.7673667 0.0214731 1.4418204
v -0.7542828 0.1132036 1.4536819
v -0.7572453 0.0995142 1.4646873
v -0.7576384 0.0898565 1.4686233
v -0.7595358 0.0730785 1.4707090
v -0.7636133 0.0470909 1.4684374
v -0.7619455 0.0630801 1.4720300
v -0.7646372 0.0366528 1.4653034
v -0.7646649 0.0216687 1.4554837
v -0.7567129 0.1155432 1.4386696
v -0.7567129 0.1155432 1.4386696
v -0.7647644 0.0206106 1.4495344
v -0.7700659 0.0277553 1.4372475
v -0.7621225 0.1085970 1.4303757
v -0.7756005 0.0389550 1.4358163
v -0.7749696 0.0606840 1.4360527
v -0.7722126 0.0719062 1.4353456
v -0.7703657 0.0850421 1.4335114
v -0.7675996 0.0969359 1.4296912
v -0.7769724 0.0491417 1.4358907
v -0.8214872 0.0325488 1.4345918
v -0.8211373 0.0221324 1.4427527
v -0.8211373 0.0221324 1.4427527
v -0.8215210 0.0420717 1.4381241
v -0.8220485 0.0465509 1.4445014
v -0.8220485 0.0465509 1.4445014
v -0.8219808 0.0264967 1.4561900
v -0.8223100 0.0365606 1.4591335
v -0.8214496 0.0226844 1.4494777
v -0.8219219 0.0446485 1.4555833
v -0.8279313 0.0482871 1.4445473
v -0.8279313 0.0482871 1.4445473
v -0.8275698 0.0474522 1.4551032
v -0.8271086 0.0547078 1.4407971
v -0.8273756 0.0527845 1.4626669
v -0.8266635 0.0704560 1.4607344
v -0.8270845 0.0724489 1.4505819
v -0.8270845 0.0724489 1.4505819
v -0.8266332 0.0669984 1.4435037
v -0.8269699 0.0637469 1.4647629
v -0.8204060 0.0730102 1.4509003
v -0.8204060 0.0730102 1.4509003
v -0.8197067 0.0760193 1.4605043
v -0.8192513 0.0925775 1.4639769
v -0.8194060 0.0976183 1.4574177
v -0.8190051 0.0964847 1.4485483
v -0.8190051 0.0964847 1.4485483
v -0.8191415 0.0885477 1.4426647
v -0.8195330 0.0831695 1.4655631
v -0.8194186 0.0795676 1.4437019
v -0.8028905 0.1008282 1.4368937
v -0.8028945 0.0974270 1.4476062
v -0.8028945 0.0974270 1.4476062
v -0.8025334 0.1018156 1.4563400
v -0.8020768 0.1079670 1.4595556
v -0.8013343 0.1164069 1.4572481
v -0.8007924 0.1205463 1.4518540
v -0.8004525 0.1201899 1.4420093
v -0.8004525 0.1201899 1.4420093
v -0.8011384 0.1125166 1.4345574
v -0.7575153 0.0116978 1.4099131
v -0.7638317 0.0173567 1.4069259
v -0.7638317 0.0173567 1.4069259
v -0.7444026 0.0035815 1.4035834
v -0.7496494 0.0051008 1.4092498
v -0.7414116 0.0042655 1.3968074
v -0.7420680 0.0102115 1.3929392
v -0.7459263 0.0169532 1.3899765
v -0.7459263 0.0169532 1.3899765
v -0.7531499 0.0243805 1.3899291
v -0.7604398 0.0246691 1.3943297
v -0.7673914 0.0244532 1.4007460
v -0.6590855 0.0601040 1.4260584
v -0.6568831 0.0965529 1.4557372
v -0.6542947 0.0473731 1.4760505
v -0.6574899 0.0351039 1.4382732
v -0.6594326 0.0736429 1.4242014
v -0.6596053 0.0885721 1.4242631
v -0.6596053 0.0885721 1.4242631
v -0.6590763 0.0953736 1.4316120
v -0.6578908 0.0972552 1.4452833
v -0.6560291 0.0920317 1.4646269
v -0.6553769 0.0824670 1.4710646
v -0.6547533 0.0694385 1.4759637
v -0.6585214 0.0469487 1.4287107
v -0.6547096 0.0370382 1.4701179
v -0.6554959 0.0322094 1.4604857
v -0.6542906 0.0584962 1.4772937
v -0.6565465 0.0326061 1.4477041
v -0.7634367 0.0167916 1.4056367
v -0.7634367 0.0167916 1.4056367
v -0.7665762 0.0230517 1.4001424
v -0.7514762 0.0061745 1.4072750
v -0.7577983 0.0116055 1.4083508
v -0.7538427 0.0226671 1.3903463
v -0.7447158 0.0103508 1.3929089
v -0.7441911 0.0050432 1.3965586
v -0.8233189 0.0273208 1.4552996
v -0.8235397 0.0362721 1.4578695
v -0.8225847 0.0234093 1.4432218
v -0.8225847 0.0234093 1.4432218
v -0.8228260 0.0327591 1.4360012
v -0.8227360 0.0412154 1.4392523
v -0.8231604 0.0451504 1.4449594
v -0.8231604 0.0451504 1.4449594
v -0.8285103 0.0534064 1.4618087
v -0.8278478 0.0712876 1.4508333
v -0.8278478 0.0712876 1.4508333
v -0.8273722 0.0663461 1.4444464
v -0.8286675 0.0493086 1.4453181
v -0.8286675 0.0493086 1.4453181
v -0.8207267 0.0769852 1.4599298
v -0.8211263 0.0742170 1.4513007
v -0.8211263 0.0742170 1.4513007
v -0.8203923 0.0919658 1.4630674
v -0.8033148 0.1081815 1.4588181
v -0.8035840 0.0979677 1.4479797
v -0.8035840 0.0979677 1.4479797
v -0.8035739 0.1015836 1.4380237
v -0.1610207 -0.0246584 1.4239173
v -0.1531519 -0.0127444 1.3847269
v -0.1584545 0.0033277 1.5025737
v -0.1467736 0.1087183 1.4088395
v -0.1579707 0.0538975 1.5289062
v -0.1425361 0.1238060 1.4591324
v -0.1604481 0.0470804 1.3803699
v -0.1622664 -0.0145105 1.4699590
v -0.1614012 0.0771891 1.3801192
v -0.1578144 0.0207643 1.3804336
v -0.1578144 0.0207643 1.3804336
v -0.1411466 0.1160261 1.4317676
v -0.1446553 0.1277011 1.4867539
v -0.1615243 0.0863851 1.5304902
v -0.1591525 0.0294088 1.5213876
v -0.1585748 -0.0290681 1.3992165
v -0.1530898 0.1070431 1.5086221
v 0.7602815 0.0230675 1.3944103
v 0.7481648 0.0161910 1.3901800
v 0.7481648 0.0161910 1.3901800
v 0.7467428 0.0046940 1.4024197
v 0.8228841 0.0239500 1.4492917
v 0.8230452 0.0434377 1.4547163
v 0.8285201 0.0485742 1.4548730
v 0.8276598 0.0695420 1.4599488
v 0.8280960 0.0633814 1.4636964
v 0.8278112 0.0551515 1.4419841
v 0.8204686 0.0965493 1.4570233
v 0.8199850 0.0954745 1.4491163
v 0.8199850 0.0954745 1.4491163
v 0.8202199 0.0801537 1.4447727
v 0.8206580 0.0834686 1.4645360
v 0.8200120 0.0883299 1.4438198
v 0.8036385 0.1025231 1.4558561
v 0.8020786 0.1123552 1.4357324
v 0.8026290 0.1159287 1.4566755
v 0.8019661 0.1197654 1.4517865
v 0.8015967 0.1194354 1.4426023
v 0.8015967 0.1194354 1.4426023
v 0.8658398 0.0263202 1.4397717
v 0.8658398 0.0263202 1.4397717
v 0.8663518 0.0266176 1.4473146
v 0.8665749 0.0304501 1.4512573
v 0.8657823 0.0423190 1.4497017
v 0.8667691 0.0365688 1.4526433
v 0.8596209 0.1066435 1.4504161
v 0.8485900 0.1069858 1.4530989
v 0.8473206 0.1173606 1.4509929
v 0.8584394 0.1169625 1.4476695
v 0.8464473 0.1154319 1.4526767
v 0.8469989 0.1099038 1.4536546
v 0.8604387 0.1132354 1.4430386
v 0.8604387 0.1132354 1.4430386
v 0.8607197 0.1086653 1.4436721
v 0.8607197 0.1086653 1.4436721
v 0.8607895 0.1146767 1.4468728
v 0.8619106 0.1090146 1.4474243
v 0.8594564 0.1048542 1.4476360
v 0.8588541 0.1049232 1.4438084
v 0.8588541 0.1049232 1.4438084
v 0.8575193 0.1064910 1.4402686
v 0.8571841 0.1126558 1.4384011
v 0.8576493 0.1155846 1.4412069
v 0.8576493 0.1155846 1.4412069
v 0.8584423 0.1173055 1.4449481
v 0.8390698 0.1190118 1.4428098
v 0.8390698 0.1190118 1.4428098
v 0.8655854 0.0322628 1.4349591
v 0.8650911 0.0402505 1.4366962
v 0.8653197 0.0442615 1.4436439
v 0.8653197 0.0442615 1.4436439
v 0.8388817 0.1133047 1.4370493
v 0.8393947 0.1036337 1.4385134
v 0.7918093 -0.0000445 1.3871341
v 0.7918093 -0.0000445 1.3871341
v 0.7808476 -0.0005558 1.3694320
v 0.7808476 -0.0005558 1.3694320
v 0.7780599 -0.0065961 1.3721359
v 0.7768966 -0.0064375 1.3773738
v 0.7791234 -0.0052810 1.3829068
v 0.7822467 -0.0038649 1.3868196
v 0.7884064 -0.0028084 1.3867545
v 0.7908491 -0.0137266 1.3692070
v 0.7937660 -0.0158453 1.3733885
v 0.7962204 -0.0135082 1.3786715
v 0.7985510 -0.0109517 1.3765212
v 0.7985510 -0.0109517 1.3765212
v 0.7965220 -0.0122263 1.3716519
v 0.7965220 -0.0122263 1.3716519
v 0.7930894 -0.0098125 1.3676827
v 0.7930894 -0.0098125 1.3676827
v 0.7773929 0.0024547 1.3951982
v 0.7797586 0.0079515 1.3939352
v 0.7797586 0.0079515 1.3939352
v 0.7804009 0.0148726 1.3898884
v 0.7763776 0.0141358 1.3842381
v 0.7726678 0.0121408 1.3793845
v 0.7689840 0.0071686 1.3775673
v 0.7689840 0.0071686 1.3775673
v 0.7656257 -0.0002916 1.3806638
v 0.7659020 -0.0050990 1.3843749
v 0.7701437 -0.0044865 1.3890885
v 0.7729248 -0.0029798 1.3946592
v 0.7940140 0.0053669 1.3828115
v 0.7896939 0.0064828 1.3752348
v 0.7843712 0.0035871 1.3704401
v 0.7545985 0.0023183 1.3985144
v 0.7581753 0.0041366 1.4023246
v 0.7655385 0.0065220 1.4028260
v 0.7693600 0.0121955 1.4004607
v 0.7693600 0.0121955 1.4004607
v 0.7721557 0.0191543 1.3966557
v 0.7661795 0.0187283 1.3899728
v 0.7605721 0.0172713 1.3861524
v 0.7556710 0.0114492 1.3861632
v 0.7556710 0.0114492 1.3861632
v 0.7531101 0.0064574 1.3891740
v 0.7527339 0.0024707 1.3930458
v 0.7972142 -0.0098105 1.3804636
v 0.7984973 -0.0079920 1.3802354
v 0.7984973 -0.0079920 1.3802354
v 0.7988026 -0.0035899 1.3767447
v 0.7963210 -0.0020401 1.3715289
v 0.7923968 -0.0044194 1.3676625
v 0.7889695 -0.0068313 1.3667059
v 0.7889695 -0.0068313 1.3667059
v 0.7891229 -0.0099228 1.3677810
v 0.8869730 0.0422614 1.4454392
v 0.8853164 0.0428045 1.4423217
v 0.8853164 0.0428045 1.4423217
v 0.8832920 0.0404711 1.4378077
v 0.8844697 0.0333966 1.4360470
v 0.8872268 0.0299759 1.4398357
v 0.8872268 0.0299759 1.4398357
v 0.8896931 0.0297449 1.4436456
v 0.8912478 0.0335531 1.4437982
v 0.8910740 0.0377225 1.4444690
v 0.8893085 0.0347538 1.4400090
v 0.8893085 0.0347538 1.4400090
v 0.8892814 0.0382903 1.4406070
v 0.8892814 0.0382903 1.4406070
v 0.8401862 0.1185448 1.4496948
v 0.8411669 0.1094979 1.4547085
v 0.8415149 0.1047454 1.4536141
v 0.8405071 0.1004284 1.4446807
v 0.8405071 0.1004284 1.4446807
v 0.8655053 0.0768987 1.4497133
v 0.8655053 0.0768987 1.4497133
v 0.8657538 0.0807688 1.4569463
v 0.8655602 0.0852460 1.4585135
v 0.8648242 0.0942276 1.4533832
v 0.8652661 0.0906907 1.4575784
v 0.8644316 0.0804278 1.4427112
v 0.8759480 0.0327016 1.4488322
v 0.8758282 0.0367553 1.4496983
v 0.8883641 0.0405559 1.4473677
v 0.8767759 0.0386744 1.4496485
v 0.8774933 0.0300703 1.4476751
v 0.8893750 0.0295781 1.4459463
v 0.8909115 0.0371032 1.4487903
v 0.8912575 0.0327744 1.4481733
v 0.8822863 0.0427299 1.4454573
v 0.8829174 0.0408523 1.4476956
v 0.8837110 0.0293261 1.4463938
v 0.8815529 0.0277134 1.4389290
v 0.8815529 0.0277134 1.4389290
v 0.8798892 0.0330474 1.4345776
v 0.8795023 0.0405314 1.4371675
v 0.8801541 0.0435427 1.4428178
v 0.8801541 0.0435427 1.4428178
v 0.8832664 0.0275978 1.4439789
v 0.8641923 0.0891986 1.4413948
v 0.8649964 0.0946366 1.4463941
v 0.8649964 0.0946366 1.4463941
v 0.8873425 0.0917692 1.4487754
v 0.8856879 0.0911863 1.4457914
v 0.8856879 0.0911863 1.4457914
v 0.8835889 0.0881950 1.4426533
v 0.8835863 0.0823426 1.4435244
v 0.8852408 0.0804272 1.4476186
v 0.8852408 0.0804272 1.4476186
v 0.8866734 0.0804798 1.4506303
v 0.8892530 0.0841974 1.4503883
v 0.8890857 0.0886097 1.4493282
v 0.8875429 0.0835414 1.4470967
v 0.8875429 0.0835414 1.4470967
v 0.8877848 0.0878955 1.4459883
v 0.8877848 0.0878955 1.4459883
v 0.8727722 0.0854421 1.4564050
v 0.8722886 0.0896518 1.4555899
v 0.8871512 0.0918601 1.4516345
v 0.8735773 0.0919743 1.4545078
v 0.8742283 0.0833903 1.4562514
v 0.8881808 0.0829218 1.4536637
v 0.8891315 0.0894525 1.4538701
v 0.8893793 0.0855036 1.4549764
v 0.8827509 0.0932642 1.4487473
v 0.8832395 0.0922765 1.4513472
v 0.8826768 0.0819116 1.4544402
v 0.8806788 0.0781876 1.4485807
v 0.8806788 0.0781876 1.4485807
v 0.8796638 0.0810110 1.4425749
v 0.8796038 0.0882849 1.4413224
v 0.8810871 0.0928516 1.4450773
v 0.8810871 0.0928516 1.4450773
v 0.8816031 0.0789251 1.4517351
v 0.8751324 0.0791309 1.4530255
v 0.8736226 0.0770193 1.4487139
v 0.8736226 0.0770193 1.4487139
v 0.8717926 0.0804127 1.4421159
v 0.8717158 0.0885153 1.4407293
v 0.8718989 0.0939640 1.4455969
v 0.8718989 0.0939640 1.4455969
v 0.8730362 0.0942348 1.4505352
v 0.8771241 0.0922709 1.4531566
v 0.8769190 0.0828846 1.4558969
v 0.8862312 0.0869834 1.4444052
v 0.8862711 0.0844217 1.4449865
v 0.8836361 0.0898133 1.4552807
v 0.8837878 0.0855927 1.4561774
v 0.8771051 0.0896091 1.4560419
v 0.8774105 0.0857447 1.4566015
v 0.8892263 0.0581585 1.4550853
v 0.8889526 0.0632619 1.4561346
v 0.8953333 0.0586968 1.4544729
v 0.8951665 0.0641991 1.4550506
v 0.8961803 0.0614532 1.4452662
v 0.8961074 0.0638375 1.4455862
v 0.7843399 -0.0067896 1.3838383
v 0.7932736 -0.0098572 1.3813181
v 0.7873560 -0.0053352 1.3850846
v 0.7803596 -0.0082584 1.3762856
v 0.7818549 -0.0080670 1.3804613
v 0.7871817 -0.0108056 1.3699880
v 0.7896979 -0.0135778 1.3707867
v 0.7806518 -0.0080386 1.3734020
v 0.7921007 -0.0147776 1.3745239
v 0.7945231 -0.0130158 1.3788747
v 0.7595450 0.0000463 1.3951857
v 0.7580154 -0.0005094 1.3922249
v 0.7621431 0.0005164 1.3980730
v 0.7668262 -0.0044851 1.3906626
v 0.7645632 -0.0045876 1.3872714
v 0.7693315 -0.0039017 1.3944600
v 0.7653357 0.0076326 1.3806318
v 0.7653357 0.0076326 1.3806318
v 0.7615809 0.0016323 1.3833112
v 0.7725194 0.0040550 1.3977165
v 0.7754490 0.0092865 1.3963118
v 0.7754490 0.0092865 1.3963118
v 0.7605768 -0.0023685 1.3865535
v 0.7771148 0.0152929 1.3926790
v 0.7718973 0.0137764 1.3873104
v 0.7687634 0.0118363 1.3828509
v 0.7639679 -0.0030039 1.3924211
v 0.7618075 -0.0029778 1.3891186
v 0.7666328 -0.0024116 1.3962125
v 0.7684713 -0.0015575 1.3979875
v 0.8788909 0.0274984 1.4443077
v 0.8770627 0.0267766 1.4390348
v 0.8770627 0.0267766 1.4390348
v 0.8730269 0.0324906 1.4341005
v 0.8725041 0.0402986 1.4362830
v 0.8721433 0.0440012 1.4430661
v 0.8721433 0.0440012 1.4430661
v 0.8731458 0.0426379 1.4470366
v 0.8789135 0.0401570 1.4487203
v 0.8801734 0.0294920 1.4468585
v 0.8872141 0.0380181 1.4385115
v 0.8872667 0.0356173 1.4380264
v 0.8885708 0.0554729 1.4529340
v 0.8873922 0.0674638 1.4538810
v 0.8854867 0.0697373 1.4516826
v 0.8829801 0.0711587 1.4471502
v 0.8829801 0.0711587 1.4471502
v 0.8833678 0.0678734 1.4405813
v 0.8843190 0.0579854 1.4388676
v 0.8862588 0.0529887 1.4447670
v 0.8862588 0.0529887 1.4447670
v 0.8872346 0.0536403 1.4502802
v 0.8922821 0.0536158 1.4485548
v 0.8907982 0.0699174 1.4461601
v 0.8907982 0.0699174 1.4461601
v 0.8903388 0.0671639 1.4426863
v 0.8904235 0.0593526 1.4411906
v 0.8914369 0.0541112 1.4451244
v 0.8914369 0.0541112 1.4451244
v 0.8937112 0.0554706 1.4521556
v 0.8930755 0.0679300 1.4524612
v 0.8923134 0.0701505 1.4499826
v 0.8994147 0.0590669 1.4530425
v 0.8984983 0.0645062 1.4537604
v 0.8977441 0.0558966 1.4513789
v 0.8852732 0.0556210 1.4534224
v 0.8839406 0.0663372 1.4555280
v 0.8953518 0.0679924 1.4517696
v 0.8830613 0.0631291 1.4558625
v 0.8833607 0.0578527 1.4549336
v 0.8973075 0.0648159 1.4480107
v 0.8973075 0.0648159 1.4480107
v 0.8976221 0.0602026 1.4475543
v 0.8976221 0.0602026 1.4475543
v 0.8985183 0.0649447 1.4508252
v 0.8986315 0.0595882 1.4499900
v 0.8968378 0.0562818 1.4485517
v 0.8954109 0.0563692 1.4462583
v 0.8954109 0.0563692 1.4462583
v 0.7988875 -0.0070348 1.3750430
v 0.7971787 -0.0067342 1.3709441
v 0.7941777 -0.0075077 1.3681040
v 0.7902243 -0.0074196 1.3833816
v 0.7933981 -0.0049640 1.3835797
v 0.7962584 -0.0029911 1.3835504
v 0.7962584 -0.0029911 1.3835504
v 0.7974715 0.0005669 1.3790157
v 0.7941422 0.0019723 1.3729095
v 0.7897558 -0.0004327 1.3682039
v 0.7849834 -0.0030794 1.3675386
v 0.7849834 -0.0030794 1.3675386
v 0.7821884 -0.0076756 1.3696127
v 0.7829845 -0.0089007 1.3716979
v 0.7870606 -0.0089563 1.3821088
v 0.7824769 -0.0100349 1.3753452
v 0.7840879 -0.0102165 1.3792137
v 0.7924675 -0.0124661 1.3789874
v 0.7903693 -0.0137457 1.3754894
v 0.7889359 -0.0134326 1.3724694
v 0.7898265 -0.0105000 1.3806349
v 0.7859893 -0.0115893 1.3732773
v 0.7873731 -0.0118759 1.3776937
v 0.8943849 0.0609433 1.4433694
v 0.8944517 0.0650408 1.4442787
v 0.8955626 0.0680990 1.4478085
v 0.8955626 0.0680990 1.4478085
v 0.8959861 0.0687134 1.4495971
v 0.8738227 0.0710647 1.4474851
v 0.8738227 0.0710647 1.4474851
v 0.8743708 0.0677277 1.4408935
v 0.8751768 0.0575171 1.4390402
v 0.8745745 0.0629384 1.4585663
v 0.8740112 0.0690760 1.4556847
v 0.8748806 0.0567639 1.4570560
v 0.8746331 0.0525315 1.4526193
v 0.8749272 0.0519054 1.4451816
v 0.8749272 0.0519054 1.4451816
v 0.8848827 0.0365517 1.4499192
v 0.8855271 0.0321934 1.4489633
v 0.8804868 0.0364250 1.4501573
v 0.8807765 0.0320378 1.4489080
v 0.8608777 0.1149534 1.4508742
v 0.8616074 0.1095676 1.4516875
v 0.8541618 0.1183641 1.4447707
v 0.8549404 0.1176186 1.4481331
v 0.8562066 0.1060878 1.4510030
v 0.8530979 0.1021894 1.4438905
v 0.8530979 0.1021894 1.4438905
v 0.8517661 0.1048015 1.4382430
v 0.8513904 0.1135574 1.4374837
v 0.8529330 0.1167911 1.4402865
v 0.8529330 0.1167911 1.4402865
v 0.8554112 0.1038676 1.4491285
v 0.8485534 0.1036731 1.4502265
v 0.8462350 0.1008453 1.4441724
v 0.8462350 0.1008453 1.4441724
v 0.8443795 0.1037493 1.4382328
v 0.8440938 0.1136492 1.4369172
v 0.8442333 0.1184441 1.4417685
v 0.8442333 0.1184441 1.4417685
v 0.8463251 0.1189486 1.4463171
v 0.8499678 0.1178805 1.4493152
v 0.8506049 0.1061630 1.4523265
v 0.8588461 0.1117825 1.4405982
v 0.8593040 0.1088757 1.4412700
v 0.8579203 0.1156969 1.4516879
v 0.8581061 0.1099537 1.4531375
v 0.8519064 0.1154589 1.4528004
v 0.8522538 0.1103947 1.4538354
v 0.7634365 0.0167917 1.4056364
v 0.7634365 0.0167917 1.4056364
v 0.7665760 0.0230518 1.4001422
v 0.7514761 0.0061746 1.4072747
v 0.7577981 0.0116056 1.4083506
v 0.7538425 0.0226672 1.3903461
v 0.7447156 0.0103509 1.3929087
v 0.7441909 0.0050433 1.3965584
v 0.7749378 -0.0041120 1.3858268
v 0.7778715 -0.0027262 1.3905818
v 0.7827232 -0.0000313 1.3914777
v 0.7858541 0.0046036 1.3908185
v 0.7858541 0.0046036 1.3908185
v 0.7716742 -0.0051538 1.3807287
v 0.7718428 -0.0034439 1.3763995
v 0.7747930 0.0031450 1.3734987
v 0.7747930 0.0031450 1.3734987
v 0.7786222 0.0085910 1.3746879
v 0.7832665 0.0106611 1.3794129
v 0.7879228 0.0107251 1.3867376
v 0.8233189 0.0273208 1.4552997
v 0.8327747 0.0278796 1.4548346
v 0.8282894 0.0273557 1.4557518
v 0.8324937 0.0241163 1.4489535
v 0.8277307 0.0239501 1.4491373
v 0.8324740 0.0427080 1.4543394
v 0.8278289 0.0431870 1.4547392
v 0.8235398 0.0362721 1.4578695
v 0.8328557 0.0360203 1.4572295
v 0.8284232 0.0359178 1.4581182
v 0.8324894 0.0236801 1.4427122
v 0.8324894 0.0236801 1.4427122
v 0.8225847 0.0234093 1.4432219
v 0.8225847 0.0234093 1.4432219
v 0.8274935 0.0235201 1.4430166
v 0.8274935 0.0235201 1.4430166
v 0.8228260 0.0327591 1.4360013
v 0.8329675 0.0328818 1.4354659
v 0.8278475 0.0326585 1.4359186
v 0.8227360 0.0412154 1.4392523
v 0.8327296 0.0411319 1.4384512
v 0.8276721 0.0409840 1.4391966
v 0.8231605 0.0451504 1.4449594
v 0.8231605 0.0451504 1.4449594
v 0.8328626 0.0448415 1.4447911
v 0.8328626 0.0448415 1.4447911
v 0.8279814 0.0449284 1.4449476
v 0.8279814 0.0449284 1.4449476
v 0.8539881 0.0252215 1.4485639
v 0.8626375 0.0262299 1.4477278
v 0.8588752 0.0256876 1.4481487
v 0.8549112 0.0357726 1.4556451
v 0.8632913 0.0364363 1.4539973
v 0.8597655 0.0359206 1.4553804
v 0.8520268 0.0333602 1.4350340
v 0.8611754 0.0326427 1.4352471
v 0.8571237 0.0326585 1.4357998
v 0.8618560 0.0444343 1.4439930
v 0.8618560 0.0444343 1.4439930
v 0.8530856 0.0445825 1.4446111
v 0.8530856 0.0445825 1.4446111
v 0.8580208 0.0445163 1.4443375
v 0.8580208 0.0445163 1.4443375
v 0.8548170 0.0288166 1.4540544
v 0.8631579 0.0298600 1.4523072
v 0.8596609 0.0292109 1.4537649
v 0.8629065 0.0421693 1.4507180
v 0.8544893 0.0418812 1.4522700
v 0.8592666 0.0420754 1.4516864
v 0.8618916 0.0259639 1.4404812
v 0.8618916 0.0259639 1.4404812
v 0.8530398 0.0250079 1.4416184
v 0.8530398 0.0250079 1.4416184
v 0.8579464 0.0255076 1.4409587
v 0.8579464 0.0255076 1.4409587
v 0.8519386 0.0408896 1.4369898
v 0.8610349 0.0403351 1.4370713
v 0.8570328 0.0402396 1.4376168
v 0.8380651 0.0493594 1.4545306
v 0.8333407 0.0488935 1.4547092
v 0.8285104 0.0534064 1.4618086
v 0.8377976 0.0540140 1.4609035
v 0.8332816 0.0536384 1.4618162
v 0.8370662 0.0692199 1.4590443
v 0.8324384 0.0695873 1.4596953
v 0.8375300 0.0713363 1.4496152
v 0.8375300 0.0713363 1.4496152
v 0.8278478 0.0712876 1.4508333
v 0.8278478 0.0712876 1.4508333
v 0.8329163 0.0713017 1.4503341
v 0.8329163 0.0713017 1.4503341
v 0.8373290 0.0632905 1.4622866
v 0.8328327 0.0632582 1.4635476
v 0.8377075 0.0668537 1.4426382
v 0.8273722 0.0663461 1.4444464
v 0.8320598 0.0662451 1.4439915
v 0.8286675 0.0493086 1.4453180
v 0.8286675 0.0493086 1.4453180
v 0.8385126 0.0496867 1.4452670
v 0.8385126 0.0496867 1.4452670
v 0.8335558 0.0495329 1.4452829
v 0.8335558 0.0495329 1.4452829
v 0.8381348 0.0554343 1.4408693
v 0.8328387 0.0553056 1.4416654
v 0.8588611 0.0513452 1.4544162
v 0.8684268 0.0520971 1.4536011
v 0.8636971 0.0516034 1.4542869
v 0.8675819 0.0683869 1.4565669
v 0.8580843 0.0684829 1.4580837
v 0.8628791 0.0684533 1.4576517
v 0.8682316 0.0630080 1.4596243
v 0.8588387 0.0628904 1.4618555
v 0.8635957 0.0628512 1.4612917
v 0.8582175 0.0505348 1.4464973
v 0.8582175 0.0505348 1.4464973
v 0.8678777 0.0513082 1.4461930
v 0.8678777 0.0513082 1.4461930
v 0.8630636 0.0508512 1.4465408
v 0.8630636 0.0508512 1.4465408
v 0.8674105 0.0568131 1.4396715
v 0.8576775 0.0563575 1.4404360
v 0.8625521 0.0565561 1.4403442
v 0.8591338 0.0553559 1.4601668
v 0.8685212 0.0562602 1.4581461
v 0.8639073 0.0556875 1.4598471
v 0.8674103 0.0711720 1.4482384
v 0.8674103 0.0711720 1.4482384
v 0.8577201 0.0712045 1.4485141
v 0.8577201 0.0712045 1.4485141
v 0.8625833 0.0711457 1.4486066
v 0.8625833 0.0711457 1.4486066
v 0.8573278 0.0673204 1.4421009
v 0.8670621 0.0675532 1.4416702
v 0.8622182 0.0673317 1.4421959
v 0.8566784 0.0891199 1.4423630
v 0.8467413 0.0887688 1.4420567
v 0.8516319 0.0890482 1.4428886
v 0.8479586 0.0759856 1.4503889
v 0.8479586 0.0759856 1.4503889
v 0.8572020 0.0765333 1.4499935
v 0.8572020 0.0765333 1.4499935
v 0.8525085 0.0762832 1.4503154
v 0.8525085 0.0762832 1.4503154
v 0.8573790 0.0908824 1.4586127
v 0.8481133 0.0913911 1.4607391
v 0.8528526 0.0912068 1.4600780
v 0.8570467 0.0946183 1.4547716
v 0.8475524 0.0949350 1.4559839
v 0.8523386 0.0948972 1.4556379
v 0.8466205 0.0948438 1.4475586
v 0.8466205 0.0948438 1.4475586
v 0.8564888 0.0946642 1.4473265
v 0.8564888 0.0946642 1.4473265
v 0.8515439 0.0946735 1.4476546
v 0.8515439 0.0946735 1.4476546
v 0.8571826 0.0804357 1.4435056
v 0.8472316 0.0802697 1.4434073
v 0.8521017 0.0804686 1.4441876
v 0.8574665 0.0800186 1.4575312
v 0.8481312 0.0793562 1.4588363
v 0.8528277 0.0797138 1.4581823
v 0.8484800 0.0846843 1.4620106
v 0.8576224 0.0847790 1.4596233
v 0.8531455 0.0847858 1.4611688
v 0.8299684 0.0958265 1.4566072
v 0.8252779 0.0963764 1.4569285
v 0.8298901 0.0948953 1.4483945
v 0.8298901 0.0948953 1.4483945
v 0.8245373 0.0948711 1.4484590
v 0.8245373 0.0948711 1.4484590
v 0.8298974 0.0800581 1.4442822
v 0.8253182 0.0803113 1.4448860
v 0.8207267 0.0769852 1.4599298
v 0.8302050 0.0776824 1.4598711
v 0.8255163 0.0773344 1.4599296
v 0.8302444 0.0839483 1.4638236
v 0.8255494 0.0838362 1.4645605
v 0.8296976 0.0883223 1.4429487
v 0.8248173 0.0885864 1.4440681
v 0.8308806 0.0744592 1.4518082
v 0.8308806 0.0744592 1.4518082
v 0.8211263 0.0742170 1.4513007
v 0.8211263 0.0742170 1.4513007
v 0.8259389 0.0743910 1.4514991
v 0.8259389 0.0743910 1.4514991
v 0.8203923 0.0919658 1.4630674
v 0.8300313 0.0917447 1.4621173
v 0.8253607 0.0919689 1.4629761
v 0.8137016 0.1035692 1.4562784
v 0.8087544 0.1030606 1.4567410
v 0.8033148 0.1081815 1.4588184
v 0.8133767 0.1087482 1.4577712
v 0.8084521 0.1084691 1.4588697
v 0.8128354 0.1127925 1.4369529
v 0.8078101 0.1126877 1.4369498
v 0.8035840 0.0979677 1.4479800
v 0.8035840 0.0979677 1.4479800
v 0.8138195 0.0986686 1.4476448
v 0.8138195 0.0986686 1.4476448
v 0.8087748 0.0982472 1.4478649
v 0.8087748 0.0982472 1.4478649
v 0.8127412 0.1161732 1.4558603
v 0.8077951 0.1160821 1.4570082
v 0.8123038 0.1197441 1.4521362
v 0.8074757 0.1201725 1.4525919
v 0.8118562 0.1199219 1.4431659
v 0.8118562 0.1199219 1.4431659
v 0.8067546 0.1198095 1.4429315
v 0.8067546 0.1198095 1.4429315
v 0.8136199 0.1018869 1.4383670
v 0.8035738 0.1015835 1.4380240
v 0.8087807 0.1018662 1.4385473
v 0.8379695 0.1045952 1.4546249
v 0.8294584 0.1043873 1.4560755
v 0.8345183 0.1047819 1.4558904
v 0.8352963 0.1133285 1.4373914
v 0.8260711 0.1132050 1.4377235
v 0.8309206 0.1130657 1.4371226
v 0.8284587 0.0998769 1.4467636
v 0.8284587 0.0998769 1.4467636
v 0.8372526 0.1003433 1.4454074
v 0.8372526 0.1003433 1.4454074
v 0.8331190 0.0999771 1.4456023
v 0.8331190 0.0999771 1.4456023
v 0.8266579 0.1192649 1.4437792
v 0.8266579 0.1192649 1.4437792
v 0.8357016 0.1191293 1.4431971
v 0.8357016 0.1191293 1.4431971
v 0.8317935 0.1192299 1.4435788
v 0.8317935 0.1192299 1.4435788
v 0.8362800 0.1035620 1.4387375
v 0.8271354 0.1027051 1.4381162
v 0.8320364 0.1034805 1.4388709
v 0.8293774 0.1094214 1.4571381
v 0.8379642 0.1094797 1.4557608
v 0.8344300 0.1097751 1.4569184
v 0.8285429 0.1162557 1.4548538
v 0.8373736 0.1161178 1.4536183
v 0.8336145 0.1164312 1.4545557
v 0.8368846 0.1187886 1.4503144
v 0.8277164 0.1192045 1.4510045
v 0.8328679 0.1192025 1.4508814
v 0.8406419 0.1157530 1.4529094
v -0.7602816 0.0230674 1.3944105
v -0.7481650 0.0161909 1.3901802
v -0.7481650 0.0161909 1.3901802
v -0.7467429 0.0046939 1.4024200
v -0.8228841 0.0239500 1.4492916
v -0.8230451 0.0434377 1.4547163
v -0.8285200 0.0485742 1.4548731
v -0.8276597 0.0695420 1.4599488
v -0.8280959 0.0633814 1.4636964
v -0.8278112 0.0551515 1.4419842
v -0.8204686 0.0965493 1.4570233
v -0.8199850 0.0954746 1.4491163
v -0.8199850 0.0954746 1.4491163
v -0.8202199 0.0801538 1.4447727
v -0.8206580 0.0834686 1.4645360
v -0.8200120 0.0883299 1.4438198
v -0.8036385 0.1025231 1.4558557
v -0.8020787 0.1123552 1.4357320
v -0.8026291 0.1159287 1.4566752
v -0.8019661 0.1197654 1.4517862
v -0.8015968 0.1194354 1.4426019
v -0.8015968 0.1194354 1.4426019
v -0.8658398 0.0263202 1.4397715
v -0.8658398 0.0263202 1.4397715
v -0.8663518 0.0266176 1.4473145
v -0.8665750 0.0304501 1.4512572
v -0.8657823 0.0423190 1.4497015
v -0.8667691 0.0365688 1.4526432
v -0.8596209 0.1066436 1.4504162
v -0.8485900 0.1069858 1.4530990
v -0.8473207 0.1173607 1.4509931
v -0.8584395 0.1169625 1.4476696
v -0.8464474 0.1154319 1.4526768
v -0.8469989 0.1099038 1.4536548
v -0.8604388 0.1132355 1.4430387
v -0.8604388 0.1132355 1.4430387
v -0.8607197 0.1086654 1.4436722
v -0.8607197 0.1086654 1.4436722
v -0.8607896 0.1146767 1.4468729
v -0.8619106 0.1090146 1.4474244
v -0.8594565 0.1048543 1.4476361
v -0.8588542 0.1049233 1.4438086
v -0.8588542 0.1049233 1.4438086
v -0.8575193 0.1064911 1.4402688
v -0.8571842 0.1126558 1.4384012
v -0.8576494 0.1155847 1.4412071
v -0.8576494 0.1155847 1.4412071
v -0.8584424 0.1173056 1.4449482
v -0.8390698 0.1190118 1.4428099
v -0.8390698 0.1190118 1.4428099
v -0.8655854 0.0322628 1.4349589
v -0.8650911 0.0402505 1.4366961
v -0.8653197 0.0442615 1.4436438
v -0.8653197 0.0442615 1.4436438
v -0.8388818 0.1133047 1.4370494
v -0.8393948 0.1036337 1.4385135
v -0.7918096 -0.0000447 1.3871344
v -0.7918096 -0.0000447 1.3871344
v -0.7808479 -0.0005560 1.3694323
v -0.7808479 -0.0005560 1.3694323
v -0.7780602 -0.0065963 1.3721362
v -0.7768969 -0.0064377 1.3773742
v -0.7791237 -0.0052812 1.3829072
v -0.7822470 -0.0038651 1.3868200
v -0.7884067 -0.0028086 1.3867549
v -0.7908494 -0.0137268 1.3692074
v -0.7937663 -0.0158455 1.3733889
v -0.7962207 -0.0135084 1.3786719
v -0.7985513 -0.0109519 1.3765216
v -0.7985513 -0.0109519 1.3765216
v -0.7965223 -0.0122265 1.3716522
v -0.7965223 -0.0122265 1.3716522
v -0.7930897 -0.0098127 1.3676831
v -0.7930897 -0.0098127 1.3676831
v -0.7773932 0.0024545 1.3951987
v -0.7797588 0.0079513 1.3939356
v -0.7797588 0.0079513 1.3939356
v -0.7804011 0.0148724 1.3898889
v -0.7763779 0.0141356 1.3842386
v -0.7726680 0.0121406 1.3793849
v -0.7689842 0.0071684 1.3775676
v -0.7689842 0.0071684 1.3775676
v -0.7656260 -0.0002918 1.3806640
v -0.7659023 -0.0050992 1.3843752
v -0.7701440 -0.0044867 1.3890890
v -0.7729250 -0.0029799 1.3946596
v -0.7940143 0.0053667 1.3828119
v -0.7896942 0.0064826 1.3752352
v -0.7843715 0.0035869 1.3704405
v -0.7545987 0.0023182 1.3985146
v -0.7581755 0.0041365 1.4023248
v -0.7655387 0.0065219 1.4028262
v -0.7693602 0.0121954 1.4004610
v -0.7693602 0.0121954 1.4004610
v -0.7721559 0.0191542 1.3966559
v -0.7661797 0.0187282 1.3899730
v -0.7605723 0.0172712 1.3861526
v -0.7556712 0.0114492 1.3861635
v -0.7556712 0.0114492 1.3861635
v -0.7531103 0.0064573 1.3891742
v -0.7527341 0.0024706 1.3930460
v -0.7972145 -0.0098107 1.3804640
v -0.7984976 -0.0079922 1.3802358
v -0.7984976 -0.0079922 1.3802358
v -0.7988029 -0.0035901 1.3767451
v -0.7963213 -0.0020404 1.3715292
v -0.7923971 -0.0044196 1.3676629
v -0.7889698 -0.0068315 1.3667063
v -0.7889698 -0.0068315 1.3667063
v -0.7891232 -0.0099230 1.3677814
v -0.8869730 0.0422614 1.4454391
v -0.8853164 0.0428045 1.4423215
v -0.8853164 0.0428045 1.4423215
v -0.8832920 0.0404711 1.4378076
v -0.8844698 0.0333966 1.4360468
v -0.8872268 0.0299759 1.4398355
v -0.8872268 0.0299759 1.4398355
v -0.8896931 0.0297449 1.4436455
v -0.8912479 0.0335531 1.4437981
v -0.8910741 0.0377226 1.4444689
v -0.8893086 0.0347538 1.4400089
v -0.8893086 0.0347538 1.4400089
v -0.8892815 0.0382903 1.4406068
v -0.8892815 0.0382903 1.4406068
v -0.8401862 0.1185448 1.4496949
v -0.8411670 0.1094979 1.4547086
v -0.8415150 0.1047454 1.4536142
v -0.8405071 0.1004285 1.4446808
v -0.8405071 0.1004285 1.4446808
v -0.8655052 0.0768987 1.4497133
v -0.8655052 0.0768987 1.4497133
v -0.8657537 0.0807688 1.4569463
v -0.8655601 0.0852460 1.4585135
v -0.8648241 0.0942276 1.4533832
v -0.8652660 0.0906907 1.4575784
v -0.8644315 0.0804278 1.4427112
v -0.8759480 0.0327016 1.4488320
v -0.8758283 0.0367553 1.4496982
v -0.8883642 0.0405559 1.4473675
v -0.8767759 0.0386744 1.4496484
v -0.8774933 0.0300704 1.4476750
v -0.8893750 0.0295781 1.4459462
v -0.8909115 0.0371032 1.4487903
v -0.8912576 0.0327744 1.4481732
v -0.8822863 0.0427299 1.4454572
v -0.8829175 0.0408523 1.4476955
v -0.8837110 0.0293261 1.4463937
v -0.8815530 0.0277134 1.4389288
v -0.8815530 0.0277134 1.4389288
v -0.8798893 0.0330474 1.4345775
v -0.8795024 0.0405314 1.4371674
v -0.8801541 0.0435427 1.4428177
v -0.8801541 0.0435427 1.4428177
v -0.8832665 0.0275978 1.4439788
v -0.8641922 0.0891986 1.4413948
v -0.8649963 0.0946366 1.4463941
v -0.8649963 0.0946366 1.4463941
v -0.8873424 0.0917692 1.4487754
v -0.8856878 0.0911863 1.4457914
v -0.8856878 0.0911863 1.4457914
v -0.8835888 0.0881950 1.4426533
v -0.8835862 0.0823426 1.4435244
v -0.8852407 0.0804272 1.4476186
v -0.8852407 0.0804272 1.4476186
v -0.8866733 0.0804799 1.4506303
v -0.8892529 0.0841974 1.4503883
v -0.8890856 0.0886097 1.4493282
v -0.8875428 0.0835414 1.4470967
v -0.8875428 0.0835414 1.4470967
v -0.8877848 0.0878955 1.4459883
v -0.8877848 0.0878955 1.4459883
v -0.8727720 0.0854421 1.4564050
v -0.8722885 0.0896518 1.4555899
v -0.8871511 0.0918601 1.4516345
v -0.8735772 0.0919743 1.4545078
v -0.8742282 0.0833903 1.4562514
v -0.8881807 0.0829218 1.4536637
v -0.8891314 0.0894526 1.4538701
v -0.8893792 0.0855036 1.4549764
v -0.8827508 0.0932642 1.4487473
v -0.8832394 0.0922765 1.4513472
v -0.8826767 0.0819117 1.4544402
v -0.8806787 0.0781876 1.4485807
v -0.8806787 0.0781876 1.4485807
v -0.8796636 0.0810110 1.4425749
v -0.8796037 0.0882849 1.4413224
v -0.8810870 0.0928516 1.4450773
v -0.8810870 0.0928516 1.4450773
v -0.8816029 0.0789252 1.4517351
v -0.8751323 0.0791309 1.4530255
v -0.8736225 0.0770193 1.4487139
v -0.8736225 0.0770193 1.4487139
v -0.8717924 0.0804127 1.4421159
v -0.8717157 0.0885153 1.4407293
v -0.8718988 0.0939640 1.4455969
v -0.8718988 0.0939640 1.4455969
v -0.8730361 0.0942348 1.4505352
v -0.8771240 0.0922709 1.4531566
v -0.8769189 0.0828846 1.4558969
v -0.8862311 0.0869834 1.4444052
v -0.8862709 0.0844217 1.4449865
v -0.8836360 0.0898133 1.4552807
v -0.8837876 0.0855927 1.4561774
v -0.8771050 0.0896092 1.4560419
v -0.8774104 0.0857447 1.4566015
v -0.8892265 0.0581585 1.4550854
v -0.8889528 0.0632619 1.4561347
v -0.8953335 0.0586968 1.4544730
v -0.8951667 0.0641991 1.4550507
v -0.8961805 0.0614532 1.4452664
v -0.8961076 0.0638375 1.4455863
v -0.7843402 -0.0067898 1.3838387
v -0.7932739 -0.0098574 1.3813184
v -0.7873563 -0.0053354 1.3850850
v -0.7803599 -0.0082586 1.3762859
v -0.7818552 -0.0080672 1.3804617
v -0.7871820 -0.0108058 1.3699883
v -0.7896982 -0.0135780 1.3707870
v -0.7806521 -0.0080388 1.3734024
v -0.7921010 -0.0147778 1.3745242
v -0.7945234 -0.0130160 1.3788750
v -0.7595452 0.0000462 1.3951859
v -0.7580156 -0.0005095 1.3922251
v -0.7621433 0.0005163 1.3980732
v -0.7668265 -0.0044852 1.3906628
v -0.7645634 -0.0045877 1.3872718
v -0.7693317 -0.0039019 1.3944603
v -0.7653359 0.0076324 1.3806322
v -0.7653359 0.0076324 1.3806322
v -0.7615812 0.0016322 1.3833114
v -0.7725196 0.0040549 1.3977169
v -0.7754493 0.0092863 1.3963121
v -0.7754493 0.0092863 1.3963121
v -0.7605770 -0.0023686 1.3865536
v -0.7771150 0.0152927 1.3926793
v -0.7718976 0.0137762 1.3873107
v -0.7687636 0.0118362 1.3828512
v -0.7639682 -0.0030040 1.3924214
v -0.7618077 -0.0029779 1.3891188
v -0.7666330 -0.0024117 1.3962127
v -0.7684715 -0.0015576 1.3979877
v -0.8788909 0.0274985 1.4443076
v -0.8770628 0.0267766 1.4390347
v -0.8770628 0.0267766 1.4390347
v -0.8730270 0.0324906 1.4341004
v -0.8725041 0.0402986 1.4362829
v -0.8721433 0.0440012 1.4430660
v -0.8721433 0.0440012 1.4430660
v -0.8731458 0.0426379 1.4470365
v -0.8789136 0.0401570 1.4487202
v -0.8801735 0.0294920 1.4468584
v -0.8872142 0.0380181 1.4385114
v -0.8872668 0.0356173 1.4380263
v -0.8885710 0.0554730 1.4529341
v -0.8873923 0.0674638 1.4538811
v -0.8854869 0.0697373 1.4516827
v -0.8829803 0.0711587 1.4471503
v -0.8829803 0.0711587 1.4471503
v -0.8833680 0.0678734 1.4405814
v -0.8843192 0.0579854 1.4388677
v -0.8862590 0.0529887 1.4447671
v -0.8862590 0.0529887 1.4447671
v -0.8872348 0.0536403 1.4502803
v -0.8922822 0.0536158 1.4485549
v -0.8907983 0.0699174 1.4461602
v -0.8907983 0.0699174 1.4461602
v -0.8903390 0.0671640 1.4426864
v -0.8904237 0.0593526 1.4411907
v -0.8914371 0.0541112 1.4451245
v -0.8914371 0.0541112 1.4451245
v -0.8937114 0.0554706 1.4521557
v -0.8930756 0.0679300 1.4524614
v -0.8923135 0.0701505 1.4499828
v -0.8994148 0.0590669 1.4530425
v -0.8984985 0.0645062 1.4537605
v -0.8977443 0.0558966 1.4513791
v -0.8852734 0.0556210 1.4534225
v -0.8839408 0.0663372 1.4555281
v -0.8953520 0.0679924 1.4517697
v -0.8830615 0.0631291 1.4558626
v -0.8833609 0.0578527 1.4549338
v -0.8973076 0.0648160 1.4480106
v -0.8973076 0.0648160 1.4480106
v -0.8976223 0.0602026 1.4475545
v -0.8976223 0.0602026 1.4475545
v -0.8985185 0.0649447 1.4508253
v -0.8986316 0.0595883 1.4499902
v -0.8968380 0.0562818 1.4485518
v -0.8954111 0.0563692 1.4462584
v -0.8954111 0.0563692 1.4462584
v -0.7988878 -0.0070350 1.3750434
v -0.7971790 -0.0067344 1.3709445
v -0.7941779 -0.0075080 1.3681043
v -0.7902246 -0.0074199 1.3833820
v -0.7933984 -0.0049642 1.3835801
v -0.7962587 -0.0029913 1.3835508
v -0.7962587 -0.0029913 1.3835508
v -0.7974718 0.0005666 1.3790160
v -0.7941425 0.0019721 1.3729099
v -0.7897561 -0.0004329 1.3682042
v -0.7849837 -0.0030796 1.3675389
v -0.7849837 -0.0030796 1.3675389
v -0.7821887 -0.0076758 1.3696131
v -0.7829848 -0.0089009 1.3716983
v -0.7870609 -0.0089565 1.3821092
v -0.7824772 -0.0100351 1.3753456
v -0.7840882 -0.0102167 1.3792140
v -0.7924678 -0.0124663 1.3789878
v -0.7903696 -0.0137459 1.3754897
v -0.7889362 -0.0134328 1.3724698
v -0.7898268 -0.0105002 1.3806353
v -0.7859896 -0.0115895 1.3732777
v -0.7873734 -0.0118761 1.3776940
v -0.8943850 0.0609433 1.4433695
v -0.8944519 0.0650408 1.4442788
v -0.8955628 0.0680990 1.4478086
v -0.8955628 0.0680990 1.4478086
v -0.8959863 0.0687134 1.4495972
v -0.8738228 0.0710648 1.4474852
v -0.8738228 0.0710648 1.4474852
v -0.8743709 0.0677277 1.4408937
v -0.8751770 0.0575171 1.4390403
v -0.8745746 0.0629385 1.4585664
v -0.8740113 0.0690761 1.4556848
v -0.8748807 0.0567639 1.4570562
v -0.8746332 0.0525316 1.4526194
v -0.8749273 0.0519055 1.4451817
v -0.8749273 0.0519055 1.4451817
v -0.8848827 0.0365517 1.4499191
v -0.8855272 0.0321934 1.4489632
v -0.8804869 0.0364250 1.4501572
v -0.8807766 0.0320378 1.4489079
v -0.8608778 0.1149535 1.4508743
v -0.8616074 0.1095676 1.4516876
v -0.8541619 0.1183642 1.4447708
v -0.8549404 0.1176186 1.4481332
v -0.8562067 0.1060879 1.4510031
v -0.8530979 0.1021894 1.4438906
v -0.8530979 0.1021894 1.4438906
v -0.8517662 0.1048016 1.4382432
v -0.8513905 0.1135574 1.4374838
v -0.8529331 0.1167912 1.4402866
v -0.8529331 0.1167912 1.4402866
v -0.8554113 0.1038676 1.4491286
v -0.8485534 0.1036732 1.4502267
v -0.8462351 0.1008453 1.4441725
v -0.8462351 0.1008453 1.4441725
v -0.8443795 0.1037493 1.4382329
v -0.8440939 0.1136492 1.4369173
v -0.8442334 0.1184441 1.4417686
v -0.8442334 0.1184441 1.4417686
v -0.8463252 0.1189487 1.4463172
v -0.8499678 0.1178805 1.4493153
v -0.8506050 0.1061630 1.4523267
v -0.8588461 0.1117826 1.4405984
v -0.8593040 0.1088757 1.4412701
v -0.8579204 0.1156970 1.4516881
v -0.8581061 0.1099537 1.4531376
v -0.8519064 0.1154589 1.4528005
v -0.8522539 0.1103947 1.4538355
v -0.7634367 0.0167916 1.4056367
v -0.7634367 0.0167916 1.4056367
v -0.7665762 0.0230517 1.4001424
v -0.7514762 0.0061745 1.4072750
v -0.7577983 0.0116055 1.4083508
v -0.7538427 0.0226671 1.3903463
v -0.7447158 0.0103508 1.3929089
v -0.7441911 0.0050432 1.3965586
v -0.7749381 -0.0041122 1.3858272
v -0.7778718 -0.0027264 1.3905822
v -0.7827235 -0.0000315 1.3914781
v -0.7858544 0.0046034 1.3908188
v -0.7858544 0.0046034 1.3908188
v -0.7716745 -0.0051540 1.3807291
v -0.7718431 -0.0034441 1.3764000
v -0.7747933 0.0031448 1.3734990
v -0.7747933 0.0031448 1.3734990
v -0.7786225 0.0085908 1.3746883
v -0.7832668 0.0106609 1.3794132
v -0.7879231 0.0107249 1.3867379
v -0.8233189 0.0273208 1.4552996
v -0.8327746 0.0278796 1.4548345
v -0.8282893 0.0273557 1.4557518
v -0.8324936 0.0241163 1.4489534
v -0.8277306 0.0239501 1.4491373
v -0.8324739 0.0427080 1.4543393
v -0.8278288 0.0431870 1.4547392
v -0.8235397 0.0362721 1.4578695
v -0.8328556 0.0360203 1.4572294
v -0.8284231 0.0359178 1.4581182
v -0.8324893 0.0236801 1.4427121
v -0.8324893 0.0236801 1.4427121
v -0.8225847 0.0234093 1.4432218
v -0.8225847 0.0234093 1.4432218
v -0.8274934 0.0235201 1.4430166
v -0.8274934 0.0235201 1.4430166
v -0.8228260 0.0327591 1.4360012
v -0.8329674 0.0328818 1.4354658
v -0.8278474 0.0326585 1.4359186
v -0.8227360 0.0412154 1.4392523
v -0.8327295 0.0411319 1.4384511
v -0.8276719 0.0409840 1.4391966
v -0.8231604 0.0451504 1.4449594
v -0.8231604 0.0451504 1.4449594
v -0.8328624 0.0448415 1.4447910
v -0.8328624 0.0448415 1.4447910
v -0.8279813 0.0449284 1.4449476
v -0.8279813 0.0449284 1.4449476
v -0.8539879 0.0252215 1.4485639
v -0.8626375 0.0262299 1.4477278
v -0.8588751 0.0256876 1.4481487
v -0.8549111 0.0357726 1.4556451
v -0.8632913 0.0364363 1.4539973
v -0.8597654 0.0359206 1.4553804
v -0.8520266 0.0333602 1.4350340
v -0.8611754 0.0326428 1.4352471
v -0.8571236 0.0326585 1.4357998
v -0.8618560 0.0444343 1.4439930
v -0.8618560 0.0444343 1.4439930
v -0.8530855 0.0445825 1.4446111
v -0.8530855 0.0445825 1.4446111
v -0.8580208 0.0445163 1.4443375
v -0.8580208 0.0445163 1.4443375
v -0.8548169 0.0288166 1.4540544
v -0.8631579 0.0298600 1.4523072
v -0.8596609 0.0292109 1.4537649
v -0.8629065 0.0421693 1.4507180
v -0.8544892 0.0418812 1.4522700
v -0.8592665 0.0420754 1.4516864
v -0.8618916 0.0259639 1.4404812
v -0.8618916 0.0259639 1.4404812
v -0.8530397 0.0250079 1.4416183
v -0.8530397 0.0250079 1.4416183
v -0.8579463 0.0255076 1.4409587
v -0.8579463 0.0255076 1.4409587
v -0.8519385 0.0408896 1.4369898
v -0.8610349 0.0403351 1.4370713
v -0.8570328 0.0402396 1.4376168
v -0.8380650 0.0493594 1.4545306
v -0.8333406 0.0488935 1.4547092
v -0.8285103 0.0534064 1.4618087
v -0.8377975 0.0540141 1.4609035
v -0.8332815 0.0536384 1.4618162
v -0.8370662 0.0692199 1.4590442
v -0.8324383 0.0695873 1.4596952
v -0.8375300 0.0713364 1.4496151
v -0.8375300 0.0713364 1.4496151
v -0.8278478 0.0712876 1.4508333
v -0.8278478 0.0712876 1.4508333
v -0.8329162 0.0713017 1.4503340
v -0.8329162 0.0713017 1.4503340
v -0.8373289 0.0632905 1.4622865
v -0.8328326 0.0632582 1.4635475
v -0.8377075 0.0668537 1.4426380
v -0.8273722 0.0663461 1.4444464
v -0.8320597 0.0662451 1.4439914
v -0.8286675 0.0493086 1.4453181
v -0.8286675 0.0493086 1.4453181
v -0.8385125 0.0496867 1.4452670
v -0.8385125 0.0496867 1.4452670
v -0.8335557 0.0495329 1.4452829
v -0.8335557 0.0495329 1.4452829
v -0.8381348 0.0554344 1.4408692
v -0.8328386 0.0553056 1.4416654
v -0.8588610 0.0513452 1.4544162
v -0.8684269 0.0520971 1.4536012
v -0.8636971 0.0516034 1.4542868
v -0.8675820 0.0683869 1.4565670
v -0.8580842 0.0684830 1.4580836
v -0.8628791 0.0684534 1.4576516
v -0.8682317 0.0630081 1.4596244
v -0.8588387 0.0628904 1.4618554
v -0.8635957 0.0628512 1.4612916
v -0.8582175 0.0505348 1.4464973
v -0.8582175 0.0505348 1.4464973
v -0.8678778 0.0513083 1.4461931
v -0.8678778 0.0513083 1.4461931
v -0.8630636 0.0508512 1.4465408
v -0.8630636 0.0508512 1.4465408
v -0.8674105 0.0568131 1.4396716
v -0.8576775 0.0563575 1.4404359
v -0.8625521 0.0565561 1.4403441
v -0.8591337 0.0553560 1.4601667
v -0.8685212 0.0562602 1.4581462
v -0.8639073 0.0556875 1.4598470
v -0.8674104 0.0711720 1.4482385
v -0.8674104 0.0711720 1.4482385
v -0.8577200 0.0712045 1.4485140
v -0.8577200 0.0712045 1.4485140
v -0.8625833 0.0711458 1.4486065
v -0.8625833 0.0711458 1.4486065
v -0.8573278 0.0673204 1.4421008
v -0.8670622 0.0675532 1.4416703
v -0.8622182 0.0673317 1.4421958
v -0.8566784 0.0891199 1.4423630
v -0.8467412 0.0887688 1.4420567
v -0.8516318 0.0890482 1.4428886
v -0.8479586 0.0759856 1.4503889
v -0.8479586 0.0759856 1.4503889
v -0.8572019 0.0765333 1.4499935
v -0.8572019 0.0765333 1.4499935
v -0.8525084 0.0762832 1.4503154
v -0.8525084 0.0762832 1.4503154
v -0.8573790 0.0908824 1.4586127
v -0.8481132 0.0913911 1.4607391
v -0.8528525 0.0912068 1.4600780
v -0.8570466 0.0946183 1.4547716
v -0.8475523 0.0949350 1.4559839
v -0.8523384 0.0948972 1.4556379
v -0.8466204 0.0948438 1.4475586
v -0.8466204 0.0948438 1.4475586
v -0.8564887 0.0946642 1.4473265
v -0.8564887 0.0946642 1.4473265
v -0.8515438 0.0946735 1.4476546
v -0.8515438 0.0946735 1.4476546
v -0.8571824 0.0804357 1.4435056
v -0.8472315 0.0802697 1.4434073
v -0.8521016 0.0804686 1.4441876
v -0.8574665 0.0800186 1.4575312
v -0.8481312 0.0793562 1.4588363
v -0.8528276 0.0797138 1.4581823
v -0.8484800 0.0846843 1.4620106
v -0.8576224 0.0847790 1.4596233
v -0.8531454 0.0847858 1.4611688
v -0.8299683 0.0958266 1.4566072
v -0.8252779 0.0963765 1.4569285
v -0.8298900 0.0948953 1.4483945
v -0.8298900 0.0948953 1.4483945
v -0.8245373 0.0948711 1.4484590
v -0.8245373 0.0948711 1.4484590
v -0.8298973 0.0800581 1.4442822
v -0.8253182 0.0803113 1.4448860
v -0.8207267 0.0769852 1.4599298
v -0.8302050 0.0776824 1.4598711
v -0.8255163 0.0773344 1.4599296
v -0.8302444 0.0839483 1.4638236
v -0.8255494 0.0838362 1.4645605
v -0.8296975 0.0883223 1.4429487
v -0.8248173 0.0885864 1.4440681
v -0.8308806 0.0744592 1.4518082
v -0.8308806 0.0744592 1.4518082
v -0.8211263 0.0742170 1.4513007
v -0.8211263 0.0742170 1.4513007
v -0.8259389 0.0743910 1.4514991
v -0.8259389 0.0743910 1.4514991
v -0.8203923 0.0919658 1.4630674
v -0.8300313 0.0917448 1.4621173
v -0.8253607 0.0919689 1.4629761
v -0.8137016 0.1035693 1.4562783
v -0.8087544 0.1030606 1.4567407
v -0.8033148 0.1081815 1.4588181
v -0.8133768 0.1087483 1.4577711
v -0.8084522 0.1084691 1.4588693
v -0.8128355 0.1127925 1.4369528
v -0.8078102 0.1126877 1.4369495
v -0.8035840 0.0979677 1.4479797
v -0.8035840 0.0979677 1.4479797
v -0.8138196 0.0986686 1.4476447
v -0.8138196 0.0986686 1.4476447
v -0.8087748 0.0982472 1.4478647
v -0.8087748 0.0982472 1.4478647
v -0.8127413 0.1161732 1.4558601
v -0.8077952 0.1160821 1.4570079
v -0.8123038 0.1197441 1.4521359
v -0.8074759 0.1201725 1.4525915
v -0.8118563 0.1199219 1.4431658
v -0.8118563 0.1199219 1.4431658
v -0.8067548 0.1198095 1.4429313
v -0.8067548 0.1198095 1.4429313
v -0.8136199 0.1018869 1.4383669
v -0.8035739 0.1015836 1.4380237
v -0.8087807 0.1018662 1.4385470
v -0.8379695 0.1045952 1.4546250
v -0.8294584 0.1043873 1.4560754
v -0.8345183 0.1047819 1.4558904
v -0.8352963 0.1133285 1.4373915
v -0.8260711 0.1132051 1.4377234
v -0.8309207 0.1130658 1.4371226
v -0.8284587 0.0998770 1.4467635
v -0.8284587 0.0998770 1.4467635
v -0.8372527 0.1003433 1.4454074
v -0.8372527 0.1003433 1.4454074
v -0.8331191 0.0999771 1.4456023
v -0.8331191 0.0999771 1.4456023
v -0.8266580 0.1192649 1.4437791
v -0.8266580 0.1192649 1.4437791
v -0.8357017 0.1191293 1.4431971
v -0.8357017 0.1191293 1.4431971
v -0.8317936 0.1192299 1.4435788
v -0.8317936 0.1192299 1.4435788
v -0.8362800 0.1035620 1.4387375
v -0.8271355 0.1027051 1.4381161
v -0.8320364 0.1034806 1.4388709
v -0.8293774 0.1094214 1.4571379
v -0.8379642 0.1094797 1.4557608
v -0.8344300 0.1097751 1.4569184
v -0.8285430 0.1162558 1.4548537
v -0.8373737 0.1161178 1.4536183
v -0.8336145 0.1164313 1.4545557
v -0.8368847 0.1187886 1.4503144
v -0.8277164 0.1192045 1.4510044
v -0.8328679 0.1192025 1.4508814
v -0.8406420 0.1157530 1.4529095
usemtl MI_Ranger
f 23 11 44
f 23 44 6
f 33 29 7
f 33 7 315
f 37 31 3
f 37 3 5
f 8 18 40
f 8 40 9
f 31 33 315
f 31 315 3
f 42 34 4
f 42 4 1
f 17 23 6
f 17 6 313
f 29 39 201
f 29 201 7
f 312 240 26
f 312 26 12
f 2 316 25
f 2 25 15
f 8 314 20
f 8 20 18
f 240 2 15
f 240 15 26
f 314 312 12
f 314 12 20
f 316 44 11
f 316 11 25
f 42 1 9
f 42 9 40
f 39 17 313
f 39 313 201
f 218 95 54
f 218 54 215
f 174 167 46
f 174 46 90
f 253 166 47
f 253 47 241
f 266 168 48
f 266 48 255
f 280 268 51
f 280 51 254
f 279 270 53
f 279 53 242
f 105 114 91
f 105 91 311
f 225 165 45
f 225 45 213
f 259 103 57
f 259 57 256
f 246 96 55
f 246 55 243
f 104 102 56
f 104 56 92
f 277 269 52
f 277 52 214
f 231 97 60
f 231 60 228
f 278 271 59
f 278 59 227
f 239 169 58
f 239 58 226
f 238 159 65
f 238 65 229
f 265 156 64
f 265 64 257
f 164 155 63
f 164 63 93
f 252 158 62
f 252 62 244
f 224 157 61
f 224 61 216
f 211 160 68
f 211 68 203
f 276 272 66
f 276 66 200
f 224 160 304
f 224 304 306
f 205 98 67
f 205 67 202
f 197 161 72
f 197 72 182
f 186 99 71
f 186 71 180
f 50 310 70
f 50 70 178
f 199 171 69
f 199 69 176
f 158 162 80
f 158 80 62
f 162 163 79
f 162 79 80
f 96 100 78
f 96 78 55
f 100 101 77
f 100 77 78
f 270 273 74
f 270 74 53
f 273 274 73
f 273 73 74
f 166 172 76
f 166 76 47
f 172 173 75
f 172 75 76
f 286 287 89
f 286 89 88
f 282 286 88
f 282 88 84
f 292 285 87
f 292 87 184
f 293 284 86
f 293 86 204
f 295 283 85
f 295 85 230
f 288 289 81
f 288 81 94
f 296 282 84
f 296 84 245
f 297 290 82
f 297 82 258
f 294 281 83
f 294 83 217
f 285 288 94
f 285 94 87
f 161 164 93
f 161 93 72
f 99 104 92
f 99 92 71
f 171 174 90
f 171 90 69
f 87 94 104
f 87 104 99
f 88 89 101
f 88 101 100
f 84 88 100
f 84 100 96
f 184 87 99
f 184 99 186
f 204 86 98
f 204 98 205
f 230 85 97
f 230 97 231
f 94 81 102
f 94 102 104
f 245 84 96
f 245 96 246
f 258 82 103
f 258 103 259
f 217 83 95
f 217 95 218
f 70 91 114
f 70 114 111
f 214 52 107
f 214 107 219
f 254 51 106
f 254 106 260
f 242 53 108
f 242 108 247
f 227 59 109
f 227 109 232
f 200 66 110
f 200 110 206
f 178 70 111
f 178 111 188
f 53 74 112
f 53 112 108
f 74 73 113
f 74 113 112
f 72 93 151
f 72 151 139
f 139 151 152
f 139 152 140
f 140 152 153
f 140 153 141
f 80 79 147
f 80 147 143
f 143 147 148
f 143 148 144
f 144 148 149
f 144 149 145
f 62 80 143
f 62 143 119
f 119 143 144
f 119 144 120
f 120 144 145
f 120 145 121
f 182 72 139
f 182 139 190
f 190 139 140
f 190 140 192
f 192 140 141
f 192 141 194
f 203 68 135
f 203 135 207
f 207 135 136
f 207 136 208
f 208 136 137
f 208 137 209
f 229 65 123
f 229 123 233
f 233 123 124
f 233 124 234
f 234 124 125
f 234 125 235
f 257 64 134
f 257 134 261
f 261 134 133
f 261 133 262
f 262 133 132
f 262 132 263
f 330 347 389
f 330 389 331
f 93 63 130
f 93 130 151
f 151 130 129
f 151 129 152
f 152 129 128
f 152 128 153
f 244 62 119
f 244 119 248
f 248 119 120
f 248 120 249
f 249 120 121
f 249 121 250
f 216 61 115
f 216 115 220
f 220 115 116
f 220 116 221
f 221 116 117
f 221 117 222
f 69 90 164
f 69 164 161
f 76 75 163
f 76 163 162
f 47 76 162
f 47 162 158
f 176 69 161
f 176 161 197
f 213 224 306
f 213 306 301
f 213 45 157
f 213 157 224
f 241 47 158
f 241 158 252
f 90 46 155
f 90 155 164
f 255 48 156
f 255 156 265
f 226 58 159
f 226 159 238
f 71 92 174
f 71 174 171
f 78 77 173
f 78 173 172
f 55 78 172
f 55 172 166
f 180 71 171
f 180 171 199
f 202 67 170
f 202 170 212
f 228 60 169
f 228 169 239
f 215 54 165
f 215 165 225
f 256 57 168
f 256 168 266
f 243 55 166
f 243 166 253
f 92 56 167
f 92 167 174
f 57 179 198
f 57 198 168
f 48 175 196
f 48 196 156
f 133 191 193
f 133 193 132
f 134 189 191
f 134 191 133
f 64 181 189
f 64 189 134
f 51 177 187
f 51 187 106
f 82 183 185
f 82 185 103
f 290 291 183
f 290 183 82
f 168 198 175
f 168 175 48
f 268 49 177
f 268 177 51
f 103 185 179
f 103 179 57
f 156 196 181
f 156 181 64
f 56 202 212
f 56 212 167
f 160 211 305
f 160 305 304
f 129 208 209
f 129 209 128
f 130 207 208
f 130 208 129
f 63 203 207
f 63 207 130
f 81 204 205
f 81 205 102
f 289 293 204
f 289 204 81
f 102 205 202
f 102 202 56
f 211 155 298
f 211 298 305
f 311 91 275
f 311 275 267
f 155 211 203
f 155 203 63
f 67 215 225
f 67 225 170
f 167 212 308
f 167 308 307
f 136 221 222
f 136 222 137
f 135 220 221
f 135 221 136
f 68 216 220
f 68 220 135
f 66 214 219
f 66 219 110
f 86 217 218
f 86 218 98
f 284 294 217
f 284 217 86
f 160 224 216
f 160 216 68
f 272 277 214
f 272 214 66
f 225 213 301
f 225 301 309
f 98 218 215
f 98 215 67
f 54 228 239
f 54 239 165
f 45 226 238
f 45 238 157
f 871 328 327
f 871 327 869
f 116 234 235
f 116 235 117
f 115 233 234
f 115 234 116
f 61 229 233
f 61 233 115
f 52 227 232
f 52 232 107
f 83 230 231
f 83 231 95
f 281 295 230
f 281 230 83
f 157 238 229
f 157 229 61
f 165 239 226
f 165 226 45
f 269 278 227
f 269 227 52
f 95 231 228
f 95 228 54
f 60 243 253
f 60 253 169
f 58 241 252
f 58 252 159
f 124 249 250
f 124 250 125
f 123 248 249
f 123 249 124
f 65 244 248
f 65 248 123
f 59 242 247
f 59 247 109
f 85 245 246
f 85 246 97
f 283 296 245
f 283 245 85
f 159 252 244
f 159 244 65
f 97 246 243
f 97 243 60
f 271 279 242
f 271 242 59
f 169 253 241
f 169 241 58
f 77 256 266
f 77 266 173
f 75 255 265
f 75 265 163
f 148 262 263
f 148 263 149
f 147 261 262
f 147 262 148
f 79 257 261
f 79 261 147
f 73 254 260
f 73 260 113
f 89 258 259
f 89 259 101
f 287 297 258
f 287 258 89
f 163 265 257
f 163 257 79
f 101 259 256
f 101 256 77
f 274 280 254
f 274 254 73
f 173 266 255
f 173 255 75
f 310 3 315
f 310 315 275
f 2 240 279
f 2 279 271
f 44 316 278
f 44 278 269
f 313 6 277
f 313 277 272
f 7 201 276
f 7 276 267
f 1 4 49
f 1 49 268
f 314 8 274
f 314 274 273
f 312 314 273
f 312 273 270
f 5 3 310
f 5 310 50
f 201 313 272
f 201 272 276
f 316 2 271
f 316 271 278
f 6 44 269
f 6 269 277
f 315 7 267
f 315 267 275
f 240 312 270
f 240 270 279
f 9 1 268
f 9 268 280
f 113 260 297
f 113 297 287
f 109 247 296
f 109 296 283
f 107 232 295
f 107 295 281
f 110 219 294
f 110 294 284
f 105 206 293
f 105 293 289
f 106 187 291
f 106 291 290
f 111 114 288
f 111 288 285
f 219 107 281
f 219 281 294
f 260 106 290
f 260 290 297
f 247 108 282
f 247 282 296
f 114 105 289
f 114 289 288
f 232 109 283
f 232 283 295
f 206 110 284
f 206 284 293
f 188 111 285
f 188 285 292
f 108 112 286
f 108 286 282
f 112 113 287
f 112 287 286
f 308 303 302
f 308 302 300
f 300 302 304
f 300 304 305
f 299 300 305
f 299 305 298
f 307 308 300
f 307 300 299
f 302 301 306
f 302 306 304
f 303 309 301
f 303 301 302
f 46 167 307
f 46 307 299
f 212 170 303
f 212 303 308
f 170 225 309
f 170 309 303
f 155 46 299
f 155 299 298
f 70 310 275
f 70 275 91
f 200 206 105
f 200 105 311
f 311 267 276
f 311 276 200
f 855 330 331
f 855 331 867
f 868 326 325
f 868 325 857
f 867 331 329
f 867 329 858
f 858 329 328
f 858 328 871
f 865 322 321
f 865 321 864
f 864 321 333
f 864 333 856
f 862 319 318
f 862 318 861
f 856 333 320
f 856 320 863
f 866 323 322
f 866 322 865
f 857 325 324
f 857 324 870
f 860 317 332
f 860 332 859
f 863 320 319
f 863 319 862
f 869 327 326
f 869 326 868
f 394 432 433
f 394 433 398
f 379 425 421
f 379 421 378
f 371 372 374
f 371 374 375
f 461 460 462
f 461 462 468
f 464 466 470
f 464 470 465
f 418 376 378
f 418 378 420
f 396 393 397
f 396 397 399
f 391 431 432
f 391 432 394
f 412 401 400
f 412 400 413
f 370 373 372
f 370 372 371
f 411 410 403
f 411 403 402
f 402 395 396
f 402 396 401
f 377 379 378
f 377 378 376
f 412 413 416
f 412 416 414
f 432 431 437
f 432 437 436
f 411 402 401
f 411 401 412
f 417 419 410
f 417 410 411
f 472 476 474
f 472 474 473
f 375 374 377
f 375 377 376
f 395 402 403
f 395 403 392
f 373 370 369
f 373 369 384
f 395 390 393
f 395 393 396
f 433 432 436
f 433 436 435
f 401 396 399
f 401 399 400
f 465 470 476
f 465 476 472
f 464 461 468
f 464 468 466
f 473 474 336
f 473 336 334
f 355 351 353
f 355 353 358
f 364 358 353
f 364 353 356
f 781 364 356
f 781 356 782
f 438 440 354
f 438 354 352
f 440 441 357
f 440 357 354
f 411 412 414
f 411 414 417
f 495 435 436
f 495 436 493
f 495 496 497
f 495 497 435
f 498 433 435
f 498 435 497
f 415 416 413
f 415 413 499
f 413 400 500
f 413 500 499
f 400 399 501
f 400 501 500
f 399 397 502
f 399 502 501
f 398 433 498
f 398 498 503
f 825 823 895
f 825 895 894
f 438 352 350
f 438 350 439
f 514 349 351
f 514 351 355
f 459 458 481
f 459 481 483
f 367 361 365
f 367 365 368
f 456 455 564
f 456 564 563
f 505 515 516
f 505 516 506
f 504 513 518
f 504 518 517
f 567 517 518
f 567 518 568
f 455 453 565
f 455 565 564
f 507 506 516
f 507 516 519
f 521 441 440
f 521 440 522
f 522 440 438
f 522 438 523
f 496 522 523
f 496 523 497
f 523 438 439
f 523 439 434
f 497 523 434
f 497 434 498
f 362 442 443
f 362 443 366
f 428 524 536
f 428 536 427
f 429 525 524
f 429 524 428
f 529 534 473
f 529 473 334
f 461 464 531
f 461 531 535
f 532 382 381
f 532 381 528
f 534 538 472
f 534 472 473
f 528 381 380
f 528 380 527
f 535 533 460
f 535 460 461
f 472 538 539
f 472 539 465
f 537 383 382
f 537 382 532
f 380 427 536
f 380 536 527
f 465 539 531
f 465 531 464
f 537 532 373
f 537 373 384
f 372 373 532
f 372 532 528
f 524 525 425
f 524 425 379
f 374 527 536
f 374 536 377
f 372 528 527
f 372 527 374
f 536 524 379
f 536 379 377
f 382 535 531
f 382 531 381
f 531 539 380
f 531 380 381
f 539 538 427
f 539 427 380
f 533 535 382
f 533 382 383
f 428 427 538
f 428 538 534
f 429 428 534
f 429 534 529
f 813 892 724
f 813 724 815
f 835 833 901
f 835 901 900
f 504 540 541
f 504 541 505
f 456 543 542
f 456 542 452
f 386 545 544
f 386 544 385
f 457 547 546
f 457 546 448
f 415 548 549
f 415 549 416
f 416 549 550
f 416 550 414
f 548 415 514
f 548 514 355
f 543 552 551
f 543 551 542
f 540 553 554
f 540 554 541
f 547 556 555
f 547 555 546
f 545 558 557
f 545 557 544
f 559 515 505
f 559 505 541
f 560 559 541
f 560 541 554
f 504 517 561
f 504 561 540
f 562 553 540
f 562 540 561
f 553 562 560
f 553 560 554
f 564 516 515
f 564 515 563
f 565 519 516
f 565 516 564
f 448 567 568
f 448 568 444
f 570 572 571
f 570 571 569
f 572 573 575
f 572 575 571
f 452 569 571
f 452 571 449
f 386 387 572
f 386 572 570
f 387 486 573
f 387 573 572
f 449 571 575
f 449 575 450
f 577 567 448
f 577 448 546
f 578 577 546
f 578 546 555
f 579 578 555
f 579 555 556
f 547 459 579
f 547 579 556
f 457 458 459
f 457 459 547
f 456 563 580
f 456 580 543
f 581 552 543
f 581 543 580
f 582 551 552
f 582 552 581
f 551 582 583
f 551 583 542
f 569 452 542
f 569 542 583
f 584 545 386
f 584 386 570
f 585 558 545
f 585 545 584
f 586 557 558
f 586 558 585
f 367 544 557
f 367 557 586
f 368 385 544
f 368 544 367
f 784 460 533
f 784 533 785
f 786 383 537
f 786 537 787
f 788 582 581
f 788 581 789
f 790 588 587
f 790 587 791
f 787 537 384
f 787 384 789
f 785 533 383
f 785 383 786
f 790 788 369
f 790 369 588
f 578 562 561
f 578 561 577
f 560 581 580
f 560 580 559
f 584 583 582
f 584 582 585
f 570 569 583
f 570 583 584
f 563 515 559
f 563 559 580
f 577 561 517
f 577 517 567
f 459 483 589
f 459 589 579
f 792 462 460
f 792 460 784
f 370 591 588
f 370 588 369
f 371 592 591
f 371 591 370
f 375 593 592
f 375 592 371
f 376 418 593
f 376 593 375
f 361 367 363
f 361 363 359
f 586 594 363
f 586 363 367
f 791 794 594
f 791 594 586
f 794 781 363
f 794 363 594
f 591 596 587
f 591 587 588
f 595 597 358
f 595 358 364
f 596 597 595
f 596 595 587
f 355 358 597
f 355 597 548
f 596 549 548
f 596 548 597
f 592 599 598
f 592 598 591
f 593 417 599
f 593 599 592
f 418 419 417
f 418 417 593
f 599 417 414
f 599 414 550
f 591 598 600
f 591 600 596
f 598 599 550
f 598 550 600
f 550 549 596
f 550 596 600
f 783 795 601
f 783 601 360
f 360 601 442
f 360 442 362
f 484 479 602
f 484 602 590
f 793 796 485
f 793 485 463
f 603 566 454
f 603 454 489
f 604 603 489
f 604 489 490
f 576 604 490
f 576 490 451
f 508 520 605
f 508 605 509
f 509 605 606
f 509 606 510
f 510 606 608
f 510 608 512
f 513 511 607
f 513 607 518
f 444 568 609
f 444 609 445
f 446 610 611
f 446 611 447
f 447 611 479
f 447 479 480
f 480 479 484
f 480 484 482
f 520 566 603
f 520 603 605
f 612 574 487
f 612 487 488
f 442 612 488
f 442 488 443
f 576 574 612
f 576 612 604
f 604 614 613
f 604 613 603
f 605 615 616
f 605 616 606
f 603 613 615
f 603 615 605
f 442 601 617
f 442 617 612
f 612 617 614
f 612 614 604
f 607 609 568
f 607 568 518
f 610 608 606
f 610 606 611
f 606 616 618
f 606 618 611
f 479 611 618
f 479 618 602
f 795 797 617
f 795 617 601
f 798 494 491
f 798 491 799
f 800 616 615
f 800 615 799
f 439 350 621
f 439 621 622
f 434 439 622
f 434 622 623
f 498 434 623
f 498 623 624
f 503 498 624
f 503 624 626
f 501 502 625
f 501 625 627
f 500 501 627
f 500 627 628
f 499 500 628
f 499 628 629
f 415 499 629
f 415 629 630
f 415 630 631
f 415 631 514
f 514 631 620
f 514 620 349
f 633 632 343
f 633 343 340
f 633 338 475
f 633 475 634
f 634 635 632
f 634 632 633
f 463 485 636
f 463 636 469
f 467 637 638
f 467 638 471
f 471 638 639
f 471 639 477
f 477 639 634
f 477 634 475
f 469 636 637
f 469 637 467
f 796 801 478
f 796 478 485
f 485 478 640
f 485 640 636
f 637 641 642
f 637 642 638
f 638 642 643
f 638 643 639
f 639 643 635
f 639 635 634
f 636 640 641
f 636 641 637
f 644 493 436
f 644 436 437
f 802 797 521
f 802 521 619
f 802 619 494
f 802 494 798
f 437 646 645
f 437 645 644
f 431 647 646
f 431 646 437
f 395 392 648
f 395 648 390
f 391 649 647
f 391 647 431
f 645 651 650
f 645 650 644
f 646 652 651
f 646 651 645
f 653 652 646
f 653 646 647
f 654 493 644
f 654 644 650
f 655 495 493
f 655 493 654
f 655 656 496
f 655 496 495
f 521 522 657
f 521 657 619
f 656 657 522
f 656 522 496
f 658 677 648
f 658 648 392
f 403 659 658
f 403 658 392
f 410 660 659
f 410 659 403
f 419 661 660
f 419 660 410
f 418 420 661
f 418 661 419
f 801 618 616
f 801 616 800
f 656 494 619
f 656 619 657
f 491 662 663
f 491 663 492
f 494 656 662
f 494 662 491
f 492 663 640
f 492 640 478
f 664 641 640
f 664 640 663
f 665 664 663
f 665 663 662
f 665 662 656
f 665 656 655
f 666 668 669
f 666 669 667
f 668 666 635
f 668 635 643
f 670 668 643
f 670 643 642
f 664 670 642
f 664 642 641
f 671 669 668
f 671 668 670
f 665 671 670
f 665 670 664
f 671 665 655
f 671 655 654
f 669 671 654
f 669 654 650
f 669 650 651
f 669 651 667
f 652 672 667
f 652 667 651
f 345 343 632
f 345 632 673
f 635 666 673
f 635 673 632
f 666 667 672
f 666 672 673
f 421 423 420
f 421 420 378
f 423 408 661
f 423 661 420
f 408 406 660
f 408 660 661
f 659 660 406
f 659 406 404
f 404 388 658
f 404 658 659
f 673 672 674
f 673 674 345
f 652 653 674
f 652 674 672
f 658 675 677
f 675 658 388
f 675 388 346
f 348 345 674
f 348 674 676
f 653 647 649
f 653 649 678
f 676 674 653
f 676 653 678
f 338 633 340
f 843 876 872
f 843 872 844
f 846 682 875
f 846 875 847
f 848 879 682
f 848 682 846
f 849 878 879
f 849 879 848
f 850 680 878
f 850 878 849
f 852 877 681
f 852 681 851
f 853 679 877
f 853 877 852
f 854 874 679
f 854 679 853
f 847 875 876
f 847 876 843
f 845 873 874
f 845 874 854
f 805 803 884
f 805 884 883
f 704 387 386
f 704 386 709
f 803 806 885
f 803 885 884
f 806 808 887
f 806 887 885
f 810 809 880
f 810 880 881
f 811 804 882
f 811 882 722
f 705 486 387
f 705 387 704
f 816 727 893
f 816 893 814
f 815 724 888
f 815 888 817
f 818 725 889
f 818 889 819
f 820 890 891
f 820 891 821
f 822 726 725
f 822 725 818
f 712 490 489
f 712 489 713
f 817 888 726
f 817 726 822
f 826 897 728
f 826 728 827
f 829 730 733
f 829 733 830
f 828 827 728
f 828 728 729
f 826 831 732
f 826 732 897
f 831 825 894
f 831 894 732
f 837 836 734
f 837 734 898
f 685 686 480
f 685 480 482
f 837 898 736
f 837 736 838
f 840 839 737
f 840 737 738
f 452 718 717
f 452 717 456
f 688 683 458
f 688 458 457
f 687 447 480
f 687 480 686
f 689 691 444
f 689 444 445
f 809 811 722
f 809 722 880
f 751 712 713
f 751 713 756
f 456 717 716
f 456 716 455
f 454 715 713
f 454 713 489
f 455 716 714
f 455 714 453
f 449 719 718
f 449 718 452
f 490 712 721
f 490 721 451
f 450 720 719
f 450 719 449
f 385 368 710
f 385 710 711
f 741 705 704
f 741 704 748
f 368 365 707
f 368 707 710
f 386 385 711
f 386 711 709
f 488 487 706
f 488 706 702
f 443 488 702
f 443 702 703
f 748 704 709
f 748 709 743
f 366 443 703
f 366 703 708
f 505 506 694
f 505 694 693
f 504 505 693
f 504 693 701
f 697 740 509
f 697 509 510
f 511 513 700
f 511 700 698
f 512 699 697
f 512 697 510
f 770 740 697
f 770 697 761
f 504 701 700
f 504 700 513
f 506 507 695
f 506 695 694
f 776 775 691
f 776 691 689
f 772 687 686
f 772 686 778
f 773 771 683
f 773 683 688
f 481 458 683
f 481 683 684
f 448 692 688
f 448 688 457
f 780 778 686
f 780 686 685
f 448 444 691
f 448 691 692
f 446 447 687
f 446 687 690
f 509 740 696
f 509 696 508
f 824 832 731
f 824 731 896
f 812 748 743
f 812 743 810
f 807 741 748
f 807 748 812
f 711 710 745
f 711 745 744
f 710 707 746
f 710 746 745
f 709 711 744
f 709 744 743
f 702 706 742
f 702 742 750
f 703 702 750
f 703 750 749
f 708 703 749
f 708 749 747
f 816 751 756
f 816 756 821
f 718 754 757
f 718 757 717
f 717 757 760
f 717 760 716
f 715 753 756
f 715 756 713
f 716 760 752
f 716 752 714
f 719 755 754
f 719 754 718
f 712 751 759
f 712 759 721
f 720 758 755
f 720 755 719
f 696 740 770
f 696 770 768
f 832 770 761
f 832 761 830
f 693 694 765
f 693 765 762
f 701 693 762
f 701 762 769
f 698 700 766
f 698 766 763
f 699 764 761
f 699 761 697
f 701 769 766
f 701 766 700
f 694 695 767
f 694 767 765
f 841 842 778
f 841 778 780
f 838 839 771
f 838 771 773
f 833 772 778
f 833 778 842
f 834 836 775
f 834 775 776
f 684 683 771
f 684 771 779
f 692 774 773
f 692 773 688
f 692 691 775
f 692 775 774
f 690 687 772
f 690 772 777
f 320 333 335
f 320 335 337
f 327 409 424
f 327 424 326
f 329 405 407
f 329 407 328
f 319 339 342
f 319 342 318
f 324 426 526
f 324 526 323
f 325 422 426
f 325 426 324
f 330 332 344
f 330 344 347
f 323 526 430
f 323 430 322
f 870 324 323
f 870 323 866
f 321 530 335
f 321 335 333
f 326 424 422
f 326 422 325
f 317 341 344
f 317 344 332
f 328 407 409
f 328 409 327
f 331 389 405
f 331 405 329
f 322 430 530
f 322 530 321
f 320 337 339
f 320 339 319
f 132 251 264
f 132 264 263
f 478 801 800
f 478 800 492
f 614 802 798
f 614 798 613
f 614 617 797
f 614 797 802
f 602 618 801
f 602 801 796
f 492 800 799
f 492 799 491
f 613 798 799
f 613 799 615
f 441 521 797
f 441 797 795
f 590 602 796
f 590 796 793
f 357 441 795
f 357 795 783
f 595 364 781
f 595 781 794
f 587 595 794
f 587 794 791
f 589 792 784
f 589 784 579
f 585 582 788
f 585 788 790
f 578 785 786
f 578 786 562
f 560 787 789
f 560 789 581
f 585 790 791
f 585 791 586
f 369 788 789
f 369 789 384
f 562 786 787
f 562 787 560
f 579 784 785
f 579 785 578
f 363 781 782
f 363 782 359
f 9 280 274
f 9 274 8
f 193 236 251
f 193 251 132
f 886 807 812
f 886 812 723
f 723 812 810
f 723 810 881
f 744 745 811
f 744 811 809
f 745 746 804
f 745 804 811
f 743 744 809
f 743 809 810
f 750 742 808
f 750 808 806
f 749 750 806
f 749 806 803
f 747 749 803
f 747 803 805
f 727 816 821
f 727 821 891
f 754 817 822
f 754 822 757
f 757 822 818
f 757 818 760
f 753 820 821
f 753 821 756
f 760 818 819
f 760 819 752
f 755 815 817
f 755 817 754
f 751 816 814
f 751 814 759
f 758 813 815
f 758 815 755
f 731 832 830
f 731 830 733
f 768 770 832
f 768 832 824
f 762 765 825
f 762 825 831
f 769 762 831
f 769 831 826
f 763 766 827
f 763 827 828
f 764 829 830
f 764 830 761
f 769 826 827
f 769 827 766
f 765 767 823
f 765 823 825
f 899 734 836
f 899 836 834
f 901 833 842
f 901 842 735
f 736 737 839
f 736 839 838
f 739 735 842
f 739 842 841
f 779 771 839
f 779 839 840
f 774 837 838
f 774 838 773
f 774 775 836
f 774 836 837
f 777 772 833
f 777 833 835
f 621 845 854
f 621 854 622
f 630 847 843
f 630 843 631
f 622 854 853
f 622 853 623
f 623 853 852
f 623 852 624
f 624 852 851
f 624 851 626
f 625 850 849
f 625 849 627
f 627 849 848
f 627 848 628
f 628 848 846
f 628 846 629
f 629 846 847
f 629 847 630
f 631 843 844
f 631 844 620
f 235 127 122
f 235 122 117
f 121 118 126
f 121 126 250
f 250 126 131
f 250 131 125
f 117 122 146
f 117 146 222
f 125 131 127
f 125 127 235
f 128 154 210
f 128 210 153
f 137 150 195
f 137 195 209
f 222 146 150
f 222 150 137
f 149 142 138
f 149 138 145
f 209 195 154
f 209 154 128
f 141 223 237
f 141 237 194
f 263 264 142
f 263 142 149
f 153 210 223
f 153 223 141
f 145 138 118
f 145 118 121
f 859 332 330
f 859 330 855
f 251 859 855
f 251 855 264
f 122 870 866
f 122 866 146
f 126 869 868
f 126 868 131
f 210 863 862
f 210 862 223
f 236 860 859
f 236 859 251
f 127 857 870
f 127 870 122
f 146 866 865
f 146 865 150
f 154 856 863
f 154 863 210
f 223 862 861
f 223 861 237
f 195 864 856
f 195 856 154
f 150 865 864
f 150 864 195
f 138 858 871
f 138 871 118
f 142 867 858
f 142 858 138
f 131 868 857
f 131 857 127
f 264 855 867
f 264 867 142
f 118 871 869
f 118 869 126
f 41 19 902
f 41 902 917
f 19 21 909
f 19 909 902
f 27 14 906
f 27 906 916
f 913 907 16
f 913 16 38
f 14 24 915
f 14 915 906
f 13 27 916
f 13 916 904
f 907 914 22
f 907 22 16
f 21 13 904
f 21 904 909
f 903 43 41
f 903 41 917
f 905 913 38
f 905 38 28
f 903 911 35
f 903 35 43
f 908 910 32
f 908 32 30
f 912 908 30
f 912 30 36
f 910 905 28
f 910 28 32
f 914 918 10
f 914 10 22
f 918 915 24
f 918 24 10
f 941 924 962
f 941 962 929
f 951 1233 925
f 951 925 947
f 955 923 921
f 955 921 949
f 926 927 958
f 926 958 936
f 949 921 1233
f 949 1233 951
f 960 919 922
f 960 922 952
f 935 1231 924
f 935 924 941
f 947 925 1119
f 947 1119 957
f 1230 930 944
f 1230 944 1158
f 920 933 943
f 920 943 1234
f 926 936 938
f 926 938 1232
f 1158 944 933
f 1158 933 920
f 1232 938 930
f 1232 930 1230
f 1234 943 929
f 1234 929 962
f 960 958 927
f 960 927 919
f 957 1119 1231
f 957 1231 935
f 1136 1133 972
f 1136 972 1013
f 1092 1008 964
f 1092 964 1085
f 1171 1159 965
f 1171 965 1084
f 1184 1173 966
f 1184 966 1086
f 1198 1172 969
f 1198 969 1186
f 1197 1160 971
f 1197 971 1188
f 1023 1229 1009
f 1023 1009 1032
f 1143 1131 963
f 1143 963 1083
f 1177 1174 975
f 1177 975 1021
f 1164 1161 973
f 1164 973 1014
f 1022 1010 974
f 1022 974 1020
f 1195 1132 970
f 1195 970 1187
f 1149 1146 978
f 1149 978 1015
f 1196 1145 977
f 1196 977 1189
f 1157 1144 976
f 1157 976 1087
f 1156 1147 983
f 1156 983 1077
f 1183 1175 982
f 1183 982 1074
f 1082 1011 981
f 1082 981 1073
f 1170 1162 980
f 1170 980 1076
f 1142 1134 979
f 1142 979 1075
f 1129 1121 986
f 1129 986 1078
f 1194 1118 984
f 1194 984 1190
f 1142 1224 1222
f 1142 1222 1078
f 1123 1120 985
f 1123 985 1016
f 1115 1100 990
f 1115 990 1079
f 1104 1098 989
f 1104 989 1017
f 968 1096 988
f 968 988 1228
f 1117 1094 987
f 1117 987 1089
f 1076 980 998
f 1076 998 1080
f 1080 998 997
f 1080 997 1081
f 1014 973 996
f 1014 996 1018
f 1018 996 995
f 1018 995 1019
f 1188 971 992
f 1188 992 1191
f 1191 992 991
f 1191 991 1192
f 1084 965 994
f 1084 994 1090
f 1090 994 993
f 1090 993 1091
f 1204 1006 1007
f 1204 1007 1205
f 1200 1002 1006
f 1200 1006 1204
f 1210 1102 1005
f 1210 1005 1203
f 1211 1122 1004
f 1211 1004 1202
f 1213 1148 1003
f 1213 1003 1201
f 1206 1012 999
f 1206 999 1207
f 1214 1163 1002
f 1214 1002 1200
f 1215 1176 1000
f 1215 1000 1208
f 1212 1135 1001
f 1212 1001 1199
f 1203 1005 1012
f 1203 1012 1206
f 1079 990 1011
f 1079 1011 1082
f 1017 989 1010
f 1017 1010 1022
f 1089 987 1008
f 1089 1008 1092
f 1005 1017 1022
f 1005 1022 1012
f 1006 1018 1019
f 1006 1019 1007
f 1002 1014 1018
f 1002 1018 1006
f 1102 1104 1017
f 1102 1017 1005
f 1122 1123 1016
f 1122 1016 1004
f 1148 1149 1015
f 1148 1015 1003
f 1012 1022 1020
f 1012 1020 999
f 1163 1164 1014
f 1163 1014 1002
f 1176 1177 1021
f 1176 1021 1000
f 1135 1136 1013
f 1135 1013 1001
f 988 1029 1032
f 988 1032 1009
f 1132 1137 1025
f 1132 1025 970
f 1172 1178 1024
f 1172 1024 969
f 1160 1165 1026
f 1160 1026 971
f 1145 1150 1027
f 1145 1027 977
f 1118 1124 1028
f 1118 1028 984
f 1096 1106 1029
f 1096 1029 988
f 971 1026 1030
f 971 1030 992
f 992 1030 1031
f 992 1031 991
f 990 1057 1069
f 990 1069 1011
f 1057 1058 1070
f 1057 1070 1069
f 1058 1059 1071
f 1058 1071 1070
f 998 1061 1065
f 998 1065 997
f 1061 1062 1066
f 1061 1066 1065
f 1062 1063 1067
f 1062 1067 1066
f 980 1037 1061
f 980 1061 998
f 1037 1038 1062
f 1037 1062 1061
f 1038 1039 1063
f 1038 1063 1062
f 1100 1108 1057
f 1100 1057 990
f 1108 1110 1058
f 1108 1058 1057
f 1110 1112 1059
f 1110 1059 1058
f 1121 1125 1053
f 1121 1053 986
f 1125 1126 1054
f 1125 1054 1053
f 1126 1127 1055
f 1126 1055 1054
f 1147 1151 1041
f 1147 1041 983
f 1151 1152 1042
f 1151 1042 1041
f 1152 1153 1043
f 1152 1043 1042
f 1175 1179 1052
f 1175 1052 982
f 1179 1180 1051
f 1179 1051 1052
f 1180 1181 1050
f 1180 1050 1051
f 1248 1249 1307
f 1248 1307 1265
f 1011 1069 1048
f 1011 1048 981
f 1069 1070 1047
f 1069 1047 1048
f 1070 1071 1046
f 1070 1046 1047
f 1162 1166 1037
f 1162 1037 980
f 1166 1167 1038
f 1166 1038 1037
f 1167 1168 1039
f 1167 1039 1038
f 1134 1138 1033
f 1134 1033 979
f 1138 1139 1034
f 1138 1034 1033
f 1139 1140 1035
f 1139 1035 1034
f 987 1079 1082
f 987 1082 1008
f 994 1080 1081
f 994 1081 993
f 965 1076 1080
f 965 1080 994
f 1094 1115 1079
f 1094 1079 987
f 1131 1219 1224
f 1131 1224 1142
f 1131 1142 1075
f 1131 1075 963
f 1159 1170 1076
f 1159 1076 965
f 1008 1082 1073
f 1008 1073 964
f 1173 1183 1074
f 1173 1074 966
f 1144 1156 1077
f 1144 1077 976
f 989 1089 1092
f 989 1092 1010
f 996 1090 1091
f 996 1091 995
f 973 1084 1090
f 973 1090 996
f 1098 1117 1089
f 1098 1089 989
f 1120 1130 1088
f 1120 1088 985
f 1146 1157 1087
f 1146 1087 978
f 1133 1143 1083
f 1133 1083 972
f 1174 1184 1086
f 1174 1086 975
f 1161 1171 1084
f 1161 1084 973
f 1010 1092 1085
f 1010 1085 974
f 975 1086 1116
f 975 1116 1097
f 966 1074 1114
f 966 1114 1093
f 1051 1050 1111
f 1051 1111 1109
f 1052 1051 1109
f 1052 1109 1107
f 982 1052 1107
f 982 1107 1099
f 969 1024 1105
f 969 1105 1095
f 1000 1021 1103
f 1000 1103 1101
f 1208 1000 1101
f 1208 1101 1209
f 1086 966 1093
f 1086 1093 1116
f 1186 969 1095
f 1186 1095 967
f 1021 975 1097
f 1021 1097 1103
f 1074 982 1099
f 1074 1099 1114
f 974 1085 1130
f 974 1130 1120
f 1078 1222 1223
f 1078 1223 1129
f 1047 1046 1127
f 1047 1127 1126
f 1048 1047 1126
f 1048 1126 1125
f 981 1048 1125
f 981 1125 1121
f 999 1020 1123
f 999 1123 1122
f 1207 999 1122
f 1207 1122 1211
f 1020 974 1120
f 1020 1120 1123
f 1129 1223 1216
f 1129 1216 1073
f 1229 1185 1193
f 1229 1193 1009
f 1073 981 1121
f 1073 1121 1129
f 985 1088 1143
f 985 1143 1133
f 1085 1225 1226
f 1085 1226 1130
f 1054 1055 1140
f 1054 1140 1139
f 1053 1054 1139
f 1053 1139 1138
f 986 1053 1138
f 986 1138 1134
f 984 1028 1137
f 984 1137 1132
f 1004 1016 1136
f 1004 1136 1135
f 1202 1004 1135
f 1202 1135 1212
f 1078 986 1134
f 1078 1134 1142
f 1190 984 1132
f 1190 1132 1195
f 1143 1227 1219
f 1143 1219 1131
f 1016 985 1133
f 1016 1133 1136
f 972 1083 1157
f 972 1157 1146
f 963 1075 1156
f 963 1156 1144
f 1789 1787 1245
f 1789 1245 1246
f 1034 1035 1153
f 1034 1153 1152
f 1033 1034 1152
f 1033 1152 1151
f 979 1033 1151
f 979 1151 1147
f 970 1025 1150
f 970 1150 1145
f 1001 1013 1149
f 1001 1149 1148
f 1199 1001 1148
f 1199 1148 1213
f 1075 979 1147
f 1075 1147 1156
f 1083 963 1144
f 1083 1144 1157
f 1187 970 1145
f 1187 1145 1196
f 1013 972 1146
f 1013 1146 1149
f 978 1087 1171
f 978 1171 1161
f 976 1077 1170
f 976 1170 1159
f 1042 1043 1168
f 1042 1168 1167
f 1041 1042 1167
f 1041 1167 1166
f 983 1041 1166
f 983 1166 1162
f 977 1027 1165
f 977 1165 1160
f 1003 1015 1164
f 1003 1164 1163
f 1201 1003 1163
f 1201 1163 1214
f 1077 983 1162
f 1077 1162 1170
f 1015 978 1161
f 1015 1161 1164
f 1189 977 1160
f 1189 1160 1197
f 1087 976 1159
f 1087 1159 1171
f 995 1091 1184
f 995 1184 1174
f 993 1081 1183
f 993 1183 1173
f 1066 1067 1181
f 1066 1181 1180
f 1065 1066 1180
f 1065 1180 1179
f 997 1065 1179
f 997 1179 1175
f 991 1031 1178
f 991 1178 1172
f 1007 1019 1177
f 1007 1177 1176
f 1205 1007 1176
f 1205 1176 1215
f 1081 997 1175
f 1081 1175 1183
f 1019 995 1174
f 1019 1174 1177
f 1192 991 1172
f 1192 1172 1198
f 1091 993 1173
f 1091 1173 1184
f 1228 1193 1233
f 1228 1233 921
f 920 1189 1197
f 920 1197 1158
f 962 1187 1196
f 962 1196 1234
f 1231 1190 1195
f 1231 1195 924
f 925 1185 1194
f 925 1194 1119
f 919 1186 967
f 919 967 922
f 1232 1191 1192
f 1232 1192 926
f 1230 1188 1191
f 1230 1191 1232
f 923 968 1228
f 923 1228 921
f 1119 1194 1190
f 1119 1190 1231
f 1234 1196 1189
f 1234 1189 920
f 924 1195 1187
f 924 1187 962
f 1233 1193 1185
f 1233 1185 925
f 1158 1197 1188
f 1158 1188 1230
f 927 1198 1186
f 927 1186 919
f 1031 1205 1215
f 1031 1215 1178
f 1027 1201 1214
f 1027 1214 1165
f 1025 1199 1213
f 1025 1213 1150
f 1028 1202 1212
f 1028 1212 1137
f 1023 1207 1211
f 1023 1211 1124
f 1024 1208 1209
f 1024 1209 1105
f 1029 1203 1206
f 1029 1206 1032
f 1137 1212 1199
f 1137 1199 1025
f 1178 1215 1208
f 1178 1208 1024
f 1165 1214 1200
f 1165 1200 1026
f 1032 1206 1207
f 1032 1207 1023
f 1150 1213 1201
f 1150 1201 1027
f 1124 1211 1202
f 1124 1202 1028
f 1106 1210 1203
f 1106 1203 1029
f 1026 1200 1204
f 1026 1204 1030
f 1030 1204 1205
f 1030 1205 1031
f 1226 1218 1220
f 1226 1220 1221
f 1218 1223 1222
f 1218 1222 1220
f 1217 1216 1223
f 1217 1223 1218
f 1225 1217 1218
f 1225 1218 1226
f 1220 1222 1224
f 1220 1224 1219
f 1221 1220 1219
f 1221 1219 1227
f 964 1217 1225
f 964 1225 1085
f 1130 1226 1221
f 1130 1221 1088
f 1088 1221 1227
f 1088 1227 1143
f 1073 1216 1217
f 1073 1217 964
f 988 1009 1193
f 988 1193 1228
f 1118 1229 1023
f 1118 1023 1124
f 1229 1118 1194
f 1229 1194 1185
f 1773 1785 1249
f 1773 1249 1248
f 1786 1775 1243
f 1786 1243 1244
f 1785 1776 1247
f 1785 1247 1249
f 1776 1789 1246
f 1776 1246 1247
f 1783 1782 1239
f 1783 1239 1240
f 1782 1774 1251
f 1782 1251 1239
f 1780 1779 1236
f 1780 1236 1237
f 1774 1781 1238
f 1774 1238 1251
f 1784 1783 1240
f 1784 1240 1241
f 1775 1788 1242
f 1775 1242 1243
f 1778 1777 1250
f 1778 1250 1235
f 1781 1780 1237
f 1781 1237 1238
f 1787 1786 1244
f 1787 1244 1245
f 1312 1316 1351
f 1312 1351 1350
f 1297 1296 1339
f 1297 1339 1343
f 1289 1293 1292
f 1289 1292 1290
f 1379 1386 1380
f 1379 1380 1378
f 1382 1383 1388
f 1382 1388 1384
f 1336 1338 1296
f 1336 1296 1294
f 1314 1317 1315
f 1314 1315 1311
f 1309 1312 1350
f 1309 1350 1349
f 1330 1331 1318
f 1330 1318 1319
f 1288 1289 1290
f 1288 1290 1291
f 1329 1320 1321
f 1329 1321 1328
f 1320 1319 1314
f 1320 1314 1313
f 1295 1294 1296
f 1295 1296 1297
f 1330 1332 1334
f 1330 1334 1331
f 1350 1354 1355
f 1350 1355 1349
f 1329 1330 1319
f 1329 1319 1320
f 1335 1329 1328
f 1335 1328 1337
f 1390 1391 1392
f 1390 1392 1394
f 1293 1294 1295
f 1293 1295 1292
f 1313 1310 1321
f 1313 1321 1320
f 1291 1302 1287
f 1291 1287 1288
f 1313 1314 1311
f 1313 1311 1308
f 1351 1353 1354
f 1351 1354 1350
f 1319 1318 1317
f 1319 1317 1314
f 1383 1390 1394
f 1383 1394 1388
f 1382 1384 1386
f 1382 1386 1379
f 1391 1252 1254
f 1391 1254 1392
f 1273 1276 1271
f 1273 1271 1269
f 1282 1274 1271
f 1282 1271 1276
f 1699 1700 1274
f 1699 1274 1282
f 1356 1270 1272
f 1356 1272 1358
f 1358 1272 1275
f 1358 1275 1359
f 1329 1335 1332
f 1329 1332 1330
f 1413 1411 1354
f 1413 1354 1353
f 1413 1353 1415
f 1413 1415 1414
f 1416 1415 1353
f 1416 1353 1351
f 1333 1417 1331
f 1333 1331 1334
f 1331 1417 1418
f 1331 1418 1318
f 1318 1418 1419
f 1318 1419 1317
f 1317 1419 1420
f 1317 1420 1315
f 1316 1421 1416
f 1316 1416 1351
f 1743 1812 1813
f 1743 1813 1741
f 1356 1357 1268
f 1356 1268 1270
f 1432 1273 1269
f 1432 1269 1267
f 1377 1401 1399
f 1377 1399 1376
f 1285 1286 1283
f 1285 1283 1279
f 1374 1481 1482
f 1374 1482 1373
f 1423 1424 1434
f 1423 1434 1433
f 1422 1435 1436
f 1422 1436 1431
f 1485 1486 1436
f 1485 1436 1435
f 1373 1482 1483
f 1373 1483 1371
f 1425 1437 1434
f 1425 1434 1424
f 1439 1440 1358
f 1439 1358 1359
f 1440 1441 1356
f 1440 1356 1358
f 1414 1415 1441
f 1414 1441 1440
f 1441 1352 1357
f 1441 1357 1356
f 1415 1416 1352
f 1415 1352 1441
f 1280 1284 1361
f 1280 1361 1360
f 1346 1345 1454
f 1346 1454 1442
f 1347 1346 1442
f 1347 1442 1443
f 1447 1252 1391
f 1447 1391 1452
f 1379 1453 1449
f 1379 1449 1382
f 1450 1446 1299
f 1450 1299 1300
f 1452 1391 1390
f 1452 1390 1456
f 1446 1445 1298
f 1446 1298 1299
f 1453 1379 1378
f 1453 1378 1451
f 1390 1383 1457
f 1390 1457 1456
f 1455 1450 1300
f 1455 1300 1301
f 1298 1445 1454
f 1298 1454 1345
f 1383 1382 1449
f 1383 1449 1457
f 1455 1302 1291
f 1455 1291 1450
f 1290 1446 1450
f 1290 1450 1291
f 1442 1297 1343
f 1442 1343 1443
f 1292 1295 1454
f 1292 1454 1445
f 1290 1292 1445
f 1290 1445 1446
f 1454 1295 1297
f 1454 1297 1442
f 1300 1299 1449
f 1300 1449 1453
f 1449 1299 1298
f 1449 1298 1457
f 1457 1298 1345
f 1457 1345 1456
f 1451 1301 1300
f 1451 1300 1453
f 1346 1452 1456
f 1346 1456 1345
f 1347 1447 1452
f 1347 1452 1346
f 1731 1733 1642
f 1731 1642 1810
f 1753 1818 1819
f 1753 1819 1751
f 1422 1423 1459
f 1422 1459 1458
f 1374 1370 1460
f 1374 1460 1461
f 1304 1303 1462
f 1304 1462 1463
f 1375 1366 1464
f 1375 1464 1465
f 1333 1334 1467
f 1333 1467 1466
f 1334 1332 1468
f 1334 1468 1467
f 1466 1273 1432
f 1466 1432 1333
f 1461 1460 1469
f 1461 1469 1470
f 1458 1459 1472
f 1458 1472 1471
f 1465 1464 1473
f 1465 1473 1474
f 1463 1462 1475
f 1463 1475 1476
f 1477 1459 1423
f 1477 1423 1433
f 1478 1472 1459
f 1478 1459 1477
f 1422 1458 1479
f 1422 1479 1435
f 1480 1479 1458
f 1480 1458 1471
f 1471 1472 1478
f 1471 1478 1480
f 1482 1481 1433
f 1482 1433 1434
f 1483 1482 1434
f 1483 1434 1437
f 1366 1362 1486
f 1366 1486 1485
f 1488 1487 1489
f 1488 1489 1490
f 1490 1489 1493
f 1490 1493 1491
f 1370 1367 1489
f 1370 1489 1487
f 1304 1488 1490
f 1304 1490 1305
f 1305 1490 1491
f 1305 1491 1404
f 1367 1368 1493
f 1367 1493 1489
f 1495 1464 1366
f 1495 1366 1485
f 1496 1473 1464
f 1496 1464 1495
f 1497 1474 1473
f 1497 1473 1496
f 1465 1474 1497
f 1465 1497 1377
f 1375 1465 1377
f 1375 1377 1376
f 1374 1461 1498
f 1374 1498 1481
f 1499 1498 1461
f 1499 1461 1470
f 1500 1499 1470
f 1500 1470 1469
f 1469 1460 1501
f 1469 1501 1500
f 1487 1501 1460
f 1487 1460 1370
f 1502 1488 1304
f 1502 1304 1463
f 1503 1502 1463
f 1503 1463 1476
f 1504 1503 1476
f 1504 1476 1475
f 1285 1504 1475
f 1285 1475 1462
f 1286 1285 1462
f 1286 1462 1303
f 1702 1703 1451
f 1702 1451 1378
f 1704 1705 1455
f 1704 1455 1301
f 1706 1707 1499
f 1706 1499 1500
f 1708 1709 1505
f 1708 1505 1506
f 1705 1707 1302
f 1705 1302 1455
f 1703 1704 1301
f 1703 1301 1451
f 1708 1506 1287
f 1708 1287 1706
f 1496 1495 1479
f 1496 1479 1480
f 1478 1477 1498
f 1478 1498 1499
f 1502 1503 1500
f 1502 1500 1501
f 1488 1502 1501
f 1488 1501 1487
f 1481 1498 1477
f 1481 1477 1433
f 1495 1485 1435
f 1495 1435 1479
f 1377 1497 1507
f 1377 1507 1401
f 1710 1702 1378
f 1710 1378 1380
f 1288 1287 1506
f 1288 1506 1509
f 1289 1288 1509
f 1289 1509 1510
f 1293 1289 1510
f 1293 1510 1511
f 1294 1293 1511
f 1294 1511 1336
f 1279 1277 1281
f 1279 1281 1285
f 1504 1285 1281
f 1504 1281 1512
f 1709 1504 1512
f 1709 1512 1712
f 1712 1512 1281
f 1712 1281 1699
f 1509 1506 1505
f 1509 1505 1514
f 1513 1282 1276
f 1513 1276 1515
f 1514 1505 1513
f 1514 1513 1515
f 1273 1466 1515
f 1273 1515 1276
f 1514 1515 1466
f 1514 1466 1467
f 1510 1509 1516
f 1510 1516 1517
f 1511 1510 1517
f 1511 1517 1335
f 1336 1511 1335
f 1336 1335 1337
f 1517 1468 1332
f 1517 1332 1335
f 1509 1514 1518
f 1509 1518 1516
f 1516 1518 1468
f 1516 1468 1517
f 1468 1518 1514
f 1468 1514 1467
f 1701 1278 1519
f 1701 1519 1713
f 1278 1280 1360
f 1278 1360 1519
f 1402 1508 1520
f 1402 1520 1397
f 1711 1381 1403
f 1711 1403 1714
f 1521 1407 1372
f 1521 1372 1484
f 1522 1408 1407
f 1522 1407 1521
f 1494 1369 1408
f 1494 1408 1522
f 1426 1427 1523
f 1426 1523 1438
f 1427 1428 1524
f 1427 1524 1523
f 1428 1430 1526
f 1428 1526 1524
f 1431 1436 1525
f 1431 1525 1429
f 1362 1363 1527
f 1362 1527 1486
f 1364 1365 1529
f 1364 1529 1528
f 1365 1398 1397
f 1365 1397 1529
f 1398 1400 1402
f 1398 1402 1397
f 1438 1523 1521
f 1438 1521 1484
f 1530 1406 1405
f 1530 1405 1492
f 1360 1361 1406
f 1360 1406 1530
f 1494 1522 1530
f 1494 1530 1492
f 1522 1521 1531
f 1522 1531 1532
f 1523 1524 1534
f 1523 1534 1533
f 1521 1523 1533
f 1521 1533 1531
f 1360 1530 1535
f 1360 1535 1519
f 1530 1522 1532
f 1530 1532 1535
f 1525 1436 1486
f 1525 1486 1527
f 1528 1529 1524
f 1528 1524 1526
f 1524 1529 1536
f 1524 1536 1534
f 1397 1520 1536
f 1397 1536 1529
f 1713 1519 1535
f 1713 1535 1715
f 1716 1717 1409
f 1716 1409 1412
f 1718 1717 1533
f 1718 1533 1534
f 1357 1540 1539
f 1357 1539 1268
f 1352 1541 1540
f 1352 1540 1357
f 1416 1542 1541
f 1416 1541 1352
f 1421 1544 1542
f 1421 1542 1416
f 1419 1545 1543
f 1419 1543 1420
f 1418 1546 1545
f 1418 1545 1419
f 1417 1547 1546
f 1417 1546 1418
f 1333 1548 1547
f 1333 1547 1417
f 1333 1432 1549
f 1333 1549 1548
f 1432 1267 1538
f 1432 1538 1549
f 1551 1258 1261
f 1551 1261 1550
f 1551 1552 1393
f 1551 1393 1256
f 1552 1551 1550
f 1552 1550 1553
f 1381 1387 1554
f 1381 1554 1403
f 1385 1389 1556
f 1385 1556 1555
f 1389 1395 1557
f 1389 1557 1556
f 1395 1393 1552
f 1395 1552 1557
f 1387 1385 1555
f 1387 1555 1554
f 1714 1403 1396
f 1714 1396 1719
f 1403 1554 1558
f 1403 1558 1396
f 1555 1556 1560
f 1555 1560 1559
f 1556 1557 1561
f 1556 1561 1560
f 1557 1552 1553
f 1557 1553 1561
f 1554 1555 1559
f 1554 1559 1558
f 1562 1355 1354
f 1562 1354 1411
f 1720 1537 1439
f 1720 1439 1715
f 1720 1716 1412
f 1720 1412 1537
f 1355 1562 1563
f 1355 1563 1564
f 1349 1355 1564
f 1349 1564 1565
f 1313 1308 1566
f 1313 1566 1310
f 1309 1349 1565
f 1309 1565 1567
f 1563 1562 1568
f 1563 1568 1569
f 1564 1563 1569
f 1564 1569 1570
f 1571 1565 1564
f 1571 1564 1570
f 1572 1568 1562
f 1572 1562 1411
f 1573 1572 1411
f 1573 1411 1413
f 1573 1413 1414
f 1573 1414 1574
f 1439 1537 1575
f 1439 1575 1440
f 1574 1414 1440
f 1574 1440 1575
f 1576 1310 1566
f 1576 1566 1595
f 1321 1310 1576
f 1321 1576 1577
f 1328 1321 1577
f 1328 1577 1578
f 1337 1328 1578
f 1337 1578 1579
f 1336 1337 1579
f 1336 1579 1338
f 1719 1718 1534
f 1719 1534 1536
f 1574 1575 1537
f 1574 1537 1412
f 1409 1410 1581
f 1409 1581 1580
f 1412 1409 1580
f 1412 1580 1574
f 1410 1396 1558
f 1410 1558 1581
f 1582 1581 1558
f 1582 1558 1559
f 1583 1580 1581
f 1583 1581 1582
f 1583 1573 1574
f 1583 1574 1580
f 1584 1585 1587
f 1584 1587 1586
f 1586 1561 1553
f 1586 1553 1584
f 1588 1560 1561
f 1588 1561 1586
f 1582 1559 1560
f 1582 1560 1588
f 1589 1588 1586
f 1589 1586 1587
f 1583 1582 1588
f 1583 1588 1589
f 1589 1572 1573
f 1589 1573 1583
f 1587 1568 1572
f 1587 1572 1589
f 1587 1585 1569
f 1587 1569 1568
f 1570 1569 1585
f 1570 1585 1590
f 1263 1591 1550
f 1263 1550 1261
f 1553 1550 1591
f 1553 1591 1584
f 1584 1591 1590
f 1584 1590 1585
f 1339 1296 1338
f 1339 1338 1341
f 1341 1338 1579
f 1341 1579 1326
f 1326 1579 1578
f 1326 1578 1324
f 1577 1322 1324
f 1577 1324 1578
f 1322 1577 1576
f 1322 1576 1306
f 1591 1263 1592
f 1591 1592 1590
f 1570 1590 1592
f 1570 1592 1571
f 1576 1595 1593
f 1593 1264 1306
f 1593 1306 1576
f 1266 1594 1592
f 1266 1592 1263
f 1571 1596 1567
f 1571 1567 1565
f 1594 1596 1571
f 1594 1571 1592
f 1256 1258 1551
f 1761 1762 1790
f 1761 1790 1794
f 1764 1765 1793
f 1764 1793 1600
f 1766 1764 1600
f 1766 1600 1797
f 1767 1766 1797
f 1767 1797 1796
f 1768 1767 1796
f 1768 1796 1598
f 1770 1769 1599
f 1770 1599 1795
f 1771 1770 1795
f 1771 1795 1597
f 1772 1771 1597
f 1772 1597 1792
f 1765 1761 1794
f 1765 1794 1793
f 1763 1772 1792
f 1763 1792 1791
f 1723 1801 1802
f 1723 1802 1721
f 1622 1627 1304
f 1622 1304 1305
f 1721 1802 1803
f 1721 1803 1724
f 1724 1803 1805
f 1724 1805 1726
f 1728 1799 1798
f 1728 1798 1727
f 1729 1640 1800
f 1729 1800 1722
f 1623 1622 1305
f 1623 1305 1404
f 1734 1732 1811
f 1734 1811 1645
f 1733 1735 1806
f 1733 1806 1642
f 1736 1737 1807
f 1736 1807 1643
f 1738 1739 1809
f 1738 1809 1808
f 1740 1736 1643
f 1740 1643 1644
f 1630 1631 1407
f 1630 1407 1408
f 1735 1740 1644
f 1735 1644 1806
f 1744 1745 1646
f 1744 1646 1815
f 1747 1748 1651
f 1747 1651 1648
f 1746 1647 1646
f 1746 1646 1745
f 1744 1815 1650
f 1744 1650 1749
f 1749 1650 1812
f 1749 1812 1743
f 1755 1816 1652
f 1755 1652 1754
f 1603 1400 1398
f 1603 1398 1604
f 1755 1756 1654
f 1755 1654 1816
f 1758 1656 1655
f 1758 1655 1757
f 1370 1374 1635
f 1370 1635 1636
f 1606 1375 1376
f 1606 1376 1601
f 1605 1604 1398
f 1605 1398 1365
f 1607 1363 1362
f 1607 1362 1609
f 1727 1798 1640
f 1727 1640 1729
f 1669 1674 1631
f 1669 1631 1630
f 1374 1373 1634
f 1374 1634 1635
f 1372 1407 1631
f 1372 1631 1633
f 1373 1371 1632
f 1373 1632 1634
f 1367 1370 1636
f 1367 1636 1637
f 1408 1369 1639
f 1408 1639 1630
f 1368 1367 1637
f 1368 1637 1638
f 1303 1629 1628
f 1303 1628 1286
f 1659 1666 1622
f 1659 1622 1623
f 1286 1628 1625
f 1286 1625 1283
f 1304 1627 1629
f 1304 1629 1303
f 1406 1620 1624
f 1406 1624 1405
f 1361 1621 1620
f 1361 1620 1406
f 1666 1661 1627
f 1666 1627 1622
f 1284 1626 1621
f 1284 1621 1361
f 1423 1611 1612
f 1423 1612 1424
f 1422 1619 1611
f 1422 1611 1423
f 1615 1428 1427
f 1615 1427 1658
f 1429 1616 1618
f 1429 1618 1431
f 1430 1428 1615
f 1430 1615 1617
f 1688 1679 1615
f 1688 1615 1658
f 1422 1431 1618
f 1422 1618 1619
f 1424 1612 1613
f 1424 1613 1425
f 1694 1607 1609
f 1694 1609 1693
f 1690 1696 1604
f 1690 1604 1605
f 1691 1606 1601
f 1691 1601 1689
f 1399 1602 1601
f 1399 1601 1376
f 1366 1375 1606
f 1366 1606 1610
f 1698 1603 1604
f 1698 1604 1696
f 1366 1610 1609
f 1366 1609 1362
f 1364 1608 1605
f 1364 1605 1365
f 1427 1426 1614
f 1427 1614 1658
f 1742 1814 1649
f 1742 1649 1750
f 1730 1728 1661
f 1730 1661 1666
f 1725 1730 1666
f 1725 1666 1659
f 1629 1662 1663
f 1629 1663 1628
f 1628 1663 1664
f 1628 1664 1625
f 1627 1661 1662
f 1627 1662 1629
f 1620 1668 1660
f 1620 1660 1624
f 1621 1667 1668
f 1621 1668 1620
f 1626 1665 1667
f 1626 1667 1621
f 1734 1739 1674
f 1734 1674 1669
f 1636 1635 1675
f 1636 1675 1672
f 1635 1634 1678
f 1635 1678 1675
f 1633 1631 1674
f 1633 1674 1671
f 1634 1632 1670
f 1634 1670 1678
f 1637 1636 1672
f 1637 1672 1673
f 1630 1639 1677
f 1630 1677 1669
f 1638 1637 1673
f 1638 1673 1676
f 1614 1686 1688
f 1614 1688 1658
f 1750 1748 1679
f 1750 1679 1688
f 1611 1680 1683
f 1611 1683 1612
f 1619 1687 1680
f 1619 1680 1611
f 1616 1681 1684
f 1616 1684 1618
f 1617 1615 1679
f 1617 1679 1682
f 1619 1618 1684
f 1619 1684 1687
f 1612 1683 1685
f 1612 1685 1613
f 1759 1698 1696
f 1759 1696 1760
f 1756 1691 1689
f 1756 1689 1757
f 1751 1760 1696
f 1751 1696 1690
f 1752 1694 1693
f 1752 1693 1754
f 1602 1697 1689
f 1602 1689 1601
f 1610 1606 1691
f 1610 1691 1692
f 1610 1692 1693
f 1610 1693 1609
f 1608 1695 1690
f 1608 1690 1605
f 1238 1255 1253
f 1238 1253 1251
f 1245 1244 1342
f 1245 1342 1327
f 1247 1246 1325
f 1247 1325 1323
f 1237 1236 1260
f 1237 1260 1257
f 1242 1241 1444
f 1242 1444 1344
f 1243 1242 1344
f 1243 1344 1340
f 1248 1265 1262
f 1248 1262 1250
f 1241 1240 1348
f 1241 1348 1444
f 1788 1784 1241
f 1788 1241 1242
f 1239 1251 1253
f 1239 1253 1448
f 1244 1243 1340
f 1244 1340 1342
f 1235 1250 1262
f 1235 1262 1259
f 1246 1245 1327
f 1246 1327 1325
f 1249 1247 1323
f 1249 1323 1307
f 1240 1239 1448
f 1240 1448 1348
f 1238 1237 1257
f 1238 1257 1255
f 1050 1181 1182
f 1050 1182 1169
f 1396 1410 1718
f 1396 1718 1719
f 1532 1531 1716
f 1532 1716 1720
f 1532 1720 1715
f 1532 1715 1535
f 1520 1714 1719
f 1520 1719 1536
f 1410 1409 1717
f 1410 1717 1718
f 1531 1533 1717
f 1531 1717 1716
f 1359 1713 1715
f 1359 1715 1439
f 1508 1711 1714
f 1508 1714 1520
f 1275 1701 1713
f 1275 1713 1359
f 1513 1712 1699
f 1513 1699 1282
f 1505 1709 1712
f 1505 1712 1513
f 1507 1497 1702
f 1507 1702 1710
f 1503 1708 1706
f 1503 1706 1500
f 1496 1480 1704
f 1496 1704 1703
f 1478 1499 1707
f 1478 1707 1705
f 1503 1504 1709
f 1503 1709 1708
f 1287 1302 1707
f 1287 1707 1706
f 1480 1478 1705
f 1480 1705 1704
f 1497 1496 1703
f 1497 1703 1702
f 1281 1277 1700
f 1281 1700 1699
f 927 926 1192
f 927 1192 1198
f 1111 1050 1169
f 1111 1169 1154
f 1804 1641 1730
f 1804 1730 1725
f 1641 1799 1728
f 1641 1728 1730
f 1662 1727 1729
f 1662 1729 1663
f 1663 1729 1722
f 1663 1722 1664
f 1661 1728 1727
f 1661 1727 1662
f 1668 1724 1726
f 1668 1726 1660
f 1667 1721 1724
f 1667 1724 1668
f 1665 1723 1721
f 1665 1721 1667
f 1645 1809 1739
f 1645 1739 1734
f 1672 1675 1740
f 1672 1740 1735
f 1675 1678 1736
f 1675 1736 1740
f 1671 1674 1739
f 1671 1739 1738
f 1678 1670 1737
f 1678 1737 1736
f 1673 1672 1735
f 1673 1735 1733
f 1669 1677 1732
f 1669 1732 1734
f 1676 1673 1733
f 1676 1733 1731
f 1649 1651 1748
f 1649 1748 1750
f 1686 1742 1750
f 1686 1750 1688
f 1680 1749 1743
f 1680 1743 1683
f 1687 1744 1749
f 1687 1749 1680
f 1681 1746 1745
f 1681 1745 1684
f 1682 1679 1748
f 1682 1748 1747
f 1687 1684 1745
f 1687 1745 1744
f 1683 1743 1741
f 1683 1741 1685
f 1817 1752 1754
f 1817 1754 1652
f 1819 1653 1760
f 1819 1760 1751
f 1654 1756 1757
f 1654 1757 1655
f 1657 1759 1760
f 1657 1760 1653
f 1697 1758 1757
f 1697 1757 1689
f 1692 1691 1756
f 1692 1756 1755
f 1692 1755 1754
f 1692 1754 1693
f 1695 1753 1751
f 1695 1751 1690
f 1539 1540 1772
f 1539 1772 1763
f 1548 1549 1761
f 1548 1761 1765
f 1540 1541 1771
f 1540 1771 1772
f 1541 1542 1770
f 1541 1770 1771
f 1542 1544 1769
f 1542 1769 1770
f 1543 1545 1767
f 1543 1767 1768
f 1545 1546 1766
f 1545 1766 1767
f 1546 1547 1764
f 1546 1764 1766
f 1547 1548 1765
f 1547 1765 1764
f 1549 1538 1762
f 1549 1762 1761
f 1153 1035 1040
f 1153 1040 1045
f 1039 1168 1044
f 1039 1044 1036
f 1168 1043 1049
f 1168 1049 1044
f 1035 1140 1064
f 1035 1064 1040
f 1043 1153 1045
f 1043 1045 1049
f 1046 1071 1128
f 1046 1128 1072
f 1055 1127 1113
f 1055 1113 1068
f 1140 1055 1068
f 1140 1068 1064
f 1067 1063 1056
f 1067 1056 1060
f 1127 1046 1072
f 1127 1072 1113
f 1059 1112 1155
f 1059 1155 1141
f 1181 1067 1060
f 1181 1060 1182
f 1071 1059 1141
f 1071 1141 1128
f 1063 1039 1036
f 1063 1036 1056
f 1777 1773 1248
f 1777 1248 1250
f 1169 1182 1773
f 1169 1773 1777
f 1040 1064 1784
f 1040 1784 1788
f 1044 1049 1786
f 1044 1786 1787
f 1128 1141 1780
f 1128 1780 1781
f 1154 1169 1777
f 1154 1777 1778
f 1045 1040 1788
f 1045 1788 1775
f 1064 1068 1783
f 1064 1783 1784
f 1072 1128 1781
f 1072 1781 1774
f 1141 1155 1779
f 1141 1779 1780
f 1113 1072 1774
f 1113 1774 1782
f 1068 1113 1782
f 1068 1782 1783
f 1056 1036 1789
f 1056 1789 1776
f 1060 1056 1776
f 1060 1776 1785
f 1049 1045 1775
f 1049 1775 1786
f 1182 1060 1785
f 1182 1785 1773
f 1036 1044 1787
f 1036 1787 1789
f 959 1835 1820
f 959 1820 937
f 937 1820 1827
f 937 1827 939
f 945 1834 1824
f 945 1824 932
f 1831 956 934
f 1831 934 1825
f 932 1824 1833
f 932 1833 942
f 931 1822 1834
f 931 1834 945
f 1825 934 940
f 1825 940 1832
f 939 1827 1822
f 939 1822 931
f 1821 1835 959
f 1821 959 961
f 1823 946 956
f 1823 956 1831
f 1821 961 953
f 1821 953 1829
f 1826 948 950
f 1826 950 1828
f 1830 954 948
f 1830 948 1826
f 1828 950 946
f 1828 946 1823
f 1832 940 928
f 1832 928 1836
f 1836 928 942
f 1836 942 1833
usemtl MI_Regular_Male
f 2170 2169 2193
f 2170 2193 2194
f 1867 1869 2195
f 1867 2195 2189
f 2172 2189 2195
f 2172 2195 2193
f 2173 1865 2170
f 2173 2170 2194
f 1869 1870 2196
f 1869 2196 2195
f 1871 1873 2192
f 1871 2192 2191
f 2181 2190 1866
f 2181 1866 1963
f 1866 2190 2196
f 1866 2196 1870
f 2189 2188 1961
f 2189 1961 1867
f 1961 2188 2187
f 1961 2187 1886
f 1885 2186 2185
f 1885 2185 1891
f 2340 2359 1969
f 2340 1969 1971
f 1892 1891 2185
f 1892 2185 2184
f 1964 1892 2184
f 1964 2184 2182
f 1963 1965 2183
f 1963 2183 2181
f 2180 2175 1879
f 2180 1879 1877
f 2172 2171 2188
f 2172 2188 2189
f 2187 2188 2171
f 2187 2171 2179
f 2185 2186 2178
f 2185 2178 2177
f 2184 2185 2177
f 2184 2177 2176
f 2182 2184 2176
f 2182 2176 2174
f 2180 2173 2190
f 2180 2190 2181
f 2195 2196 2194
f 2195 2194 2193
f 1876 2170 1865
f 1876 1865 1877
f 1875 2169 2170
f 1875 2170 1876
f 1907 1905 1904
f 1907 1904 1903
f 2052 2051 2142
f 2052 2142 2143
f 2205 1899 1900
f 2205 1900 2206
f 1941 1940 1906
f 1941 1906 2127
f 1893 1901 2131
f 1893 2131 2132
f 1943 2129 1910
f 1943 1910 1945
f 2140 2053 2148
f 2140 2148 2142
f 2048 2052 2143
f 2048 2143 2141
f 2049 2130 2141
f 2049 2141 2147
f 1907 1903 1902
f 1907 1902 1909
f 1939 1938 1904
f 1939 1904 1905
f 1942 1941 2127
f 1942 2127 2128
f 1923 1894 2133
f 1923 2133 2134
f 2130 2050 2048
f 2130 2048 2141
f 1895 2137 2139
f 1895 2139 1897
f 1909 1902 1946
f 1909 1946 1944
f 2206 1900 1901
f 2206 1901 2207
f 1925 2136 2138
f 1925 2138 1896
f 1924 1923 2134
f 1924 2134 2135
f 1924 2135 2136
f 1924 2136 1925
f 1942 2128 2129
f 1942 2129 1943
f 1877 1865 2173
f 1877 2173 2180
f 2431 1962 2439
f 2431 2439 2434
f 1875 1884 1868
f 1875 1868 2169
f 2364 2361 2344
f 2364 2344 2347
f 2383 2372 2358
f 2383 2358 2341
f 2353 2367 2374
f 2353 2374 2332
f 2372 2370 2356
f 2372 2356 2358
f 2367 2353 2334
f 2367 2334 2376
f 1979 1975 1982
f 1979 1982 2165
f 1989 1981 1947
f 1989 1947 1949
f 1987 1988 1948
f 1987 1948 1950
f 1986 1987 1950
f 1986 1950 1951
f 1984 1986 1951
f 1984 1951 1952
f 2078 2080 1985
f 2078 1985 1990
f 1956 1955 1958
f 1956 1958 1960
f 2088 2089 1951
f 2088 1951 1950
f 1955 1954 1953
f 1955 1953 1958
f 1956 1960 1949
f 1956 1949 1947
f 1962 1963 1866
f 1962 1866 1870
f 1884 2171 2172
f 1884 2172 1868
f 2434 2439 1961
f 2434 1961 2436
f 2190 2173 2194
f 2190 2194 2196
f 1878 1880 2192
f 1878 2192 1873
f 1881 1882 1871
f 1881 1871 2191
f 1875 1872 1883
f 1875 1883 1884
f 1876 1877 1879
f 1876 1879 1874
f 2191 2192 1880
f 2191 1880 1881
f 1875 1876 1874
f 1875 1874 1872
f 2198 1930 1931
f 2198 1931 2199
f 1950 1948 1959
f 1950 1959 2088
f 1952 1951 2089
f 1952 2089 1957
f 2087 1983 2166
f 2087 2166 2168
f 2181 2183 2175
f 2181 2175 2180
f 2174 2176 1880
f 2174 1880 1878
f 2176 2177 1881
f 2176 1881 1880
f 2177 2178 1882
f 2177 1882 1881
f 2207 1901 1893
f 2207 1893 2208
f 2210 2205 1921
f 2210 1921 1920
f 2211 1897 1898
f 2211 1898 2210
f 2200 1927 1928
f 2200 1928 2201
f 2212 1895 1897
f 2212 1897 2211
f 2214 1925 1896
f 2214 1896 2213
f 2215 1924 1925
f 2215 1925 2214
f 2216 1923 1924
f 2216 1924 2215
f 2209 1894 1923
f 2209 1923 2216
f 1864 1862 1973
f 1864 1973 1974
f 1947 1981 1982
f 1947 1982 1975
f 1862 1861 1977
f 1862 1977 1973
f 1956 1947 1975
f 1956 1975 1979
f 1864 1974 1976
f 1864 1976 1863
f 1954 1978 1983
f 1954 1983 1990
f 1956 1979 1980
f 1956 1980 1955
f 1955 1980 1978
f 1955 1978 1954
f 2167 2168 2166
f 2167 2166 2165
f 1990 1983 2087
f 1990 2087 2078
f 2079 2081 1986
f 2079 1986 1984
f 2081 2082 1987
f 2081 1987 1986
f 2082 2083 1988
f 2082 1988 1987
f 2084 2085 1981
f 2084 1981 1989
f 1982 1981 2085
f 1982 2085 2086
f 1990 1985 1953
f 1990 1953 1954
f 2179 2171 1884
f 2179 1884 1883
f 2169 1868 2172
f 2169 2172 2193
f 2014 2010 2017
f 2014 2017 2038
f 2024 2016 1994
f 2024 1994 1996
f 2022 2023 1995
f 2022 1995 1997
f 2021 2022 1997
f 2021 1997 1998
f 2019 2021 1998
f 2019 1998 1999
f 2026 2028 2020
f 2026 2020 2025
f 2003 2002 2005
f 2003 2005 2007
f 2036 2037 1998
f 2036 1998 1997
f 2002 2001 2000
f 2002 2000 2005
f 2003 2007 1996
f 2003 1996 1994
f 1997 1995 2006
f 1997 2006 2036
f 1999 1998 2037
f 1999 2037 2004
f 2035 2018 2039
f 2035 2039 2041
f 1971 1969 2008
f 1971 2008 2009
f 1994 2016 2017
f 1994 2017 2010
f 1969 1968 2012
f 1969 2012 2008
f 2003 1994 2010
f 2003 2010 2014
f 1971 2009 2011
f 1971 2011 1970
f 2001 2013 2018
f 2001 2018 2025
f 2003 2014 2015
f 2003 2015 2002
f 2002 2015 2013
f 2002 2013 2001
f 2040 2041 2039
f 2040 2039 2038
f 2025 2018 2035
f 2025 2035 2026
f 2027 2029 2021
f 2027 2021 2019
f 2029 2030 2022
f 2029 2022 2021
f 2030 2031 2023
f 2030 2023 2022
f 2032 2033 2016
f 2032 2016 2024
f 2017 2016 2033
f 2017 2033 2034
f 2025 2020 2000
f 2025 2000 2001
f 1968 1967 2028
f 1968 2028 2026
f 1966 1972 2029
f 1966 2029 2027
f 1972 1991 2030
f 1972 2030 2029
f 1992 2031 2030
f 1992 2030 1991
f 1970 2033 2032
f 1970 2032 1993
f 2034 2033 1970
f 2034 1970 2011
f 2012 2035 2041
f 2012 2041 2008
f 2026 2035 2012
f 2026 2012 1968
f 2006 2004 2037
f 2006 2037 2036
f 2009 2008 2041
f 2009 2041 2040
f 2018 2013 2015
f 2018 2015 2039
f 2017 2034 2040
f 2017 2040 2038
f 2011 2009 2040
f 2011 2040 2034
f 2015 2014 2038
f 2015 2038 2039
f 2110 2111 2045
f 2110 2045 2044
f 2114 2116 2043
f 2114 2043 2091
f 2108 2091 2043
f 2108 2043 2045
f 2107 2112 2110
f 2107 2110 2044
f 2116 2117 2042
f 2116 2042 2043
f 2118 2120 2046
f 2118 2046 2047
f 2130 2131 1901
f 2130 1901 2050
f 1901 1900 2048
f 1901 2048 2050
f 1899 1898 2051
f 1899 2051 2052
f 1946 1902 2054
f 1946 2054 2053
f 1897 2139 2140
f 1897 2140 2055
f 1898 1897 2055
f 1898 2055 2051
f 1903 1904 2057
f 1903 2057 2056
f 1900 1899 2052
f 1900 2052 2048
f 1904 1938 2049
f 1904 2049 2057
f 1902 1903 2056
f 1902 2056 2054
f 2053 2054 2146
f 2053 2146 2148
f 1863 2263 2249
f 1863 2249 1864
f 2246 2267 1860
f 2246 1860 1861
f 2266 2252 1887
f 2266 1887 1859
f 2257 2242 2222
f 2257 2222 2264
f 2264 2222 2225
f 2264 2225 2248
f 1890 2255 2263
f 1890 2263 1863
f 2252 2273 1888
f 2252 1888 1887
f 2158 2316 2329
f 2158 2329 2157
f 2307 2159 2160
f 2307 2160 2304
f 1892 2427 2412
f 1892 2412 1891
f 1869 1867 1961
f 1869 1961 2439
f 2433 2437 2400
f 2433 2400 2398
f 2424 2436 1961
f 2424 1961 1886
f 1937 2059 2058
f 1937 2058 1926
f 1926 2058 2060
f 1926 2060 1927
f 1921 2061 2062
f 1921 2062 1920
f 1922 2063 2061
f 1922 2061 1921
f 2199 1931 1932
f 2199 1932 1837
f 1837 1932 1933
f 1837 1933 2202
f 2202 1933 1935
f 2202 1935 1839
f 1838 1934 1936
f 1838 1936 2203
f 2203 1936 1937
f 2203 1937 2204
f 2204 1937 1926
f 2204 1926 1840
f 1840 1926 1927
f 1840 1927 2200
f 2201 1928 1929
f 2201 1929 2197
f 2065 1935 1933
f 2065 1933 2073
f 1937 1936 2066
f 1937 2066 2070
f 2068 1929 1928
f 2068 1928 2067
f 2067 1928 1927
f 2067 1927 2077
f 1930 2069 2071
f 1930 2071 1931
f 2059 1937 2070
f 2059 2070 2075
f 2072 1932 1931
f 2072 1931 2071
f 2073 1933 1932
f 2073 1932 2072
f 2060 2058 2074
f 2060 2074 2076
f 2058 2059 2075
f 2058 2075 2074
f 1927 2060 2076
f 1927 2076 2077
f 2070 2066 1919
f 2070 1919 1920
f 2066 2064 1917
f 2066 1917 1919
f 1918 2065 2073
f 1918 2073 1916
f 1915 1916 2073
f 1915 2073 2072
f 1914 1915 2072
f 1914 2072 2071
f 2074 2075 2062
f 2074 2062 2061
f 1913 1914 2071
f 1913 2071 2069
f 1912 2068 2067
f 1912 2067 1911
f 2067 2077 1922
f 2067 1922 1911
f 2074 2061 2063
f 2074 2063 2076
f 1920 2062 2075
f 1920 2075 2070
f 2077 2076 2063
f 2077 2063 1922
f 1861 1860 2080
f 1861 2080 2078
f 1859 1887 2081
f 1859 2081 2079
f 1887 1888 2082
f 1887 2082 2081
f 1889 2083 2082
f 1889 2082 1888
f 1863 2085 2084
f 1863 2084 1890
f 2086 2085 1863
f 2086 1863 1976
f 1977 2087 2168
f 1977 2168 1973
f 2078 2087 1977
f 2078 1977 1861
f 1959 1957 2089
f 1959 2089 2088
f 2099 2090 2113
f 2099 2113 2162
f 2113 2090 2042
f 2113 2042 2117
f 2091 2092 2160
f 2091 2160 2114
f 2160 2092 2094
f 2160 2094 2156
f 2155 2093 2095
f 2155 2095 2157
f 2158 2157 2095
f 2158 2095 2096
f 2163 2158 2096
f 2163 2096 2097
f 2162 2164 2098
f 2162 2098 2099
f 2100 2106 2126
f 2100 2126 2124
f 2108 2109 2092
f 2108 2092 2091
f 2094 2092 2109
f 2094 2109 2102
f 2095 2093 2101
f 2095 2101 2103
f 2096 2095 2103
f 2096 2103 2104
f 2097 2096 2104
f 2097 2104 2105
f 2100 2107 2090
f 2100 2090 2099
f 2043 2042 2044
f 2043 2044 2045
f 2123 2110 2112
f 2123 2112 2124
f 2122 2111 2110
f 2122 2110 2123
f 2124 2112 2107
f 2124 2107 2100
f 2159 2116 2114
f 2159 2114 2160
f 2122 2154 2115
f 2122 2115 2111
f 2161 2162 2113
f 2161 2113 2117
f 2154 2109 2108
f 2154 2108 2115
f 2159 2161 2117
f 2159 2117 2116
f 2090 2107 2044
f 2090 2044 2042
f 2125 2150 2046
f 2125 2046 2120
f 2151 2152 2118
f 2151 2118 2047
f 2122 2119 2153
f 2122 2153 2154
f 2128 2127 1906
f 2128 1906 1908
f 2129 2128 1908
f 2129 1908 1910
f 1938 2131 2130
f 1938 2130 2049
f 2132 2131 1938
f 2132 1938 1939
f 2134 2133 1940
f 2134 1940 1941
f 2135 2134 1941
f 2135 1941 1942
f 2136 2135 1942
f 2136 1942 1943
f 2138 2136 1943
f 2138 1943 1945
f 2139 2137 1944
f 2139 1944 1946
f 2140 2139 1946
f 2140 1946 2053
f 2057 2049 2147
f 2057 2147 2144
f 2143 2142 2148
f 2143 2148 2149
f 2141 2143 2149
f 2141 2149 2147
f 2145 2144 2147
f 2145 2147 2149
f 2146 2145 2149
f 2146 2149 2148
f 2055 2140 2142
f 2055 2142 2051
f 2123 2124 2126
f 2123 2126 2121
f 2047 2046 2150
f 2047 2150 2151
f 2122 2123 2121
f 2122 2121 2119
f 2099 2098 2106
f 2099 2106 2100
f 2105 2104 2150
f 2105 2150 2125
f 2104 2103 2151
f 2104 2151 2150
f 2103 2101 2152
f 2103 2152 2151
f 2102 2109 2154
f 2102 2154 2153
f 2111 2115 2108
f 2111 2108 2045
f 1974 1973 2168
f 1974 2168 2167
f 1983 1978 1980
f 1983 1980 2166
f 1982 2086 2167
f 1982 2167 2165
f 1976 1974 2167
f 1976 2167 2086
f 2056 2145 2146
f 2056 2146 2054
f 2057 2144 2145
f 2057 2145 2056
f 1936 1934 2064
f 1936 2064 2066
f 1980 1979 2165
f 1980 2165 2166
f 2416 2410 2385
f 2416 2385 2395
f 2313 2164 2162
f 2313 2162 2302
f 2317 2299 2290
f 2317 2290 2328
f 1972 2352 2331
f 1972 2331 1991
f 2320 2161 2159
f 2320 2159 2307
f 2304 2160 2156
f 2304 2156 2323
f 2316 2158 2163
f 2316 2163 2312
f 2421 2413 2390
f 2421 2390 2402
f 1870 1869 2439
f 1870 2439 1962
f 2383 2341 2344
f 2383 2344 2361
f 1913 2209 2216
f 1913 2216 1914
f 1914 2216 2215
f 1914 2215 1915
f 1915 2215 2214
f 1915 2214 1916
f 1916 2214 2213
f 1916 2213 1918
f 1917 2212 2211
f 1917 2211 1919
f 1919 2211 2210
f 1919 2210 1920
f 1898 1899 2205
f 1898 2205 2210
f 1911 2207 2208
f 1911 2208 1912
f 1922 2206 2207
f 1922 2207 1911
f 1921 2205 2206
f 1921 2206 1922
f 2227 2234 2251
f 2227 2251 2268
f 2234 2237 2272
f 2234 2272 2251
f 2237 2241 2256
f 2237 2256 2272
f 2218 2220 2245
f 2218 2245 2260
f 2225 2218 2260
f 2225 2260 2248
f 2220 2228 2269
f 2220 2269 2245
f 2249 2261 1862
f 2249 1862 1864
f 2273 2254 1889
f 2273 1889 1888
f 2261 2246 1861
f 2261 1861 1862
f 2278 2319 2308
f 2278 2308 2288
f 2288 2308 2305
f 2288 2305 2280
f 2280 2305 2325
f 2280 2325 2283
f 2282 2324 2328
f 2282 2328 2290
f 2296 2311 2301
f 2296 2301 2275
f 2299 2317 2310
f 2299 2310 2295
f 2322 2155 2157
f 2322 2157 2329
f 2275 2301 2319
f 2275 2319 2278
f 2302 2162 2161
f 2302 2161 2320
f 2349 2343 1970
f 2349 1970 1993
f 2352 1972 1966
f 2352 1966 2336
f 2348 1992 1991
f 2348 1991 2331
f 2363 2346 2332
f 2363 2332 2374
f 2340 1971 1970
f 2340 1970 2343
f 2359 2355 1968
f 2359 1968 1969
f 2370 2377 2335
f 2370 2335 2356
f 2355 2337 1967
f 2355 1967 1968
f 2403 2400 2437
f 2403 2437 2422
f 2394 2406 2428
f 2394 2428 2415
f 2428 2406 2390
f 2428 2390 2413
f 2388 2430 2433
f 2388 2433 2398
f 2388 2385 2410
f 2388 2410 2430
f 2417 2427 1892
f 2417 1892 1964
f 2431 2409 1963
f 2431 1963 1962
f 1885 1891 2412
f 1885 2412 2423
f 1965 1963 2409
f 1965 2409 2418
f 2234 2227 2232
f 2234 2232 2235
f 2235 2232 2230
f 2235 2230 2233
f 2237 2234 2235
f 2237 2235 2238
f 2238 2235 2233
f 2238 2233 2236
f 2241 2237 2238
f 2241 2238 2243
f 2243 2238 2236
f 2243 2236 2239
f 2240 1842 2223
f 2240 2223 2244
f 2244 2223 2222
f 2244 2222 2242
f 1842 2224 2226
f 1842 2226 2223
f 2223 2226 2225
f 2223 2225 2222
f 2218 2225 2226
f 2218 2226 2219
f 2219 2226 2224
f 2219 2224 2217
f 2220 2218 2219
f 2220 2219 2221
f 2221 2219 2217
f 2221 2217 1841
f 2228 2220 2221
f 2228 2221 2231
f 2231 2221 1841
f 2231 1841 2229
f 2264 2248 2250
f 2264 2250 2265
f 2265 2250 2249
f 2265 2249 2263
f 2257 2264 2265
f 2257 2265 2259
f 2259 2265 2263
f 2259 2263 2255
f 2252 2266 2270
f 2252 2270 2253
f 2253 2270 2268
f 2253 2268 2251
f 2273 2252 2253
f 2273 2253 2274
f 2274 2253 2251
f 2274 2251 2272
f 2254 2273 2274
f 2254 2274 2258
f 2258 2274 2272
f 2258 2272 2256
f 2261 2249 2250
f 2261 2250 2262
f 2262 2250 2248
f 2262 2248 2260
f 2246 2261 2262
f 2246 2262 2247
f 2247 2262 2260
f 2247 2260 2245
f 2267 2246 2247
f 2267 2247 2271
f 2271 2247 2245
f 2271 2245 2269
f 2278 2288 2289
f 2278 2289 2279
f 2279 2289 1845
f 2279 1845 2277
f 2288 2280 2281
f 2288 2281 2289
f 2289 2281 1844
f 2289 1844 1845
f 2280 2283 2287
f 2280 2287 2281
f 2281 2287 2285
f 2281 2285 1844
f 2282 2290 2292
f 2282 2292 2286
f 2286 2292 2291
f 2286 2291 2284
f 1846 2291 2292
f 1846 2292 2300
f 2300 2292 2290
f 2300 2290 2299
f 2275 2278 2279
f 2275 2279 2276
f 2276 2279 2277
f 2276 2277 1843
f 2296 2275 2276
f 2296 2276 2298
f 2298 2276 1843
f 2298 1843 2294
f 2299 2295 2297
f 2299 2297 2300
f 2300 2297 2293
f 2300 2293 1846
f 2317 2328 2330
f 2317 2330 2318
f 2318 2330 2329
f 2318 2329 2316
f 2320 2307 2309
f 2320 2309 2321
f 2321 2309 2308
f 2321 2308 2319
f 2307 2304 2306
f 2307 2306 2309
f 2309 2306 2305
f 2309 2305 2308
f 2304 2323 2327
f 2304 2327 2306
f 2306 2327 2325
f 2306 2325 2305
f 2322 2329 2330
f 2322 2330 2326
f 2326 2330 2328
f 2326 2328 2324
f 2302 2320 2321
f 2302 2321 2303
f 2303 2321 2319
f 2303 2319 2301
f 2313 2302 2303
f 2313 2303 2315
f 2315 2303 2301
f 2315 2301 2311
f 2316 2312 2314
f 2316 2314 2318
f 2318 2314 2310
f 2318 2310 2317
f 2359 2340 2342
f 2359 2342 2360
f 2360 2342 2341
f 2360 2341 2358
f 2337 2355 2357
f 2337 2357 2339
f 2339 2357 2356
f 2339 2356 2335
f 2355 2359 2360
f 2355 2360 2357
f 2357 2360 2358
f 2357 2358 2356
f 2348 2331 2333
f 2348 2333 2350
f 2350 2333 2332
f 2350 2332 2346
f 2353 2332 2333
f 2353 2333 2354
f 2354 2333 2331
f 2354 2331 2352
f 2340 2343 2345
f 2340 2345 2342
f 2342 2345 2344
f 2342 2344 2341
f 2343 2349 2351
f 2343 2351 2345
f 2345 2351 2347
f 2345 2347 2344
f 2352 2336 2338
f 2352 2338 2354
f 2354 2338 2334
f 2354 2334 2353
f 2367 2376 2380
f 2367 2380 2368
f 2368 2380 2378
f 2368 2378 1850
f 2361 2364 2366
f 2361 2366 2362
f 2362 2366 1849
f 2362 1849 1847
f 2383 2361 2362
f 2383 2362 2384
f 2384 2362 1847
f 2384 1847 2382
f 2363 2374 2375
f 2363 2375 2365
f 2365 2375 1852
f 2365 1852 1848
f 2370 2372 2373
f 2370 2373 2371
f 2371 2373 1851
f 2371 1851 2369
f 2377 2370 2371
f 2377 2371 2381
f 2381 2371 2369
f 2381 2369 2379
f 2372 2383 2384
f 2372 2384 2373
f 2373 2384 2382
f 2373 2382 1851
f 1850 1852 2375
f 1850 2375 2368
f 2368 2375 2374
f 2368 2374 2367
f 2400 2403 2405
f 2400 2405 2401
f 2401 2405 1858
f 2401 1858 1856
f 2407 1854 2391
f 2407 2391 2408
f 2408 2391 2390
f 2408 2390 2406
f 1853 2393 2397
f 1853 2397 2386
f 2386 2397 2395
f 2386 2395 2385
f 2406 2394 2396
f 2406 2396 2408
f 2408 2396 2392
f 2408 2392 2407
f 1854 1857 2404
f 1854 2404 2391
f 2391 2404 2402
f 2391 2402 2390
f 1856 1855 2399
f 1856 2399 2401
f 2401 2399 2398
f 2401 2398 2400
f 2388 2398 2399
f 2388 2399 2389
f 2389 2399 1855
f 2389 1855 2387
f 2385 2388 2389
f 2385 2389 2386
f 2386 2389 2387
f 2386 2387 1853
f 2437 2433 2435
f 2437 2435 2438
f 2438 2435 2434
f 2438 2434 2436
f 2413 2421 2425
f 2413 2425 2414
f 2414 2425 2423
f 2414 2423 2412
f 2410 2416 2420
f 2410 2420 2411
f 2411 2420 2418
f 2411 2418 2409
f 2428 2413 2414
f 2428 2414 2429
f 2429 2414 2412
f 2429 2412 2427
f 2436 2424 2426
f 2436 2426 2438
f 2438 2426 2422
f 2438 2422 2437
f 2427 2417 2419
f 2427 2419 2429
f 2429 2419 2415
f 2429 2415 2428
f 2431 2434 2435
f 2431 2435 2432
f 2432 2435 2433
f 2432 2433 2430
f 2409 2431 2432
f 2409 2432 2411
f 2411 2432 2430
f 2411 2430 2410
f 2773 2797 2796
f 2773 2796 2772
f 2470 2792 2798
f 2470 2798 2472
f 2775 2796 2798
f 2775 2798 2792
f 2776 2797 2773
f 2776 2773 2468
f 2472 2798 2799
f 2472 2799 2473
f 2474 2794 2795
f 2474 2795 2476
f 2784 2566 2469
f 2784 2469 2793
f 2469 2473 2799
f 2469 2799 2793
f 2792 2470 2564
f 2792 2564 2791
f 2564 2489 2790
f 2564 2790 2791
f 2488 2494 2788
f 2488 2788 2789
f 2943 2574 2572
f 2943 2572 2962
f 2495 2787 2788
f 2495 2788 2494
f 2567 2785 2787
f 2567 2787 2495
f 2566 2784 2786
f 2566 2786 2568
f 2783 2480 2482
f 2783 2482 2778
f 2775 2792 2791
f 2775 2791 2774
f 2790 2782 2774
f 2790 2774 2791
f 2788 2780 2781
f 2788 2781 2789
f 2787 2779 2780
f 2787 2780 2788
f 2785 2777 2779
f 2785 2779 2787
f 2783 2784 2793
f 2783 2793 2776
f 2798 2796 2797
f 2798 2797 2799
f 2479 2480 2468
f 2479 2468 2773
f 2478 2479 2773
f 2478 2773 2772
f 2510 2506 2507
f 2510 2507 2508
f 2655 2746 2745
f 2655 2745 2654
f 2808 2809 2503
f 2808 2503 2502
f 2544 2730 2509
f 2544 2509 2543
f 2496 2735 2734
f 2496 2734 2504
f 2546 2548 2513
f 2546 2513 2732
f 2743 2745 2751
f 2743 2751 2656
f 2651 2744 2746
f 2651 2746 2655
f 2652 2750 2744
f 2652 2744 2733
f 2510 2512 2505
f 2510 2505 2506
f 2542 2508 2507
f 2542 2507 2541
f 2545 2731 2730
f 2545 2730 2544
f 2526 2737 2736
f 2526 2736 2497
f 2733 2744 2651
f 2733 2651 2653
f 2498 2500 2742
f 2498 2742 2740
f 2512 2547 2549
f 2512 2549 2505
f 2809 2810 2504
f 2809 2504 2503
f 2528 2499 2741
f 2528 2741 2739
f 2527 2738 2737
f 2527 2737 2526
f 2527 2528 2739
f 2527 2739 2738
f 2545 2546 2732
f 2545 2732 2731
f 2480 2783 2776
f 2480 2776 2468
f 3034 3037 3042
f 3034 3042 2565
f 2478 2772 2471
f 2478 2471 2487
f 2967 2950 2947
f 2967 2947 2964
f 2986 2944 2961
f 2986 2961 2975
f 2956 2935 2977
f 2956 2977 2970
f 2975 2961 2959
f 2975 2959 2973
f 2970 2979 2937
f 2970 2937 2956
f 2582 2768 2585
f 2582 2585 2578
f 2592 2552 2550
f 2592 2550 2584
f 2590 2553 2551
f 2590 2551 2591
f 2589 2554 2553
f 2589 2553 2590
f 2587 2555 2554
f 2587 2554 2589
f 2681 2593 2588
f 2681 2588 2683
f 2559 2563 2561
f 2559 2561 2558
f 2691 2553 2554
f 2691 2554 2692
f 2558 2561 2556
f 2558 2556 2557
f 2559 2550 2552
f 2559 2552 2563
f 2565 2473 2469
f 2565 2469 2566
f 2487 2471 2775
f 2487 2775 2774
f 3037 3039 2564
f 3037 2564 3042
f 2793 2799 2797
f 2793 2797 2776
f 2481 2476 2795
f 2481 2795 2483
f 2484 2794 2474
f 2484 2474 2485
f 2478 2487 2486
f 2478 2486 2475
f 2479 2477 2482
f 2479 2482 2480
f 2794 2484 2483
f 2794 2483 2795
f 2478 2475 2477
f 2478 2477 2479
f 2801 2802 2534
f 2801 2534 2533
f 2553 2691 2562
f 2553 2562 2551
f 2555 2560 2692
f 2555 2692 2554
f 2690 2771 2769
f 2690 2769 2586
f 2784 2783 2778
f 2784 2778 2786
f 2777 2481 2483
f 2777 2483 2779
f 2779 2483 2484
f 2779 2484 2780
f 2780 2484 2485
f 2780 2485 2781
f 2810 2811 2496
f 2810 2496 2504
f 2813 2523 2524
f 2813 2524 2808
f 2814 2813 2501
f 2814 2501 2500
f 2803 2804 2531
f 2803 2531 2530
f 2815 2814 2500
f 2815 2500 2498
f 2817 2816 2499
f 2817 2499 2528
f 2818 2817 2528
f 2818 2528 2527
f 2819 2818 2527
f 2819 2527 2526
f 2812 2819 2526
f 2812 2526 2497
f 2467 2577 2576
f 2467 2576 2465
f 2550 2578 2585
f 2550 2585 2584
f 2465 2576 2580
f 2465 2580 2464
f 2559 2582 2578
f 2559 2578 2550
f 2467 2466 2579
f 2467 2579 2577
f 2557 2593 2586
f 2557 2586 2581
f 2559 2558 2583
f 2559 2583 2582
f 2558 2557 2581
f 2558 2581 2583
f 2770 2768 2769
f 2770 2769 2771
f 2593 2681 2690
f 2593 2690 2586
f 2682 2587 2589
f 2682 2589 2684
f 2684 2589 2590
f 2684 2590 2685
f 2685 2590 2591
f 2685 2591 2686
f 2687 2592 2584
f 2687 2584 2688
f 2585 2689 2688
f 2585 2688 2584
f 2593 2557 2556
f 2593 2556 2588
f 2782 2486 2487
f 2782 2487 2774
f 2772 2796 2775
f 2772 2775 2471
f 2617 2641 2620
f 2617 2620 2613
f 2627 2599 2597
f 2627 2597 2619
f 2625 2600 2598
f 2625 2598 2626
f 2624 2601 2600
f 2624 2600 2625
f 2622 2602 2601
f 2622 2601 2624
f 2629 2628 2623
f 2629 2623 2631
f 2606 2610 2608
f 2606 2608 2605
f 2639 2600 2601
f 2639 2601 2640
f 2605 2608 2603
f 2605 2603 2604
f 2606 2597 2599
f 2606 2599 2610
f 2600 2639 2609
f 2600 2609 2598
f 2602 2607 2640
f 2602 2640 2601
f 2638 2644 2642
f 2638 2642 2621
f 2574 2612 2611
f 2574 2611 2572
f 2597 2613 2620
f 2597 2620 2619
f 2572 2611 2615
f 2572 2615 2571
f 2606 2617 2613
f 2606 2613 2597
f 2574 2573 2614
f 2574 2614 2612
f 2604 2628 2621
f 2604 2621 2616
f 2606 2605 2618
f 2606 2618 2617
f 2605 2604 2616
f 2605 2616 2618
f 2643 2641 2642
f 2643 2642 2644
f 2628 2629 2638
f 2628 2638 2621
f 2630 2622 2624
f 2630 2624 2632
f 2632 2624 2625
f 2632 2625 2633
f 2633 2625 2626
f 2633 2626 2634
f 2635 2627 2619
f 2635 2619 2636
f 2620 2637 2636
f 2620 2636 2619
f 2628 2604 2603
f 2628 2603 2623
f 2571 2629 2631
f 2571 2631 2570
f 2569 2630 2632
f 2569 2632 2575
f 2575 2632 2633
f 2575 2633 2594
f 2595 2594 2633
f 2595 2633 2634
f 2573 2596 2635
f 2573 2635 2636
f 2637 2614 2573
f 2637 2573 2636
f 2615 2611 2644
f 2615 2644 2638
f 2629 2571 2615
f 2629 2615 2638
f 2609 2639 2640
f 2609 2640 2607
f 2612 2643 2644
f 2612 2644 2611
f 2621 2642 2618
f 2621 2618 2616
f 2620 2641 2643
f 2620 2643 2637
f 2614 2637 2643
f 2614 2643 2612
f 2618 2642 2641
f 2618 2641 2617
f 2713 2647 2648
f 2713 2648 2714
f 2717 2694 2646
f 2717 2646 2719
f 2711 2648 2646
f 2711 2646 2694
f 2710 2647 2713
f 2710 2713 2715
f 2719 2646 2645
f 2719 2645 2720
f 2721 2650 2649
f 2721 2649 2723
f 2733 2653 2504
f 2733 2504 2734
f 2504 2653 2651
f 2504 2651 2503
f 2502 2655 2654
f 2502 2654 2501
f 2549 2656 2657
f 2549 2657 2505
f 2500 2658 2743
f 2500 2743 2742
f 2501 2654 2658
f 2501 2658 2500
f 2506 2659 2660
f 2506 2660 2507
f 2503 2651 2655
f 2503 2655 2502
f 2507 2660 2652
f 2507 2652 2541
f 2505 2657 2659
f 2505 2659 2506
f 2656 2751 2749
f 2656 2749 2657
f 2466 2467 2852
f 2466 2852 2866
f 2849 2464 2463
f 2849 2463 2870
f 2869 2462 2490
f 2869 2490 2855
f 2860 2867 2825
f 2860 2825 2845
f 2867 2851 2828
f 2867 2828 2825
f 2493 2466 2866
f 2493 2866 2858
f 2855 2490 2491
f 2855 2491 2876
f 2761 2760 2932
f 2761 2932 2919
f 2910 2907 2763
f 2910 2763 2762
f 2495 2494 3015
f 2495 3015 3030
f 2472 3042 2564
f 2472 2564 2470
f 3036 3001 3003
f 3036 3003 3040
f 3027 2489 2564
f 3027 2564 3039
f 2540 2529 2661
f 2540 2661 2662
f 2529 2530 2663
f 2529 2663 2661
f 2524 2523 2665
f 2524 2665 2664
f 2525 2524 2664
f 2525 2664 2666
f 2802 2440 2535
f 2802 2535 2534
f 2440 2805 2536
f 2440 2536 2535
f 2805 2442 2538
f 2805 2538 2536
f 2441 2806 2539
f 2441 2539 2537
f 2806 2807 2540
f 2806 2540 2539
f 2807 2443 2529
f 2807 2529 2540
f 2443 2803 2530
f 2443 2530 2529
f 2804 2800 2532
f 2804 2532 2531
f 2668 2676 2536
f 2668 2536 2538
f 2540 2673 2669
f 2540 2669 2539
f 2671 2670 2531
f 2671 2531 2532
f 2670 2680 2530
f 2670 2530 2531
f 2533 2534 2674
f 2533 2674 2672
f 2662 2678 2673
f 2662 2673 2540
f 2675 2674 2534
f 2675 2534 2535
f 2676 2675 2535
f 2676 2535 2536
f 2663 2679 2677
f 2663 2677 2661
f 2661 2677 2678
f 2661 2678 2662
f 2530 2680 2679
f 2530 2679 2663
f 2673 2523 2522
f 2673 2522 2669
f 2669 2522 2520
f 2669 2520 2667
f 2521 2519 2676
f 2521 2676 2668
f 2518 2675 2676
f 2518 2676 2519
f 2517 2674 2675
f 2517 2675 2518
f 2677 2664 2665
f 2677 2665 2678
f 2516 2672 2674
f 2516 2674 2517
f 2515 2514 2670
f 2515 2670 2671
f 2670 2514 2525
f 2670 2525 2680
f 2677 2679 2666
f 2677 2666 2664
f 2523 2673 2678
f 2523 2678 2665
f 2680 2525 2666
f 2680 2666 2679
f 2464 2681 2683
f 2464 2683 2463
f 2462 2682 2684
f 2462 2684 2490
f 2490 2684 2685
f 2490 2685 2491
f 2492 2491 2685
f 2492 2685 2686
f 2466 2493 2687
f 2466 2687 2688
f 2689 2579 2466
f 2689 2466 2688
f 2580 2576 2771
f 2580 2771 2690
f 2681 2464 2580
f 2681 2580 2690
f 2562 2691 2692
f 2562 2692 2560
f 2702 2765 2716
f 2702 2716 2693
f 2716 2720 2645
f 2716 2645 2693
f 2694 2717 2763
f 2694 2763 2695
f 2763 2759 2697
f 2763 2697 2695
f 2758 2760 2698
f 2758 2698 2696
f 2761 2699 2698
f 2761 2698 2760
f 2766 2700 2699
f 2766 2699 2761
f 2765 2702 2701
f 2765 2701 2767
f 2703 2727 2729
f 2703 2729 2709
f 2711 2694 2695
f 2711 2695 2712
f 2697 2705 2712
f 2697 2712 2695
f 2698 2706 2704
f 2698 2704 2696
f 2699 2707 2706
f 2699 2706 2698
f 2700 2708 2707
f 2700 2707 2699
f 2703 2702 2693
f 2703 2693 2710
f 2646 2648 2647
f 2646 2647 2645
f 2726 2727 2715
f 2726 2715 2713
f 2725 2726 2713
f 2725 2713 2714
f 2727 2703 2710
f 2727 2710 2715
f 2762 2763 2717
f 2762 2717 2719
f 2725 2714 2718
f 2725 2718 2757
f 2764 2720 2716
f 2764 2716 2765
f 2757 2718 2711
f 2757 2711 2712
f 2762 2719 2720
f 2762 2720 2764
f 2693 2645 2647
f 2693 2647 2710
f 2728 2723 2649
f 2728 2649 2753
f 2754 2650 2721
f 2754 2721 2755
f 2725 2757 2756
f 2725 2756 2722
f 2731 2511 2509
f 2731 2509 2730
f 2732 2513 2511
f 2732 2511 2731
f 2541 2652 2733
f 2541 2733 2734
f 2735 2542 2541
f 2735 2541 2734
f 2737 2544 2543
f 2737 2543 2736
f 2738 2545 2544
f 2738 2544 2737
f 2739 2546 2545
f 2739 2545 2738
f 2741 2548 2546
f 2741 2546 2739
f 2742 2549 2547
f 2742 2547 2740
f 2743 2656 2549
f 2743 2549 2742
f 2660 2747 2750
f 2660 2750 2652
f 2746 2752 2751
f 2746 2751 2745
f 2744 2750 2752
f 2744 2752 2746
f 2748 2752 2750
f 2748 2750 2747
f 2749 2751 2752
f 2749 2752 2748
f 2658 2654 2745
f 2658 2745 2743
f 2726 2724 2729
f 2726 2729 2727
f 2650 2754 2753
f 2650 2753 2649
f 2725 2722 2724
f 2725 2724 2726
f 2702 2703 2709
f 2702 2709 2701
f 2708 2728 2753
f 2708 2753 2707
f 2707 2753 2754
f 2707 2754 2706
f 2706 2754 2755
f 2706 2755 2704
f 2705 2756 2757
f 2705 2757 2712
f 2714 2648 2711
f 2714 2711 2718
f 2577 2770 2771
f 2577 2771 2576
f 2586 2769 2583
f 2586 2583 2581
f 2585 2768 2770
f 2585 2770 2689
f 2579 2689 2770
f 2579 2770 2577
f 2659 2657 2749
f 2659 2749 2748
f 2660 2659 2748
f 2660 2748 2747
f 2539 2669 2667
f 2539 2667 2537
f 2583 2769 2768
f 2583 2768 2582
f 3019 2998 2988
f 3019 2988 3013
f 2916 2905 2765
f 2916 2765 2767
f 2920 2931 2893
f 2920 2893 2902
f 2575 2594 2934
f 2575 2934 2955
f 2923 2910 2762
f 2923 2762 2764
f 2907 2926 2759
f 2907 2759 2763
f 2919 2915 2766
f 2919 2766 2761
f 3024 3005 2993
f 3024 2993 3016
f 2473 2565 3042
f 2473 3042 2472
f 2986 2964 2947
f 2986 2947 2944
f 2516 2517 2819
f 2516 2819 2812
f 2517 2518 2818
f 2517 2818 2819
f 2518 2519 2817
f 2518 2817 2818
f 2519 2521 2816
f 2519 2816 2817
f 2520 2522 2814
f 2520 2814 2815
f 2522 2523 2813
f 2522 2813 2814
f 2501 2813 2808
f 2501 2808 2502
f 2514 2515 2811
f 2514 2811 2810
f 2525 2514 2810
f 2525 2810 2809
f 2524 2525 2809
f 2524 2809 2808
f 2830 2871 2854
f 2830 2854 2837
f 2837 2854 2875
f 2837 2875 2840
f 2840 2875 2859
f 2840 2859 2844
f 2821 2863 2848
f 2821 2848 2823
f 2828 2851 2863
f 2828 2863 2821
f 2823 2848 2872
f 2823 2872 2831
f 2852 2467 2465
f 2852 2465 2864
f 2876 2491 2492
f 2876 2492 2857
f 2864 2465 2464
f 2864 2464 2849
f 2881 2891 2911
f 2881 2911 2922
f 2891 2883 2908
f 2891 2908 2911
f 2883 2886 2928
f 2883 2928 2908
f 2885 2893 2931
f 2885 2931 2927
f 2899 2878 2904
f 2899 2904 2914
f 2902 2898 2913
f 2902 2913 2920
f 2925 2932 2760
f 2925 2760 2758
f 2878 2881 2922
f 2878 2922 2904
f 2905 2923 2764
f 2905 2764 2765
f 2952 2596 2573
f 2952 2573 2946
f 2955 2939 2569
f 2955 2569 2575
f 2951 2934 2594
f 2951 2594 2595
f 2966 2977 2935
f 2966 2935 2949
f 2943 2946 2573
f 2943 2573 2574
f 2962 2572 2571
f 2962 2571 2958
f 2973 2959 2938
f 2973 2938 2980
f 2958 2571 2570
f 2958 2570 2940
f 3006 3025 3040
f 3006 3040 3003
f 2997 3018 3031
f 2997 3031 3009
f 3031 3016 2993
f 3031 2993 3009
f 2991 3001 3036
f 2991 3036 3033
f 2991 3033 3013
f 2991 3013 2988
f 3020 2567 2495
f 3020 2495 3030
f 3034 2565 2566
f 3034 2566 3012
f 2488 3026 3015
f 2488 3015 2494
f 2568 3021 3012
f 2568 3012 2566
f 2837 2838 2835
f 2837 2835 2830
f 2838 2836 2833
f 2838 2833 2835
f 2840 2841 2838
f 2840 2838 2837
f 2841 2839 2836
f 2841 2836 2838
f 2844 2846 2841
f 2844 2841 2840
f 2846 2842 2839
f 2846 2839 2841
f 2843 2847 2826
f 2843 2826 2445
f 2847 2845 2825
f 2847 2825 2826
f 2445 2826 2829
f 2445 2829 2827
f 2826 2825 2828
f 2826 2828 2829
f 2821 2822 2829
f 2821 2829 2828
f 2822 2820 2827
f 2822 2827 2829
f 2823 2824 2822
f 2823 2822 2821
f 2824 2444 2820
f 2824 2820 2822
f 2831 2834 2824
f 2831 2824 2823
f 2834 2832 2444
f 2834 2444 2824
f 2867 2868 2853
f 2867 2853 2851
f 2868 2866 2852
f 2868 2852 2853
f 2860 2862 2868
f 2860 2868 2867
f 2862 2858 2866
f 2862 2866 2868
f 2855 2856 2873
f 2855 2873 2869
f 2856 2854 2871
f 2856 2871 2873
f 2876 2877 2856
f 2876 2856 2855
f 2877 2875 2854
f 2877 2854 2856
f 2857 2861 2877
f 2857 2877 2876
f 2861 2859 2875
f 2861 2875 2877
f 2864 2865 2853
f 2864 2853 2852
f 2865 2863 2851
f 2865 2851 2853
f 2849 2850 2865
f 2849 2865 2864
f 2850 2848 2863
f 2850 2863 2865
f 2870 2874 2850
f 2870 2850 2849
f 2874 2872 2848
f 2874 2848 2850
f 2881 2882 2892
f 2881 2892 2891
f 2882 2880 2448
f 2882 2448 2892
f 2891 2892 2884
f 2891 2884 2883
f 2892 2448 2447
f 2892 2447 2884
f 2883 2884 2890
f 2883 2890 2886
f 2884 2447 2888
f 2884 2888 2890
f 2885 2889 2895
f 2885 2895 2893
f 2889 2887 2894
f 2889 2894 2895
f 2449 2903 2895
f 2449 2895 2894
f 2903 2902 2893
f 2903 2893 2895
f 2878 2879 2882
f 2878 2882 2881
f 2879 2446 2880
f 2879 2880 2882
f 2899 2901 2879
f 2899 2879 2878
f 2901 2897 2446
f 2901 2446 2879
f 2902 2903 2900
f 2902 2900 2898
f 2903 2449 2896
f 2903 2896 2900
f 2920 2921 2933
f 2920 2933 2931
f 2921 2919 2932
f 2921 2932 2933
f 2923 2924 2912
f 2923 2912 2910
f 2924 2922 2911
f 2924 2911 2912
f 2910 2912 2909
f 2910 2909 2907
f 2912 2911 2908
f 2912 2908 2909
f 2907 2909 2930
f 2907 2930 2926
f 2909 2908 2928
f 2909 2928 2930
f 2925 2929 2933
f 2925 2933 2932
f 2929 2927 2931
f 2929 2931 2933
f 2905 2906 2924
f 2905 2924 2923
f 2906 2904 2922
f 2906 2922 2924
f 2916 2918 2906
f 2916 2906 2905
f 2918 2914 2904
f 2918 2904 2906
f 2919 2921 2917
f 2919 2917 2915
f 2921 2920 2913
f 2921 2913 2917
f 2962 2963 2945
f 2962 2945 2943
f 2963 2961 2944
f 2963 2944 2945
f 2940 2942 2960
f 2940 2960 2958
f 2942 2938 2959
f 2942 2959 2960
f 2958 2960 2963
f 2958 2963 2962
f 2960 2959 2961
f 2960 2961 2963
f 2951 2953 2936
f 2951 2936 2934
f 2953 2949 2935
f 2953 2935 2936
f 2956 2957 2936
f 2956 2936 2935
f 2957 2955 2934
f 2957 2934 2936
f 2943 2945 2948
f 2943 2948 2946
f 2945 2944 2947
f 2945 2947 2948
f 2946 2948 2954
f 2946 2954 2952
f 2948 2947 2950
f 2948 2950 2954
f 2955 2957 2941
f 2955 2941 2939
f 2957 2956 2937
f 2957 2937 2941
f 2970 2971 2983
f 2970 2983 2979
f 2971 2453 2981
f 2971 2981 2983
f 2964 2965 2969
f 2964 2969 2967
f 2965 2450 2452
f 2965 2452 2969
f 2986 2987 2965
f 2986 2965 2964
f 2987 2985 2450
f 2987 2450 2965
f 2966 2968 2978
f 2966 2978 2977
f 2968 2451 2455
f 2968 2455 2978
f 2973 2974 2976
f 2973 2976 2975
f 2974 2972 2454
f 2974 2454 2976
f 2980 2984 2974
f 2980 2974 2973
f 2984 2982 2972
f 2984 2972 2974
f 2975 2976 2987
f 2975 2987 2986
f 2976 2454 2985
f 2976 2985 2987
f 2453 2971 2978
f 2453 2978 2455
f 2971 2970 2977
f 2971 2977 2978
f 3003 3004 3008
f 3003 3008 3006
f 3004 2459 2461
f 3004 2461 3008
f 3010 3011 2994
f 3010 2994 2457
f 3011 3009 2993
f 3011 2993 2994
f 2456 2989 3000
f 2456 3000 2996
f 2989 2988 2998
f 2989 2998 3000
f 3009 3011 2999
f 3009 2999 2997
f 3011 3010 2995
f 3011 2995 2999
f 2457 2994 3007
f 2457 3007 2460
f 2994 2993 3005
f 2994 3005 3007
f 2459 3004 3002
f 2459 3002 2458
f 3004 3003 3001
f 3004 3001 3002
f 2991 2992 3002
f 2991 3002 3001
f 2992 2990 2458
f 2992 2458 3002
f 2988 2989 2992
f 2988 2992 2991
f 2989 2456 2990
f 2989 2990 2992
f 3040 3041 3038
f 3040 3038 3036
f 3041 3039 3037
f 3041 3037 3038
f 3016 3017 3028
f 3016 3028 3024
f 3017 3015 3026
f 3017 3026 3028
f 3013 3014 3023
f 3013 3023 3019
f 3014 3012 3021
f 3014 3021 3023
f 3031 3032 3017
f 3031 3017 3016
f 3032 3030 3015
f 3032 3015 3017
f 3039 3041 3029
f 3039 3029 3027
f 3041 3040 3025
f 3041 3025 3029
f 3030 3032 3022
f 3030 3022 3020
f 3032 3031 3018
f 3032 3018 3022
f 3034 3035 3038
f 3034 3038 3037
f 3035 3033 3036
f 3035 3036 3038
f 3012 3014 3035
f 3012 3035 3034
f 3014 3013 3033
f 3014 3033 3035
