# Evaluated render-only extract from Quaternius's CC0 Modular Character Outfits - Fantasy
o Male_Ranger_Body
v -0.0000000 0.1163600 1.5484639
v 0.0431935 -0.0219541 1.5376849
v 0.0540925 0.1125245 1.5525972
v 0.0752611 0.0092876 1.5529932
v 0.0663196 -0.0033940 1.5477746
v 0.0716244 0.1036842 1.5562817
v 0.0925648 0.0668122 1.5637903
v 0.0838371 0.0266653 1.5582033
v 0.0346316 0.1165509 1.5503197
v -0.0000000 0.1398345 1.5059208
v -0.0000000 0.1398345 1.5059208
v 0.0086219 -0.0523333 1.4953077
v 0.0086219 -0.0523333 1.4953077
v 0.0000000 0.1342328 1.3643898
v 0.0000000 0.1342328 1.3643898
v 0.0767355 -0.0498043 1.4989476
v 0.0951614 -0.0919344 1.3545781
v 0.0951614 -0.0919344 1.3545781
v 0.0951614 -0.0919344 1.3545781
v 0.0951614 -0.0919344 1.3545781
v 0.0771053 0.1397485 1.5115684
v 0.0837819 0.1364145 1.3644946
v 0.1603241 -0.0125443 1.3527770
v 0.1493880 -0.0078946 1.5107070
v 0.1525369 0.1094130 1.3584045
v 0.1480866 0.1190423 1.5236009
v 0.0843419 0.0862524 1.5611746
v 0.1540437 0.0566394 1.5392154
v 0.0895635 0.0450889 1.5627106
v 0.0895635 0.0450889 1.5627106
v 0.0840130 0.1453894 1.4502838
v 0.1432646 0.1438524 1.4536111
v -0.0000000 0.1441549 1.4465294
v -0.0000000 0.1441549 1.4465294
v 0.1214682 -0.0282096 1.5011383
v 0.1423445 -0.0542920 1.3503397
v 0.1704051 0.0444825 1.3416873
v 0.1182412 0.1306444 1.3647386
v 0.1121347 0.1318305 1.5166943
v 0.1149766 0.1445890 1.4515743
v 0.1402386 0.0911764 1.2890226
v 0.1402386 0.0911764 1.2890226
v 0.0000000 0.1206363 1.2899612
v 0.0000000 0.1206363 1.2899612
v 0.0000000 0.1206363 1.2899612
v 0.0000000 0.1206363 1.2899612
v 0.0762292 0.1212078 1.2896786
v 0.0762292 0.1212078 1.2896786
v 0.1462060 -0.0379673 1.2996622
v 0.1462060 -0.0379673 1.2996622
v 0.1335352 -0.0612440 1.3151193
v 0.1335352 -0.0612440 1.3151193
v 0.1608009 0.0296538 1.2902166
v 0.1608009 0.0296538 1.2902166
v 0.1117329 0.1126746 1.2897990
v 0.1117329 0.1126746 1.2897990
v 0.1631680 -0.0306948 1.4412974
v 0.1616764 -0.0257622 1.4676366
v 0.0815248 -0.0642391 1.4777818
v 0.0852175 -0.0754696 1.4521842
v 0.0096806 -0.0681866 1.4738559
v 0.0096806 -0.0681866 1.4738559
v 0.1346860 -0.0423872 1.4726653
v 0.1412059 -0.0495594 1.4434043
v 0.1663824 0.0782991 1.3445371
v 0.1542982 0.0651186 1.2886330
v 0.1542982 0.0651186 1.2886330
v 0.1661429 0.0162850 1.3459878
v 0.1585291 -0.0007395 1.2924346
v 0.1585291 -0.0007395 1.2924346
v 0.0851182 0.1447105 1.4136249
v 0.1459628 0.1342206 1.4192557
v 0.0000000 0.1420703 1.4116780
v 0.0000000 0.1420703 1.4116780
v 0.1178721 0.1408686 1.4147593
v 0.0819063 0.1446320 1.4837687
v 0.1446638 0.1385816 1.4925035
v -0.0000000 0.1429763 1.4761714
v -0.0000000 0.1429763 1.4761714
v 0.1134150 0.1418455 1.4871397
v 0.1534683 0.0873478 1.5393381
v 0.1535568 0.0248358 1.5320575
v 0.0934305 -0.0906673 1.3985683
v 0.0116114 -0.0988122 1.3973100
v 0.0116114 -0.0988122 1.3973100
v 0.0116114 -0.0988122 1.3973100
v 0.1478552 -0.0556757 1.3923275
v 0.1652302 -0.0306367 1.3948230
v -0.0000000 0.1360979 1.5217569
v -0.0000000 0.1360979 1.5217569
v 0.1205093 0.1054781 1.5413780
v 0.0683122 -0.0367174 1.5170933
v 0.0709888 0.1338272 1.5282974
v 0.1185173 -0.0003677 1.5328220
v 0.1296394 0.0529914 1.5482367
v 0.1017064 -0.0166203 1.5225999
v 0.1010960 0.1236645 1.5331504
v 0.1289962 0.0804164 1.5498898
v 0.1262501 0.0254980 1.5423540
v 0.1734600 0.1208043 1.5190426
v 0.1734600 0.1208043 1.5190426
v 0.1773152 0.0039067 1.5036006
v 0.1773152 0.0039067 1.5036006
v 0.1747960 0.0625615 1.5377498
v 0.1747960 0.0625615 1.5377498
v 0.1670921 0.1419824 1.4471456
v 0.1670921 0.1419824 1.4471456
v 0.1670921 0.1419824 1.4471456
v 0.1670921 0.1419824 1.4471456
v 0.1799683 -0.0138092 1.4446042
v 0.1799683 -0.0138092 1.4446042
v 0.1809019 -0.0147834 1.4616308
v 0.1809019 -0.0147834 1.4616308
v 0.1809019 -0.0147834 1.4616308
v 0.1809019 -0.0147834 1.4616308
v 0.1706067 0.1379094 1.4923701
v 0.1706067 0.1379094 1.4923701
v 0.1743064 0.0941276 1.5348676
v 0.1743064 0.0941276 1.5348676
v 0.1763325 0.0305180 1.5285029
v 0.1763325 0.0305180 1.5285029
v 0.0462062 0.1431265 1.5087434
v 0.0537510 0.1364341 1.3634353
v 0.0535875 0.1464770 1.4491608
v 0.0517502 0.1223148 1.2898556
v 0.0517502 0.1223148 1.2898556
v 0.0538898 0.1463920 1.4136162
v 0.0511959 0.1465879 1.4807494
v 0.0430664 0.1383109 1.5249814
v 0.1673602 0.1137509 1.3949254
v 0.1673602 0.1137509 1.3949254
v 0.1795986 0.0542355 1.3738472
v 0.1795986 0.0542355 1.3738472
v 0.1743320 0.0850319 1.3755770
v 0.1743320 0.0850319 1.3755770
v 0.1795538 0.0324960 1.3804047
v 0.1795538 0.0324960 1.3804047
v 0.1662251 0.1342416 1.4280188
v 0.1662251 0.1342416 1.4280188
v 0.1800103 -0.0081224 1.4089152
v 0.1800103 -0.0081224 1.4089152
v 0.1802142 0.0132429 1.3908036
v 0.1802142 0.0132429 1.3908036
v 0.0572438 -0.1000176 1.3777245
v 0.0572438 -0.1000176 1.3777245
v 0.0549006 -0.0829639 1.4540614
v 0.0549006 -0.0829639 1.4540614
v 0.0549006 -0.0829639 1.4540614
v 0.0583870 -0.0984197 1.4141201
v 0.0583870 -0.0984197 1.4141201
v 0.0583870 -0.0984197 1.4141201
v 0.0178551 0.1419857 1.5067741
v 0.0227151 0.1339936 1.3603948
v 0.0217390 0.1449055 1.4480252
v 0.0194647 0.1205750 1.2898012
v 0.0194647 0.1205750 1.2898012
v 0.0219144 0.1439433 1.4119359
v 0.0204791 0.1443392 1.4779130
v 0.0166879 0.1377547 1.5230248
v 0.0157689 0.1160303 1.5487698
v 0.0568442 -0.0142898 1.5409685
v 0.0960328 -0.0442933 1.4989001
v 0.1231775 -0.0778206 1.3519905
v 0.1200723 -0.0774404 1.3331476
v 0.1200723 -0.0774404 1.3331476
v 0.1200723 -0.0774404 1.3331476
v 0.1200723 -0.0774404 1.3331476
v 0.1142716 -0.0652025 1.4475225
v 0.1077511 -0.0564654 1.4752207
v 0.1234260 -0.0782914 1.3944054
v 0.0827096 -0.0306252 1.5182477
v 0.0531405 -0.0703719 1.4774314
v 0.0531405 -0.0703719 1.4774314
v 0.0531405 -0.0703719 1.4774314
v 0.0489581 -0.0544634 1.4995774
v 0.0426221 -0.0401825 1.5170807
v 0.0113510 -0.0916509 1.4173427
v 0.0113510 -0.0916509 1.4173427
v -0.0000000 0.1973676 0.9787619
v -0.0000000 0.1973676 0.9787619
v -0.0000000 0.1973676 0.9787619
v -0.0000000 0.1973676 0.9787619
v 0.1013299 0.0970010 1.5583544
v 0.1013299 0.0970010 1.5583544
v 0.1084447 0.0745400 1.5606278
v 0.1084447 0.0745400 1.5606278
v 0.0638990 0.1264353 1.5448080
v 0.0638990 0.1264353 1.5448080
v 0.0849745 0.1158180 1.5505683
v 0.0849745 0.1158180 1.5505683
v 0.0925409 0.0020630 1.5449252
v 0.0925409 0.0020630 1.5449252
v 0.0850757 -0.0142536 1.5408396
v 0.0850757 -0.0142536 1.5408396
v 0.1087682 0.0500218 1.5588504
v 0.1087682 0.0500218 1.5588504
v 0.1022369 0.0231265 1.5527432
v 0.1022369 0.0231265 1.5527432
v 0.0551181 -0.0355178 1.5292180
v 0.0551181 -0.0355178 1.5292180
v 0.0724447 -0.0258413 1.5338434
v 0.0724447 -0.0258413 1.5338434
v -0.0000000 0.1306050 1.5381498
v -0.0000000 0.1306050 1.5381498
v -0.0000000 0.1306050 1.5381498
v -0.0000000 0.1306050 1.5381498
v 0.0167511 0.1303546 1.5393329
v 0.0167511 0.1303546 1.5393329
v 0.0400121 0.1314140 1.5410682
v 0.0400121 0.1314140 1.5410682
v 0.0382208 -0.0383579 1.5285176
v 0.0382208 -0.0383579 1.5285176
v 0.0300242 -0.0259547 1.5367863
v -0.0000000 -0.0320656 1.5355973
v -0.0000000 -0.0320656 1.5355973
v 0.0105204 -0.0796370 1.4519925
v 0.0105204 -0.0796370 1.4519925
v 0.0079767 -0.0376861 1.5131180
v 0.0079767 -0.0376861 1.5131180
v 0.0081611 -0.0350365 1.5266310
v 0.0081611 -0.0350365 1.5266310
v 0.0081611 -0.0350365 1.5266310
v 0.0081611 -0.0350365 1.5266310
v -0.0000000 0.0974336 1.5832294
v -0.0000000 0.0974336 1.5832294
v -0.0000000 0.0974336 1.5832294
v 0.0298979 -0.0143814 1.5516801
v 0.0298979 -0.0143814 1.5516801
v 0.0441084 0.0920253 1.5818803
v 0.0441084 0.0920253 1.5818803
v 0.0589706 0.0138885 1.5592078
v 0.0589706 0.0138885 1.5592078
v 0.0493908 0.0013209 1.5556278
v 0.0493908 0.0013209 1.5556278
v 0.0576326 0.0872206 1.5808356
v 0.0576326 0.0872206 1.5808356
v 0.0775016 0.0602692 1.5736316
v 0.0775016 0.0602692 1.5736316
v 0.0693665 0.0289475 1.5640436
v 0.0693665 0.0289475 1.5640436
v 0.0307533 0.0963127 1.5829121
v 0.0307533 0.0963127 1.5829121
v 0.0714970 0.0746609 1.5777559
v 0.0714970 0.0746609 1.5777559
v 0.0753559 0.0419702 1.5681498
v 0.0753559 0.0419702 1.5681498
v 0.0753559 0.0419702 1.5681498
v 0.0150550 0.0975916 1.5832747
v 0.0150550 0.0975916 1.5832747
v 0.0393671 -0.0071900 1.5533912
v 0.0393671 -0.0071900 1.5533912
v 0.0089499 -0.0241243 1.5495967
v 0.0089499 -0.0241243 1.5495967
v 0.0089499 -0.0241243 1.5495967
v -0.0000000 0.0912218 1.5996250
v -0.0000000 0.0912218 1.5996250
v -0.0000000 0.0912218 1.5996250
v -0.0000000 0.0912218 1.5996250
v 0.0300184 -0.0182890 1.5672194
v 0.0300184 -0.0182890 1.5672194
v 0.0438794 0.0866110 1.5984540
v 0.0438794 0.0866110 1.5984540
v 0.0600818 0.0107796 1.5758142
v 0.0600818 0.0107796 1.5758142
v 0.0501578 -0.0020917 1.5719807
v 0.0501578 -0.0020917 1.5719807
v 0.0557352 0.0818510 1.5971301
v 0.0557352 0.0818510 1.5971301
v 0.0754968 0.0557456 1.5896300
v 0.0754968 0.0557456 1.5896300
v 0.0698641 0.0261494 1.5806595
v 0.0698641 0.0261494 1.5806595
v 0.0300035 0.0905987 1.5994419
v 0.0300035 0.0905987 1.5994419
v 0.0684435 0.0697102 1.5937871
v 0.0684435 0.0697102 1.5937871
v 0.0751977 0.0396708 1.5848225
v 0.0751977 0.0396708 1.5848225
v 0.0136058 0.0916181 1.5997431
v 0.0136058 0.0916181 1.5997431
v 0.0397900 -0.0108605 1.5693772
v 0.0397900 -0.0108605 1.5693772
v 0.0112377 -0.0271367 1.5648340
v 0.0112377 -0.0271367 1.5648340
v 0.0112377 -0.0271367 1.5648340
v 0.1650429 0.0955398 0.9624369
v 0.1650429 0.0955398 0.9624369
v 0.1794075 0.0504435 0.9542785
v 0.1794075 0.0504435 0.9542785
v 0.1794075 0.0504435 0.9542785
v 0.1623618 -0.0537015 0.9416540
v 0.1623618 -0.0537015 0.9416540
v 0.1388143 -0.0812654 0.9374334
v 0.1388143 -0.0812654 0.9374334
v 0.1784490 -0.0062729 0.9462939
v 0.1784490 -0.0062729 0.9462939
v 0.1172108 0.1820502 0.9801630
v 0.1172108 0.1820502 0.9801630
v 0.1485618 0.1435012 0.9713970
v 0.1485618 0.1435012 0.9713970
v 0.0804102 0.1996102 0.9840861
v 0.0804102 0.1996102 0.9840861
v 0.1146696 -0.0992949 0.9325994
v 0.1146696 -0.0992949 0.9325994
v 0.0934928 -0.1127374 0.9276432
v 0.0934928 -0.1127374 0.9276432
v 0.0568367 -0.0936282 1.0163639
v 0.0446968 0.1431574 1.0584035
v 0.0720452 0.1415409 1.0578995
v 0.0496265 0.2059539 0.9852380
v 0.0496265 0.2059539 0.9852380
v 0.0181231 0.1434638 1.0585905
v 0.0187807 0.2046232 0.9851242
v 0.0187807 0.2046232 0.9851242
v 0.0203396 0.1145633 1.2832333
v 0.0203396 0.1145633 1.2832333
v 0.0522919 0.1155399 1.2833401
v 0.0522919 0.1155399 1.2833401
v 0.0478036 0.1016024 1.2532481
v 0.0478036 0.1016024 1.2532481
v 0.0216364 0.1037554 1.2532252
v 0.0216364 0.1037554 1.2532252
v 0.0818084 -0.0912923 1.0826586
v 0.0818084 -0.0912923 1.0826586
v 0.1401234 -0.0427935 1.0943755
v 0.1401234 -0.0427935 1.0943755
v 0.1250510 -0.0625795 1.0907209
v 0.1250510 -0.0625795 1.0907209
v 0.1299331 -0.0422937 1.2524860
v 0.1299331 -0.0422937 1.2524860
v 0.1159360 -0.0578011 1.2509454
v 0.1159360 -0.0578011 1.2509454
v 0.1277907 -0.0394701 1.2098858
v 0.0766353 -0.0876352 1.0159870
v 0.1007088 0.1284925 1.0541008
v 0.1257385 0.1019195 1.0461494
v 0.1559795 -0.0046949 1.0201592
v 0.1413034 -0.0384808 1.0160751
v 0.0222649 0.0872264 1.1775188
v 0.0452377 0.0906863 1.1786114
v 0.1504829 -0.0163544 1.0980994
v 0.1504829 -0.0163544 1.0980994
v 0.0977724 0.1053734 1.1145855
v 0.0977724 0.1053734 1.1145855
v 0.1200740 0.0824094 1.1115005
v 0.1200740 0.0824094 1.1115005
v 0.0448958 0.1162302 1.1121110
v 0.0448958 0.1162302 1.1121110
v 0.0703033 0.1135524 1.1137766
v 0.0703033 0.1135524 1.1137766
v 0.1217329 -0.0608109 1.0149623
v 0.1383551 0.0524206 1.1072772
v 0.1383551 0.0524206 1.1072772
v 0.1515458 0.0223572 1.1029235
v 0.1515458 0.0223572 1.1029235
v 0.1437049 0.0710607 1.0368752
v 0.1578228 0.0370340 1.0277865
v 0.1578228 0.0370340 1.0277865
v 0.0175152 0.1079935 1.0941241
v 0.0175152 0.1079935 1.0941241
v 0.0418340 0.1109153 1.0963676
v 0.0418340 0.1109153 1.0963676
v -0.0000000 0.2042523 0.9843674
v -0.0000000 0.2042523 0.9843674
v -0.0000000 0.2042523 0.9843674
v 0.0654862 0.1089133 1.0974890
v 0.0654862 0.1089133 1.0974890
v 0.0914700 0.1001450 1.0989047
v 0.0914700 0.1001450 1.0989047
v 0.1289487 0.0505559 1.0917723
v 0.1289487 0.0505559 1.0917723
v 0.1417505 0.0230583 1.0881203
v 0.1417505 0.0230583 1.0881203
v 0.1417505 0.0230583 1.0881203
v 0.1107000 0.0785371 1.0958049
v 0.1107000 0.0785371 1.0958049
v 0.1426219 -0.0093132 1.0838270
v 0.1426219 -0.0093132 1.0838270
v 0.1318680 -0.0351220 1.0803356
v 0.1318680 -0.0351220 1.0803356
v 0.1171159 -0.0540239 1.0769460
v 0.1171159 -0.0540239 1.0769460
v 0.1395400 0.0119108 1.1770271
v 0.1307747 0.0379087 1.1782720
v 0.1154950 -0.0591433 1.2066818
v 0.1181981 -0.0600757 1.1683456
v 0.1304837 -0.0392700 1.1721847
v 0.1383125 -0.0150889 1.1748824
v 0.1134613 0.0614974 1.1792384
v 0.0931633 0.0797542 1.1801689
v 0.0729400 0.0961525 1.2532498
v 0.0729400 0.0961525 1.2532498
v 0.0763084 0.1142712 1.2831354
v 0.0763084 0.1142712 1.2831354
v 0.1068709 0.1064515 1.2829236
v 0.1068709 0.1064515 1.2829236
v 0.0957483 0.0879440 1.2532451
v 0.0957483 0.0879440 1.2532451
v 0.1287552 0.0448071 1.2542529
v 0.1287552 0.0448071 1.2542529
v 0.1463636 0.0617326 1.2829007
v 0.1463636 0.0617326 1.2829007
v 0.1534400 0.0287339 1.2847238
v 0.1534400 0.0287339 1.2847238
v 0.1534400 0.0287339 1.2847238
v 0.1356651 0.0158481 1.2544569
v 0.1356651 0.0158481 1.2544569
v 0.1356651 0.0158481 1.2544569
v 0.0896353 -0.0906363 1.3520778
v 0.0896353 -0.0906363 1.3520778
v 0.0896353 -0.0906363 1.3520778
v 0.0896353 -0.0906363 1.3520778
v 0.1141570 -0.0747517 1.3285021
v 0.1141570 -0.0747517 1.3285021
v 0.1141570 -0.0747517 1.3285021
v 0.1141570 -0.0747517 1.3285021
v 0.1256365 -0.0628829 1.3115987
v 0.1256365 -0.0628829 1.3115987
v 0.1382969 -0.0387217 1.2954717
v 0.1382969 -0.0387217 1.2954717
v 0.1325672 0.0867219 1.2819669
v 0.1325672 0.0867219 1.2819669
v 0.1204489 0.0666730 1.2527622
v 0.1204489 0.0666730 1.2527622
v 0.0691696 0.0889006 1.1797773
v 0.1398654 -0.0096426 1.2534740
v 0.1398654 -0.0096426 1.2534740
v 0.1502559 -0.0019699 1.2881538
v 0.1502559 -0.0019699 1.2881538
v 0.1121899 0.0602041 1.2146142
v 0.1280496 0.0386215 1.2140541
v 0.1353567 -0.0142455 1.2120608
v 0.0914821 0.0770774 1.2144290
v 0.1351153 0.0125202 1.2133899
v 0.0679010 0.0869201 1.2143277
v 0.0444880 0.0932798 1.2138720
v 0.0215853 0.0922862 1.2143111
v 0.0197580 0.1117493 1.1099118
v 0.0197580 0.1117493 1.1099118
v 0.0001090 -0.0947956 1.0624737
v 0.0001090 -0.0947956 1.0624737
v 0.0001090 -0.0947956 1.0624737
v 0.0001090 -0.0947956 1.0624737
v 0.0001090 -0.0947956 1.0624737
v 0.0103679 -0.1016463 1.0165520
v 0.0103679 -0.1016463 1.0165520
v 0.0535364 -0.0854236 1.0667920
v 0.0535364 -0.0854236 1.0667920
v 0.0982887 -0.0760355 1.0152584
v 0.1049356 -0.0786755 1.0873705
v 0.1049356 -0.0786755 1.0873705
v 0.0979949 -0.0743241 1.2510104
v 0.0979949 -0.0743241 1.2510104
v 0.0711048 -0.0915705 1.2526270
v 0.0711048 -0.0915705 1.2526270
v 0.0724891 -0.0901991 1.2020385
v 0.0756158 -0.0895125 1.1606880
v 0.0966480 -0.0759967 1.2040328
v 0.0968679 -0.0684602 1.0727347
v 0.0968679 -0.0684602 1.0727347
v 0.0760143 -0.0794517 1.0691327
v 0.0760143 -0.0794517 1.0691327
v 0.1000310 -0.0776491 1.1645988
v 0.0584458 -0.0974838 1.0789762
v 0.0584458 -0.0974838 1.0789762
v 0.0000766 -0.1065759 1.0743195
v 0.0000766 -0.1065759 1.0743195
v 0.0000335 -0.1026334 1.3516785
v 0.0001857 -0.0937822 1.2542926
v 0.0001857 -0.0937822 1.2542926
v 0.0520815 -0.0953137 1.2527286
v 0.0520815 -0.0953137 1.2527286
v 0.0549731 -0.1014479 1.3492603
v 0.0001686 -0.0934103 1.1995193
v 0.0000000 -0.0938546 1.1534808
v 0.0000000 0.1145935 1.2832708
v 0.0000000 0.1145935 1.2832708
v 0.0000000 0.1145935 1.2832708
v -0.0000843 0.1091471 1.1090864
v -0.0000843 0.1091471 1.1090864
v -0.0000843 0.1091471 1.1090864
v -0.0000843 0.1091471 1.1090864
v 0.0000000 0.1076579 1.0938473
v 0.0000000 0.1076579 1.0938473
v 0.0000000 0.1076579 1.0938473
v -0.0001100 0.1034561 1.2531899
v -0.0001100 0.1034561 1.2531899
v -0.0001100 0.1034561 1.2531899
v -0.0006437 0.0850668 1.1769201
v -0.0006437 0.0850668 1.1769201
v -0.0004282 0.0918214 1.2142872
v -0.0004282 0.0918214 1.2142872
v 0.0000616 0.1435166 1.0586333
v 0.0563228 -0.0934908 1.1582618
v 0.0745063 -0.1193731 0.9225705
v 0.0745063 -0.1193731 0.9225705
v 0.0190616 -0.0236952 1.5657490
v 0.0190616 -0.0236952 1.5657490
v 0.0188783 -0.0197766 1.5505126
v 0.0188783 -0.0197766 1.5505126
v 0.0190194 -0.0959288 1.1997176
v 0.0206726 -0.0927893 1.0633996
v 0.0206726 -0.0927893 1.0633996
v 0.0240183 -0.1010193 1.0160686
v 0.0534702 -0.0948252 1.2009449
v 0.0284617 -0.1261588 0.9137880
v 0.0284617 -0.1261588 0.9137880
v 0.1566817 0.0943937 0.9555139
v 0.1566817 0.0943937 0.9555139
v 0.1707028 0.0498571 0.9474177
v 0.1707028 0.0498571 0.9474177
v 0.1562706 -0.0491668 0.9361761
v 0.1562706 -0.0491668 0.9361761
v 0.1356619 -0.0744473 0.9321293
v 0.1356619 -0.0744473 0.9321293
v 0.1697450 -0.0063445 0.9395661
v 0.1697450 -0.0063445 0.9395661
v 0.1099774 0.1756993 0.9727156
v 0.1099774 0.1756993 0.9727156
v 0.1406024 0.1415800 0.9643965
v 0.1406024 0.1415800 0.9643965
v 0.0764026 0.1920216 0.9763206
v 0.0764026 0.1920216 0.9763206
v 0.1108362 -0.0946304 0.9274497
v 0.1108362 -0.0946304 0.9274497
v 0.0901166 -0.1079417 0.9227129
v 0.0901166 -0.1079417 0.9227129
v 0.0474323 0.1975564 0.9788942
v 0.0474323 0.1975564 0.9788942
v 0.0178648 0.1972415 0.9792198
v 0.0178648 0.1972415 0.9792198
v 0.0001212 -0.0910412 1.0584280
v 0.0001212 -0.0910412 1.0584280
v 0.0001212 -0.0910412 1.0584280
v 0.0001212 -0.0910412 1.0584280
v 0.0078675 -0.0990870 1.0162405
v 0.0078675 -0.0990870 1.0162405
v 0.0260729 -0.1220648 0.9085435
v 0.0260729 -0.1220648 0.9085435
v 0.0260729 -0.1220648 0.9085435
v 0.0728021 -0.1146138 0.9181492
v 0.0728021 -0.1146138 0.9181492
v -0.0000000 -0.0989478 1.3970596
v 0.0557832 -0.0984278 1.3735968
v 0.0557832 -0.0984278 1.3735968
v -0.0000000 -0.0360553 1.5267714
v -0.0000000 -0.0360553 1.5267714
v 0.0352432 -0.0313414 1.5279337
v 0.0352432 -0.0313414 1.5279337
v 0.0951483 0.0923920 1.5560193
v 0.0951483 0.0923920 1.5560193
v 0.0600547 0.1201862 1.5436029
v 0.0600547 0.1201862 1.5436029
v 0.0877221 0.0064090 1.5441260
v 0.0877221 0.0064090 1.5441260
v 0.1015552 0.0490832 1.5565709
v 0.1015552 0.0490832 1.5565709
v 0.1015552 0.0490832 1.5565709
v 0.0516077 -0.0277427 1.5290710
v 0.0516077 -0.0277427 1.5290710
v -0.0000000 0.1243245 1.5377892
v -0.0000000 0.1243245 1.5377892
v -0.0000000 0.1243245 1.5377892
v 0.0376359 0.1246550 1.5408440
v 0.0376359 0.1246550 1.5408440
v 0.1026471 0.0717757 1.5578413
v 0.1026471 0.0717757 1.5578413
v 0.0799038 0.1104273 1.5490975
v 0.0799038 0.1104273 1.5490975
v 0.0794404 -0.0090033 1.5394249
v 0.0794404 -0.0090033 1.5394249
v 0.0971068 0.0260883 1.5515947
v 0.0971068 0.0260883 1.5515947
v 0.0664400 -0.0204059 1.5328418
v 0.0664400 -0.0204059 1.5328418
v 0.0164118 0.1241851 1.5391570
v 0.0164118 0.1241851 1.5391570
v 0.0064079 -0.0309118 1.5358081
v 0.0064079 -0.0309118 1.5358081
v 0.0064079 -0.0309118 1.5358081
v 0.0132778 -0.0406592 1.5273352
v 0.0132778 -0.0406592 1.5273352
v 0.0132778 -0.0406592 1.5273352
v 0.0133514 -0.0425105 1.5183787
v 0.0133514 -0.0425105 1.5183787
v 0.0171280 -0.0854793 1.4536663
v 0.0171280 -0.0854793 1.4536663
v 0.0171939 -0.0970384 1.4201000
v 0.0171939 -0.0970384 1.4201000
v 0.0171087 -0.1018258 1.4019020
v 0.0171087 -0.1018258 1.4019020
v 0.0171087 -0.1018258 1.4019020
v 0.0150833 -0.0716548 1.4775691
v 0.0150833 -0.0716548 1.4775691
v 0.0147247 -0.0568538 1.4991832
v 0.0147247 -0.0568538 1.4991832
v 0.0158196 -0.0965321 1.2535715
v 0.0158196 -0.0965321 1.2535715
v -0.0000000 -0.0532412 1.4955491
v 0.0197723 -0.1047997 1.0746695
v 0.0197723 -0.1047997 1.0746695
v 0.0194098 -0.0952338 1.1549942
v 0.0178251 -0.1036935 1.3507243
v 0.0375488 -0.1211993 0.9097961
v 0.0375488 -0.1211993 0.9097961
v 0.0385740 -0.1261102 0.9152173
v 0.0385740 -0.1261102 0.9152173
v -0.0000000 -0.0690097 1.4743419
v -0.0000000 -0.0924245 1.4177465
v -0.0000000 -0.0806970 1.4522891
v -0.0000000 -0.0386199 1.5132899
v 0.2078302 0.1245964 1.5324168
v 0.2078302 0.1245964 1.5324168
v 0.2053322 0.0011698 1.5154878
v 0.2053322 0.0011698 1.5154878
v 0.2146684 0.0614415 1.5512813
v 0.2146684 0.0614415 1.5512813
v 0.1805631 0.1432680 1.4778160
v 0.1805631 0.1432680 1.4778160
v 0.1989871 -0.0149577 1.4744551
v 0.1989871 -0.0149577 1.4744551
v 0.1989871 -0.0149577 1.4744551
v 0.1982790 0.1464404 1.5030290
v 0.1982790 0.1464404 1.5030290
v 0.1982790 0.1464404 1.5030290
v 0.2134516 0.0951059 1.5485919
v 0.2134516 0.0951059 1.5485919
v 0.2116588 0.0277603 1.5413872
v 0.2116588 0.0277603 1.5413872
v 0.1357728 -0.0457442 1.2466898
v 0.1357728 -0.0457442 1.2466898
v 0.0151412 -0.1052855 1.2481496
v 0.0151412 -0.1052855 1.2481496
v 0.1245850 0.0729700 1.2475630
v 0.1245850 0.0729700 1.2475630
v 0.1466146 -0.0106886 1.2479202
v 0.1466146 -0.0106886 1.2479202
v 0.0976413 0.0960104 1.2480599
v 0.0976413 0.0960104 1.2480599
v 0.0726545 0.1049003 1.2480658
v 0.0726545 0.1049003 1.2480658
v 0.0461894 0.1096131 1.2480634
v 0.0461894 0.1096131 1.2480634
v 0.0206763 0.1123087 1.2480409
v 0.0206763 0.1123087 1.2480409
v 0.1006733 -0.0813209 1.2445534
v 0.1006733 -0.0813209 1.2445534
v -0.0001030 0.1119338 1.2480080
v -0.0001030 0.1119338 1.2480080
v -0.0001030 0.1119338 1.2480080
v -0.0001030 0.1119338 1.2480080
v 0.1204626 -0.0633373 1.2449665
v 0.1204626 -0.0633373 1.2449665
v 0.1360058 0.0456886 1.2489961
v 0.1360058 0.0456886 1.2489961
v 0.1429328 0.0163014 1.2491732
v 0.1429328 0.0163014 1.2491732
v 0.0713255 -0.0997724 1.2461506
v 0.0713255 -0.0997724 1.2461506
v 0.0521271 -0.1035260 1.2467887
v 0.0521271 -0.1035260 1.2467887
v 0.0002255 -0.1024206 1.2490321
v 0.0002255 -0.1024206 1.2490321
v 0.0451947 0.0996121 1.1444728
v 0.0216572 0.0954837 1.1423075
v 0.0700168 0.0971967 1.1458083
v -0.0004968 0.0931641 1.1412910
v -0.0004968 0.0931641 1.1412910
v 0.1454409 0.0134301 1.1391180
v 0.1446115 -0.0155943 1.1359313
v 0.1343054 0.0403538 1.1416377
v 0.1357171 -0.0407356 1.1325721
v 0.1147941 0.0657910 1.1436026
v 0.0949777 0.0871852 1.1459523
v 0.1215996 -0.0612337 1.1288797
v 0.1022230 -0.0779988 1.1249973
v 0.0570209 -0.0951085 1.1161941
v 0.0000000 -0.0998333 1.1117057
v 0.0778938 -0.0902828 1.1199011
v 0.0203008 -0.1000642 1.1124538
v 0.0496159 0.1083117 1.2676052
v 0.0227714 0.1089134 1.2679838
v 0.0753096 0.1048085 1.2671181
v 0.1018177 0.0964386 1.2662709
v 0.1388382 0.0522427 1.2690796
v 0.1429499 0.0219904 1.2693477
v 0.1429499 0.0219904 1.2693477
v 0.1252803 0.0786968 1.2667991
v 0.1456918 -0.0060144 1.2713357
v 0.1358973 -0.0403836 1.2743177
v 0.1212431 -0.0591462 1.2815861
v 0.0797863 -0.0911270 1.2996582
v 0.1037362 -0.0751035 1.2901182
v 0.0001088 -0.0975568 1.3051592
v 0.0518749 -0.0982260 1.3039485
v -0.0000553 0.1089156 1.2681298
v 0.0192312 -0.0996932 1.3049210
v 0.1694550 0.1328015 1.4467705
v 0.1694550 0.1328015 1.4467705
v 0.1694550 0.1328015 1.4467705
v 0.1813747 -0.0052966 1.4464471
v 0.1813747 -0.0052966 1.4464471
v 0.1821576 -0.0063398 1.4611442
v 0.1821576 -0.0063398 1.4611442
v 0.1821576 -0.0063398 1.4611442
v 0.1666594 0.1086129 1.4023978
v 0.1666594 0.1086129 1.4023978
v 0.1806045 0.0559559 1.3823214
v 0.1806045 0.0559559 1.3823214
v 0.1716955 0.0839145 1.3828725
v 0.1716955 0.0839145 1.3828725
v 0.1806480 0.0358528 1.3883390
v 0.1806480 0.0358528 1.3883390
v 0.1687875 0.1266238 1.4318019
v 0.1687875 0.1266238 1.4318019
v 0.1817402 -0.0001795 1.4160188
v 0.1817402 -0.0001795 1.4160188
v 0.1812124 0.0186357 1.3974992
v 0.1812124 0.0186357 1.3974992
v 0.2061265 0.1174283 1.5241170
v 0.2061265 0.1174283 1.5241170
v 0.2038265 0.0069280 1.5085236
v 0.2038265 0.0069280 1.5085236
v 0.2116042 0.0614916 1.5408137
v 0.2116042 0.0614916 1.5408137
v 0.1817751 0.1338769 1.4751588
v 0.1817751 0.1338769 1.4751588
v 0.1972401 -0.0058534 1.4724350
v 0.1972401 -0.0058534 1.4724350
v 0.1972401 -0.0058534 1.4724350
v 0.1972401 -0.0058534 1.4724350
v 0.1969830 0.1368391 1.4971669
v 0.1969830 0.1368391 1.4971669
v 0.1969830 0.1368391 1.4971669
v 0.2107612 0.0889601 1.5391899
v 0.2107612 0.0889601 1.5391899
v 0.2090202 0.0321994 1.5324116
v 0.2090202 0.0321994 1.5324116
v 0.1542231 0.1195247 1.4498334
v 0.1542231 0.1195247 1.4498334
v 0.1539821 0.0078825 1.4485226
v 0.1539821 0.0078825 1.4485226
v 0.1539821 0.0057595 1.4623480
v 0.1539821 0.0057595 1.4623480
v 0.1542222 0.1011903 1.4113233
v 0.1542222 0.1011903 1.4113233
v 0.1546596 0.0566654 1.3939000
v 0.1546596 0.0566654 1.3939000
v 0.1543986 0.0803456 1.3960408
v 0.1543986 0.0803456 1.3960408
v 0.1539823 0.0405479 1.3989885
v 0.1539823 0.0405479 1.3989885
v 0.1541368 0.1162024 1.4371529
v 0.1541368 0.1162024 1.4371529
v 0.1539820 0.0121243 1.4238999
v 0.1539820 0.0121243 1.4238999
v 0.1539822 0.0264412 1.4070147
v 0.1539822 0.0264412 1.4070147
v 0.1539822 0.1076416 1.5109295
v 0.1539822 0.1076416 1.5109295
v 0.1537316 0.0169649 1.4970479
v 0.1537316 0.0169649 1.4970479
v 0.1549152 0.0610315 1.5264248
v 0.1549152 0.0610315 1.5264248
v 0.1539813 0.1205314 1.4728204
v 0.1539813 0.1205314 1.4728204
v 0.1539821 0.0059388 1.4709696
v 0.1539821 0.0059388 1.4709696
v 0.1539821 0.0059388 1.4709696
v 0.1551934 0.1206788 1.4898242
v 0.1551934 0.1206788 1.4898242
v 0.1539823 0.0841393 1.5243150
v 0.1539823 0.0841393 1.5243150
v 0.1547101 0.0367203 1.5192766
v 0.1547101 0.0367203 1.5192766
v -0.0000000 -0.0273677 1.5388992
v -0.0000000 -0.0273677 1.5388992
v 0.0068095 -0.0200676 1.5517682
v 0.0068095 -0.0200676 1.5517682
v -0.0000000 0.0860883 1.5977790
v -0.0000000 0.0860883 1.5977790
v -0.0000000 0.0860883 1.5977790
v -0.0000000 0.0860883 1.5977790
v 0.0261769 -0.0147033 1.5679681
v 0.0261769 -0.0147033 1.5679681
v 0.0405501 0.0818490 1.5967263
v 0.0405501 0.0818490 1.5967263
v 0.0551640 0.0120183 1.5758690
v 0.0551640 0.0120183 1.5758690
v 0.0460413 0.0001861 1.5723450
v 0.0460413 0.0001861 1.5723450
v 0.0525132 0.0777243 1.5956311
v 0.0525132 0.0777243 1.5956311
v 0.0704954 0.0537930 1.5887647
v 0.0704954 0.0537930 1.5887647
v 0.0640517 0.0261331 1.5802863
v 0.0640517 0.0261331 1.5802863
v 0.0274305 0.0855324 1.5976170
v 0.0274305 0.0855324 1.5976170
v 0.0638931 0.0668466 1.5926403
v 0.0638931 0.0668466 1.5926403
v 0.0699787 0.0397566 1.5845309
v 0.0699787 0.0397566 1.5845309
v 0.0123181 0.0864527 1.5978876
v 0.0123181 0.0864527 1.5978876
v 0.0353123 -0.0078746 1.5699517
v 0.0353123 -0.0078746 1.5699517
v 0.0089125 -0.0228368 1.5657753
v 0.0089125 -0.0228368 1.5657753
v 0.0089125 -0.0228368 1.5657753
v 0.0161048 -0.0196731 1.5666165
v 0.0161048 -0.0196731 1.5666165
v 0.0044727 -0.0263070 1.5390929
v 0.0044727 -0.0263070 1.5390929
v 0.0044727 -0.0263070 1.5390929
v -0.0000000 -0.0184235 1.5309595
v 0.0101111 -0.0162138 1.5386678
v -0.0000000 0.0761929 1.5387439
v -0.0000000 0.0761929 1.5387439
v 0.0273244 -0.0078621 1.5387439
v 0.0393108 0.0726575 1.5387439
v 0.0514981 0.0144223 1.5387439
v 0.0438902 0.0045549 1.5387439
v 0.0489902 0.0691780 1.5387439
v 0.0632856 0.0491269 1.5387504
v 0.0583514 0.0261187 1.5387439
v 0.0283698 0.0757293 1.5387439
v 0.0578134 0.0600174 1.5387439
v 0.0628392 0.0374192 1.5387552
v 0.0157669 0.0764967 1.5387439
v 0.0349428 -0.0021673 1.5387439
v 0.0129268 -0.0146450 1.5387439
v 0.0189247 -0.0120066 1.5387439
v 0.0092242 -0.0175390 1.5309595
v 0.0164184 -0.0219876 1.5545651
v 0.0164184 -0.0219876 1.5545651
v 0.0164184 -0.0219876 1.5545651
v 0.0126608 -0.0234893 1.5536712
v 0.0126608 -0.0234893 1.5536712
v 0.0126608 -0.0234893 1.5536712
v 0.0164980 -0.0236884 1.5611784
v 0.0164980 -0.0236884 1.5611784
v 0.0164980 -0.0236884 1.5611784
v 0.0219392 -0.0333487 1.5272446
v 0.0219392 -0.0333487 1.5272446
v 0.0287071 -0.0855565 1.4534653
v 0.0287071 -0.0855565 1.4534653
v 0.0287071 -0.0855565 1.4534653
v 0.0287071 -0.0855565 1.4534653
v 0.0319586 -0.0989173 1.4129591
v 0.0319586 -0.0989173 1.4129591
v 0.0319586 -0.0989173 1.4129591
v 0.0319586 -0.0989173 1.4129591
v 0.0302052 -0.1014847 1.3942164
v 0.0302052 -0.1014847 1.3942164
v 0.0267561 -0.0730319 1.4765480
v 0.0267561 -0.0730319 1.4765480
v 0.0267561 -0.0730319 1.4765480
v 0.0250192 -0.0567694 1.4995843
v 0.0322907 -0.0963230 1.2000998
v 0.0323926 -0.0903372 1.0646473
v 0.0323926 -0.0903372 1.0646473
v 0.0363080 -0.0984879 1.0162069
v 0.0515469 -0.1194903 0.9123047
v 0.0515469 -0.1194903 0.9123047
v 0.0521073 -0.1239302 0.9173080
v 0.0521073 -0.1239302 0.9173080
v 0.0174879 -0.0287765 1.5362127
v 0.0231546 -0.0403627 1.5278506
v 0.0231546 -0.0403627 1.5278506
v 0.0240518 -0.0417843 1.5176362
v 0.0316254 -0.1036962 1.3497864
v 0.0338631 -0.0952299 1.1560112
v 0.0342234 -0.1024016 1.0760255
v 0.0342234 -0.1024016 1.0760255
v 0.0299796 -0.0967008 1.2531734
v 0.0299796 -0.0967008 1.2531734
v 0.0276873 -0.0991779 1.3889467
v 0.0276873 -0.0991779 1.3889467
v 0.0296274 -0.1051839 1.2476045
v 0.0296274 -0.1051839 1.2476045
v 0.0343022 -0.0985780 1.1135019
v 0.0321837 -0.0998166 1.3049518
v 0.1643437 -0.0314774 1.4195243
v 0.1447574 -0.0533255 1.4188067
v 0.1189049 -0.0722885 1.4219172
v 0.0889015 -0.0838619 1.4281498
v 0.1797511 -0.0128484 1.4264114
v 0.1797511 -0.0128484 1.4264114
v 0.0566341 -0.0889485 1.4388329
v 0.0566341 -0.0889485 1.4388329
v 0.0566341 -0.0889485 1.4388329
v 0.0108144 -0.0859604 1.4336807
v 0.0108144 -0.0859604 1.4336807
v -0.0000000 -0.0868891 1.4340949
v 0.0174069 -0.0917077 1.4383312
v 0.0174069 -0.0917077 1.4383312
v 0.1814432 -0.0033241 1.4295369
v 0.1814432 -0.0033241 1.4295369
v 0.1539822 0.0098431 1.4354308
v 0.1539822 0.0098431 1.4354308
v 0.0303624 -0.0908327 1.4380084
v 0.0303624 -0.0908327 1.4380084
v 0.0303624 -0.0908327 1.4380084
v 0.0000865 -0.0884672 1.0715669
v 0.0000865 -0.0884672 1.0715669
v 0.0135526 -0.0992716 1.0168819
v 0.0331862 -0.1204912 0.9224771
v -0.0000000 0.1924049 0.9855060
v -0.0000000 0.1924049 0.9855060
v 0.1526772 0.0919729 0.9626393
v 0.1663674 0.0486950 0.9546911
v 0.1523689 -0.0474725 0.9435293
v 0.1323081 -0.0721170 0.9395959
v 0.1654645 -0.0059191 0.9469352
v 0.1071080 0.1713009 0.9796492
v 0.1369722 0.1380129 0.9714333
v 0.0744051 0.1871842 0.9831557
v 0.1081219 -0.0918662 0.9351495
v 0.0879239 -0.1049144 0.9306599
v 0.0461912 0.1925843 0.9856771
v 0.0173975 0.1922821 0.9859517
v 0.0710405 -0.1114000 0.9262675
v 0.0366113 -0.1181934 0.9168179
v 0.0503023 -0.1161001 0.9206432
v 0.0115309 -0.0952077 1.4073285
v 0.0115309 -0.0952077 1.4073285
v 0.0606878 -0.1001997 1.3949738
v 0.1232905 -0.0780232 1.3732071
v 0.1627780 -0.0215907 1.3737999
v 0.1803540 0.0016517 1.3987848
v 0.1803540 0.0016517 1.3987848
v 0.0955040 -0.0942995 1.3766236
v 0.1450986 -0.0549760 1.3713350
v 0.0171293 -0.0996502 1.4104835
v 0.0171293 -0.0996502 1.4104835
v -0.0000000 -0.0957184 1.4074856
v 0.1815997 0.0084959 1.4055101
v 0.1815997 0.0084959 1.4055101
v 0.0317092 -0.1007325 1.4050533
v 0.1539820 0.0177589 1.4144571
v 0.1539820 0.0177589 1.4144571
v 0.1258666 -0.0657756 0.9961373
v 0.0483260 -0.1180485 0.9440798
v 0.1733969 0.0465924 0.9746428
v 0.1733969 0.0465924 0.9746428
v 0.1340737 -0.0758098 0.9588633
v 0.0217269 -0.1175279 0.9366215
v 0.0217269 -0.1175279 0.9366215
v 0.1421759 0.1319898 0.9923151
v 0.0780180 0.1835351 1.0047081
v -0.0000000 0.1874227 1.0050532
v 0.1101422 -0.0932038 0.9553983
v 0.0611528 -0.1001469 0.9936000
v 0.1721855 -0.0058186 0.9667761
v 0.0888744 -0.1061977 0.9518737
v 0.0185520 0.1876824 1.0055977
v 0.0481919 0.1885700 1.0056602
v 0.0349970 -0.1209186 0.9413511
v 0.1590998 0.0885270 0.9830295
v 0.0739767 0.1556039 1.0402789
v 0.1564983 -0.0496183 0.9622951
v 0.1125387 0.1672725 1.0009248
v 0.0278445 -0.1146553 0.9486164
v 0.1362949 0.0610076 1.0642818
v 0.1630243 0.0400382 1.0099854
v 0.1630243 0.0400382 1.0099854
v 0.1312051 0.1119463 1.0282497
v 0.0696776 -0.1126159 0.9482673
v 0.0255325 -0.1208392 0.9412648
v 0.0255325 -0.1208392 0.9412648
v 0.0469658 0.1735025 1.0233405
v 0.0403631 -0.1051000 0.9921139
v 0.0231633 -0.1095421 0.9712906
v 0.0443592 -0.1116322 0.9680654
v 0.1682092 0.0432592 0.9922960
v 0.1682092 0.0432592 0.9922960
v 0.1366820 0.1219465 1.0102882
v 0.1299733 -0.0708220 0.9774640
v 0.0759710 0.1695944 1.0225440
v 0.0277521 -0.1077145 0.9910434
v 0.0654501 -0.1064884 0.9707828
v 0.0313998 -0.1143453 0.9661770
v 0.1463767 -0.0421184 0.9980433
v 0.0184050 -0.1044247 0.9939858
v 0.1514336 -0.0458600 0.9801359
v 0.1539730 0.0825665 1.0008938
v 0.0125809 -0.1052595 0.9895425
v 0.0125809 -0.1052595 0.9895425
v 0.0183661 0.1729981 1.0233285
v 0.0171961 -0.1113849 0.9630790
v 0.0171961 -0.1113849 0.9630790
v 0.0155064 -0.1083147 0.9912899
v 0.0155064 -0.1083147 0.9912899
v 0.0848534 -0.1002542 0.9731210
v 0.0205345 -0.1152351 0.9661584
v 0.0205345 -0.1152351 0.9661584
v 0.1085476 0.1544171 1.0188057
v 0.0000341 0.1582275 1.0408506
v 0.1046061 0.1415031 1.0365487
v 0.0457861 0.1583900 1.0409447
v -0.0000000 0.1728346 1.0229750
v 0.0182178 0.1582806 1.0410110
v 0.0807825 -0.0940503 0.9944938
v 0.1667812 -0.0054667 0.9845331
v 0.1613864 -0.0050762 1.0023119
v 0.1488479 0.0767610 1.0188377
v 0.1062196 -0.0876106 0.9752626
v 0.1022771 -0.0818398 0.9951966
v 0.1493335 -0.0067816 1.0516214
v 0.0960525 0.1143277 1.0766182
v 0.0687093 0.1252918 1.0779127
v 0.0178438 0.1257738 1.0765353
v 0.0432567 0.1270476 1.0775738
v 0.1497790 0.0302666 1.0577366
v 0.1497790 0.0302666 1.0577366
v 0.0055844 -0.0984341 1.0397797
v 0.0055844 -0.0984341 1.0397797
v 0.1181610 0.0903072 1.0710371
v 0.1366500 -0.0366305 1.0477382
v 0.1194937 -0.0573827 1.0455674
v 0.0552089 -0.0895726 1.0416074
v 0.0000743 0.1256183 1.0764120
v 0.0976055 -0.0723363 1.0439546
v 0.0068660 -0.0936726 1.0444390
v 0.0763463 -0.0836154 1.0425502
v 0.0223579 -0.0969138 1.0397792
v 0.0040119 -0.0949614 1.0374618
v 0.0040119 -0.0949614 1.0374618
v 0.0343582 -0.0944521 1.0405205
v -0.0431935 -0.0219541 1.5376850
v -0.0540925 0.1125245 1.5525972
v -0.0752611 0.0092876 1.5529933
v -0.0663196 -0.0033940 1.5477747
v -0.0716244 0.1036842 1.5562817
v -0.0925648 0.0668122 1.5637903
v -0.0838371 0.0266653 1.5582033
v -0.0346316 0.1165509 1.5503198
v -0.0086219 -0.0523333 1.4953078
v -0.0086219 -0.0523333 1.4953078
v -0.0767355 -0.0498042 1.4989477
v -0.0951270 -0.0918277 1.3546069
v -0.0951270 -0.0918277 1.3546069
v -0.0951270 -0.0918277 1.3546069
v -0.0951270 -0.0918277 1.3546069
v -0.0951270 -0.0918277 1.3546069
v -0.0771053 0.1397485 1.5115685
v -0.0837819 0.1364145 1.3644946
v -0.1603645 -0.0125461 1.3527600
v -0.1493880 -0.0078946 1.5107071
v -0.1525368 0.1094130 1.3584046
v -0.1480866 0.1190423 1.5236011
v -0.0843419 0.0862524 1.5611746
v -0.1540437 0.0566394 1.5392156
v -0.0895635 0.0450889 1.5627106
v -0.0895635 0.0450889 1.5627106
v -0.0840130 0.1453894 1.4502840
v -0.1432645 0.1438524 1.4536114
v -0.1214682 -0.0282096 1.5011384
v -0.1423791 -0.0542773 1.3503261
v -0.1704409 0.0444809 1.3416742
v -0.1182412 0.1306444 1.3647387
v -0.1121347 0.1318305 1.5166944
v -0.1149765 0.1445890 1.4515743
v -0.1404795 0.0911633 1.2889290
v -0.1404795 0.0911633 1.2889290
v -0.0762922 0.1212064 1.2896498
v -0.0762922 0.1212064 1.2896498
v -0.1465434 -0.0378411 1.2995622
v -0.1465434 -0.0378411 1.2995622
v -0.1336683 -0.0610649 1.3150805
v -0.1336683 -0.0610649 1.3150805
v -0.1613923 0.0295503 1.2900563
v -0.1613923 0.0295503 1.2900563
v -0.1118502 0.1126723 1.2897482
v -0.1118502 0.1126723 1.2897482
v -0.1631680 -0.0306948 1.4412975
v -0.1616764 -0.0257622 1.4676367
v -0.0815248 -0.0642391 1.4777819
v -0.0852175 -0.0754695 1.4521843
v -0.0096806 -0.0681866 1.4738560
v -0.0096806 -0.0681866 1.4738560
v -0.1346860 -0.0423871 1.4726654
v -0.1412059 -0.0495594 1.4434044
v -0.1663824 0.0782991 1.3445371
v -0.1547275 0.0650572 1.2885029
v -0.1547275 0.0650572 1.2885029
v -0.1661912 0.0162830 1.3459692
v -0.1591105 -0.0007899 1.2922801
v -0.1591105 -0.0007899 1.2922801
v -0.0851182 0.1447105 1.4136249
v -0.1459628 0.1342206 1.4192559
v -0.1178721 0.1408686 1.4147598
v -0.0819063 0.1446320 1.4837689
v -0.1446638 0.1385816 1.4925036
v -0.1134149 0.1418455 1.4871398
v -0.1534683 0.0873478 1.5393382
v -0.1535568 0.0248357 1.5320576
v -0.0934305 -0.0906673 1.3985683
v -0.0116114 -0.0988122 1.3973100
v -0.0116114 -0.0988122 1.3973100
v -0.0116114 -0.0988122 1.3973100
v -0.1478552 -0.0556757 1.3923275
v -0.1652302 -0.0306367 1.3948231
v -0.1205093 0.1054781 1.5413781
v -0.0683122 -0.0367174 1.5170934
v -0.0709888 0.1338272 1.5282974
v -0.1185173 -0.0003677 1.5328221
v -0.1296394 0.0529914 1.5482368
v -0.1017064 -0.0166203 1.5226001
v -0.1010960 0.1236645 1.5331506
v -0.1289962 0.0804164 1.5498899
v -0.1262500 0.0254980 1.5423541
v -0.1734600 0.1208043 1.5190426
v -0.1734600 0.1208043 1.5190426
v -0.1773152 0.0039067 1.5036007
v -0.1773152 0.0039067 1.5036007
v -0.1747960 0.0625615 1.5377499
v -0.1747960 0.0625615 1.5377499
v -0.1670921 0.1419824 1.4471457
v -0.1670921 0.1419824 1.4471457
v -0.1670921 0.1419824 1.4471457
v -0.1670921 0.1419824 1.4471457
v -0.1799683 -0.0138092 1.4446043
v -0.1799683 -0.0138092 1.4446043
v -0.1809019 -0.0147834 1.4616309
v -0.1809019 -0.0147834 1.4616309
v -0.1809019 -0.0147834 1.4616309
v -0.1809019 -0.0147834 1.4616309
v -0.1706066 0.1379094 1.4923706
v -0.1706066 0.1379094 1.4923706
v -0.1743064 0.0941276 1.5348678
v -0.1743064 0.0941276 1.5348678
v -0.1763325 0.0305180 1.5285031
v -0.1763325 0.0305180 1.5285031
v -0.0462062 0.1431264 1.5087434
v -0.0537510 0.1364341 1.3634354
v -0.0535875 0.1464770 1.4491608
v -0.0517861 0.1223140 1.2898387
v -0.0517861 0.1223140 1.2898387
v -0.0538898 0.1463920 1.4136162
v -0.0511959 0.1465879 1.4807494
v -0.0430664 0.1383109 1.5249814
v -0.1673602 0.1137509 1.3949254
v -0.1673602 0.1137509 1.3949254
v -0.1795986 0.0542355 1.3738475
v -0.1795986 0.0542355 1.3738475
v -0.1743320 0.0850319 1.3755772
v -0.1743320 0.0850319 1.3755772
v -0.1795537 0.0324960 1.3804048
v -0.1795537 0.0324960 1.3804048
v -0.1662251 0.1342416 1.4280190
v -0.1662251 0.1342416 1.4280190
v -0.1800103 -0.0081224 1.4089153
v -0.1800103 -0.0081224 1.4089153
v -0.1802142 0.0132429 1.3908037
v -0.1802142 0.0132429 1.3908037
v -0.0572289 -0.0999756 1.3777356
v -0.0572289 -0.0999756 1.3777356
v -0.0549006 -0.0829639 1.4540615
v -0.0549006 -0.0829639 1.4540615
v -0.0549006 -0.0829639 1.4540615
v -0.0583870 -0.0984197 1.4141201
v -0.0583870 -0.0984197 1.4141201
v -0.0583870 -0.0984197 1.4141201
v -0.0178551 0.1419857 1.5067741
v -0.0227151 0.1339936 1.3603948
v -0.0217390 0.1449055 1.4480252
v -0.0194647 0.1205750 1.2898012
v -0.0194647 0.1205750 1.2898012
v -0.0219144 0.1439433 1.4119359
v -0.0204791 0.1443392 1.4779130
v -0.0166879 0.1377547 1.5230248
v -0.0157689 0.1160303 1.5487698
v -0.0568442 -0.0142898 1.5409687
v -0.0960327 -0.0442933 1.4989002
v -0.1231767 -0.0777558 1.3519984
v -0.1200916 -0.0772961 1.3331602
v -0.1200916 -0.0772961 1.3331602
v -0.1200916 -0.0772961 1.3331602
v -0.1200916 -0.0772961 1.3331602
v -0.1200916 -0.0772961 1.3331602
v -0.1142716 -0.0652025 1.4475226
v -0.1077511 -0.0564654 1.4752208
v -0.1234260 -0.0782914 1.3944054
v -0.0827096 -0.0306252 1.5182478
v -0.0531405 -0.0703719 1.4774315
v -0.0531405 -0.0703719 1.4774315
v -0.0531405 -0.0703719 1.4774315
v -0.0489581 -0.0544634 1.4995775
v -0.0426221 -0.0401825 1.5170808
v -0.0113510 -0.0916509 1.4173427
v -0.0113510 -0.0916509 1.4173427
v -0.1013299 0.0970010 1.5583545
v -0.1013299 0.0970010 1.5583545
v -0.1084447 0.0745399 1.5606279
v -0.1084447 0.0745399 1.5606279
v -0.0638990 0.1264353 1.5448080
v -0.0638990 0.1264353 1.5448080
v -0.0849745 0.1158180 1.5505683
v -0.0849745 0.1158180 1.5505683
v -0.0925409 0.0020630 1.5449253
v -0.0925409 0.0020630 1.5449253
v -0.0850757 -0.0142536 1.5408397
v -0.0850757 -0.0142536 1.5408397
v -0.1087681 0.0500218 1.5588505
v -0.1087681 0.0500218 1.5588505
v -0.1022369 0.0231265 1.5527433
v -0.1022369 0.0231265 1.5527433
v -0.0551181 -0.0355178 1.5292181
v -0.0551181 -0.0355178 1.5292181
v -0.0724447 -0.0258413 1.5338435
v -0.0724447 -0.0258413 1.5338435
v -0.0167511 0.1303546 1.5393329
v -0.0167511 0.1303546 1.5393329
v -0.0400121 0.1314140 1.5410682
v -0.0400121 0.1314140 1.5410682
v -0.0382208 -0.0383579 1.5285177
v -0.0382208 -0.0383579 1.5285177
v -0.0300242 -0.0259547 1.5367864
v -0.0105204 -0.0796370 1.4519925
v -0.0105204 -0.0796370 1.4519925
v -0.0079767 -0.0376861 1.5131181
v -0.0079767 -0.0376861 1.5131181
v -0.0081611 -0.0350365 1.5266311
v -0.0081611 -0.0350365 1.5266311
v -0.0081611 -0.0350365 1.5266311
v -0.0081611 -0.0350365 1.5266311
v -0.0298979 -0.0143814 1.5516801
v -0.0298979 -0.0143814 1.5516801
v -0.0441084 0.0920253 1.5818805
v -0.0441084 0.0920253 1.5818805
v -0.0589706 0.0138885 1.5592078
v -0.0589706 0.0138885 1.5592078
v -0.0493908 0.0013209 1.5556278
v -0.0493908 0.0013209 1.5556278
v -0.0576326 0.0872206 1.5808357
v -0.0576326 0.0872206 1.5808357
v -0.0775016 0.0602692 1.5736316
v -0.0775016 0.0602692 1.5736316
v -0.0693665 0.0289475 1.5640436
v -0.0693665 0.0289475 1.5640436
v -0.0307533 0.0963127 1.5829121
v -0.0307533 0.0963127 1.5829121
v -0.0714970 0.0746609 1.5777560
v -0.0714970 0.0746609 1.5777560
v -0.0753559 0.0419702 1.5681498
v -0.0753559 0.0419702 1.5681498
v -0.0753559 0.0419702 1.5681498
v -0.0150550 0.0975916 1.5832747
v -0.0150550 0.0975916 1.5832747
v -0.0393671 -0.0071900 1.5533912
v -0.0393671 -0.0071900 1.5533912
v -0.0089499 -0.0241243 1.5495967
v -0.0089499 -0.0241243 1.5495967
v -0.0089499 -0.0241243 1.5495967
v -0.0300184 -0.0182890 1.5672194
v -0.0300184 -0.0182890 1.5672194
v -0.0438794 0.0866110 1.5984541
v -0.0438794 0.0866110 1.5984541
v -0.0600818 0.0107796 1.5758142
v -0.0600818 0.0107796 1.5758142
v -0.0501578 -0.0020917 1.5719807
v -0.0501578 -0.0020917 1.5719807
v -0.0557352 0.0818510 1.5971302
v -0.0557352 0.0818510 1.5971302
v -0.0754968 0.0557456 1.5896300
v -0.0754968 0.0557456 1.5896300
v -0.0698641 0.0261494 1.5806595
v -0.0698641 0.0261494 1.5806595
v -0.0300035 0.0905987 1.5994419
v -0.0300035 0.0905987 1.5994419
v -0.0684435 0.0697102 1.5937872
v -0.0684435 0.0697102 1.5937872
v -0.0751977 0.0396708 1.5848225
v -0.0751977 0.0396708 1.5848225
v -0.0136058 0.0916181 1.5997431
v -0.0136058 0.0916181 1.5997431
v -0.0397900 -0.0108605 1.5693772
v -0.0397900 -0.0108605 1.5693772
v -0.0112377 -0.0271367 1.5648340
v -0.0112377 -0.0271367 1.5648340
v -0.0112377 -0.0271367 1.5648340
v -0.1652637 0.0950941 0.9632070
v -0.1652637 0.0950941 0.9632070
v -0.1792013 0.0506674 0.9568131
v -0.1792013 0.0506674 0.9568131
v -0.1792013 0.0506674 0.9568131
v -0.1611067 -0.0491865 0.9468995
v -0.1611067 -0.0491865 0.9468995
v -0.1376027 -0.0753845 0.9421372
v -0.1376027 -0.0753845 0.9421372
v -0.1776307 -0.0042314 0.9507067
v -0.1776307 -0.0042314 0.9507067
v -0.1172754 0.1819573 0.9801133
v -0.1172754 0.1819573 0.9801133
v -0.1488143 0.1430207 0.9713455
v -0.1488143 0.1430207 0.9713455
v -0.0804102 0.1996102 0.9840862
v -0.0804102 0.1996102 0.9840862
v -0.1136947 -0.0934616 0.9362219
v -0.1136947 -0.0934616 0.9362219
v -0.0927924 -0.1078170 0.9301122
v -0.0927924 -0.1078170 0.9301122
v -0.0558247 -0.0912392 1.0186623
v -0.0450439 0.1425602 1.0582650
v -0.0728944 0.1401623 1.0576249
v -0.0496265 0.2059539 0.9852380
v -0.0496265 0.2059539 0.9852380
v -0.0180996 0.1433497 1.0585544
v -0.0187807 0.2046232 0.9851242
v -0.0187807 0.2046232 0.9851242
v -0.0203874 0.1145625 1.2832081
v -0.0203874 0.1145625 1.2832081
v -0.0523718 0.1155383 1.2833014
v -0.0523718 0.1155383 1.2833014
v -0.0482905 0.1014375 1.2530859
v -0.0482905 0.1014375 1.2530859
v -0.0219119 0.1037120 1.2531474
v -0.0219119 0.1037120 1.2531474
v -0.0813769 -0.0902878 1.0843533
v -0.0813769 -0.0902878 1.0843533
v -0.1400661 -0.0437095 1.0979056
v -0.1400661 -0.0437095 1.0979056
v -0.1246569 -0.0625185 1.0938891
v -0.1246569 -0.0625185 1.0938891
v -0.1312099 -0.0411851 1.2523586
v -0.1312099 -0.0411851 1.2523586
v -0.1169092 -0.0561522 1.2509192
v -0.1169092 -0.0561522 1.2509192
v -0.1294354 -0.0377014 1.2100832
v -0.0752863 -0.0848452 1.0193937
v -0.1020150 0.1262462 1.0538878
v -0.1272487 0.0986350 1.0466473
v -0.1551023 -0.0070896 1.0265076
v -0.1396327 -0.0386761 1.0234289
v -0.0235997 0.0866849 1.1773298
v -0.0467139 0.0897245 1.1782743
v -0.1510489 -0.0185066 1.1014624
v -0.1510489 -0.0185066 1.1014624
v -0.0996057 0.1030224 1.1144520
v -0.0996057 0.1030224 1.1144520
v -0.1223750 0.0795516 1.1118004
v -0.1223750 0.0795516 1.1118004
v -0.0455100 0.1154633 1.1119939
v -0.0455100 0.1154633 1.1119939
v -0.0714512 0.1121202 1.1136208
v -0.0714512 0.1121202 1.1136208
v -0.1198268 -0.0591689 1.0216880
v -0.1403587 0.0490622 1.1085657
v -0.1403587 0.0490622 1.1085657
v -0.1529252 0.0192262 1.1052611
v -0.1529252 0.0192262 1.1052611
v -0.1446832 0.0669859 1.0390699
v -0.1579175 0.0331419 1.0320916
v -0.1579175 0.0331419 1.0320916
v -0.0175379 0.1076968 1.0940980
v -0.0175379 0.1076968 1.0940980
v -0.0422522 0.1101618 1.0963361
v -0.0422522 0.1101618 1.0963361
v -0.0664393 0.1074492 1.0974694
v -0.0664393 0.1074492 1.0974694
v -0.0930596 0.0977581 1.0989851
v -0.0930596 0.0977581 1.0989851
v -0.1304579 0.0469489 1.0935705
v -0.1304579 0.0469489 1.0935705
v -0.1426668 0.0196681 1.0910347
v -0.1426668 0.0196681 1.0910347
v -0.1426668 0.0196681 1.0910347
v -0.1124962 0.0755390 1.0964586
v -0.1124962 0.0755390 1.0964586
v -0.1428678 -0.0117623 1.0876487
v -0.1428678 -0.0117623 1.0876487
v -0.1315205 -0.0362483 1.0844122
v -0.1315205 -0.0362483 1.0844122
v -0.1164598 -0.0540812 1.0806521
v -0.1164598 -0.0540812 1.0806521
v -0.1421434 0.0115363 1.1771526
v -0.1335127 0.0368983 1.1781390
v -0.1166452 -0.0567318 1.2071096
v -0.1192590 -0.0583459 1.1690764
v -0.1320830 -0.0380750 1.1727673
v -0.1404734 -0.0146503 1.1752684
v -0.1160794 0.0601654 1.1789181
v -0.0953773 0.0783999 1.1797414
v -0.0736063 0.0959067 1.2530609
v -0.0736063 0.0959067 1.2530609
v -0.0764275 0.1142689 1.2830795
v -0.0764275 0.1142689 1.2830795
v -0.1070616 0.1064431 1.2828412
v -0.1070616 0.1064431 1.2828412
v -0.0966916 0.0875716 1.2530192
v -0.0966916 0.0875716 1.2530192
v -0.1303174 0.0442197 1.2539765
v -0.1303174 0.0442197 1.2539765
v -0.1469510 0.0616101 1.2827483
v -0.1469510 0.0616101 1.2827483
v -0.1541822 0.0285798 1.2845480
v -0.1541822 0.0285798 1.2845480
v -0.1541822 0.0285798 1.2845480
v -0.1373347 0.0155199 1.2541926
v -0.1373347 0.0155199 1.2541926
v -0.1373347 0.0155199 1.2541926
v -0.0895976 -0.0905172 1.3521106
v -0.0895976 -0.0905172 1.3521106
v -0.0895976 -0.0905172 1.3521106
v -0.0895976 -0.0905172 1.3521106
v -0.0895976 -0.0905172 1.3521106
v -0.1141846 -0.0745798 1.3285147
v -0.1141846 -0.0745798 1.3285147
v -0.1141846 -0.0745798 1.3285147
v -0.1141846 -0.0745798 1.3285147
v -0.1141846 -0.0745798 1.3285147
v -0.1257748 -0.0626339 1.3115627
v -0.1257748 -0.0626339 1.3115627
v -0.1387304 -0.0385415 1.2953591
v -0.1387304 -0.0385415 1.2953591
v -0.1329480 0.0866646 1.2818463
v -0.1329480 0.0866646 1.2818463
v -0.1218214 0.0661161 1.2524925
v -0.1218214 0.0661161 1.2524925
v -0.0709834 0.0877040 1.1793587
v -0.1415340 -0.0094947 1.2532079
v -0.1415340 -0.0094947 1.2532079
v -0.1509412 -0.0020363 1.2879944
v -0.1509412 -0.0020363 1.2879944
v -0.1145995 0.0590966 1.2141305
v -0.1306241 0.0378196 1.2136297
v -0.1375053 -0.0134262 1.2119977
v -0.0935350 0.0759056 1.2139581
v -0.1375964 0.0124229 1.2131140
v -0.0695285 0.0858979 1.2139207
v -0.0457129 0.0925227 1.2135742
v -0.0225188 0.0918969 1.2141533
v -0.0200069 0.1114128 1.1098490
v -0.0200069 0.1114128 1.1098490
v -0.0099623 -0.1004929 1.0175955
v -0.0099623 -0.1004929 1.0175955
v -0.0530999 -0.0844308 1.0680721
v -0.0530999 -0.0844308 1.0680721
v -0.0965506 -0.0733658 1.0204446
v -0.1044614 -0.0779619 1.0897949
v -0.1044614 -0.0779619 1.0897949
v -0.0985308 -0.0722972 1.2510833
v -0.0985308 -0.0722972 1.2510833
v -0.0710973 -0.0895404 1.2527550
v -0.0710973 -0.0895404 1.2527550
v -0.0727117 -0.0879278 1.2023811
v -0.0758388 -0.0877143 1.1614964
v -0.0972877 -0.0733811 1.2045474
v -0.0961605 -0.0677568 1.0755581
v -0.0961605 -0.0677568 1.0755581
v -0.0754265 -0.0784459 1.0710138
v -0.0754265 -0.0784459 1.0710138
v -0.1006307 -0.0756704 1.1654135
v -0.0581136 -0.0965033 1.0801874
v -0.0581136 -0.0965033 1.0801874
v -0.0518645 -0.0935628 1.2528393
v -0.0518645 -0.0935628 1.2528393
v -0.0549119 -0.1013064 1.3493031
v -0.0564057 -0.0920064 1.1589180
v -0.0740176 -0.1155472 0.9241206
v -0.0740176 -0.1155472 0.9241206
v -0.0190616 -0.0236952 1.5657490
v -0.0190616 -0.0236952 1.5657490
v -0.0188783 -0.0197766 1.5505126
v -0.0188783 -0.0197766 1.5505126
v -0.0186941 -0.0952190 1.1998175
v -0.0204402 -0.0923000 1.0639051
v -0.0204402 -0.0923000 1.0639051
v -0.0234915 -0.0995171 1.0172839
v -0.0534515 -0.0929298 1.2012370
v -0.0282021 -0.1251317 0.9143470
v -0.0282021 -0.1251317 0.9143470
v -0.1568593 0.0942310 0.9563587
v -0.1568593 0.0942310 0.9563587
v -0.1704977 0.0505418 0.9500665
v -0.1704977 0.0505418 0.9500665
v -0.1551465 -0.0443506 0.9412529
v -0.1551465 -0.0443506 0.9412529
v -0.1345971 -0.0684627 0.9365918
v -0.1345971 -0.0684627 0.9365918
v -0.1689835 -0.0037119 0.9439949
v -0.1689835 -0.0037119 0.9439949
v -0.1100308 0.1756162 0.9726742
v -0.1100308 0.1756162 0.9726742
v -0.1407912 0.1411698 0.9643655
v -0.1407912 0.1411698 0.9643655
v -0.0764026 0.1920216 0.9763207
v -0.0764026 0.1920216 0.9763207
v -0.1099959 -0.0888156 0.9307745
v -0.1099959 -0.0888156 0.9307745
v -0.0895258 -0.1031494 0.9249545
v -0.0895258 -0.1031494 0.9249545
v -0.0474323 0.1975564 0.9788942
v -0.0474323 0.1975564 0.9788942
v -0.0178648 0.1972415 0.9792198
v -0.0178648 0.1972415 0.9792198
v -0.0074801 -0.0979985 1.0172845
v -0.0074801 -0.0979985 1.0172845
v -0.0258513 -0.1211688 0.9090309
v -0.0258513 -0.1211688 0.9090309
v -0.0258513 -0.1211688 0.9090309
v -0.0723872 -0.1108791 0.9195675
v -0.0723872 -0.1108791 0.9195675
v -0.0557644 -0.0983750 1.3736107
v -0.0557644 -0.0983750 1.3736107
v -0.0352432 -0.0313414 1.5279338
v -0.0352432 -0.0313414 1.5279338
v -0.0951483 0.0923920 1.5560193
v -0.0951483 0.0923920 1.5560193
v -0.0600547 0.1201862 1.5436029
v -0.0600547 0.1201862 1.5436029
v -0.0877221 0.0064090 1.5441262
v -0.0877221 0.0064090 1.5441262
v -0.1015552 0.0490832 1.5565710
v -0.1015552 0.0490832 1.5565710
v -0.1015552 0.0490832 1.5565710
v -0.0516077 -0.0277427 1.5290711
v -0.0516077 -0.0277427 1.5290711
v -0.0376359 0.1246550 1.5408440
v -0.0376359 0.1246550 1.5408440
v -0.1026471 0.0717757 1.5578414
v -0.1026471 0.0717757 1.5578414
v -0.0799038 0.1104273 1.5490975
v -0.0799038 0.1104273 1.5490975
v -0.0794403 -0.0090033 1.5394250
v -0.0794403 -0.0090033 1.5394250
v -0.0971068 0.0260883 1.5515949
v -0.0971068 0.0260883 1.5515949
v -0.0664400 -0.0204059 1.5328419
v -0.0664400 -0.0204059 1.5328419
v -0.0164118 0.1241851 1.5391570
v -0.0164118 0.1241851 1.5391570
v -0.0064079 -0.0309118 1.5358081
v -0.0064079 -0.0309118 1.5358081
v -0.0064079 -0.0309118 1.5358081
v -0.0132778 -0.0406592 1.5273353
v -0.0132778 -0.0406592 1.5273353
v -0.0132778 -0.0406592 1.5273353
v -0.0133514 -0.0425105 1.5183789
v -0.0133514 -0.0425105 1.5183789
v -0.0171280 -0.0854793 1.4536663
v -0.0171280 -0.0854793 1.4536663
v -0.0171939 -0.0970384 1.4201000
v -0.0171939 -0.0970384 1.4201000
v -0.0171087 -0.1018258 1.4019020
v -0.0171087 -0.1018258 1.4019020
v -0.0171087 -0.1018258 1.4019020
v -0.0150833 -0.0716548 1.4775692
v -0.0150833 -0.0716548 1.4775692
v -0.0147247 -0.0568538 1.4991833
v -0.0147247 -0.0568538 1.4991833
v -0.0154382 -0.0959060 1.2536072
v -0.0154382 -0.0959060 1.2536072
v -0.0196039 -0.1044284 1.0750850
v -0.0196039 -0.1044284 1.0750850
v -0.0193945 -0.0947767 1.1551291
v -0.0177562 -0.1036393 1.3507404
v -0.0373064 -0.1197840 0.9103513
v -0.0373064 -0.1197840 0.9103513
v -0.0373064 -0.1197840 0.9103513
v -0.0382864 -0.1246118 0.9158494
v -0.0382864 -0.1246118 0.9158494
v -0.2078302 0.1245964 1.5324169
v -0.2078302 0.1245964 1.5324169
v -0.2053321 0.0011698 1.5154879
v -0.2053321 0.0011698 1.5154879
v -0.2146684 0.0614415 1.5512815
v -0.2146684 0.0614415 1.5512815
v -0.1805630 0.1432679 1.4778161
v -0.1805630 0.1432679 1.4778161
v -0.1989871 -0.0149577 1.4744552
v -0.1989871 -0.0149577 1.4744552
v -0.1989871 -0.0149577 1.4744552
v -0.1982790 0.1464404 1.5030292
v -0.1982790 0.1464404 1.5030292
v -0.1982790 0.1464404 1.5030292
v -0.2134516 0.0951059 1.5485920
v -0.2134516 0.0951059 1.5485920
v -0.2116588 0.0277603 1.5413873
v -0.2116588 0.0277603 1.5413873
v -0.1370779 -0.0444300 1.2465918
v -0.1370779 -0.0444300 1.2465918
v -0.0146784 -0.1046580 1.2481997
v -0.0146784 -0.1046580 1.2481997
v -0.1260911 0.0722716 1.2472628
v -0.1260911 0.0722716 1.2472628
v -0.1483733 -0.0103929 1.2476968
v -0.1483733 -0.0103929 1.2476968
v -0.0986263 0.0955757 1.2478131
v -0.0986263 0.0955757 1.2478131
v -0.0734305 0.1045583 1.2478312
v -0.0734305 0.1045583 1.2478312
v -0.0466492 0.1094451 1.2479036
v -0.0466492 0.1094451 1.2479036
v -0.0209309 0.1122664 1.2479681
v -0.0209309 0.1122664 1.2479681
v -0.1011294 -0.0790218 1.2447083
v -0.1011294 -0.0790218 1.2447083
v -0.1214021 -0.0614206 1.2450002
v -0.1214021 -0.0614206 1.2450002
v -0.1377628 0.0450062 1.2486936
v -0.1377628 0.0450062 1.2486936
v -0.1448333 0.0159548 1.2488577
v -0.1448333 0.0159548 1.2488577
v -0.0712092 -0.0975726 1.2463459
v -0.0712092 -0.0975726 1.2463459
v -0.0518165 -0.1016619 1.2469472
v -0.0518165 -0.1016619 1.2469472
v -0.0464362 0.0987246 1.1441585
v -0.0227012 0.0950695 1.1421584
v -0.0718040 0.0957525 1.1454229
v -0.1478986 0.0120258 1.1401253
v -0.1463915 -0.0162855 1.1375070
v -0.1371095 0.0384830 1.1420665
v -0.1368079 -0.0407182 1.1344194
v -0.1174863 0.0638091 1.1435863
v -0.0972623 0.0853730 1.1456360
v -0.1221030 -0.0606902 1.1306494
v -0.1024576 -0.0770435 1.1264809
v -0.0570579 -0.0941819 1.1171257
v -0.0779836 -0.0892121 1.1210581
v -0.0202822 -0.0995474 1.1129805
v -0.0497956 0.1082953 1.2675202
v -0.0228997 0.1089086 1.2679292
v -0.0756319 0.1047452 1.2670008
v -0.1023561 0.0962953 1.2661221
v -0.1398967 0.0519157 1.2688698
v -0.1441562 0.0216641 1.2691344
v -0.1441562 0.0216641 1.2691344
v -0.1261011 0.0784430 1.2666140
v -0.1468112 -0.0060983 1.2711467
v -0.1367448 -0.0398672 1.2741762
v -0.1217258 -0.0583205 1.2815084
v -0.0797958 -0.0902827 1.2996762
v -0.1039224 -0.0741581 1.2900951
v -0.0517706 -0.0975845 1.3039726
v -0.0190314 -0.0994051 1.3049321
v -0.1694549 0.1328014 1.4467707
v -0.1694549 0.1328014 1.4467707
v -0.1694549 0.1328014 1.4467707
v -0.1813747 -0.0052966 1.4464471
v -0.1813747 -0.0052966 1.4464471
v -0.1821576 -0.0063398 1.4611443
v -0.1821576 -0.0063398 1.4611443
v -0.1821576 -0.0063398 1.4611443
v -0.1666594 0.1086129 1.4023981
v -0.1666594 0.1086129 1.4023981
v -0.1806045 0.0559559 1.3823215
v -0.1806045 0.0559559 1.3823215
v -0.1716955 0.0839144 1.3828726
v -0.1716955 0.0839144 1.3828726
v -0.1806480 0.0358527 1.3883392
v -0.1806480 0.0358527 1.3883392
v -0.1687875 0.1266239 1.4318022
v -0.1687875 0.1266239 1.4318022
v -0.1817402 -0.0001795 1.4160190
v -0.1817402 -0.0001795 1.4160190
v -0.1812124 0.0186357 1.3974992
v -0.1812124 0.0186357 1.3974992
v -0.2061265 0.1174283 1.5241171
v -0.2061265 0.1174283 1.5241171
v -0.2038265 0.0069280 1.5085237
v -0.2038265 0.0069280 1.5085237
v -0.2116042 0.0614916 1.5408136
v -0.2116042 0.0614916 1.5408136
v -0.1817750 0.1338769 1.4751589
v -0.1817750 0.1338769 1.4751589
v -0.1972401 -0.0058534 1.4724351
v -0.1972401 -0.0058534 1.4724351
v -0.1972401 -0.0058534 1.4724351
v -0.1972401 -0.0058534 1.4724351
v -0.1969830 0.1368391 1.4971671
v -0.1969830 0.1368391 1.4971671
v -0.1969830 0.1368391 1.4971671
v -0.2107612 0.0889601 1.5391901
v -0.2107612 0.0889601 1.5391901
v -0.2090202 0.0321994 1.5324117
v -0.2090202 0.0321994 1.5324117
v -0.1542231 0.1195247 1.4498335
v -0.1542231 0.1195247 1.4498335
v -0.1539821 0.0078825 1.4485227
v -0.1539821 0.0078825 1.4485227
v -0.1539821 0.0057595 1.4623481
v -0.1539821 0.0057595 1.4623481
v -0.1542221 0.1011903 1.4113235
v -0.1542221 0.1011903 1.4113235
v -0.1546596 0.0566654 1.3939003
v -0.1546596 0.0566654 1.3939003
v -0.1543986 0.0803456 1.3960410
v -0.1543986 0.0803456 1.3960410
v -0.1539823 0.0405479 1.3989886
v -0.1539823 0.0405479 1.3989886
v -0.1541368 0.1162024 1.4371530
v -0.1541368 0.1162024 1.4371530
v -0.1539820 0.0121243 1.4239000
v -0.1539820 0.0121243 1.4239000
v -0.1539822 0.0264411 1.4070147
v -0.1539822 0.0264411 1.4070147
v -0.1539822 0.1076416 1.5109293
v -0.1539822 0.1076416 1.5109293
v -0.1537316 0.0169649 1.4970480
v -0.1537316 0.0169649 1.4970480
v -0.1549152 0.0610315 1.5264249
v -0.1549152 0.0610315 1.5264249
v -0.1539813 0.1205314 1.4728205
v -0.1539813 0.1205314 1.4728205
v -0.1539821 0.0059388 1.4709696
v -0.1539821 0.0059388 1.4709696
v -0.1539821 0.0059388 1.4709696
v -0.1551933 0.1206788 1.4898242
v -0.1551933 0.1206788 1.4898242
v -0.1539823 0.0841393 1.5243151
v -0.1539823 0.0841393 1.5243151
v -0.1547100 0.0367203 1.5192767
v -0.1547100 0.0367203 1.5192767
v -0.0068095 -0.0200676 1.5517682
v -0.0068095 -0.0200676 1.5517682
v -0.0261769 -0.0147033 1.5679681
v -0.0261769 -0.0147033 1.5679681
v -0.0405501 0.0818490 1.5967264
v -0.0405501 0.0818490 1.5967264
v -0.0551640 0.0120183 1.5758690
v -0.0551640 0.0120183 1.5758690
v -0.0460413 0.0001861 1.5723450
v -0.0460413 0.0001861 1.5723450
v -0.0525132 0.0777243 1.5956312
v -0.0525132 0.0777243 1.5956312
v -0.0704954 0.0537930 1.5887647
v -0.0704954 0.0537930 1.5887647
v -0.0640517 0.0261331 1.5802863
v -0.0640517 0.0261331 1.5802863
v -0.0274305 0.0855324 1.5976170
v -0.0274305 0.0855324 1.5976170
v -0.0638931 0.0668466 1.5926404
v -0.0638931 0.0668466 1.5926404
v -0.0699787 0.0397566 1.5845309
v -0.0699787 0.0397566 1.5845309
v -0.0123181 0.0864527 1.5978876
v -0.0123181 0.0864527 1.5978876
v -0.0353123 -0.0078746 1.5699517
v -0.0353123 -0.0078746 1.5699517
v -0.0089125 -0.0228368 1.5657753
v -0.0089125 -0.0228368 1.5657753
v -0.0089125 -0.0228368 1.5657753
v -0.0161048 -0.0196731 1.5666165
v -0.0161048 -0.0196731 1.5666165
v -0.0044727 -0.0263070 1.5390929
v -0.0044727 -0.0263070 1.5390929
v -0.0044727 -0.0263070 1.5390929
v -0.0101111 -0.0162138 1.5386678
v -0.0273244 -0.0078621 1.5387439
v -0.0393108 0.0726575 1.5387439
v -0.0514981 0.0144223 1.5387439
v -0.0438902 0.0045549 1.5387439
v -0.0489902 0.0691780 1.5387439
v -0.0632856 0.0491269 1.5387504
v -0.0583514 0.0261187 1.5387439
v -0.0283698 0.0757293 1.5387439
v -0.0578134 0.0600174 1.5387439
v -0.0628392 0.0374192 1.5387552
v -0.0157669 0.0764967 1.5387439
v -0.0349428 -0.0021673 1.5387439
v -0.0129268 -0.0146450 1.5387439
v -0.0189247 -0.0120066 1.5387439
v -0.0092242 -0.0175390 1.5309595
v -0.0164184 -0.0219876 1.5545651
v -0.0164184 -0.0219876 1.5545651
v -0.0164184 -0.0219876 1.5545651
v -0.0131021 -0.0251822 1.5607812
v -0.0131021 -0.0251822 1.5607812
v -0.0131021 -0.0251822 1.5607812
v -0.0219392 -0.0333487 1.5272447
v -0.0219392 -0.0333487 1.5272447
v -0.0287071 -0.0855565 1.4534653
v -0.0287071 -0.0855565 1.4534653
v -0.0287071 -0.0855565 1.4534653
v -0.0319586 -0.0989173 1.4129591
v -0.0319586 -0.0989173 1.4129591
v -0.0319586 -0.0989173 1.4129591
v -0.0302052 -0.1014847 1.3942164
v -0.0302052 -0.1014847 1.3942164
v -0.0267561 -0.0730319 1.4765481
v -0.0267561 -0.0730319 1.4765481
v -0.0267561 -0.0730319 1.4765481
v -0.0267561 -0.0730319 1.4765481
v -0.0250191 -0.0567694 1.4995844
v -0.0320518 -0.0951246 1.2002714
v -0.0321206 -0.0896446 1.0653700
v -0.0321206 -0.0896446 1.0653700
v -0.0355982 -0.0965935 1.0178223
v -0.0512598 -0.1172312 0.9130794
v -0.0512598 -0.1172312 0.9130794
v -0.0517646 -0.1215970 0.9181733
v -0.0517646 -0.1215970 0.9181733
v -0.0174879 -0.0287765 1.5362127
v -0.0231546 -0.0403627 1.5278507
v -0.0231546 -0.0403627 1.5278507
v -0.0240518 -0.0417843 1.5176363
v -0.0315568 -0.1036022 1.3498149
v -0.0338399 -0.0942504 1.1564535
v -0.0340352 -0.1017708 1.0766999
v -0.0340352 -0.1017708 1.0766999
v -0.0296279 -0.0955530 1.2532403
v -0.0296279 -0.0955530 1.2532403
v -0.0276873 -0.0991779 1.3889467
v -0.0276873 -0.0991779 1.3889467
v -0.0291904 -0.1039895 1.2477008
v -0.0291904 -0.1039895 1.2477008
v -0.0342893 -0.0978957 1.1142073
v -0.0320153 -0.0993679 1.3049695
v -0.1643437 -0.0314774 1.4195244
v -0.1447574 -0.0533255 1.4188068
v -0.1189049 -0.0722885 1.4219172
v -0.0889015 -0.0838619 1.4281498
v -0.1797511 -0.0128484 1.4264116
v -0.1797511 -0.0128484 1.4264116
v -0.0566341 -0.0889485 1.4388329
v -0.0566341 -0.0889485 1.4388329
v -0.0566341 -0.0889485 1.4388329
v -0.0108144 -0.0859604 1.4336807
v -0.0108144 -0.0859604 1.4336807
v -0.0174069 -0.0917077 1.4383312
v -0.0174069 -0.0917077 1.4383312
v -0.1814432 -0.0033241 1.4295371
v -0.1814432 -0.0033241 1.4295371
v -0.1539821 0.0098431 1.4354309
v -0.1539821 0.0098431 1.4354309
v -0.0303624 -0.0908327 1.4380084
v -0.0303624 -0.0908327 1.4380084
v -0.0303624 -0.0908327 1.4380084
v -0.0303624 -0.0908327 1.4380084
v -0.0131130 -0.0980125 1.0180101
v -0.0328666 -0.1190404 0.9231621
v -0.1528993 0.0915561 0.9636636
v -0.1661442 0.0489968 0.9576556
v -0.1511048 -0.0430134 0.9491329
v -0.1310688 -0.0663673 0.9445652
v -0.1646213 -0.0036805 0.9518054
v -0.1072172 0.1711296 0.9795801
v -0.1372432 0.1374522 0.9714330
v -0.0744051 0.1871842 0.9831557
v -0.1070878 -0.0860811 0.9389067
v -0.0871497 -0.1000296 0.9332846
v -0.0461912 0.1925843 0.9856770
v -0.0173975 0.1922821 0.9859517
v -0.0704748 -0.1074982 0.9279917
v -0.0363189 -0.1166329 0.9174745
v -0.0363189 -0.1166329 0.9174745
v -0.0499207 -0.1136051 0.9216151
v -0.0115309 -0.0952077 1.4073285
v -0.0115309 -0.0952077 1.4073285
v -0.0606878 -0.1001997 1.3949738
v -0.1232905 -0.0780232 1.3732071
v -0.1627780 -0.0215907 1.3737999
v -0.1803540 0.0016517 1.3987849
v -0.1803540 0.0016517 1.3987849
v -0.0954929 -0.0942673 1.3766317
v -0.1450986 -0.0549760 1.3713350
v -0.0171293 -0.0996502 1.4104835
v -0.0171293 -0.0996502 1.4104835
v -0.1815997 0.0084959 1.4055102
v -0.1815997 0.0084959 1.4055102
v -0.0317092 -0.1007325 1.4050533
v -0.1539820 0.0177589 1.4144572
v -0.1539820 0.0177589 1.4144572
v -0.1238830 -0.0629644 1.0029440
v -0.0476934 -0.1152692 0.9454979
v -0.1731745 0.0458690 0.9779066
v -0.1731745 0.0458690 0.9779066
v -0.1324263 -0.0707274 0.9646797
v -0.0213585 -0.1163289 0.9374608
v -0.0213585 -0.1163289 0.9374608
v -0.1427425 0.1309192 0.9923408
v -0.0781077 0.1834114 1.0046376
v -0.1086643 -0.0877379 0.9601328
v -0.0599859 -0.0969893 0.9963235
v -0.1712109 -0.0049163 0.9720209
v -0.0876537 -0.1012556 0.9553691
v -0.0185520 0.1876824 1.0055977
v -0.0481919 0.1885700 1.0056603
v -0.0345089 -0.1190102 0.9423941
v -0.1594719 0.0873227 0.9843503
v -0.0745633 0.1546727 1.0400087
v -0.1549325 -0.0460899 0.9684875
v -0.1128674 0.1667620 1.0007530
v -0.0273703 -0.1129487 0.9496568
v -0.1376029 0.0564039 1.0664990
v -0.1629449 0.0372460 1.0141282
v -0.1629449 0.0372460 1.0141282
v -0.1324072 0.1093759 1.0285194
v -0.0687388 -0.1085395 0.9506359
v -0.0251040 -0.1194279 0.9422098
v -0.0251040 -0.1194279 0.9422098
v -0.0470507 0.1733786 1.0232712
v -0.0395219 -0.1026703 0.9938931
v -0.0226044 -0.1077351 0.9725752
v -0.0435527 -0.1088635 0.9697641
v -0.1680269 0.0415259 0.9960632
v -0.1680269 0.0415259 0.9960632
v -0.1375670 0.1202009 1.0104162
v -0.1280847 -0.0667843 0.9839194
v -0.0762822 0.1691244 1.0223551
v -0.0270878 -0.1057113 0.9925105
v -0.0642762 -0.1026750 0.9735746
v -0.0307749 -0.1122626 0.9674954
v -0.1446083 -0.0411086 1.0053148
v -0.0178616 -0.1026772 0.9954113
v -0.1497099 -0.0435496 0.9869896
v -0.1545056 0.0804437 1.0026042
v -0.0121246 -0.1037032 0.9908838
v -0.0121246 -0.1037032 0.9908838
v -0.0183661 0.1729981 1.0233285
v -0.0167454 -0.1099486 0.9642197
v -0.0167454 -0.1099486 0.9642197
v -0.0150101 -0.1066951 0.9926303
v -0.0150101 -0.1066951 0.9926303
v -0.0833597 -0.0957591 0.9770960
v -0.0200350 -0.1136723 0.9673386
v -0.0200350 -0.1136723 0.9673386
v -0.1091881 0.1533723 1.0185668
v -0.1055883 0.1398410 1.0362992
v -0.0460280 0.1580059 1.0407995
v -0.0181951 0.1582509 1.0409937
v -0.0792395 -0.0903065 0.9984740
v -0.1657499 -0.0056729 0.9903494
v -0.1603820 -0.0064252 1.0085249
v -0.1495807 0.0736116 1.0208302
v -0.1044669 -0.0828739 0.9805400
v -0.1004273 -0.0781133 1.0006740
v -0.1489106 -0.0099127 1.0572507
v -0.0975886 0.1117005 1.0765367
v -0.0697165 0.1236092 1.0777270
v -0.0178017 0.1255184 1.0764837
v -0.0436555 0.1262956 1.0774815
v -0.1502664 0.0257979 1.0617707
v -0.1502664 0.0257979 1.0617707
v -0.0052767 -0.0980026 1.0401932
v -0.0052767 -0.0980026 1.0401932
v -0.1199492 0.0866056 1.0716863
v -0.1354714 -0.0378097 1.0539999
v -0.1180395 -0.0569120 1.0512242
v -0.0544641 -0.0879252 1.0433782
v -0.0963042 -0.0707915 1.0479974
v -0.0065803 -0.0933863 1.0446743
v -0.0753206 -0.0817958 1.0452158
v -0.0219789 -0.0959785 1.0405847
v -0.0037034 -0.0946003 1.0378138
v -0.0037034 -0.0946003 1.0378138
v -0.0338894 -0.0932507 1.0415945
v 0.0558562 -0.0864587 1.4562458
v 0.0558562 -0.0864587 1.4562458
v 0.0558562 -0.0864587 1.4562458
v 0.0558562 -0.0864587 1.4562458
v 0.0278871 -0.0780878 1.4795030
v 0.0278871 -0.0780878 1.4795030
v 0.0278871 -0.0780878 1.4795030
v 0.0278871 -0.0780878 1.4795030
v 0.0540883 -0.0748119 1.4798491
v 0.0540883 -0.0748119 1.4798491
v 0.0540883 -0.0748119 1.4798491
v 0.0540883 -0.0748119 1.4798491
v 0.0296551 -0.0897345 1.4558998
v 0.0296551 -0.0897345 1.4558998
v 0.0296551 -0.0897345 1.4558998
v 0.0296551 -0.0897345 1.4558998
v 0.0431244 -0.0928542 1.4731895
v 0.0431244 -0.0928542 1.4731895
v 0.0431244 -0.0928542 1.4731895
v 0.0431244 -0.0928542 1.4731895
v 0.0293924 -0.0878170 1.4576887
v 0.0293924 -0.0878170 1.4576887
v 0.0293924 -0.0878170 1.4576887
v 0.0279861 -0.0786526 1.4773716
v 0.0279861 -0.0786526 1.4773716
v 0.0279861 -0.0786526 1.4773716
v 0.0290021 -0.0845155 1.4561619
v 0.0290021 -0.0845155 1.4561619
v 0.0290021 -0.0845155 1.4561619
v 0.0290021 -0.0845155 1.4561619
v 0.0276034 -0.0754151 1.4758742
v 0.0276034 -0.0754151 1.4758742
v 0.0276034 -0.0754151 1.4758742
v 0.0587971 -0.0999989 1.4151124
v 0.0587971 -0.0999989 1.4151124
v 0.0587971 -0.0999989 1.4151124
v 0.0587971 -0.0999989 1.4151124
v 0.0309411 -0.0948986 1.4394286
v 0.0309411 -0.0948986 1.4394286
v 0.0309411 -0.0948986 1.4394286
v 0.0309411 -0.0948986 1.4394286
v 0.0570972 -0.0913026 1.4399594
v 0.0570972 -0.0913026 1.4399594
v 0.0570972 -0.0913026 1.4399594
v 0.0570972 -0.0913026 1.4399594
v 0.0326411 -0.1035949 1.4145818
v 0.0326411 -0.1035949 1.4145818
v 0.0326411 -0.1035949 1.4145818
v 0.0326411 -0.1035949 1.4145818
v 0.0463175 -0.1085726 1.4312630
v 0.0463175 -0.1085726 1.4312630
v 0.0463175 -0.1085726 1.4312630
v 0.0463175 -0.1085726 1.4312630
v 0.0324669 -0.1025153 1.4158691
v 0.0324669 -0.1025153 1.4158691
v 0.0324669 -0.1025153 1.4158691
v 0.0310274 -0.0952015 1.4372438
v 0.0310274 -0.0952015 1.4372438
v 0.0310274 -0.0952015 1.4372438
v 0.0319921 -0.0989133 1.4149846
v 0.0319921 -0.0989133 1.4149846
v 0.0319921 -0.0989133 1.4149846
v 0.0319921 -0.0989133 1.4149846
v 0.0305861 -0.0918134 1.4361502
v 0.0305861 -0.0918134 1.4361502
v 0.0305861 -0.0918134 1.4361502
v -0.0558562 -0.0864587 1.4562459
v -0.0558562 -0.0864587 1.4562459
v -0.0558562 -0.0864587 1.4562459
v -0.0558562 -0.0864587 1.4562459
v -0.0278871 -0.0780878 1.4795032
v -0.0278871 -0.0780878 1.4795032
v -0.0278871 -0.0780878 1.4795032
v -0.0278871 -0.0780878 1.4795032
v -0.0540883 -0.0748119 1.4798492
v -0.0540883 -0.0748119 1.4798492
v -0.0540883 -0.0748119 1.4798492
v -0.0540883 -0.0748119 1.4798492
v -0.0296551 -0.0897345 1.4559000
v -0.0296551 -0.0897345 1.4559000
v -0.0296551 -0.0897345 1.4559000
v -0.0296551 -0.0897345 1.4559000
v -0.0431244 -0.0928542 1.4731896
v -0.0431244 -0.0928542 1.4731896
v -0.0431244 -0.0928542 1.4731896
v -0.0431244 -0.0928542 1.4731896
v -0.0293924 -0.0878170 1.4576888
v -0.0293924 -0.0878170 1.4576888
v -0.0293924 -0.0878170 1.4576888
v -0.0279861 -0.0786526 1.4773717
v -0.0279861 -0.0786526 1.4773717
v -0.0279861 -0.0786526 1.4773717
v -0.0290901 -0.0852602 1.4565063
v -0.0290901 -0.0852602 1.4565063
v -0.0290901 -0.0852602 1.4565063
v -0.0276034 -0.0754151 1.4758743
v -0.0276034 -0.0754151 1.4758743
v -0.0276034 -0.0754151 1.4758743
v -0.0276034 -0.0754151 1.4758743
v -0.0587971 -0.0999989 1.4151124
v -0.0587971 -0.0999989 1.4151124
v -0.0587971 -0.0999989 1.4151124
v -0.0587971 -0.0999989 1.4151124
v -0.0309411 -0.0948986 1.4394286
v -0.0309411 -0.0948986 1.4394286
v -0.0309411 -0.0948986 1.4394286
v -0.0309411 -0.0948986 1.4394286
v -0.0570972 -0.0913026 1.4399594
v -0.0570972 -0.0913026 1.4399594
v -0.0570972 -0.0913026 1.4399594
v -0.0570972 -0.0913026 1.4399594
v -0.0326411 -0.1035949 1.4145818
v -0.0326411 -0.1035949 1.4145818
v -0.0326411 -0.1035949 1.4145818
v -0.0326411 -0.1035949 1.4145818
v -0.0463175 -0.1085725 1.4312630
v -0.0463175 -0.1085725 1.4312630
v -0.0463175 -0.1085725 1.4312630
v -0.0463175 -0.1085725 1.4312630
v -0.0323784 -0.1018909 1.4160200
v -0.0323784 -0.1018909 1.4160200
v -0.0323784 -0.1018909 1.4160200
v -0.0310274 -0.0952015 1.4372438
v -0.0310274 -0.0952015 1.4372438
v -0.0310274 -0.0952015 1.4372438
v -0.0319341 -0.0984802 1.4149191
v -0.0319341 -0.0984802 1.4149191
v -0.0319341 -0.0984802 1.4149191
v -0.0305861 -0.0918134 1.4361502
v -0.0305861 -0.0918134 1.4361502
v -0.0305861 -0.0918134 1.4361502
v -0.0305861 -0.0918134 1.4361502
v 0.0257136 -0.0885625 1.4576696
v 0.0257136 -0.0885625 1.4576696
v 0.0241714 -0.0795277 1.4773240
v 0.0241714 -0.0795277 1.4773240
v 0.0236272 -0.0763395 1.4758157
v 0.0236272 -0.0763395 1.4758157
v 0.0251694 -0.0853743 1.4561614
v 0.0251694 -0.0853743 1.4561614
v 0.0176447 -0.0896435 1.4576939
v 0.0176447 -0.0896435 1.4576939
v 0.0167277 -0.0804470 1.4773123
v 0.0167277 -0.0804470 1.4773123
v 0.0164073 -0.0772345 1.4757915
v 0.0164073 -0.0772345 1.4757915
v 0.0173243 -0.0864311 1.4561731
v 0.0173243 -0.0864311 1.4561731
v 0.0088887 -0.0902957 1.4577184
v 0.0088887 -0.0902957 1.4577184
v 0.0084576 -0.0809870 1.4773005
v 0.0084576 -0.0809870 1.4773005
v 0.0083086 -0.0777680 1.4757671
v 0.0083086 -0.0777680 1.4757671
v 0.0087396 -0.0870768 1.4561850
v 0.0087396 -0.0870768 1.4561850
v -0.0002524 -0.0905353 1.4577429
v -0.0002524 -0.0905353 1.4577429
v -0.0002532 -0.0811401 1.4772886
v -0.0002532 -0.0811401 1.4772886
v -0.0002534 -0.0779237 1.4757426
v -0.0002534 -0.0779237 1.4757426
v -0.0002526 -0.0873189 1.4561969
v -0.0002526 -0.0873189 1.4561969
v -0.0094576 -0.0903662 1.4577677
v -0.0094576 -0.0903662 1.4577677
v -0.0090278 -0.0809045 1.4772764
v -0.0090278 -0.0809045 1.4772764
v -0.0088821 -0.0776975 1.4757178
v -0.0088821 -0.0776975 1.4757178
v -0.0093119 -0.0871592 1.4562091
v -0.0093119 -0.0871592 1.4562091
v -0.0184044 -0.0897856 1.4577925
v -0.0184044 -0.0897856 1.4577925
v -0.0174894 -0.0802819 1.4772642
v -0.0174894 -0.0802819 1.4772642
v -0.0171824 -0.0770925 1.4756930
v -0.0171824 -0.0770925 1.4756930
v -0.0180973 -0.0865961 1.4562213
v -0.0180973 -0.0865961 1.4562213
v -0.0267846 -0.0887802 1.4578176
v -0.0267846 -0.0887802 1.4578176
v -0.0252538 -0.0792791 1.4772516
v -0.0252538 -0.0792791 1.4772516
v -0.0247451 -0.0761218 1.4756680
v -0.0247451 -0.0761218 1.4756680
v -0.0262759 -0.0856228 1.4562339
v -0.0262759 -0.0856228 1.4562339
v -0.0281031 -0.1026569 1.4158565
v -0.0281031 -0.1026569 1.4158565
v -0.0263795 -0.0960987 1.4367824
v -0.0263795 -0.0960987 1.4367824
v -0.0257713 -0.0926968 1.4358515
v -0.0257713 -0.0926968 1.4358515
v -0.0274948 -0.0992550 1.4149255
v -0.0274948 -0.0992550 1.4149255
v -0.0190852 -0.1037257 1.4156923
v -0.0190852 -0.1037257 1.4156923
v -0.0180604 -0.0970019 1.4366111
v -0.0180604 -0.0970019 1.4366111
v -0.0177024 -0.0935740 1.4356719
v -0.0177024 -0.0935740 1.4356719
v -0.0187272 -0.1002977 1.4147532
v -0.0187272 -0.1002977 1.4147532
v -0.0092996 -0.1043722 1.4156029
v -0.0092996 -0.1043722 1.4156029
v -0.0088178 -0.0975316 1.4365054
v -0.0088178 -0.0975316 1.4365054
v -0.0086512 -0.0940951 1.4355551
v -0.0086512 -0.0940951 1.4355551
v -0.0091330 -0.1009356 1.4146526
v -0.0091330 -0.1009356 1.4146526
v 0.0009164 -0.1046124 1.4155855
v 0.0009164 -0.1046124 1.4155855
v 0.0009173 -0.0976804 1.4364671
v 0.0009173 -0.0976804 1.4364671
v 0.0009176 -0.0942441 1.4355038
v 0.0009176 -0.0942441 1.4355038
v 0.0009167 -0.1011761 1.4146223
v 0.0009167 -0.1011761 1.4146223
v 0.0112041 -0.1044502 1.4156393
v 0.0112041 -0.1044502 1.4156393
v 0.0107237 -0.0974463 1.4364960
v 0.0107237 -0.0974463 1.4364960
v 0.0105609 -0.0940171 1.4355187
v 0.0105609 -0.0940171 1.4355187
v 0.0110413 -0.1010210 1.4146620
v 0.0110413 -0.1010210 1.4146620
v 0.0212030 -0.1038827 1.4157647
v 0.0212030 -0.1038827 1.4157647
v 0.0201805 -0.0968310 1.4365922
v 0.0201805 -0.0968310 1.4365922
v 0.0198373 -0.0934169 1.4355996
v 0.0198373 -0.0934169 1.4355996
v 0.0208599 -0.1004687 1.4147720
v 0.0208599 -0.1004687 1.4147720
v 0.0305687 -0.1028970 1.4159641
v 0.0305687 -0.1028970 1.4159641
v 0.0288578 -0.0958413 1.4367542
v 0.0288578 -0.0958413 1.4367542
v 0.0282893 -0.0924567 1.4357437
v 0.0282893 -0.0924567 1.4357437
v 0.0300001 -0.0995124 1.4149536
v 0.0300001 -0.0995124 1.4149536
v 0.0131021 -0.0251822 1.5607812
v 0.0131021 -0.0251822 1.5607812
v 0.0131021 -0.0251822 1.5607812
v 0.0130878 -0.0306098 1.5525634
v 0.0130878 -0.0306098 1.5525634
v 0.0112462 -0.0268602 1.5528283
v 0.0112462 -0.0268602 1.5528283
v 0.0131148 -0.0308358 1.5593402
v 0.0131148 -0.0308358 1.5593402
v 0.0104243 -0.0282815 1.5589430
v 0.0104243 -0.0282815 1.5589430
v 0.0082921 -0.0321574 1.5520627
v 0.0082921 -0.0321574 1.5520627
v 0.0082921 -0.0276789 1.5527223
v 0.0082921 -0.0276789 1.5527223
v 0.0082921 -0.0320641 1.5586761
v 0.0082921 -0.0320641 1.5586761
v 0.0082921 -0.0285343 1.5589381
v 0.0082921 -0.0285343 1.5589381
v -0.0000000 -0.0321574 1.5520627
v -0.0000000 -0.0321574 1.5520627
v -0.0000000 -0.0276789 1.5527223
v -0.0000000 -0.0276789 1.5527223
v -0.0000000 -0.0320641 1.5586761
v -0.0000000 -0.0320641 1.5586761
v -0.0000000 -0.0285343 1.5589381
v -0.0000000 -0.0285343 1.5589381
v -0.0126608 -0.0234893 1.5536712
v -0.0126608 -0.0234893 1.5536712
v -0.0126608 -0.0234893 1.5536712
v -0.0164980 -0.0236884 1.5611784
v -0.0164980 -0.0236884 1.5611784
v -0.0164980 -0.0236884 1.5611784
v -0.0130878 -0.0306098 1.5525634
v -0.0130878 -0.0306098 1.5525634
v -0.0112462 -0.0268602 1.5528283
v -0.0112462 -0.0268602 1.5528283
v -0.0131148 -0.0308358 1.5593402
v -0.0131148 -0.0308358 1.5593402
v -0.0104243 -0.0282815 1.5589430
v -0.0104243 -0.0282815 1.5589430
v -0.0082921 -0.0321574 1.5520627
v -0.0082921 -0.0321574 1.5520627
v -0.0082921 -0.0276789 1.5527223
v -0.0082921 -0.0276789 1.5527223
v -0.0082921 -0.0320641 1.5586761
v -0.0082921 -0.0320641 1.5586761
v -0.0082921 -0.0285343 1.5589381
v -0.0082921 -0.0285343 1.5589381
v 0.1052392 -0.0890036 1.3304366
v 0.1052392 -0.0890036 1.3304366
v 0.0891986 -0.0954355 1.3521150
v 0.0891986 -0.0954355 1.3521150
v 0.0870196 -0.0927494 1.3516176
v 0.0870196 -0.0927494 1.3516176
v 0.1028864 -0.0860498 1.3298566
v 0.1028864 -0.0860498 1.3298566
v 0.0880876 -0.1003289 1.3290935
v 0.0880876 -0.1003289 1.3290935
v 0.0864933 -0.0972583 1.3521184
v 0.0864933 -0.0972583 1.3521184
v 0.0846547 -0.0939509 1.3515788
v 0.0846547 -0.0939509 1.3515788
v 0.0862492 -0.0970194 1.3285536
v 0.0862492 -0.0970194 1.3285536
v 0.0690689 -0.1092881 1.3290998
v 0.0690689 -0.1092881 1.3290998
v 0.0680166 -0.1062309 1.3521549
v 0.0680166 -0.1062309 1.3521549
v 0.0666790 -0.1027208 1.3516545
v 0.0666790 -0.1027208 1.3516545
v 0.0677318 -0.1057731 1.3285998
v 0.0677318 -0.1057731 1.3285998
v 0.0486242 -0.1164768 1.3291188
v 0.0486242 -0.1164768 1.3291188
v 0.0480159 -0.1135399 1.3522053
v 0.0480159 -0.1135399 1.3522053
v 0.0471509 -0.1098867 1.3517450
v 0.0471509 -0.1098867 1.3517450
v 0.0477594 -0.1128211 1.3286586
v 0.0477594 -0.1128211 1.3286586
v 0.0271645 -0.1213800 1.3291515
v 0.0271645 -0.1213800 1.3291515
v 0.0269117 -0.1186399 1.3522685
v 0.0269117 -0.1186399 1.3522685
v 0.0264887 -0.1148893 1.3518473
v 0.0264887 -0.1148893 1.3518473
v 0.0267416 -0.1176258 1.3287309
v 0.0267416 -0.1176258 1.3287309
v 0.0000827 -0.1233166 1.3291982
v 0.0000827 -0.1233166 1.3291982
v 0.0000396 -0.1208548 1.3523415
v 0.0000396 -0.1208548 1.3523415
v 0.0000391 -0.1170518 1.3519596
v 0.0000391 -0.1170518 1.3519596
v 0.0000818 -0.1195123 1.3288156
v 0.0000818 -0.1195123 1.3288156
v -0.1052212 -0.0887846 1.3304785
v -0.1052212 -0.0887846 1.3304785
v -0.0891563 -0.0953077 1.3521518
v -0.0891563 -0.0953077 1.3521518
v -0.0869200 -0.0925503 1.3516401
v -0.0869200 -0.0925503 1.3516401
v -0.1028733 -0.0858307 1.3298966
v -0.1028733 -0.0858307 1.3298966
v -0.0880300 -0.1000238 1.3291563
v -0.0880300 -0.1000238 1.3291563
v -0.0864485 -0.0971255 1.3521571
v -0.0864485 -0.0971255 1.3521571
v -0.0846113 -0.0938201 1.3516163
v -0.0846113 -0.0938201 1.3516163
v -0.0861958 -0.0967195 1.3286134
v -0.0861958 -0.0967195 1.3286134
v -0.0689757 -0.1089506 1.3291643
v -0.0689757 -0.1089506 1.3291643
v -0.0679618 -0.1060810 1.3521987
v -0.0679618 -0.1060810 1.3521987
v -0.0666248 -0.1025738 1.3516979
v -0.0666248 -0.1025738 1.3516979
v -0.0676413 -0.1054441 1.3286620
v -0.0676413 -0.1054441 1.3286620
v -0.0484975 -0.1161889 1.3291744
v -0.0484975 -0.1161889 1.3291744
v -0.0479504 -0.1134071 1.3522451
v -0.0479504 -0.1134071 1.3522451
v -0.0470861 -0.1097572 1.3517835
v -0.0470861 -0.1097572 1.3517835
v -0.0476338 -0.1125417 1.3287120
v -0.0476338 -0.1125417 1.3287120
v -0.0270142 -0.1212043 1.3291849
v -0.0270142 -0.1212043 1.3291849
v -0.0268370 -0.1185556 1.3522937
v -0.0268370 -0.1185556 1.3522937
v -0.0264149 -0.1148069 1.3518717
v -0.0264149 -0.1148069 1.3518717
v -0.0265923 -0.1174553 1.3287631
v -0.0265923 -0.1174553 1.3287631
v -0.0736824 -0.1026711 1.3552169
v -0.0736824 -0.1026711 1.3552169
v -0.0736824 -0.1026711 1.3288450
v -0.0736824 -0.1026711 1.3288450
v -0.0762608 -0.1083666 1.3288450
v -0.0762608 -0.1083666 1.3288450
v -0.0762608 -0.1083667 1.3552169
v -0.0762608 -0.1083667 1.3552169
v -0.0689775 -0.1047719 1.3552169
v -0.0689775 -0.1047719 1.3552169
v -0.0689775 -0.1047719 1.3288450
v -0.0689775 -0.1047719 1.3288450
v -0.0715239 -0.1104816 1.3288450
v -0.0715239 -0.1104816 1.3288450
v -0.0715239 -0.1104816 1.3552169
v -0.0715239 -0.1104816 1.3552169
v -0.0820495 -0.0988774 1.3521353
v -0.0820495 -0.0988774 1.3521353
v -0.0846279 -0.1045731 1.3521353
v -0.0846279 -0.1045731 1.3521353
v -0.0846280 -0.1045730 1.3319266
v -0.0846280 -0.1045730 1.3319266
v -0.0820495 -0.0988774 1.3319266
v -0.0820495 -0.0988774 1.3319266
v -0.0891212 -0.0956712 1.3442900
v -0.0891212 -0.0956712 1.3442900
v -0.0916997 -0.1013668 1.3442900
v -0.0916997 -0.1013668 1.3442900
v -0.0916997 -0.1013667 1.3397716
v -0.0916997 -0.1013667 1.3397716
v -0.0891212 -0.0956712 1.3397716
v -0.0891212 -0.0956712 1.3397716
v -0.0804444 -0.1064699 1.3543258
v -0.0804444 -0.1064699 1.3543258
v -0.0804444 -0.1064698 1.3297360
v -0.0804444 -0.1064698 1.3297360
v -0.0778659 -0.1007743 1.3543258
v -0.0778659 -0.1007743 1.3543258
v -0.0778659 -0.1007742 1.3297360
v -0.0778659 -0.1007742 1.3297360
v -0.0846280 -0.1045730 1.3420309
v -0.0820495 -0.0988775 1.3420309
v -0.0923363 -0.1010781 1.3420309
v -0.0923363 -0.1010781 1.3420309
v -0.0897579 -0.0953825 1.3420309
v -0.0897579 -0.0953825 1.3420309
v -0.0897579 -0.0953825 1.3420309
v -0.0778659 -0.1007743 1.3420309
v -0.0804444 -0.1064699 1.3420309
v -0.0762608 -0.1083667 1.3324488
v -0.0762608 -0.1083667 1.3516130
v -0.0804312 -0.1064758 1.3420309
v -0.0736824 -0.1026711 1.3516130
v -0.0736824 -0.1026711 1.3324488
v -0.0778528 -0.1007802 1.3420309
v -0.0715239 -0.1104816 1.3516130
v -0.0715239 -0.1104816 1.3516130
v -0.0715239 -0.1104816 1.3516130
v -0.0715239 -0.1104816 1.3324488
v -0.0715239 -0.1104816 1.3324488
v -0.0715239 -0.1104816 1.3324488
v -0.0689775 -0.1047719 1.3324488
v -0.0689775 -0.1047719 1.3324488
v -0.0689775 -0.1047719 1.3324488
v -0.0689775 -0.1047719 1.3516130
v -0.0689775 -0.1047719 1.3516130
v -0.0689775 -0.1047719 1.3516130
v -0.0688907 -0.1116540 1.3288450
v -0.0688907 -0.1116540 1.3288450
v -0.0688907 -0.1116540 1.3288450
v -0.0663443 -0.1059443 1.3288450
v -0.0663443 -0.1059443 1.3288450
v -0.0663443 -0.1059443 1.3288450
v -0.0663443 -0.1059443 1.3552169
v -0.0663443 -0.1059443 1.3552169
v -0.0663443 -0.1059443 1.3552169
v -0.0688907 -0.1116540 1.3552169
v -0.0688907 -0.1116540 1.3552169
v -0.0688907 -0.1116540 1.3552169
v -0.0683168 -0.1050661 1.3493028
v -0.0683168 -0.1050661 1.3493028
v -0.0683168 -0.1050661 1.3347591
v -0.0683168 -0.1050661 1.3347591
v -0.0731961 -0.1028880 1.3420309
v -0.0677759 -0.1053069 1.3466998
v -0.0677759 -0.1053069 1.3466998
v -0.0674916 -0.1054335 1.3436397
v -0.0674916 -0.1054335 1.3436397
v -0.0674916 -0.1054335 1.3404223
v -0.0674916 -0.1054335 1.3404223
v -0.0677759 -0.1053069 1.3373622
v -0.0677759 -0.1053069 1.3373622
v -0.0708632 -0.1107757 1.3347591
v -0.0708632 -0.1107757 1.3347591
v -0.0708632 -0.1107758 1.3493028
v -0.0708632 -0.1107758 1.3493028
v -0.0703223 -0.1110166 1.3373622
v -0.0703223 -0.1110166 1.3373622
v -0.0700380 -0.1111432 1.3404223
v -0.0700380 -0.1111432 1.3404223
v -0.0700380 -0.1111432 1.3436397
v -0.0700380 -0.1111432 1.3436397
v -0.0703223 -0.1110166 1.3466998
v -0.0703223 -0.1110166 1.3466998
v -0.0754711 -0.1068443 1.3560892
v -0.0754711 -0.1068443 1.3560892
v -0.0754711 -0.1068442 1.3279728
v -0.0754711 -0.1068442 1.3279728
v -0.0704302 -0.1090949 1.3279728
v -0.0704302 -0.1090949 1.3279728
v -0.0704302 -0.1090950 1.3560892
v -0.0704302 -0.1090950 1.3560892
v -0.0843917 -0.1027997 1.3528037
v -0.0843917 -0.1027997 1.3528037
v -0.0843917 -0.1027997 1.3312582
v -0.0843917 -0.1027997 1.3312582
v -0.0919312 -0.0993813 1.3444395
v -0.0919312 -0.0993813 1.3444395
v -0.0919312 -0.0993813 1.3396223
v -0.0919312 -0.0993813 1.3396223
v -0.0799314 -0.1048220 1.3289226
v -0.0799314 -0.1048220 1.3289226
v -0.0799314 -0.1048220 1.3551390
v -0.0799314 -0.1048220 1.3551390
v -0.0926100 -0.0990735 1.3420309
v -0.0926100 -0.0990735 1.3420309
v -0.0926100 -0.0990735 1.3420309
v -0.0694674 -0.1095424 1.3319000
v -0.0694674 -0.1095424 1.3319000
v -0.0694674 -0.1095424 1.3319000
v -0.0694674 -0.1095424 1.3319000
v -0.0694674 -0.1095424 1.3523319
v -0.0694674 -0.1095424 1.3523319
v -0.0694674 -0.1095424 1.3523319
v -0.0694674 -0.1095424 1.3523319
v -0.0666600 -0.1107924 1.3280575
v -0.0666600 -0.1107924 1.3280575
v -0.0666600 -0.1107924 1.3280575
v -0.0666600 -0.1107924 1.3280575
v -0.0666600 -0.1107924 1.3561740
v -0.0666600 -0.1107924 1.3561740
v -0.0666600 -0.1107924 1.3561740
v -0.0666600 -0.1107924 1.3561740
v -0.0687630 -0.1098560 1.3498688
v -0.0687630 -0.1098560 1.3498688
v -0.0681864 -0.1101128 1.3470935
v -0.0681864 -0.1101128 1.3470935
v -0.0678832 -0.1102478 1.3438311
v -0.0678832 -0.1102478 1.3438311
v -0.0678832 -0.1102478 1.3404007
v -0.0678832 -0.1102478 1.3404007
v -0.0681864 -0.1101128 1.3371382
v -0.0681864 -0.1101128 1.3371382
v -0.0687630 -0.1098560 1.3343629
v -0.0687630 -0.1098560 1.3343629
v -0.0875963 -0.0963626 1.3468701
v -0.0875963 -0.0963626 1.3468701
v -0.0847696 -0.0976442 1.3500994
v -0.0847696 -0.0976442 1.3500994
v -0.0901748 -0.1020581 1.3468701
v -0.0901748 -0.1020581 1.3468701
v -0.0873465 -0.1033405 1.3501005
v -0.0873465 -0.1033405 1.3501005
v -0.0873465 -0.1033404 1.3339612
v -0.0873465 -0.1033404 1.3339612
v -0.0901747 -0.1020581 1.3371918
v -0.0901747 -0.1020581 1.3371918
v -0.0847696 -0.0976442 1.3339624
v -0.0847696 -0.0976442 1.3339624
v -0.0875963 -0.0963626 1.3371917
v -0.0875963 -0.0963626 1.3371917
v -0.0901993 -0.1020470 1.3420309
v -0.0873399 -0.1033435 1.3420309
v -0.0876209 -0.0963514 1.3420309
v -0.0847629 -0.0976472 1.3420309
v -0.0874045 -0.1014337 1.3505486
v -0.0874045 -0.1014337 1.3505486
v -0.0902200 -0.1001571 1.3473347
v -0.0902200 -0.1001571 1.3473347
v -0.0902200 -0.1001571 1.3367271
v -0.0902200 -0.1001571 1.3367271
v -0.0874045 -0.1014337 1.3335131
v -0.0874045 -0.1014337 1.3335131
v -0.0297738 -0.1229885 1.3289100
v -0.0297738 -0.1229885 1.3289100
v -0.0297738 -0.1229885 1.3289100
v -0.0310224 -0.1239492 1.3278461
v -0.0310224 -0.1239492 1.3278461
v -0.0310224 -0.1239492 1.3278461
v -0.0310224 -0.1239492 1.3278461
v -0.0297738 -0.1229885 1.3539143
v -0.0297738 -0.1229885 1.3539143
v -0.0297738 -0.1229885 1.3539143
v -0.0310224 -0.1239493 1.3549783
v -0.0310224 -0.1239493 1.3549783
v -0.0310224 -0.1239493 1.3549783
v -0.0310224 -0.1239493 1.3549783
v -0.0400698 -0.1213954 1.3289100
v -0.0400698 -0.1213954 1.3289100
v -0.0400698 -0.1213954 1.3289100
v -0.0391266 -0.1226963 1.3278461
v -0.0391266 -0.1226963 1.3278461
v -0.0391266 -0.1226963 1.3278461
v -0.0391266 -0.1226963 1.3278461
v -0.0400698 -0.1213954 1.3539143
v -0.0400698 -0.1213954 1.3539143
v -0.0400698 -0.1213954 1.3539143
v -0.0391266 -0.1226963 1.3549783
v -0.0391266 -0.1226963 1.3549783
v -0.0391266 -0.1226963 1.3549783
v -0.0391266 -0.1226963 1.3549783
v -0.0289053 -0.1147549 1.3289100
v -0.0289053 -0.1147549 1.3289100
v -0.0289053 -0.1147549 1.3289100
v -0.0299140 -0.1134424 1.3278461
v -0.0299140 -0.1134424 1.3278461
v -0.0299140 -0.1134424 1.3278461
v -0.0299140 -0.1134424 1.3278461
v -0.0387258 -0.1132144 1.3289100
v -0.0387258 -0.1132144 1.3289100
v -0.0387258 -0.1132144 1.3289100
v -0.0374130 -0.1122650 1.3278461
v -0.0374130 -0.1122650 1.3278461
v -0.0374130 -0.1122650 1.3278461
v -0.0374130 -0.1122650 1.3278461
v -0.0289053 -0.1147549 1.3539143
v -0.0289053 -0.1147549 1.3539143
v -0.0289053 -0.1147549 1.3539143
v -0.0299140 -0.1134424 1.3549783
v -0.0299140 -0.1134424 1.3549783
v -0.0299140 -0.1134424 1.3549783
v -0.0299140 -0.1134424 1.3549783
v -0.0387258 -0.1132144 1.3539143
v -0.0387258 -0.1132144 1.3539143
v -0.0387258 -0.1132144 1.3539143
v -0.0374130 -0.1122651 1.3549783
v -0.0374130 -0.1122651 1.3549783
v -0.0374130 -0.1122651 1.3549783
v -0.0374130 -0.1122651 1.3549783
v -0.0387258 -0.1132144 1.3343118
v -0.0387258 -0.1132144 1.3343118
v -0.0387258 -0.1132144 1.3485123
v -0.0387258 -0.1132144 1.3485123
v -0.0387258 -0.1132144 1.3414121
v -0.0387258 -0.1132144 1.3414121
v -0.0374129 -0.1122651 1.3485126
v -0.0374129 -0.1122651 1.3485126
v -0.0374130 -0.1122650 1.3343116
v -0.0374130 -0.1122650 1.3343116
v -0.0374130 -0.1122650 1.3414121
v -0.0374130 -0.1122650 1.3414121
v -0.0299140 -0.1134424 1.3343116
v -0.0299140 -0.1134424 1.3343116
v -0.0299140 -0.1134424 1.3485126
v -0.0299140 -0.1134424 1.3485126
v -0.0299140 -0.1134424 1.3414121
v -0.0299140 -0.1134424 1.3414121
v -0.0289053 -0.1147549 1.3485123
v -0.0289053 -0.1147549 1.3485123
v -0.0289053 -0.1147549 1.3343118
v -0.0289053 -0.1147549 1.3343118
v -0.0289053 -0.1147549 1.3414121
v -0.0289053 -0.1147549 1.3414121
v -0.0401277 -0.1217898 1.3485118
v -0.0401277 -0.1217898 1.3485118
v -0.0401277 -0.1217897 1.3343126
v -0.0401277 -0.1217897 1.3343126
v -0.0401592 -0.1220044 1.3414121
v -0.0401592 -0.1220044 1.3414121
v -0.0391905 -0.1231312 1.3343118
v -0.0391905 -0.1231312 1.3343118
v -0.0391905 -0.1231312 1.3485123
v -0.0391905 -0.1231312 1.3485123
v -0.0392196 -0.1233290 1.3414121
v -0.0392196 -0.1233290 1.3414121
v -0.0310862 -0.1243842 1.3485123
v -0.0310862 -0.1243842 1.3485123
v -0.0310863 -0.1243842 1.3343118
v -0.0310863 -0.1243842 1.3343118
v -0.0311153 -0.1245820 1.3414121
v -0.0311153 -0.1245820 1.3414121
v -0.0298318 -0.1233828 1.3343126
v -0.0298318 -0.1233828 1.3343126
v -0.0298318 -0.1233828 1.3485118
v -0.0298318 -0.1233828 1.3485118
v -0.0298633 -0.1235975 1.3414121
v -0.0298633 -0.1235975 1.3414121
v 0.0123770 -0.1173208 1.3526688
v 0.0123770 -0.1173208 1.3526688
v 0.0123769 -0.1173208 1.3292285
v 0.0123769 -0.1173208 1.3292285
v 0.0129021 -0.1218868 1.3292285
v 0.0129021 -0.1218868 1.3292285
v 0.0129021 -0.1218868 1.3526688
v 0.0129021 -0.1218868 1.3526688
v 0.0006103 -0.1186459 1.3526688
v 0.0006103 -0.1186459 1.3526688
v 0.0006103 -0.1186459 1.3292285
v 0.0006103 -0.1186459 1.3292285
v 0.0010339 -0.1232224 1.3292285
v 0.0010339 -0.1232224 1.3292285
v 0.0010340 -0.1232224 1.3526688
v 0.0010340 -0.1232224 1.3526688
v -0.0092765 -0.1193663 1.3526688
v -0.0092765 -0.1193663 1.3526688
v -0.0092765 -0.1193663 1.3292285
v -0.0092765 -0.1193663 1.3292285
v -0.0091313 -0.1239601 1.3292285
v -0.0091313 -0.1239601 1.3292285
v -0.0091313 -0.1239601 1.3526688
v -0.0091313 -0.1239601 1.3526688
v -0.0182820 -0.1192845 1.3526688
v -0.0182820 -0.1192845 1.3526688
v -0.0182820 -0.1192845 1.3292285
v -0.0182820 -0.1192845 1.3292285
v -0.0185733 -0.1238714 1.3292285
v -0.0185733 -0.1238714 1.3292285
v -0.0185733 -0.1238714 1.3526688
v -0.0185733 -0.1238714 1.3526688
v -0.0275804 -0.1181822 1.3526688
v -0.0275804 -0.1181822 1.3526688
v -0.0275804 -0.1181822 1.3292285
v -0.0275804 -0.1181822 1.3292285
v -0.0282081 -0.1227352 1.3292285
v -0.0282081 -0.1227352 1.3292285
v -0.0282081 -0.1227352 1.3526688
v -0.0282081 -0.1227352 1.3526688
v -0.0394605 -0.1161946 1.3526688
v -0.0394605 -0.1161946 1.3526688
v -0.0394605 -0.1161946 1.3292285
v -0.0394605 -0.1161946 1.3292285
v -0.0402999 -0.1207058 1.3292285
v -0.0402999 -0.1207058 1.3292285
v -0.0402998 -0.1207058 1.3526688
v -0.0402998 -0.1207058 1.3526688
v -0.0498931 -0.1131114 1.3526688
v -0.0498931 -0.1131114 1.3526688
v -0.0498931 -0.1131114 1.3292285
v -0.0498931 -0.1131114 1.3292285
v -0.0513839 -0.1174590 1.3292285
v -0.0513839 -0.1174590 1.3292285
v -0.0513839 -0.1174590 1.3526688
v -0.0513839 -0.1174590 1.3526688
v -0.0589655 -0.1094588 1.3526688
v -0.0589655 -0.1094588 1.3526688
v -0.0589655 -0.1094588 1.3292285
v -0.0589655 -0.1094588 1.3292285
v -0.0607601 -0.1136901 1.3292285
v -0.0607601 -0.1136901 1.3292285
v -0.0607601 -0.1136901 1.3526688
v -0.0607601 -0.1136901 1.3526688
v -0.0699272 -0.1045642 1.3526688
v -0.0699272 -0.1045642 1.3526688
v -0.0699272 -0.1045642 1.3526688
v -0.0699272 -0.1045642 1.3292285
v -0.0699272 -0.1045642 1.3292285
v -0.0699272 -0.1045642 1.3292285
v -0.0717966 -0.1087626 1.3292285
v -0.0717966 -0.1087626 1.3292285
v -0.0717966 -0.1087626 1.3292285
v -0.0717966 -0.1087627 1.3526688
v -0.0717966 -0.1087627 1.3526688
v -0.0717966 -0.1087627 1.3526688
v 0.0094092 -0.1228862 1.3272489
v 0.0094092 -0.1228862 1.3272489
v 0.0094092 -0.1228862 1.3272489
v 0.0094092 -0.1228862 1.3272489
v 0.0094092 -0.1228862 1.3546957
v 0.0094092 -0.1228862 1.3546957
v 0.0094092 -0.1228862 1.3546957
v 0.0094092 -0.1228862 1.3546957
v -0.0185230 -0.1150659 1.3544518
v -0.0185230 -0.1150659 1.3544518
v -0.0185230 -0.1150659 1.3544518
v -0.0185230 -0.1150659 1.3544518
v -0.0185230 -0.1150659 1.3274931
v -0.0185230 -0.1150659 1.3274931
v -0.0185230 -0.1150659 1.3274931
v -0.0185230 -0.1150659 1.3274931
v 0.0214926 -0.1201694 1.3639581
v 0.0214926 -0.1201694 1.3639581
v 0.0214926 -0.1201694 1.3639581
v 0.0214926 -0.1201694 1.3639581
v -0.0249713 -0.1069817 1.3628176
v -0.0249713 -0.1069817 1.3628176
v -0.0249713 -0.1069817 1.3628176
v -0.0249713 -0.1069817 1.3628176
v -0.0249714 -0.1069817 1.3191273
v -0.0249714 -0.1069817 1.3191273
v -0.0249714 -0.1069817 1.3191273
v -0.0249714 -0.1069817 1.3191273
v 0.0214926 -0.1201695 1.3179867
v 0.0214926 -0.1201695 1.3179867
v 0.0214926 -0.1201695 1.3179867
v 0.0214926 -0.1201695 1.3179867
v 0.0110577 -0.1169663 1.3546957
v 0.0110577 -0.1169663 1.3546957
v 0.0110577 -0.1169663 1.3546957
v 0.0110577 -0.1169663 1.3546957
v -0.0167733 -0.1091709 1.3544518
v -0.0167733 -0.1091709 1.3544518
v -0.0167733 -0.1091709 1.3544518
v -0.0167733 -0.1091709 1.3544518
v -0.0167733 -0.1091709 1.3274931
v -0.0167733 -0.1091709 1.3274931
v -0.0167733 -0.1091709 1.3274931
v -0.0167733 -0.1091709 1.3274931
v 0.0110577 -0.1169663 1.3272489
v 0.0110577 -0.1169663 1.3272489
v 0.0110577 -0.1169663 1.3272489
v 0.0110577 -0.1169663 1.3272489
v 0.0179984 -0.1258452 1.3639581
v 0.0179984 -0.1258452 1.3639581
v 0.0179984 -0.1258452 1.3639581
v 0.0179984 -0.1258452 1.3639581
v 0.0152343 -0.1263291 1.3605518
v 0.0152343 -0.1263291 1.3605518
v 0.0152343 -0.1263291 1.3605518
v 0.0152343 -0.1263291 1.3605518
v -0.0247421 -0.1140294 1.3600149
v -0.0247421 -0.1140294 1.3600149
v -0.0247421 -0.1140294 1.3600149
v -0.0247421 -0.1140294 1.3600149
v -0.0262687 -0.1117993 1.3628176
v -0.0262687 -0.1117993 1.3628176
v -0.0262687 -0.1117993 1.3628176
v -0.0262687 -0.1117993 1.3628176
v 0.0152342 -0.1263291 1.3213930
v 0.0152342 -0.1263291 1.3213930
v 0.0152342 -0.1263291 1.3213930
v 0.0152342 -0.1263291 1.3213930
v 0.0179984 -0.1258452 1.3179867
v 0.0179984 -0.1258452 1.3179867
v 0.0179984 -0.1258452 1.3179867
v 0.0179984 -0.1258452 1.3179867
v -0.0262687 -0.1117993 1.3191273
v -0.0262687 -0.1117993 1.3191273
v -0.0262687 -0.1117993 1.3191273
v -0.0262687 -0.1117993 1.3191273
v -0.0247421 -0.1140294 1.3219301
v -0.0247421 -0.1140294 1.3219301
v -0.0247421 -0.1140294 1.3219301
v -0.0247421 -0.1140294 1.3219301
v -0.0028140 -0.1121282 1.3366649
v -0.0028140 -0.1121282 1.3366649
v -0.0028140 -0.1121282 1.3425128
v -0.0028140 -0.1121282 1.3425128
v -0.0078027 -0.1159996 1.3374994
v -0.0078027 -0.1159996 1.3374994
v -0.0087765 -0.1167552 1.3388741
v -0.0087765 -0.1167552 1.3388741
v -0.0087765 -0.1167552 1.3403037
v -0.0087765 -0.1167552 1.3403037
v -0.0078027 -0.1159996 1.3416784
v -0.0078027 -0.1159996 1.3416784
v 0.0090827 -0.1295867 1.3357035
v 0.0090827 -0.1295867 1.3357035
v 0.0090827 -0.1295867 1.3357035
v 0.0090827 -0.1295867 1.3357035
v 0.0093798 -0.1306436 1.3368499
v 0.0093798 -0.1306436 1.3368499
v 0.0093798 -0.1306436 1.3368499
v 0.0093798 -0.1306436 1.3368499
v 0.0072533 -0.1296631 1.3370620
v 0.0072533 -0.1296631 1.3370620
v 0.0072533 -0.1296631 1.3370620
v 0.0072533 -0.1296631 1.3370620
v 0.0090827 -0.1295867 1.3434744
v 0.0090827 -0.1295867 1.3434744
v 0.0090827 -0.1295867 1.3434744
v 0.0090827 -0.1295867 1.3434744
v 0.0072533 -0.1296631 1.3421158
v 0.0072533 -0.1296631 1.3421158
v 0.0072533 -0.1296631 1.3421158
v 0.0072533 -0.1296631 1.3421158
v 0.0093798 -0.1306436 1.3423278
v 0.0093798 -0.1306436 1.3423278
v 0.0093798 -0.1306436 1.3423278
v 0.0093798 -0.1306436 1.3423278
v 0.0114258 -0.1310289 1.3366675
v 0.0114258 -0.1310289 1.3366675
v 0.0114258 -0.1310289 1.3366675
v 0.0116687 -0.1300827 1.3354305
v 0.0116687 -0.1300827 1.3354305
v 0.0116687 -0.1300827 1.3354305
v 0.0116687 -0.1300827 1.3354305
v 0.0114258 -0.1310289 1.3425102
v 0.0114258 -0.1310289 1.3425102
v 0.0114258 -0.1310289 1.3425102
v 0.0116687 -0.1300827 1.3437474
v 0.0116687 -0.1300827 1.3437474
v 0.0116687 -0.1300827 1.3437474
v 0.0116687 -0.1300827 1.3437474
usemtl MI_Ranger
f 42 25 65
f 42 65 67
f 126 156 153
f 126 153 123
f 80 39 26
f 80 26 77
f 56 38 25
f 56 25 42
f 67 65 37
f 67 37 54
f 110 112 58
f 110 58 57
f 128 122 21
f 128 21 76
f 566 550 27
f 566 27 7
f 568 552 3
f 568 3 6
f 570 554 4
f 570 4 5
f 118 100 26
f 118 26 81
f 572 557 30
f 572 30 8
f 75 40 32
f 75 32 72
f 127 124 31
f 127 31 71
f 54 37 68
f 54 68 70
f 153 156 44
f 153 44 15
f 929 170 83
f 929 83 933
f 169 162 16
f 169 16 59
f 48 22 38
f 48 38 56
f 120 104 28
f 120 28 82
f 167 163 17
f 152 122 128
f 152 128 158
f 71 31 40
f 71 40 75
f 574 570 5
f 574 5 161
f 76 21 39
f 76 39 80
f 157 127 123
f 157 123 153
f 154 124 127
f 154 127 157
f 52 50 23
f 52 23 36
f 152 159 129
f 152 129 122
f 884 57 64
f 884 64 885
f 216 61 608
f 216 608 610
f 886 168 60
f 886 60 887
f 57 58 63
f 57 63 64
f 168 169 59
f 168 59 60
f 126 123 22
f 126 22 48
f 12 218 611
f 12 611 599
f 22 71 75
f 22 75 38
f 550 568 6
f 550 6 27
f 38 75 72
f 38 72 25
f 31 76 80
f 31 80 40
f 123 127 71
f 123 71 22
f 40 80 77
f 40 77 32
f 72 32 106
f 72 106 138
f 104 118 81
f 104 81 28
f 576 561 1
f 576 1 160
f 930 931 140
f 930 140 88
f 585 583 223
f 585 223 219
f 24 82 99
f 24 99 94
f 28 81 98
f 28 98 95
f 26 39 97
f 26 97 91
f 162 35 96
f 162 96 171
f 82 28 95
f 82 95 99
f 124 128 76
f 124 76 31
f 35 24 94
f 35 94 96
f 39 21 93
f 39 93 97
f 81 26 91
f 81 91 98
f 158 128 124
f 158 124 154
f 102 120 82
f 102 82 24
f 32 77 116
f 32 116 106
f 21 122 129
f 21 129 93
f 58 24 35
f 58 35 63
f 554 572 8
f 554 8 4
f 77 26 100
f 77 100 116
f 25 72 138
f 25 138 130
f 23 68 136
f 23 136 142
f 37 65 134
f 37 134 132
f 68 37 132
f 68 132 136
f 65 25 130
f 65 130 134
f 79 158 154
f 79 154 34
f 167 52 36
f 167 36 163
f 552 564 9
f 552 9 3
f 59 16 175
f 59 175 172
f 11 90 159
f 11 159 152
f 34 154 157
f 34 157 74
f 74 157 153
f 74 153 15
f 11 152 158
f 11 158 79
f 16 162 171
f 16 171 92
f 928 933 83
f 928 83 150
f 548 559 2
f 548 2 213
f 885 64 168
f 885 168 886
f 564 576 160
f 564 160 9
f 59 172 147
f 59 147 60
f 195 95 98
f 195 98 185
f 558 196 186
f 558 186 567
f 175 16 92
f 175 92 176
f 930 88 87
f 930 87 934
f 887 890 150
f 887 150 83
f 888 110 57
f 888 57 884
f 51 164 413
f 51 413 417
f 46 155 316
f 46 316 476
f 49 51 417
f 49 417 419
f 53 69 428
f 53 428 403
f 587 594 62
f 587 62 217
f 881 661 471
f 881 471 877
f 47 55 395
f 47 395 393
f 125 47 393
f 125 393 317
f 41 66 401
f 41 401 421
f 155 125 317
f 155 317 316
f 69 49 419
f 69 419 428
f 897 587 217
f 897 217 894
f 63 35 162
f 63 162 169
f 559 574 161
f 559 161 2
f 92 171 201
f 92 201 199
f 129 159 207
f 129 207 209
f 93 129 209
f 93 209 187
f 94 99 197
f 94 197 191
f 159 90 204
f 159 204 207
f 91 97 189
f 91 189 183
f 171 96 193
f 171 193 201
f 99 95 195
f 99 195 197
f 96 94 191
f 96 191 193
f 97 93 187
f 97 187 189
f 98 91 183
f 98 183 185
f 176 92 199
f 176 199 211
f 112 102 24
f 112 24 58
f 19 145 545
f 19 545 410
f 66 53 403
f 66 403 401
f 55 41 421
f 55 421 395
f 64 63 169
f 64 169 168
f 221 579 214
f 221 214 547
f 596 585 219
f 596 219 13
f 936 589 178
f 936 178 927
f 9 160 248
f 9 248 241
f 161 5 233
f 161 233 250
f 5 4 231
f 5 231 233
f 6 3 229
f 6 229 235
f 2 161 250
f 2 250 227
f 4 8 239
f 4 239 231
f 160 1 226
f 160 226 248
f 27 6 235
f 27 235 243
f 8 30 246
f 8 246 239
f 7 27 243
f 7 243 237
f 29 7 237
f 29 237 245
f 3 9 241
f 3 241 229
f 497 283 2196
f 497 2196 841
f 236 230 261
f 236 261 267
f 244 236 267
f 244 267 275
f 230 242 273
f 230 273 261
f 238 244 275
f 238 275 269
f 251 234 265
f 251 265 281
f 234 232 263
f 234 263 265
f 249 225 256
f 249 256 279
f 232 240 271
f 232 271 263
f 242 249 279
f 242 279 273
f 240 247 277
f 240 277 271
f 228 251 281
f 228 281 259
f 247 238 269
f 247 269 277
f 1030 1027 504
f 1030 504 863
f 682 681 320
f 682 320 321
f 639 397 423
f 639 423 635
f 637 426 329
f 637 329 631
f 1001 308 309
f 1001 309 961
f 954 1004 334
f 954 334 307
f 643 319 391
f 643 391 641
f 664 340 425
f 664 425 666
f 872 878 84
f 872 84 603
f 957 958 311
f 957 311 314
f 1000 335 336
f 1000 336 968
f 655 399 406
f 655 406 657
f 1013 1014 308
f 1013 308 312
f 473 409 544
f 1006 337 338
f 1006 338 984
f 641 391 397
f 641 397 639
f 1012 366 369
f 1012 369 1011
f 965 371 373
f 965 373 1015
f 1011 369 376
f 1011 376 1019
f 1010 378 380
f 1010 380 1020
f 1020 380 382
f 1020 382 1021
f 1014 362 366
f 1014 366 1012
f 683 394 396
f 683 396 684
f 685 402 405
f 685 405 687
f 684 396 422
f 684 422 688
f 631 329 331
f 631 331 653
f 689 429 420
f 689 420 690
f 688 422 402
f 688 402 685
f 635 423 399
f 635 399 655
f 1019 376 371
f 1019 371 965
f 984 338 351
f 984 351 943
f 681 318 394
f 681 394 683
f 657 406 426
f 657 426 637
f 690 691 332
f 690 332 330
f 686 404 429
f 686 429 689
f 1016 374 378
f 1016 378 1010
f 1007 356 357
f 1007 357 966
f 439 348 361
f 439 361 360
f 670 388 387
f 670 387 672
f 372 355 342
f 372 342 377
f 375 346 353
f 375 353 370
f 367 350 344
f 367 344 368
f 370 353 355
f 370 355 372
f 368 344 346
f 368 346 375
f 377 342 326
f 377 326 379
f 379 326 328
f 379 328 381
f 361 348 350
f 361 350 367
f 961 309 335
f 961 335 1000
f 692 455 453
f 692 453 693
f 602 501 474
f 602 474 475
f 328 451 459
f 328 459 381
f 1021 1024 449
f 1021 449 351
f 385 458 463
f 385 463 386
f 643 645 322
f 643 322 319
f 458 456 457
f 458 457 463
f 967 358 337
f 967 337 1006
f 1024 460 462
f 1024 462 1026
f 968 336 356
f 968 356 1007
f 459 451 324
f 459 324 461
f 693 453 332
f 693 332 691
f 692 695 472
f 692 472 455
f 324 465 448
f 324 448 461
f 694 697 603
f 694 603 468
f 675 386 463
f 675 463 676
f 481 439 360
f 481 360 484
f 645 648 487
f 645 487 322
f 1023 1013 312
f 1023 312 493
f 696 682 321
f 696 321 486
f 981 504 445
f 981 445 993
f 601 467 442
f 601 442 503
f 1009 449 334
f 1009 334 1004
f 497 500 228
f 497 228 259
f 868 252 579
f 339 489 491
f 339 491 437
f 603 84 543
f 603 543 468
f 883 695 473
f 883 473 872
f 662 474 501
f 662 501 632
f 340 339 437
f 340 437 436
f 383 434 432
f 383 432 388
f 389 430 431
f 389 431 384
f 387 333 385
f 387 385 386
f 425 435 433
f 425 433 390
f 384 431 434
f 384 434 383
f 340 436 435
f 340 435 425
f 388 432 333
f 388 333 387
f 390 433 430
f 390 430 389
f 456 505 494
f 456 494 457
f 661 659 454
f 661 454 471
f 1018 444 535
f 1018 535 1029
f 302 298 518
f 302 518 522
f 300 287 508
f 300 508 520
f 287 290 510
f 287 510 508
f 310 302 522
f 310 522 528
f 290 296 516
f 290 516 510
f 294 304 524
f 294 524 514
f 292 294 514
f 292 514 512
f 304 306 526
f 304 526 524
f 296 292 512
f 296 512 516
f 364 313 530
f 364 530 181
f 298 300 520
f 298 520 518
f 499 213 2
f 499 2 227
f 313 310 528
f 313 528 530
f 306 496 541
f 306 541 526
f 607 507 538
f 607 538 604
f 1026 1022 307
f 1026 307 334
f 1027 1017 445
f 1027 445 504
f 70 68 23
f 70 23 50
f 594 596 13
f 594 13 62
f 200 202 575
f 200 575 560
f 29 556 566
f 29 566 7
f 210 208 577
f 210 577 565
f 212 200 560
f 212 560 549
f 188 210 565
f 188 565 553
f 192 198 573
f 192 573 555
f 208 206 563
f 208 563 577
f 184 190 569
f 184 569 551
f 202 194 571
f 202 571 575
f 198 196 558
f 198 558 573
f 194 192 555
f 194 555 571
f 190 188 553
f 190 553 569
f 186 184 551
f 186 551 567
f 934 87 170
f 934 170 929
f 870 845 222
f 870 222 582
f 672 387 386
f 672 386 675
f 873 860 501
f 873 501 602
f 947 953 303
f 947 303 293
f 875 601 503
f 875 503 862
f 867 607 604
f 867 604 864
f 859 871 584
f 859 584 595
f 871 869 581
f 871 581 584
f 844 868 579
f 844 579 221
f 856 593 586
f 856 586 846
f 663 633 597
f 663 597 469
f 855 591 85
f 855 85 879
f 940 850 588
f 940 588 935
f 902 846 586
f 902 586 896
f 859 595 593
f 859 593 856
f 893 216 610
f 893 610 895
f 218 220 546
f 218 546 611
f 926 177 609
f 926 609 937
f 61 12 599
f 61 599 608
f 103 115 622
f 103 622 615
f 109 117 619
f 117 101 613
f 117 613 625
f 105 121 629
f 105 629 617
f 101 119 627
f 101 627 613
f 121 103 615
f 121 615 629
f 119 105 617
f 119 617 627
f 973 863 504
f 973 504 981
f 994 446 537
f 994 537 989
f 331 452 647
f 331 647 653
f 452 454 659
f 452 659 647
f 640 435 436
f 640 436 642
f 630 333 432
f 630 432 636
f 494 677 679
f 494 679 457
f 873 602 680
f 873 680 882
f 602 475 678
f 602 678 680
f 339 665 667
f 339 667 489
f 457 679 676
f 457 676 463
f 383 388 670
f 383 670 669
f 389 384 671
f 389 671 673
f 390 674 666
f 390 666 425
f 384 383 669
f 384 669 671
f 389 673 674
f 389 674 390
f 339 340 664
f 339 664 665
f 876 472 695
f 876 695 883
f 478 315 682
f 478 682 696
f 470 598 697
f 470 697 694
f 409 473 695
f 409 695 692
f 415 693 691
f 415 691 418
f 409 692 693
f 409 693 415
f 407 686 689
f 407 689 427
f 420 418 691
f 420 691 690
f 320 681 683
f 320 683 392
f 424 688 685
f 424 685 400
f 427 689 690
f 427 690 330
f 398 684 688
f 398 688 424
f 400 685 687
f 400 687 408
f 392 683 684
f 392 684 398
f 315 318 681
f 315 681 682
f 619 117 625
f 139 108 700
f 139 700 715
f 889 141 717
f 889 717 899
f 612 626 736
f 612 736 721
f 620 113 704
f 620 704 730
f 624 612 721
f 624 721 734
f 107 618 727
f 107 727 699
f 616 628 738
f 616 738 725
f 133 135 711
f 133 711 709
f 114 111 702
f 114 702 705
f 618 623 733
f 618 733 727
f 135 131 707
f 135 707 711
f 137 133 709
f 137 709 713
f 932 143 719
f 932 719 939
f 143 137 713
f 143 713 719
f 626 616 725
f 626 725 736
f 628 614 723
f 628 723 738
f 614 621 731
f 614 731 723
f 131 139 715
f 131 715 707
f 735 724 763
f 735 763 772
f 706 714 753
f 706 753 745
f 737 722 761
f 737 761 774
f 938 718 757
f 938 757 941
f 710 706 745
f 710 745 749
f 722 729 767
f 722 767 761
f 703 701 741
f 703 741 743
f 714 698 739
f 714 739 753
f 728 703 743
f 728 743 768
f 720 735 772
f 720 772 759
f 712 708 747
f 712 747 751
f 698 726 765
f 698 765 739
f 732 720 759
f 732 759 770
f 898 716 755
f 898 755 900
f 724 737 774
f 724 774 763
f 708 710 749
f 708 749 747
f 726 732 770
f 726 770 765
f 718 712 751
f 718 751 757
f 750 746 754
f 754 740 766
f 766 771 760
f 760 773 764
f 764 775 762
f 762 769 744
f 742 901 756
f 762 744 742
f 760 764 762
f 754 766 760
f 748 750 754
f 758 752 748
f 756 942 758
f 762 742 756
f 754 760 762
f 758 748 754
f 762 756 758
f 754 762 758
f 270 276 800
f 270 800 794
f 282 266 790
f 282 790 806
f 280 257 782
f 280 782 804
f 266 264 788
f 266 788 790
f 215 578 813
f 215 813 777
f 274 280 804
f 274 804 798
f 264 272 796
f 264 796 788
f 260 282 806
f 260 806 784
f 272 278 802
f 272 802 796
f 580 254 779
f 580 779 815
f 284 498 811
f 284 811 808
f 278 270 794
f 278 794 802
f 254 285 810
f 254 810 779
f 268 262 786
f 268 786 792
f 276 268 792
f 276 792 800
f 498 260 784
f 498 784 811
f 262 274 798
f 262 798 786
f 812 785 820
f 812 820 833
f 801 793 824
f 801 824 828
f 787 799 827
f 787 827 821
f 814 778 817
f 814 817 834
f 795 801 828
f 795 828 825
f 807 791 823
f 807 823 831
f 805 781 819
f 805 819 830
f 791 789 822
f 791 822 823
f 799 805 830
f 799 830 827
f 789 797 826
f 789 826 822
f 785 807 831
f 785 831 820
f 797 803 829
f 797 829 826
f 809 812 833
f 809 833 832
f 803 795 825
f 803 825 829
f 778 809 832
f 778 832 817
f 793 787 821
f 793 821 824
f 776 814 834
f 776 834 816
f 500 497 841
f 500 841 836
f 283 253 839
f 283 839 2196
f 839 253 500
f 839 500 836
f 598 876 883
f 598 883 697
f 494 873 882
f 494 882 677
f 175 859 856
f 175 856 172
f 890 147 846
f 890 846 902
f 928 150 850
f 928 850 940
f 145 855 879
f 145 879 545
f 548 213 868
f 548 868 844
f 176 211 869
f 176 869 871
f 175 176 871
f 175 871 859
f 496 867 864
f 496 864 541
f 465 875 862
f 465 862 448
f 952 957 314
f 952 314 363
f 494 505 860
f 494 860 873
f 212 549 845
f 212 845 870
f 697 883 872
f 697 872 603
f 213 499 252
f 213 252 868
f 473 544 878
f 473 878 872
f 1022 1030 863
f 1022 863 307
f 633 881 877
f 633 877 597
f 701 898 900
f 701 900 741
f 111 889 899
f 111 899 702
f 177 893 895
f 177 895 609
f 850 902 896
f 850 896 588
f 589 897 894
f 589 894 178
f 140 888 884
f 140 884 88
f 60 147 890
f 60 890 887
f 87 885 886
f 87 886 170
f 170 886 887
f 170 887 83
f 88 884 885
f 88 885 87
f 954 307 863
f 954 863 973
f 988 536 907
f 988 907 985
f 1028 534 906
f 1028 906 1025
f 509 511 912
f 509 912 911
f 513 515 914
f 513 914 913
f 517 513 913
f 517 913 915
f 519 521 917
f 519 917 916
f 523 519 916
f 523 916 918
f 521 509 911
f 521 911 917
f 511 517 915
f 511 915 912
f 542 865 925
f 542 925 923
f 525 527 920
f 525 920 919
f 527 542 923
f 527 923 920
f 529 523 918
f 529 918 921
f 179 531 922
f 179 922 909
f 865 605 924
f 865 924 925
f 531 529 921
f 531 921 922
f 515 525 919
f 515 919 914
f 605 539 908
f 605 908 924
f 656 434 431
f 656 431 654
f 632 501 860
f 632 860 880
f 458 385 652
f 458 652 646
f 634 430 433
f 634 433 638
f 652 385 333
f 652 333 630
f 880 860 505
f 880 505 660
f 644 437 491
f 644 491 650
f 636 432 434
f 636 434 656
f 458 646 658
f 458 658 456
f 638 433 435
f 638 435 640
f 642 436 437
f 642 437 644
f 660 505 456
f 660 456 658
f 654 431 430
f 654 430 634
f 464 677 882
f 464 882 874
f 666 349 347
f 666 347 664
f 672 325 341
f 672 341 670
f 676 450 327
f 676 327 675
f 327 325 672
f 327 672 675
f 323 679 677
f 323 677 464
f 882 680 600
f 882 600 874
f 680 678 466
f 680 466 600
f 667 665 438
f 667 438 479
f 676 679 323
f 676 323 450
f 354 669 670
f 354 670 341
f 345 673 671
f 345 671 352
f 666 674 343
f 666 343 349
f 671 669 354
f 671 354 352
f 674 673 345
f 674 345 343
f 665 664 347
f 665 347 438
f 144 928 940
f 144 940 854
f 716 938 941
f 716 941 755
f 141 932 939
f 141 939 717
f 84 926 937
f 84 937 543
f 854 940 935
f 854 935 590
f 36 934 929
f 36 929 163
f 592 936 927
f 592 927 86
f 23 930 934
f 23 934 36
f 144 17 933
f 144 933 928
f 23 142 931
f 23 931 930
f 163 929 933
f 163 933 17
f 286 960 945
f 286 945 288
f 297 963 950
f 297 950 299
f 495 305 956
f 495 956 969
f 990 972 958
f 990 958 957
f 301 951 963
f 301 963 297
f 311 958 951
f 311 951 301
f 295 955 962
f 295 962 291
f 291 962 947
f 291 947 293
f 289 946 955
f 289 955 295
f 299 950 960
f 299 960 286
f 606 959 970
f 606 970 506
f 303 953 956
f 303 956 305
f 979 1008 953
f 979 953 947
f 866 944 959
f 866 959 606
f 507 971 949
f 507 949 540
f 1002 990 957
f 1002 957 952
f 495 969 944
f 495 944 866
f 539 948 964
f 539 964 908
f 536 1028 1025
f 536 1025 907
f 493 312 1003
f 493 1003 999
f 999 1003 990
f 999 990 1002
f 351 449 1009
f 351 1009 943
f 943 1009 1008
f 943 1008 979
f 312 308 1001
f 312 1001 1003
f 1003 1001 972
f 1003 972 990
f 948 991 974
f 948 974 964
f 991 988 985
f 991 985 974
f 969 982 975
f 969 975 944
f 982 954 973
f 982 973 975
f 971 997 992
f 971 992 949
f 997 994 989
f 997 989 992
f 944 975 983
f 944 983 959
f 975 973 981
f 975 981 983
f 953 1008 995
f 953 995 956
f 1008 1009 1004
f 1008 1004 995
f 959 983 996
f 959 996 970
f 983 981 993
f 983 993 996
f 950 978 987
f 950 987 960
f 978 968 1007
f 978 1007 987
f 946 977 1005
f 946 1005 955
f 977 967 1006
f 977 1006 1005
f 951 980 998
f 951 998 963
f 980 961 1000
f 980 1000 998
f 960 987 976
f 960 976 945
f 987 1007 966
f 987 966 976
f 962 986 979
f 962 979 947
f 986 984 943
f 986 943 979
f 955 1005 986
f 955 986 962
f 1005 1006 984
f 1005 984 986
f 963 998 978
f 963 978 950
f 998 1000 968
f 998 968 978
f 969 956 995
f 969 995 982
f 982 995 1004
f 982 1004 954
f 958 972 980
f 958 980 951
f 972 1001 961
f 972 961 980
f 447 861 1030
f 447 1030 1022
f 502 443 1017
f 502 1017 1027
f 462 447 1022
f 462 1022 1026
f 446 1018 1029
f 446 1029 537
f 483 359 1013
f 483 1013 1023
f 449 1024 1026
f 449 1026 334
f 382 460 1024
f 382 1024 1021
f 358 1016 1010
f 358 1010 337
f 336 1019 965
f 336 965 356
f 308 1014 1012
f 308 1012 309
f 338 1020 1021
f 338 1021 351
f 337 1010 1020
f 337 1020 338
f 335 1011 1019
f 335 1019 336
f 356 965 1015
f 356 1015 357
f 309 1012 1011
f 309 1011 335
f 359 362 1014
f 359 1014 1013
f 861 502 1027
f 861 1027 1030
f 1066 1087 1085
f 1066 1085 1051
f 1140 1137 1167
f 1140 1167 1170
f 1096 1095 1052
f 1096 1052 1063
f 1076 1066 1051
f 1076 1051 1062
f 1087 1074 1061
f 1087 1061 1085
f 1124 1077 1078
f 1124 1078 1127
f 1142 1094 1047
f 1142 1047 1136
f 1524 1036 1053
f 1524 1053 1511
f 1526 1035 1032
f 1526 1032 1513
f 1528 1034 1033
f 1528 1033 1515
f 1133 1097 1052
f 1133 1052 1115
f 1530 1037 1056
f 1530 1056 1518
f 1093 1092 1058
f 1093 1058 1064
f 1141 1091 1057
f 1141 1057 1138
f 1074 1090 1088
f 1074 1088 1061
f 1167 14 43
f 1167 43 1170
f 1855 1859 1099
f 1855 1099 1185
f 1184 1079 1041
f 1184 1041 1176
f 1068 1076 1062
f 1068 1062 1048
f 1135 1098 1054
f 1135 1054 1119
f 1182 1045 1177
f 1166 1172 1142
f 1166 1142 1136
f 1091 1093 1064
f 1091 1064 1057
f 1532 1175 1034
f 1532 1034 1528
f 1094 1096 1063
f 1094 1063 1047
f 1171 1167 1137
f 1171 1137 1141
f 1168 1171 1141
f 1168 1141 1138
f 1072 1060 1049
f 1072 1049 1070
f 1166 1136 1143
f 1166 1143 1173
f 1813 1814 1084
f 1813 1084 1077
f 1222 610 608
f 1222 608 1082
f 1815 1816 1080
f 1815 1080 1183
f 1077 1084 1083
f 1077 1083 1078
f 1183 1080 1079
f 1183 1079 1184
f 1140 1068 1048
f 1140 1048 1137
f 1040 599 611
f 1040 611 1224
f 1048 1062 1093
f 1048 1093 1091
f 1511 1053 1035
f 1511 1035 1526
f 1062 1051 1092
f 1062 1092 1093
f 1057 1064 1096
f 1057 1096 1094
f 1137 1048 1091
f 1137 1091 1141
f 1064 1058 1095
f 1064 1095 1096
f 1092 1152 1121
f 1092 1121 1058
f 1119 1054 1097
f 1119 1097 1133
f 1533 1174 1
f 1533 1 561
f 1856 1104 1154
f 1856 1154 1857
f 1541 1223 1226
f 1541 1226 1539
f 1050 1108 1113
f 1050 1113 1098
f 1054 1109 1112
f 1054 1112 1097
f 1052 1105 1111
f 1052 1111 1063
f 1176 1186 1110
f 1176 1110 1059
f 1098 1113 1109
f 1098 1109 1054
f 1138 1057 1094
f 1138 1094 1142
f 1059 1110 1108
f 1059 1108 1050
f 1063 1111 1107
f 1063 1107 1047
f 1097 1112 1105
f 1097 1105 1052
f 1172 1168 1138
f 1172 1138 1142
f 1117 1050 1098
f 1117 1098 1135
f 1058 1121 1131
f 1058 1131 1095
f 1047 1107 1143
f 1047 1143 1136
f 1078 1083 1059
f 1078 1059 1050
f 1515 1033 1037
f 1515 1037 1530
f 1095 1131 1115
f 1095 1115 1052
f 1051 1144 1152
f 1051 1152 1092
f 1049 1156 1150
f 1049 1150 1088
f 1061 1146 1148
f 1061 1148 1085
f 1088 1150 1146
f 1088 1146 1061
f 1085 1148 1144
f 1085 1144 1051
f 78 33 1168
f 78 1168 1172
f 1182 1177 1060
f 1182 1060 1072
f 1513 1032 1038
f 1513 1038 1522
f 1079 1188 1190
f 1079 1190 1041
f 10 1166 1173
f 10 1173 89
f 33 73 1171
f 33 1171 1168
f 73 14 1167
f 73 1167 1171
f 10 78 1172
f 10 1172 1166
f 1041 1106 1186
f 1041 1186 1176
f 1854 1164 1099
f 1854 1099 1859
f 1509 1220 1031
f 1509 1031 1520
f 1814 1815 1183
f 1814 1183 1084
f 1522 1038 1174
f 1522 1174 1533
f 1079 1080 1161
f 1079 1161 1188
f 1207 1197 1112
f 1207 1112 1109
f 1516 1523 1196
f 1516 1196 1206
f 1190 1191 1106
f 1190 1106 1041
f 1856 1860 1103
f 1856 1103 1104
f 1816 1099 1164
f 1816 1164 1820
f 1817 1813 1077
f 1817 1077 1124
f 1071 1414 1411
f 1071 1411 1179
f 45 477 1314
f 45 1314 1169
f 1069 1416 1414
f 1069 1414 1071
f 1073 1398 1425
f 1073 1425 1089
f 1543 1221 1081
f 1543 1081 1551
f 1810 1806 1458
f 1810 1458 1610
f 1067 1388 1390
f 1067 1390 1075
f 1139 1315 1388
f 1139 1388 1067
f 1065 1418 1396
f 1065 1396 1086
f 1169 1314 1315
f 1169 1315 1139
f 1089 1425 1416
f 1089 1416 1069
f 1824 1822 1221
f 1824 1221 1543
f 1083 1184 1176
f 1083 1176 1059
f 1520 1031 1175
f 1520 1175 1532
f 1106 1211 1213
f 1106 1213 1186
f 1143 1217 1214
f 1143 1214 1173
f 1107 1199 1217
f 1107 1217 1143
f 1108 1203 1209
f 1108 1209 1113
f 1173 1214 203
f 1173 203 89
f 1105 1195 1201
f 1105 1201 1111
f 1186 1213 1205
f 1186 1205 1110
f 1113 1209 1207
f 1113 1207 1109
f 1110 1205 1203
f 1110 1203 1108
f 1111 1201 1199
f 1111 1199 1107
f 1112 1197 1195
f 1112 1195 1105
f 1191 1219 1211
f 1191 1211 1106
f 1127 1078 1050
f 1127 1050 1117
f 1042 1404 1506
f 1042 1506 1158
f 1086 1396 1398
f 1086 1398 1073
f 1075 1390 1418
f 1075 1418 1065
f 1084 1183 1184
f 1084 1184 1083
f 1228 547 214
f 1228 214 1537
f 1552 1039 1223
f 1552 1223 1541
f 1861 1852 1192
f 1861 1192 1545
f 1038 1243 1250
f 1038 1250 1174
f 1175 1252 1235
f 1175 1235 1034
f 1034 1235 1233
f 1034 1233 1033
f 1035 1237 1231
f 1035 1231 1032
f 1031 1229 1252
f 1031 1252 1175
f 1033 1233 1241
f 1033 1241 1037
f 1174 1250 226
f 1174 226 1
f 1053 1245 1237
f 1053 1237 1035
f 1037 1241 1248
f 1037 1248 1056
f 1036 1239 1245
f 1036 1245 1053
f 1055 1247 1239
f 1055 1239 1036
f 1032 1231 1243
f 1032 1243 1038
f 1465 2227 1773
f 1465 1773 1283
f 1238 1266 1260
f 1238 1260 1232
f 1246 1274 1266
f 1246 1266 1238
f 1232 1260 1272
f 1232 1272 1244
f 1240 1268 1274
f 1240 1274 1246
f 1253 1280 1264
f 1253 1264 1236
f 1236 1264 1262
f 1236 1262 1234
f 1251 1278 255
f 1251 255 224
f 1234 1262 1270
f 1234 1270 1242
f 1244 1272 1278
f 1244 1278 1251
f 1242 1270 1276
f 1242 1276 1249
f 1230 1258 1280
f 1230 1280 1253
f 1249 1276 1268
f 1249 1268 1240
f 1951 1792 1471
f 1951 1471 1948
f 1626 1319 1318
f 1626 1318 1625
f 1592 1588 1420
f 1592 1420 1392
f 1590 1584 1327
f 1590 1327 1423
f 1924 1885 1307
f 1924 1307 1306
f 1878 1305 1332
f 1878 1332 1926
f 1596 1594 1386
f 1596 1386 1317
f 1611 1613 1422
f 1611 1422 1338
f 1801 1559 1102
f 1801 1102 1808
f 1881 1312 1309
f 1881 1309 1882
f 1923 1892 1334
f 1923 1334 1333
f 1604 1606 1401
f 1604 1401 1394
f 1935 1310 1306
f 1935 1306 1936
f 1460 1507 1408
f 1928 1908 1336
f 1928 1336 1335
f 1594 1592 1392
f 1594 1392 1386
f 1934 1933 1364
f 1934 1364 1361
f 1889 1937 1368
f 1889 1368 1366
f 1933 1941 1371
f 1933 1371 1364
f 1932 1942 1375
f 1932 1375 1373
f 1942 1943 1377
f 1942 1377 1375
f 1936 1934 1361
f 1936 1361 1360
f 1627 1628 1391
f 1627 1391 1389
f 1629 1631 1400
f 1629 1400 1397
f 1628 1632 1419
f 1628 1419 1391
f 1584 1602 1329
f 1584 1329 1327
f 1633 1634 1417
f 1633 1417 1426
f 1632 1629 1397
f 1632 1397 1419
f 1588 1604 1394
f 1588 1394 1420
f 1941 1889 1366
f 1941 1366 1371
f 1908 1868 1349
f 1908 1349 1336
f 1625 1627 1389
f 1625 1389 1316
f 1606 1590 1423
f 1606 1423 1401
f 1634 1328 1330
f 1634 1330 1635
f 1630 1633 1426
f 1630 1426 1399
f 1938 1932 1373
f 1938 1373 1369
f 1929 1890 1355
f 1929 1355 1354
f 1436 1358 1359
f 1436 1359 1346
f 1615 1617 1382
f 1615 1382 1383
f 1367 1372 1340
f 1367 1340 1353
f 1370 1365 1351
f 1370 1351 1344
f 1362 1363 1342
f 1362 1342 1348
f 1365 1367 1353
f 1365 1353 1351
f 1363 1370 1344
f 1363 1344 1342
f 1372 1374 1324
f 1372 1324 1340
f 1374 1376 1326
f 1374 1326 1324
f 1359 1362 1348
f 1359 1348 1346
f 1885 1923 1333
f 1885 1333 1307
f 1636 1637 1445
f 1636 1445 1447
f 1558 475 474
f 1558 474 1468
f 1326 1376 1451
f 1326 1451 1443
f 1943 1349 1441
f 1943 1441 1945
f 1380 1381 1455
f 1380 1455 1450
f 1596 1317 1320
f 1596 1320 1598
f 1450 1455 1449
f 1450 1449 1448
f 1891 1928 1335
f 1891 1335 1356
f 1945 1947 1454
f 1945 1454 1452
f 1892 1929 1354
f 1892 1354 1334
f 1451 1453 1322
f 1451 1322 1443
f 1637 1635 1330
f 1637 1330 1445
f 1636 1447 1459
f 1636 1459 1638
f 1322 1453 1440
f 1322 1440 1457
f 694 468 1559
f 694 1559 1639
f 1620 1621 1455
f 1620 1455 1381
f 482 485 1358
f 482 1358 1436
f 1598 1320 488
f 1598 488 649
f 1023 493 1310
f 1023 1310 1935
f 696 486 1319
f 696 1319 1626
f 1905 1917 1437
f 1905 1437 1471
f 1557 1470 442
f 1557 442 467
f 1931 1926 1332
f 1931 1332 1441
f 1465 1258 1230
f 1465 1230 1467
f 1797 1537 1255
f 1337 1434 492
f 1337 492 490
f 1559 468 543
f 1559 543 1102
f 1812 1801 1460
f 1812 1460 1638
f 662 1585 1468
f 662 1468 474
f 1338 1433 1434
f 1338 1434 1337
f 1378 1383 1429
f 1378 1429 1431
f 1384 1379 1428
f 1384 1428 1427
f 1382 1381 1380
f 1382 1380 1331
f 1422 1385 1430
f 1422 1430 1432
f 1379 1378 1431
f 1379 1431 1428
f 1338 1422 1432
f 1338 1432 1433
f 1383 1382 1331
f 1383 1331 1429
f 1385 1384 1427
f 1385 1427 1430
f 1448 1449 1461
f 1448 1461 1472
f 1610 1458 1446
f 1610 1446 1608
f 1940 1949 533
f 1940 533 441
f 1300 1490 1486
f 1300 1486 1296
f 1298 1488 1476
f 1298 1476 1285
f 1285 1476 1478
f 1285 1478 1288
f 1308 1496 1490
f 1308 1490 1300
f 1288 1478 1484
f 1288 1484 1294
f 1292 1482 1492
f 1292 1492 1302
f 1290 1480 1482
f 1290 1482 1292
f 1302 1492 1494
f 1302 1494 1304
f 1294 1484 1480
f 1294 1480 1290
f 365 182 1497
f 365 1497 1311
f 1296 1486 1488
f 1296 1488 1298
f 1466 1229 1031
f 1466 1031 1220
f 1311 1497 1496
f 1311 1496 1308
f 1304 1494 1505
f 1304 1505 1463
f 1564 1562 1503
f 1564 1503 1474
f 1947 1332 1305
f 1947 1305 1944
f 1948 1471 1437
f 1948 1437 1939
f 1090 1070 1049
f 1090 1049 1088
f 1551 1081 1039
f 1551 1039 1552
f 1210 1519 1531
f 1210 1531 1212
f 1055 1036 1524
f 1055 1524 1517
f 1216 1521 1534
f 1216 1534 1215
f 1218 1508 1519
f 1218 1519 1210
f 1198 1512 1521
f 1198 1521 1216
f 1202 1514 1529
f 1202 1529 1208
f 1215 1534 562
f 1215 562 205
f 1194 1510 1525
f 1194 1525 1200
f 1212 1531 1527
f 1212 1527 1204
f 1208 1529 1516
f 1208 1516 1206
f 1204 1527 1514
f 1204 1514 1202
f 1200 1525 1512
f 1200 1512 1198
f 1196 1523 1510
f 1196 1510 1194
f 1860 1855 1185
f 1860 1185 1103
f 1798 1538 1225
f 1798 1225 1774
f 1617 1620 1381
f 1617 1381 1382
f 1802 1558 1468
f 1802 1468 1789
f 1872 1291 1301
f 1872 1301 1877
f 1804 1791 1470
f 1804 1470 1557
f 1796 1794 1562
f 1796 1562 1564
f 1788 1553 1542
f 1788 1542 1800
f 1800 1542 1540
f 1800 1540 1799
f 1775 1228 1537
f 1775 1537 1797
f 1787 1777 1544
f 1787 1544 1550
f 663 469 1555
f 663 1555 1586
f 1782 1807 1100
f 1782 1100 1547
f 1865 1862 1546
f 1865 1546 1780
f 1833 1825 1544
f 1833 1544 1777
f 1788 1787 1550
f 1788 1550 1553
f 1823 895 610
f 1823 610 1222
f 1224 611 546
f 1224 546 1227
f 1853 937 609
f 1853 609 1193
f 1082 608 599
f 1082 599 1040
f 1116 1567 1573
f 1116 1573 1126
f 1120 1571 1130
f 1130 1576 1565
f 1130 1565 1114
f 1118 1569 1581
f 1118 1581 1134
f 1114 1565 1579
f 1114 1579 1132
f 1134 1581 1567
f 1134 1567 1116
f 1132 1579 1569
f 1132 1569 1118
f 1178 1410 1407
f 1178 1407 1044
f 1897 1905 1471
f 1897 1471 1792
f 1918 1913 1499
f 1918 1499 1438
f 1329 1602 1600
f 1329 1600 1444
f 1444 1600 1608
f 1444 1608 1446
f 1593 1595 1433
f 1593 1433 1432
f 1583 1589 1429
f 1583 1429 1331
f 1461 1449 1623
f 1461 1623 1622
f 1802 1811 1624
f 1802 1624 1558
f 1558 1624 678
f 1558 678 475
f 1337 490 668
f 1337 668 1612
f 1449 1455 1621
f 1449 1621 1623
f 1378 1614 1615
f 1378 1615 1383
f 1384 1618 1616
f 1384 1616 1379
f 1385 1422 1613
f 1385 1613 1619
f 1379 1616 1614
f 1379 1614 1378
f 1384 1385 1619
f 1384 1619 1618
f 1337 1612 1611
f 1337 1611 1338
f 1805 1812 1638
f 1805 1638 1459
f 478 696 1626
f 478 1626 1313
f 470 694 1639
f 470 1639 1554
f 1408 1636 1638
f 1408 1638 1460
f 1413 1415 1635
f 1413 1635 1637
f 1408 1413 1637
f 1408 1637 1636
f 1402 1424 1633
f 1402 1633 1630
f 1417 1634 1635
f 1417 1635 1415
f 1318 1387 1627
f 1318 1627 1625
f 1421 1395 1629
f 1421 1629 1632
f 1424 1328 1634
f 1424 1634 1633
f 1393 1421 1632
f 1393 1632 1628
f 1395 1403 1631
f 1395 1631 1629
f 1387 1393 1628
f 1387 1628 1627
f 1313 1626 1625
f 1313 1625 1316
f 1571 1576 1130
f 1153 1657 1642
f 1153 1642 1123
f 1818 1827 1659
f 1818 1659 1155
f 1566 1663 1678
f 1566 1678 1580
f 1574 1672 1646
f 1574 1646 1128
f 1578 1676 1663
f 1578 1663 1566
f 1122 1641 1669
f 1122 1669 1572
f 1570 1667 1680
f 1570 1680 1582
f 1147 1651 1653
f 1147 1653 1149
f 1129 1647 1644
f 1129 1644 1125
f 1572 1669 1675
f 1572 1675 1577
f 1149 1653 1649
f 1149 1649 1145
f 1151 1655 1651
f 1151 1651 1147
f 1858 1864 1661
f 1858 1661 1157
f 1157 1661 1655
f 1157 1655 1151
f 1580 1678 1667
f 1580 1667 1570
f 1582 1680 1665
f 1582 1665 1568
f 1568 1665 1673
f 1568 1673 1575
f 1145 1649 1657
f 1145 1657 1153
f 1677 1714 1705
f 1677 1705 1666
f 1648 1687 1695
f 1648 1695 1656
f 1679 1716 1703
f 1679 1703 1664
f 1863 1866 1699
f 1863 1699 1660
f 1652 1691 1687
f 1652 1687 1648
f 1664 1703 1709
f 1664 1709 1670
f 1645 1685 1683
f 1645 1683 1643
f 1656 1695 1681
f 1656 1681 1640
f 1671 1710 1685
f 1671 1685 1645
f 1662 1701 1714
f 1662 1714 1677
f 1654 1693 1689
f 1654 1689 1650
f 1640 1681 1707
f 1640 1707 1668
f 1674 1712 1701
f 1674 1701 1662
f 1826 1828 1697
f 1826 1697 1658
f 1666 1705 1716
f 1666 1716 1679
f 1650 1689 1691
f 1650 1691 1652
f 1668 1707 1712
f 1668 1712 1674
f 1660 1699 1693
f 1660 1693 1654
f 1696 1688 1692
f 1692 1690 1694
f 1694 1700 1867
f 1867 1698 1829
f 1684 1686 1711
f 1867 1829 1684
f 1692 1694 1867
f 1682 1696 1692
f 1713 1708 1682
f 1715 1702 1713
f 1717 1706 1715
f 1711 1704 1717
f 1867 1684 1711
f 1682 1692 1867
f 1715 1713 1682
f 1711 1717 1715
f 1682 1867 1711
f 1711 1715 1682
f 1267 1730 1736
f 1267 1736 1273
f 1279 1742 1726
f 1279 1726 1263
f 1277 1740 783
f 1277 783 258
f 1263 1726 1724
f 1263 1724 1261
f 215 777 1751
f 215 1751 1536
f 1271 1734 1740
f 1271 1740 1277
f 1261 1724 1732
f 1261 1732 1269
f 1257 1720 1742
f 1257 1742 1279
f 1269 1732 1738
f 1269 1738 1275
f 1535 1750 1719
f 1535 1719 1254
f 1281 1744 1747
f 1281 1747 1464
f 1275 1738 1730
f 1275 1730 1267
f 1254 1719 1746
f 1254 1746 1282
f 1265 1728 1722
f 1265 1722 1259
f 1273 1736 1728
f 1273 1728 1265
f 1464 1747 1720
f 1464 1720 1257
f 1259 1722 1734
f 1259 1734 1271
f 1748 1766 1753
f 1748 1753 1721
f 1737 1761 1757
f 1737 1757 1729
f 1723 1754 1760
f 1723 1760 1735
f 1749 1767 1752
f 1749 1752 1718
f 1731 1758 1761
f 1731 1761 1737
f 1743 1764 1756
f 1743 1756 1727
f 1741 1763 818
f 1741 818 780
f 1727 1756 1755
f 1727 1755 1725
f 1735 1760 1763
f 1735 1763 1741
f 1725 1755 1759
f 1725 1759 1733
f 1721 1753 1764
f 1721 1764 1743
f 1733 1759 1762
f 1733 1762 1739
f 1745 1765 1766
f 1745 1766 1748
f 1739 1762 1758
f 1739 1758 1731
f 1718 1752 1765
f 1718 1765 1745
f 1729 1757 1754
f 1729 1754 1723
f 776 816 1767
f 776 1767 1749
f 1467 1769 2227
f 1467 2227 1465
f 1283 1773 2225
f 1283 2225 1256
f 2225 1769 1467
f 2225 1467 1256
f 1554 1639 1812
f 1554 1812 1805
f 1461 1622 1811
f 1461 1811 1802
f 1190 1188 1787
f 1190 1787 1788
f 1820 1833 1777
f 1820 1777 1161
f 1854 1865 1780
f 1854 1780 1164
f 1158 1506 1807
f 1158 1807 1782
f 1509 1775 1797
f 1509 1797 1220
f 1191 1800 1799
f 1191 1799 1219
f 1190 1788 1800
f 1190 1800 1191
f 1463 1505 1794
f 1463 1794 1796
f 1457 1440 1791
f 1457 1791 1804
f 952 363 1312
f 952 1312 1881
f 1461 1802 1789
f 1461 1789 1472
f 1218 1798 1774
f 1218 1774 1508
f 1639 1559 1801
f 1639 1801 1812
f 1220 1797 1255
f 1220 1255 1466
f 1460 1801 1808
f 1460 1808 1507
f 1944 1305 1792
f 1944 1792 1951
f 1586 1555 1806
f 1586 1806 1810
f 1643 1683 1828
f 1643 1828 1826
f 1125 1644 1827
f 1125 1827 1818
f 1193 609 895
f 1193 895 1823
f 1780 1546 1825
f 1780 1825 1833
f 1545 1192 1822
f 1545 1822 1824
f 1154 1104 1813
f 1154 1813 1817
f 1080 1816 1820
f 1080 1820 1161
f 1103 1185 1815
f 1103 1815 1814
f 1185 1099 1816
f 1185 1816 1815
f 1104 1103 1814
f 1104 1814 1813
f 1878 1897 1792
f 1878 1792 1305
f 1912 1909 1834
f 1912 1834 1500
f 1950 1946 905
f 1950 905 532
f 1475 1836 1837
f 1475 1837 1477
f 1479 1838 1839
f 1479 1839 1481
f 1483 1840 1838
f 1483 1838 1479
f 1485 1841 1842
f 1485 1842 1487
f 1489 1843 1841
f 1489 1841 1485
f 1487 1842 1836
f 1487 1836 1475
f 1477 1837 1840
f 1477 1840 1483
f 1504 1848 1851
f 1504 1851 1793
f 1491 1844 1845
f 1491 1845 1493
f 1493 1845 1848
f 1493 1848 1504
f 1495 1846 1843
f 1495 1843 1489
f 180 910 1847
f 180 1847 1498
f 1793 1851 1850
f 1793 1850 1561
f 1498 1847 1846
f 1498 1846 1495
f 1481 1839 1844
f 1481 1844 1491
f 1560 1849 1835
f 1560 1835 1501
f 1605 1603 1428
f 1605 1428 1431
f 1585 1809 1789
f 1585 1789 1468
f 1450 1599 1601
f 1450 1601 1380
f 1587 1591 1430
f 1587 1430 1427
f 1601 1583 1331
f 1601 1331 1380
f 1809 1609 1472
f 1809 1472 1789
f 1597 651 492
f 1597 492 1434
f 1589 1605 1431
f 1589 1431 1429
f 1450 1448 1607
f 1450 1607 1599
f 1591 1593 1432
f 1591 1432 1430
f 1595 1597 1434
f 1595 1434 1433
f 1609 1607 1448
f 1609 1448 1472
f 1603 1587 1427
f 1603 1427 1428
f 1456 1803 1811
f 1456 1811 1622
f 1613 1611 1345
f 1613 1345 1347
f 1617 1615 1339
f 1617 1339 1323
f 1621 1620 1325
f 1621 1325 1442
f 1325 1620 1617
f 1325 1617 1323
f 1321 1456 1622
f 1321 1622 1623
f 1811 1803 1556
f 1811 1556 1624
f 1624 1556 466
f 1624 466 678
f 668 480 1435
f 668 1435 1612
f 1621 1442 1321
f 1621 1321 1623
f 1352 1339 1615
f 1352 1615 1614
f 1343 1350 1616
f 1343 1616 1618
f 1613 1347 1341
f 1613 1341 1619
f 1616 1350 1352
f 1616 1352 1614
f 1619 1341 1343
f 1619 1343 1618
f 1612 1435 1345
f 1612 1345 1611
f 1159 1783 1865
f 1159 1865 1854
f 1658 1697 1866
f 1658 1866 1863
f 1155 1659 1864
f 1155 1864 1858
f 1102 543 937
f 1102 937 1853
f 1783 1549 1862
f 1783 1862 1865
f 1060 1177 1855
f 1060 1855 1860
f 1548 1101 1852
f 1548 1852 1861
f 1049 1060 1860
f 1049 1860 1856
f 1159 1854 1859
f 1159 1859 1045
f 1049 1856 1857
f 1049 1857 1156
f 1177 1045 1859
f 1177 1859 1855
f 1284 1286 1870
f 1284 1870 1884
f 1295 1297 1875
f 1295 1875 1887
f 1462 1893 1880
f 1462 1880 1303
f 1914 1881 1882
f 1914 1882 1896
f 1299 1295 1887
f 1299 1887 1876
f 1309 1299 1876
f 1309 1876 1882
f 1293 1289 1886
f 1293 1886 1879
f 1289 1291 1872
f 1289 1872 1886
f 1287 1293 1879
f 1287 1879 1871
f 1297 1284 1884
f 1297 1884 1875
f 1563 1473 1894
f 1563 1894 1883
f 1301 1303 1880
f 1301 1880 1877
f 1903 1872 1877
f 1903 1877 1930
f 1795 1563 1883
f 1795 1883 1869
f 1474 1502 1874
f 1474 1874 1895
f 1002 952 1881
f 1002 1881 1914
f 1462 1795 1869
f 1462 1869 1893
f 1501 1835 1888
f 1501 1888 1873
f 1500 1834 1946
f 1500 1946 1950
f 493 999 1925
f 493 1925 1310
f 999 1002 1914
f 999 1914 1925
f 1349 1868 1931
f 1349 1931 1441
f 1868 1903 1930
f 1868 1930 1931
f 1310 1925 1924
f 1310 1924 1306
f 1925 1914 1896
f 1925 1896 1924
f 1873 1888 1898
f 1873 1898 1915
f 1915 1898 1909
f 1915 1909 1912
f 1893 1869 1899
f 1893 1899 1906
f 1906 1899 1897
f 1906 1897 1878
f 1895 1874 1916
f 1895 1916 1921
f 1921 1916 1913
f 1921 1913 1918
f 1869 1883 1907
f 1869 1907 1899
f 1899 1907 1905
f 1899 1905 1897
f 1877 1880 1919
f 1877 1919 1930
f 1930 1919 1926
f 1930 1926 1931
f 1883 1894 1920
f 1883 1920 1907
f 1907 1920 1917
f 1907 1917 1905
f 1875 1884 1911
f 1875 1911 1902
f 1902 1911 1929
f 1902 1929 1892
f 1871 1879 1927
f 1871 1927 1901
f 1901 1927 1928
f 1901 1928 1891
f 1876 1887 1922
f 1876 1922 1904
f 1904 1922 1923
f 1904 1923 1885
f 1884 1870 1900
f 1884 1900 1911
f 1911 1900 1890
f 1911 1890 1929
f 1886 1872 1903
f 1886 1903 1910
f 1910 1903 1868
f 1910 1868 1908
f 1879 1886 1910
f 1879 1910 1927
f 1927 1910 1908
f 1927 1908 1928
f 1887 1875 1902
f 1887 1902 1922
f 1922 1902 1892
f 1922 1892 1923
f 1893 1906 1919
f 1893 1919 1880
f 1906 1878 1926
f 1906 1926 1919
f 1882 1876 1904
f 1882 1904 1896
f 1896 1904 1885
f 1896 1885 1924
f 1439 1944 1951
f 1439 1951 1790
f 1469 1948 1939
f 1469 1939 440
f 1454 1947 1944
f 1454 1944 1439
f 1438 1499 1949
f 1438 1949 1940
f 483 1023 1935
f 483 1935 1357
f 1441 1332 1947
f 1441 1947 1945
f 1377 1943 1945
f 1377 1945 1452
f 1356 1335 1932
f 1356 1932 1938
f 1334 1354 1889
f 1334 1889 1941
f 1306 1307 1934
f 1306 1934 1936
f 1336 1349 1943
f 1336 1943 1942
f 1335 1336 1942
f 1335 1942 1932
f 1333 1334 1941
f 1333 1941 1933
f 1354 1355 1937
f 1354 1937 1889
f 1307 1333 1933
f 1307 1933 1934
f 1357 1935 1936
f 1357 1936 1360
f 1790 1951 1948
f 1790 1948 1469
f 1960 1956 1968
f 1965 1953 1969
f 1958 1966 1971
f 1961 1970 1954
f 1962 1955 148
f 1962 148 173
f 1957 1963 174
f 1957 174 857
f 849 1967 1974
f 849 1974 1981
f 1952 1964 847
f 1952 847 146
f 858 848 1980
f 858 1980 1984
f 1967 1959 1977
f 1967 1977 1974
f 1959 858 1984
f 1959 1984 1977
f 1993 1989 2001
f 1998 1986 2002
f 1991 1999 2004
f 1994 2003 1987
f 1995 1988 151
f 1995 151 891
f 1990 1996 892
f 1990 892 903
f 853 2000 2007
f 853 2007 2014
f 1985 1997 851
f 1985 851 149
f 904 852 2013
f 904 2013 2017
f 2000 1992 2010
f 2000 2010 2007
f 1992 904 2017
f 1992 2017 2010
f 2027 2035 2025
f 2033 2036 2019
f 2023 2034 2030
f 2028 2020 2037
f 2029 1189 1162
f 2029 1162 2021
f 2022 1784 1187
f 2022 1187 2026
f 1776 2045 2038
f 1776 2038 2031
f 2018 1160 1778
f 2018 1778 2032
f 1785 2049 2045
f 1785 2045 1776
f 2031 2038 2042
f 2031 2042 2024
f 2024 2042 2050
f 2024 2050 1786
f 2060 2068 2058
f 2066 2069 2052
f 2056 2067 2063
f 2061 2053 2070
f 2062 1821 1165
f 2062 1165 2054
f 2055 1830 1819
f 2055 1819 2059
f 1779 2078 2071
f 1779 2071 2064
f 2051 1163 1781
f 2051 1781 2065
f 1831 2082 2078
f 1831 2078 1779
f 2064 2071 2075
f 2064 2075 2057
f 2057 2075 2083
f 2057 2083 1832
f 2132 2039 2046
f 2132 2046 2139
f 2136 2048 2041
f 2136 2041 2134
f 2138 2044 2047
f 2138 2047 2137
f 1972 2084 2090
f 1972 2090 1978
f 1982 2088 2087
f 1982 2087 1976
f 1979 2091 2089
f 1979 2089 1983
f 2084 2092 2098
f 2084 2098 2090
f 2088 2096 2095
f 2088 2095 2087
f 2091 2099 2097
f 2091 2097 2089
f 2092 2100 2106
f 2092 2106 2098
f 2096 2104 2103
f 2096 2103 2095
f 2099 2107 2105
f 2099 2105 2097
f 2100 2108 2114
f 2100 2114 2106
f 2104 2112 2110
f 2104 2110 2103
f 2107 2115 2113
f 2107 2113 2105
f 2108 2116 2123
f 2108 2123 2114
f 2112 2120 2118
f 2112 2118 2110
f 2115 2122 2121
f 2115 2121 2113
f 2116 2124 2131
f 2116 2131 2123
f 2120 2128 2126
f 2120 2126 2118
f 2122 2130 2129
f 2122 2129 2121
f 2124 2132 2139
f 2124 2139 2131
f 2128 2136 2134
f 2128 2134 2126
f 2130 2138 2137
f 2130 2137 2129
f 2086 2085 1973
f 2086 1973 1975
f 2094 2093 2085
f 2094 2085 2086
f 2102 2101 2093
f 2102 2093 2094
f 2127 2125 2117
f 2127 2117 2119
f 2135 2133 2125
f 2135 2125 2127
f 2117 2109 2111
f 2117 2111 2119
f 2040 2133 2135
f 2040 2135 2043
f 2109 2101 2102
f 2109 2102 2111
f 2188 2194 2011
f 2188 2011 2005
f 2192 2191 2009
f 2192 2009 2016
f 2195 2193 2015
f 2195 2015 2012
f 2072 2079 2147
f 2072 2147 2140
f 2080 2074 2142
f 2080 2142 2144
f 2077 2081 2145
f 2077 2145 2146
f 2140 2147 2155
f 2140 2155 2148
f 2144 2142 2150
f 2144 2150 2152
f 2146 2145 2153
f 2146 2153 2154
f 2148 2155 2163
f 2148 2163 2156
f 2152 2150 2158
f 2152 2158 2160
f 2154 2153 2161
f 2154 2161 2162
f 2156 2163 2171
f 2156 2171 2164
f 2160 2158 2166
f 2160 2166 2168
f 2162 2161 2169
f 2162 2169 2170
f 2164 2171 2178
f 2164 2178 2172
f 2168 2166 2175
f 2168 2175 2176
f 2170 2169 2177
f 2170 2177 2179
f 2172 2178 2186
f 2172 2186 2180
f 2176 2175 2183
f 2176 2183 2184
f 2179 2177 2185
f 2179 2185 2187
f 2180 2186 2194
f 2180 2194 2188
f 2184 2183 2191
f 2184 2191 2192
f 2187 2185 2193
f 2187 2193 2195
f 2143 2076 2073
f 2143 2073 2141
f 2151 2143 2141
f 2151 2141 2149
f 2159 2151 2149
f 2159 2149 2157
f 2182 2174 2173
f 2182 2173 2181
f 2190 2182 2181
f 2190 2181 2189
f 2173 2174 2167
f 2173 2167 2165
f 2006 2008 2190
f 2006 2190 2189
f 2165 2167 2159
f 2165 2159 2157
f 2198 840 2202
f 2198 2202 2206
f 2200 2203 2211
f 2200 2211 2208
f 837 842 2203
f 837 2203 2200
f 843 2197 2205
f 843 2205 2204
f 2214 2210 2217
f 2214 2217 2221
f 2204 2205 2213
f 2204 2213 2212
f 2206 2202 2210
f 2206 2210 2214
f 838 835 2199
f 838 2199 2201
f 2201 2199 2207
f 2201 2207 2209
f 2208 2211 2219
f 2208 2219 2215
f 2212 2213 2222
f 2212 2222 2220
f 2209 2207 2216
f 2209 2216 2218
f 1772 2236 2231
f 1772 2231 2223
f 2230 2238 2242
f 2230 2242 2234
f 1770 2230 2234
f 1770 2234 2228
f 2226 2233 2235
f 2226 2235 1771
f 2244 2221 2217
f 2244 2217 2239
f 2233 2241 2243
f 2233 2243 2235
f 2236 2244 2239
f 2236 2239 2231
f 2224 2232 2229
f 2224 2229 1768
f 2232 2240 2237
f 2232 2237 2229
f 2238 2215 2219
f 2238 2219 2242
f 2241 2220 2222
f 2241 2222 2243
f 2240 2218 2216
f 2240 2216 2237
f 165 2245 2251
f 165 2251 414
f 411 2249 2248
f 411 2248 20
f 416 2252 2250
f 416 2250 412
f 2245 2253 2259
f 2245 2259 2251
f 2249 2257 2256
f 2249 2256 2248
f 2252 2260 2258
f 2252 2258 2250
f 2253 2261 2267
f 2253 2267 2259
f 2257 2265 2264
f 2257 2264 2256
f 2260 2268 2266
f 2260 2266 2258
f 2261 2269 2275
f 2261 2275 2267
f 2265 2273 2272
f 2265 2272 2264
f 2268 2276 2274
f 2268 2274 2266
f 2269 2277 2283
f 2269 2283 2275
f 2273 2281 2280
f 2273 2280 2272
f 2276 2284 2282
f 2276 2282 2274
f 2277 2285 2292
f 2277 2292 2283
f 2281 2289 2287
f 2281 2287 2280
f 2284 2291 2290
f 2284 2290 2282
f 1180 1412 2300
f 1180 2300 2293
f 1405 1043 2295
f 1405 2295 2297
f 1409 1406 2298
f 1409 2298 2299
f 2293 2300 2308
f 2293 2308 2301
f 2297 2295 2303
f 2297 2303 2305
f 2299 2298 2306
f 2299 2306 2307
f 2301 2308 2316
f 2301 2316 2309
f 2305 2303 2311
f 2305 2311 2313
f 2307 2306 2314
f 2307 2314 2315
f 2309 2316 2324
f 2309 2324 2317
f 2313 2311 2319
f 2313 2319 2321
f 2315 2314 2322
f 2315 2322 2323
f 2317 2324 2332
f 2317 2332 2325
f 2321 2319 2327
f 2321 2327 2329
f 2323 2322 2330
f 2323 2330 2331
f 2325 2332 2292
f 2325 2292 2285
f 2329 2327 2287
f 2329 2287 2289
f 2331 2330 2290
f 2331 2290 2291
f 2263 2262 2254
f 2263 2254 2255
f 2279 2278 2270
f 2279 2270 2271
f 2320 2318 2326
f 2320 2326 2328
f 1181 2294 2296
f 1181 2296 1046
f 2312 2310 2318
f 2312 2318 2320
f 2294 2302 2304
f 2294 2304 2296
f 2326 2286 2288
f 2326 2288 2328
f 2270 2262 2263
f 2270 2263 2271
f 2286 2278 2279
f 2286 2279 2288
f 2302 2310 2312
f 2302 2312 2304
f 2254 2246 2247
f 2254 2247 2255
f 2246 166 18
f 2246 18 2247
f 2444 2438 2339
f 2444 2339 2347
f 2369 2333 2385
f 2385 2387 2380
f 2385 2380 2369
f 2441 2439 2336
f 2441 2336 2343
f 2367 2338 2382
f 2382 2384 2381
f 2382 2381 2367
f 2381 2365 2351
f 2381 2351 2373
f 2356 2447 2514
f 2356 2514 2501
f 2455 2370 2350
f 2455 2350 2445
f 2380 2371 2355
f 2380 2355 2374
f 2454 2368 2354
f 2454 2354 2448
f 2498 2504 2375
f 2498 2375 2361
f 2352 2446 2509
f 2352 2509 2495
f 2353 2373 2505
f 2353 2505 2496
f 2448 2354 2497
f 2448 2497 2515
f 2458 2379 2364
f 2458 2364 2451
f 2493 2511 2450
f 2493 2450 2360
f 2503 2512 2451
f 2503 2451 2364
f 2488 2506 2377
f 2488 2377 2357
f 2440 2337 2368
f 2440 2368 2454
f 2397 2385 2333
f 2397 2333 2342
f 2437 2334 2370
f 2437 2370 2455
f 2393 2382 2338
f 2393 2338 2346
f 2344 2335 2386
f 2344 2386 2394
f 2445 2350 2491
f 2445 2491 2508
f 2506 2502 2363
f 2506 2363 2377
f 2449 2358 2378
f 2449 2378 2457
f 2513 2499 2362
f 2513 2362 2452
f 2369 2380 2374
f 2369 2374 2349
f 2510 2489 2358
f 2510 2358 2449
f 2367 2381 2373
f 2367 2373 2353
f 2381 2384 2383
f 2383 2340 2365
f 2383 2365 2381
f 2380 2387 2386
f 2386 2335 2371
f 2386 2371 2380
f 2382 2393 2426
f 2382 2426 2384
f 2477 2413 2399
f 2477 2399 2467
f 2348 2340 2383
f 2348 2383 2390
f 2387 2385 2397
f 2397 2412 2416
f 2397 2416 2387
f 2441 2343 2403
f 2441 2403 2468
f 2344 2394 2404
f 2466 2398 2408
f 2466 2408 2474
f 2386 2387 2416
f 2416 2414 2394
f 2416 2394 2386
f 2393 2346 2402
f 2397 2342 2407
f 2444 2347 2410
f 2444 2410 2475
f 2384 2428 2390
f 2384 2390 2383
f 2348 2390 2411
f 2461 2392 2400
f 2461 2400 2469
f 2412 2417 2416
f 2417 2419 2416
f 2419 2421 2416
f 2421 2423 2416
f 2423 2414 2416
f 2426 2430 2384
f 2430 2432 2384
f 2432 2434 2384
f 2434 2436 2384
f 2436 2428 2384
f 2476 2427 2435
f 2476 2435 2478
f 2478 2435 2433
f 2478 2433 2480
f 2480 2433 2431
f 2480 2431 2482
f 2482 2431 2429
f 2482 2429 2484
f 2484 2429 2425
f 2484 2425 2486
f 2463 2396 2415
f 2463 2415 2487
f 2391 2460 2486
f 2391 2486 2425
f 2424 2485 2487
f 2424 2487 2415
f 2422 2483 2485
f 2422 2485 2424
f 2420 2481 2483
f 2420 2483 2422
f 2418 2479 2481
f 2418 2481 2420
f 2413 2477 2479
f 2413 2479 2418
f 2395 2462 2470
f 2395 2470 2405
f 2341 2443 2472
f 2341 2472 2406
f 2389 2465 2473
f 2389 2473 2409
f 2345 2442 2471
f 2345 2471 2401
f 2427 2476 2464
f 2427 2464 2388
f 2360 2450 2459
f 2360 2459 2376
f 2339 2438 2456
f 2339 2456 2366
f 2336 2439 2453
f 2336 2453 2372
f 2373 2351 2494
f 2373 2494 2505
f 2376 2459 2452
f 2376 2452 2362
f 2504 2492 2359
f 2504 2359 2375
f 2374 2355 2500
f 2374 2500 2507
f 2372 2453 2447
f 2372 2447 2356
f 2366 2456 2446
f 2366 2446 2352
f 2345 2337 2440
f 2345 2440 2442
f 2341 2334 2437
f 2341 2437 2443
f 2511 2493 2495
f 2511 2495 2509
f 2505 2494 2492
f 2505 2492 2504
f 2507 2500 2502
f 2507 2502 2506
f 2515 2497 2499
f 2515 2499 2513
f 2496 2505 2504
f 2496 2504 2498
f 2490 2507 2506
f 2490 2506 2488
f 2489 2510 2508
f 2489 2508 2491
f 2501 2514 2512
f 2501 2512 2503
f 2349 2374 2507
f 2349 2507 2490
f 2526 2561 2568
f 2526 2568 2540
f 2536 2603 2598
f 2536 2598 2531
f 2548 2555 2580
f 2548 2580 2584
f 2539 2567 2575
f 2539 2575 2597
f 2570 2579 2574
f 2570 2574 2565
f 2529 2541 2604
f 2529 2604 2609
f 2611 2602 2534
f 2611 2534 2522
f 2559 2590 2587
f 2559 2587 2564
f 2599 2573 2553
f 2599 2553 2532
f 2530 2552 2557
f 2530 2557 2535
f 2544 2517 2521
f 2544 2521 2549
f 2542 2571 2566
f 2542 2566 2537
f 2563 2528 2524
f 2563 2524 2558
f 2519 2533 2554
f 2519 2554 2547
f 2525 2617 2591
f 2525 2591 2560
f 2605 2543 2538
f 2605 2538 2596
f 2616 2523 2527
f 2616 2527 2608
f 2516 2614 2610
f 2516 2610 2520
f 2586 2578 2569
f 2586 2569 2562
f 2592 2545 2550
f 2592 2550 2585
f 2615 2518 2546
f 2615 2546 2593
f 2616 2608 2612
f 2616 2612 2618
f 2618 2612 2610
f 2618 2610 2614
f 2605 2596 2600
f 2605 2600 2607
f 2607 2600 2598
f 2607 2598 2603
f 2581 2572 2576
f 2581 2576 2583
f 2583 2576 2574
f 2583 2574 2579
f 2592 2585 2589
f 2592 2589 2594
f 2594 2589 2587
f 2594 2587 2590
f 2602 2611 2613
f 2602 2613 2606
f 2606 2613 2609
f 2606 2609 2604
f 2573 2599 2601
f 2573 2601 2577
f 2577 2601 2597
f 2577 2597 2575
f 2578 2586 2588
f 2578 2588 2582
f 2582 2588 2584
f 2582 2584 2580
f 2615 2593 2595
f 2615 2595 2619
f 2619 2595 2591
f 2619 2591 2617
f 2581 2556 2551
f 2581 2551 2572
f 2620 2628 2634
f 2620 2634 2626
f 2623 2631 2629
f 2623 2629 2621
f 2624 2632 2630
f 2624 2630 2622
f 2628 2636 2642
f 2628 2642 2634
f 2631 2639 2637
f 2631 2637 2629
f 2632 2640 2638
f 2632 2638 2630
f 2636 2644 2650
f 2636 2650 2642
f 2639 2647 2645
f 2639 2645 2637
f 2640 2648 2646
f 2640 2646 2638
f 2644 2652 2658
f 2644 2658 2650
f 2647 2655 2653
f 2647 2653 2645
f 2648 2656 2654
f 2648 2654 2646
f 2652 2660 2666
f 2652 2666 2658
f 2655 2663 2661
f 2655 2661 2653
f 2656 2664 2662
f 2656 2662 2654
f 2663 2671 2669
f 2663 2669 2661
f 2664 2672 2670
f 2664 2670 2662
f 2668 2676 2682
f 2668 2682 2674
f 2671 2679 2677
f 2671 2677 2669
f 2672 2680 2678
f 2672 2678 2670
f 2692 2695 2686
f 2692 2686 2689
f 2660 2668 2674
f 2660 2674 2666
f 2680 2690 2687
f 2680 2687 2678
f 2679 2688 2685
f 2679 2685 2677
f 2676 2684 2693
f 2676 2693 2682
f 2691 2681 2683
f 2691 2683 2694
f 2681 2673 2675
f 2681 2675 2683
f 2673 2665 2667
f 2673 2667 2675
f 2665 2657 2659
f 2665 2659 2667
f 2657 2649 2651
f 2657 2651 2659
f 2649 2641 2643
f 2649 2643 2651
f 2641 2633 2635
f 2641 2635 2643
f 2633 2625 2627
f 2633 2627 2635
f 2721 2738 2741
f 2721 2741 2724
f 2712 2729 2734
f 2712 2734 2717
f 2725 2742 2730
f 2725 2730 2713
f 2698 2763 2751
f 2698 2751 2702
f 2696 2740 2736
f 2696 2736 2708
f 2771 2759 2719
f 2771 2719 2723
f 2749 2753 2707
f 2749 2707 2701
f 2706 2752 2772
f 2706 2772 2710
f 2773 2761 2697
f 2773 2697 2711
f 2704 2732 2728
f 2704 2728 2700
f 2716 2733 2737
f 2716 2737 2720
f 2705 2709 2739
f 2705 2739 2735
f 2768 2722 2727
f 2768 2727 2766
f 2750 2747 2757
f 2750 2757 2754
f 2774 2769 2767
f 2774 2767 2762
f 2775 2755 2758
f 2775 2758 2770
f 2746 2715 2718
f 2746 2718 2756
f 2744 2748 2760
f 2744 2760 2764
f 2726 2714 2745
f 2726 2745 2765
f 2731 2743 2699
f 2731 2699 2703
f 2799 2807 2785
f 2799 2785 2783
f 2776 2778 2822
f 2776 2822 2815
f 2824 2779 2786
f 2824 2786 2800
f 2813 2820 2808
f 2813 2808 2792
f 2790 2794 2796
f 2802 2804 2810
f 2819 2812 2816
f 2819 2816 2823
f 2789 2818 2814
f 2789 2814 2793
f 2825 2801 2809
f 2825 2809 2821
f 2805 2797 2795
f 2805 2795 2811
f 2781 2791 2798
f 2781 2798 2782
f 2803 2787 2784
f 2803 2784 2806
f 2777 2817 2788
f 2777 2788 2780
