# Level-zero anatomical extract from Blender Human Base Meshes v1.4.1 (CC0)
o human-head
v 0.0303061 -0.1144248 1.5865221
v 0.0290020 -0.1094596 1.5826205
v 0.0288706 -0.1068697 1.5780700
v 0.0305887 -0.1273060 1.5837208
v 0.0287440 -0.1230432 1.5860598
v 0.0276456 -0.1186697 1.5865141
v 0.0270982 -0.1148213 1.5856271
v 0.0269619 -0.1118090 1.5839226
v 0.0271011 -0.1097738 1.5819660
v 0.0273085 -0.1085289 1.5803044
v 0.0275424 -0.1078285 1.5791970
v 0.0277999 -0.1073658 1.5784101
v 0.0280858 -0.1069954 1.5776938
v 0.0267283 -0.1273001 1.5820533
v 0.0250609 -0.1231477 1.5841604
v 0.0242805 -0.1187509 1.5846033
v 0.0242599 -0.1148791 1.5838368
v 0.0247675 -0.1118858 1.5823852
v 0.0255040 -0.1098671 1.5807555
v 0.0261605 -0.1086287 1.5793819
v 0.0266712 -0.1079295 1.5784993
v 0.0270171 -0.1074913 1.5778307
v 0.0273292 -0.1071536 1.5772208
v 0.0237080 -0.1266197 1.5796221
v 0.0220673 -0.1228132 1.5813098
v 0.0215495 -0.1184963 1.5817797
v 0.0220056 -0.1146602 1.5813022
v 0.0230884 -0.1117327 1.5802853
v 0.0243273 -0.1097822 1.5791434
v 0.0253187 -0.1085986 1.5781622
v 0.0259388 -0.1079720 1.5775111
v 0.0263401 -0.1076154 1.5771040
v 0.0266747 -0.1073258 1.5766929
v 0.0216699 -0.1256304 1.5766013
v 0.0200904 -0.1221788 1.5777371
v 0.0197139 -0.1180127 1.5782514
v 0.0205289 -0.1142506 1.5782067
v 0.0220341 -0.1114261 1.5778095
v 0.0236244 -0.1095737 1.5773039
v 0.0248404 -0.1084792 1.5768466
v 0.0255754 -0.1079193 1.5765634
v 0.0260154 -0.1076224 1.5764307
v 0.0262918 -0.1074553 1.5763707
v 0.0208113 -0.1247094 1.5731374
v 0.0192888 -0.1214067 1.5737143
v 0.0189744 -0.1173505 1.5743109
v 0.0199556 -0.1136908 1.5748171
v 0.0216665 -0.1110060 1.5751556
v 0.0233761 -0.1092879 1.5753598
v 0.0246600 -0.1083008 1.5754734
v 0.0254672 -0.1077795 1.5755876
v 0.0259745 -0.1074911 1.5756848
v 0.0264418 -0.1072719 1.5758954
v 0.0302008 -0.1059176 1.5752641
v 0.0212210 -0.1242433 1.5696996
v 0.0197743 -0.1206395 1.5695930
v 0.0194729 -0.1165609 1.5703334
v 0.0204152 -0.1130240 1.5714154
v 0.0220440 -0.1105053 1.5725195
v 0.0236366 -0.1089328 1.5734031
v 0.0248405 -0.1080338 1.5740196
v 0.0256369 -0.1075390 1.5744431
v 0.0262368 -0.1072257 1.5748043
v 0.0267358 -0.1070103 1.5751514
v 0.0298975 -0.1060949 1.5760661
v 0.0228827 -0.1241879 1.5664122
v 0.0214384 -0.1199635 1.5658237
v 0.0211194 -0.1156732 1.5667198
v 0.0218570 -0.1122566 1.5683454
v 0.0231470 -0.1099363 1.5700985
v 0.0244299 -0.1084975 1.5716008
v 0.0254318 -0.1076825 1.5726360
v 0.0261450 -0.1072272 1.5732874
v 0.0267555 -0.1069110 1.5738000
v 0.0272600 -0.1067015 1.5742383
v 0.0294333 -0.1063398 1.5767552
v 0.0255932 -0.1242047 1.5636140
v 0.0241986 -0.1191789 1.5627037
v 0.0238124 -0.1146789 1.5638748
v 0.0241379 -0.1114282 1.5659363
v 0.0248735 -0.1093111 1.5681760
v 0.0256853 -0.1079888 1.5701829
v 0.0263639 -0.1072805 1.5715616
v 0.0268742 -0.1069137 1.5724387
v 0.0273117 -0.1066814 1.5730637
v 0.0277186 -0.1065066 1.5735426
v 0.0290729 -0.1066070 1.5774139
v 0.0292623 -0.1238837 1.5615665
v 0.0279723 -0.1182753 1.5606368
v 0.0272344 -0.1136564 1.5620563
v 0.0269790 -0.1106066 1.5644370
v 0.0270476 -0.1086590 1.5669740
v 0.0272681 -0.1074483 1.5692811
v 0.0275277 -0.1068699 1.5709233
v 0.0277349 -0.1066142 1.5719612
v 0.0279116 -0.1064703 1.5727260
v 0.0280148 -0.1064088 1.5731716
v 0.0295315 -0.1060006 1.5747201
v 0.0337569 -0.1230730 1.5608677
v 0.0324139 -0.1173275 1.5599914
v 0.0310975 -0.1127257 1.5614686
v 0.0301186 -0.1097969 1.5639579
v 0.0294615 -0.1079863 1.5665926
v 0.0290518 -0.1069246 1.5689876
v 0.0288318 -0.1064664 1.5707346
v 0.0287109 -0.1062995 1.5718442
v 0.0286176 -0.1062380 1.5726823
v 0.0284453 -0.1062570 1.5733551
v 0.0291103 -0.1062030 1.5756009
v 0.0382996 -0.1217116 1.5619227
v 0.0369122 -0.1163835 1.5610193
v 0.0350984 -0.1119265 1.5622499
v 0.0333544 -0.1090538 1.5645739
v 0.0319335 -0.1073378 1.5670699
v 0.0308696 -0.1064370 1.5693380
v 0.0301643 -0.1061031 1.5709902
v 0.0297387 -0.1060080 1.5720921
v 0.0294227 -0.1060041 1.5729375
v 0.0291220 -0.1060584 1.5736029
v 0.0287724 -0.1064185 1.5763019
v 0.0417564 -0.1201838 1.5643082
v 0.0407412 -0.1155397 1.5635235
v 0.0387908 -0.1114189 1.5644512
v 0.0364433 -0.1085141 1.5662899
v 0.0342792 -0.1068425 1.5684018
v 0.0325710 -0.1060587 1.5703158
v 0.0314166 -0.1058157 1.5717063
v 0.0306902 -0.1057867 1.5726807
v 0.0302054 -0.1058258 1.5734506
v 0.0299059 -0.1058842 1.5740668
v 0.0283787 -0.1067051 1.5770146
v 0.0438061 -0.1190966 1.5671076
v 0.0433598 -0.1150692 1.5668728
v 0.0417293 -0.1111976 1.5676289
v 0.0390379 -0.1083108 1.5690048
v 0.0362927 -0.1066037 1.5705090
v 0.0340240 -0.1058561 1.5718610
v 0.0324722 -0.1056548 1.5728557
v 0.0314865 -0.1056610 1.5735612
v 0.0308402 -0.1057329 1.5741221
v 0.0304942 -0.1058104 1.5746498
v 0.0287994 -0.1061591 1.5742190
v 0.0449773 -0.1185675 1.5699826
v 0.0448682 -0.1150943 1.5705378
v 0.0435041 -0.1114609 1.5714774
v 0.0407600 -0.1085296 1.5724180
v 0.0376989 -0.1067248 1.5732138
v 0.0350638 -0.1058954 1.5738603
v 0.0332090 -0.1056681 1.5743376
v 0.0320295 -0.1056690 1.5746884
v 0.0312588 -0.1057387 1.5749403
v 0.0308548 -0.1057959 1.5750517
v 0.0284335 -0.1063344 1.5750667
v 0.0455559 -0.1185379 1.5732098
v 0.0454463 -0.1156643 1.5745336
v 0.0440947 -0.1121949 1.5756453
v 0.0413908 -0.1091843 1.5761503
v 0.0382690 -0.1072179 1.5762137
v 0.0355181 -0.1062072 1.5761189
v 0.0335173 -0.1058704 1.5760068
v 0.0322268 -0.1058165 1.5759408
v 0.0313625 -0.1058414 1.5758187
v 0.0307477 -0.1058749 1.5755893
v 0.0281041 -0.1065606 1.5758963
v 0.0453537 -0.1193572 1.5766072
v 0.0448640 -0.1168075 1.5786335
v 0.0433730 -0.1133820 1.5797404
v 0.0408496 -0.1102021 1.5797911
v 0.0379110 -0.1080042 1.5791734
v 0.0352886 -0.1067634 1.5783846
v 0.0333358 -0.1062541 1.5776917
v 0.0320685 -0.1060899 1.5772005
v 0.0311918 -0.1060394 1.5767645
v 0.0305164 -0.1060477 1.5763983
v 0.0276468 -0.1068806 1.5766610
v 0.0441954 -0.1207860 1.5798484
v 0.0430979 -0.1183181 1.5822123
v 0.0414621 -0.1147970 1.5831964
v 0.0392157 -0.1114124 1.5829054
v 0.0366558 -0.1089667 1.5817451
v 0.0343686 -0.1075047 1.5803604
v 0.0326638 -0.1067613 1.5791806
v 0.0315667 -0.1064608 1.5783414
v 0.0308085 -0.1063410 1.5777160
v 0.0301076 -0.1063107 1.5772109
v 0.0281493 -0.1063533 1.5738944
v 0.0420828 -0.1225682 1.5823885
v 0.0403286 -0.1198912 1.5848454
v 0.0386252 -0.1161953 1.5856922
v 0.0367023 -0.1126321 1.5851563
v 0.0346665 -0.1099505 1.5836335
v 0.0328851 -0.1082650 1.5818208
v 0.0315679 -0.1073359 1.5802646
v 0.0307675 -0.1068927 1.5791937
v 0.0302731 -0.1066715 1.5784487
v 0.0297474 -0.1065771 1.5778613
v 0.0277379 -0.1065288 1.5745236
v 0.0389445 -0.1245816 1.5839804
v 0.0367968 -0.1213443 1.5864329
v 0.0351481 -0.1173872 1.5871285
v 0.0336231 -0.1136802 1.5863917
v 0.0321926 -0.1108098 1.5846593
v 0.0310220 -0.1089443 1.5825971
v 0.0301802 -0.1078621 1.5808223
v 0.0297188 -0.1073105 1.5796394
v 0.0295321 -0.1069913 1.5788509
v 0.0294161 -0.1068075 1.5783057
v 0.0272872 -0.1067990 1.5754154
v 0.0349216 -0.1263538 1.5844349
v 0.0328030 -0.1224454 1.5868692
v 0.0313658 -0.1182136 1.5873973
v 0.0295170 -0.1114523 1.5847270
v 0.0286811 -0.1082672 1.5808078
v 0.0285593 -0.1076293 1.5795972
v 0.0286622 -0.1072057 1.5787693
v 0.0269709 -0.1070652 1.5761743
v 0.0077308 -0.1456761 1.5066590
v 0.0101846 -0.1448655 1.5065676
v 0.0126168 -0.1437143 1.5065469
v 0.0149926 -0.1422513 1.5064867
v 0.0173312 -0.1405290 1.5064375
v 0.0194803 -0.1387114 1.5064437
v 0.0246151 -0.1329969 1.5054315
v 0.0256780 -0.1311578 1.5041468
v 0.0260754 -0.1301324 1.5026995
v 0.0260042 -0.1297387 1.5013802
v 0.0257440 -0.1295778 1.5000548
v 0.0253511 -0.1298250 1.4989280
v 0.0245708 -0.1308372 1.4980310
v 0.0233363 -0.1325188 1.4971606
v 0.0214651 -0.1346257 1.4963017
v 0.0190142 -0.1369389 1.4953754
v 0.0160773 -0.1391190 1.4942591
v 0.0123426 -0.1406641 1.4927374
v 0.0071527 -0.1416632 1.4908209
v 0.0133123 -0.1458341 1.5028167
v 0.0157395 -0.1440903 1.5026621
v 0.0180239 -0.1419812 1.5024383
v 0.0201006 -0.1397920 1.5023520
v 0.0255358 -0.1337129 1.5013015
v 0.0079105 -0.1482649 1.5027964
v 0.0107004 -0.1472419 1.5028756
v 0.0254728 -0.1316059 1.5011586
v 0.0254422 -0.1332182 1.5020733
v 0.0256230 -0.1314709 1.5019031
v 0.0245962 -0.1345564 1.5026640
v 0.0242512 -0.1292034 1.5693976
v 0.0218180 -0.1278065 1.5697083
v 0.0188125 -0.1286807 1.5690162
v 0.0191532 -0.1291096 1.5701520
v 0.0194728 -0.1292850 1.5685581
v 0.0247287 -0.1311678 1.5683790
v 0.0308938 -0.1327066 1.5675611
v 0.0345674 -0.1321783 1.5673578
v 0.0419313 -0.1279412 1.5684507
v 0.0264174 -0.1321899 1.5758281
v 0.0396370 -0.1305824 1.5760974
v 0.0433637 -0.1273129 1.5743976
v 0.0450779 -0.1246912 1.5730871
v 0.0184079 -0.1291948 1.5686840
v 0.0346720 -0.1328639 1.5772523
v 0.0232469 -0.1308459 1.5733490
v 0.0458396 -0.1221633 1.5717607
v 0.0194688 -0.1299494 1.5681680
v 0.0310683 -0.1306264 1.5681180
v 0.0345449 -0.1301604 1.5674150
v 0.0414043 -0.1262694 1.5683117
v 0.0441933 -0.1226071 1.5702657
v 0.0264313 -0.1304700 1.5757467
v 0.0385689 -0.1295674 1.5775014
v 0.0420604 -0.1265108 1.5762439
v 0.0440100 -0.1238703 1.5750245
v 0.0338866 -0.1317159 1.5780846
v 0.0450611 -0.1211927 1.5726818
v 0.0592316 -0.1046455 1.5179099
v 0.0231041 -0.1291867 1.5728823
v 0.0196803 -0.1304211 1.5671747
v 0.0182517 -0.1296556 1.5683295
v 0.0232125 -0.1317313 1.5741806
v 0.0263537 -0.1332926 1.5764087
v 0.0353128 -0.1337254 1.5774935
v 0.0406055 -0.1313222 1.5762568
v 0.0445358 -0.1277830 1.5743313
v 0.0464973 -0.1250756 1.5729018
v 0.0475076 -0.1222333 1.5716187
v 0.0427264 -0.1285809 1.5671036
v 0.0346190 -0.1325040 1.5657325
v 0.0308418 -0.1329675 1.5660655
v 0.0251012 -0.1315127 1.5668223
v 0.0448219 -0.1239018 1.5699410
v 0.0458690 -0.1242225 1.5692602
v 0.0189675 -0.1296549 1.5702733
v 0.0186740 -0.1299320 1.5710261
v 0.0093211 -0.1543214 1.5345297
v 0.0106406 -0.1527720 1.5348694
v 0.0121130 -0.1502326 1.5344077
v 0.0122511 -0.1454096 1.5328660
v 0.0065179 -0.1554623 1.5341083
v 0.0127772 -0.1479434 1.5330405
v 0.0074005 -0.1543329 1.5359225
v 0.0129851 -0.1543621 1.5340360
v 0.0100126 -0.1565843 1.5342733
v 0.0102072 -0.1452332 1.5311629
v 0.0106332 -0.1461838 1.5275875
v 0.0128344 -0.1465350 1.5300348
v 0.0143377 -0.1475942 1.5296907
v 0.0152038 -0.1496115 1.5308193
v 0.0693955 -0.0592295 1.5300004
v 0.0722689 -0.0602535 1.5674803
v 0.0739363 -0.0595490 1.5807203
v 0.0712494 -0.0601387 1.5483791
v 0.0262629 -0.1331376 1.5792643
v 0.0190335 -0.1419990 1.5325434
v 0.0191923 -0.1450619 1.5351489
v 0.0500792 -0.1031634 1.6381141
v 0.0748837 -0.0657264 1.6120930
v 0.0186683 -0.1399126 1.5346470
v 0.0449185 -0.1251230 1.5614433
v 0.0393613 -0.1288886 1.5613695
v 0.0241966 -0.1432514 1.5118109
v 0.0177275 -0.1469541 1.5029221
v 0.0148955 -0.1489641 1.5033431
v 0.0081258 -0.1532812 1.5131484
v 0.0229859 -0.1449948 1.5080634
v 0.0224081 -0.1423880 1.5186114
v 0.0376563 -0.1141377 1.6405621
v 0.0594161 -0.1078460 1.5677732
v 0.0279068 -0.1335167 1.5422658
v 0.0265961 -0.1356179 1.5012132
v 0.0396964 -0.1301746 1.5399579
v 0.0529787 -0.1197177 1.5758690
v 0.0628444 -0.1062513 1.5568204
v 0.0229522 -0.1310457 1.5612321
v 0.0489226 -0.1200763 1.5710268
v 0.0532034 -0.1145156 1.5691576
v 0.0186681 -0.1394047 1.5298163
v 0.0185239 -0.1419131 1.5373368
v 0.0072514 -0.1492995 1.5233310
v 0.0593936 -0.1108234 1.5593848
v 0.0202938 -0.1445784 1.5022796
v 0.0434330 -0.1272455 1.5648243
v 0.0309351 -0.1316947 1.5461478
v 0.0236862 -0.1342043 1.5457171
v 0.0470127 -0.1298571 1.5841008
v 0.0392103 -0.1354817 1.5898904
v 0.0496625 -0.1282430 1.5878077
v 0.0159812 -0.1375169 1.5535765
v 0.0086733 -0.1423123 1.5628742
v 0.0081776 -0.1610837 1.5384065
v 0.0264651 -0.1355906 1.5011958
v 0.0325788 -0.1366818 1.5023905
v 0.0224636 -0.1420084 1.5015033
v 0.0144427 -0.1312933 1.5662841
v 0.0174474 -0.1302660 1.5676709
v 0.0322439 -0.1329642 1.5390562
v 0.0404471 -0.1286324 1.5505952
v 0.0356175 -0.1297888 1.5530739
v 0.0308577 -0.1306499 1.5555046
v 0.0551872 -0.1153011 1.5748050
v 0.0575905 -0.1120517 1.5762825
v 0.0597417 -0.1083428 1.5777774
v 0.0539886 -0.1211149 1.5806172
v 0.0560609 -0.1186300 1.5837846
v 0.0655943 -0.0927615 1.5935205
v 0.0766700 -0.0547006 1.5993437
v 0.0356964 -0.1298480 1.6136745
v 0.0474242 -0.1212589 1.6118387
v 0.0563754 -0.1116414 1.6065441
v 0.0214340 -0.1392561 1.5262573
v 0.0110631 -0.1359367 1.5780098
v 0.0057002 -0.1564602 1.5321980
v 0.0332953 -0.1382455 1.5910484
v 0.0354168 -0.1360427 1.5857211
v 0.0151004 -0.1330577 1.5771581
v 0.0417373 -0.1256723 1.6131052
v 0.0439971 -0.1090446 1.6396627
v 0.0656984 -0.1005953 1.5541097
v 0.0199134 -0.1474343 1.5096779
v 0.0308394 -0.1370275 1.5015719
v 0.0542904 -0.1159089 1.6017414
v 0.0454478 -0.1248034 1.6062856
v 0.0399664 -0.1289575 1.6073170
v 0.0340915 -0.1328532 1.6076887
v 0.0582499 -0.1072923 1.6115385
v 0.0489567 -0.1177343 1.6172529
v 0.0431215 -0.1225115 1.6187577
v 0.0370086 -0.1270570 1.6195719
v 0.0188435 -0.1355476 1.5807421
v 0.0302231 -0.1358635 1.5820447
v 0.0444770 -0.1306563 1.5809348
v 0.0486395 -0.1268385 1.5795075
v 0.0516568 -0.1228347 1.5778091
v 0.0497383 -0.1216470 1.5583901
v 0.0506574 -0.1172319 1.5701345
v 0.0528780 -0.1179495 1.5737832
v 0.0203876 -0.1316773 1.5592819
v 0.0552715 -0.1174032 1.5779996
v 0.0573987 -0.1145273 1.5804697
v 0.0263756 -0.1323510 1.5493441
v 0.0354783 -0.1310811 1.5431435
v 0.0316809 -0.1365095 1.5168498
v 0.0450913 -0.1272387 1.5476701
v 0.0363345 -0.1321281 1.5357621
v 0.0286461 -0.1359485 1.5272460
v 0.0252133 -0.1387551 1.5229255
v 0.0321220 -0.1374764 1.5042913
v 0.0338610 -0.1360085 1.5058427
v 0.0361110 -0.1335615 1.5076048
v 0.0078101 -0.1565742 1.5480791
v 0.0292071 -0.1384393 1.5874184
v 0.0144354 -0.1384625 1.5822901
v 0.0082195 -0.1598760 1.5434082
v 0.0196693 -0.1354382 1.5494728
v 0.0220653 -0.1331228 1.5529066
v 0.0161541 -0.1413692 1.5430510
v 0.0175610 -0.1302797 1.5726725
v 0.0097167 -0.1345534 1.5735343
v 0.0064855 -0.1379972 1.5738435
v 0.0243707 -0.1314463 1.5558664
v 0.0171170 -0.1451183 1.5405984
v 0.0179734 -0.1484534 1.5379103
v 0.0112645 -0.1470394 1.5226141
v 0.0122241 -0.1517685 1.5123534
v 0.0149556 -0.1542929 1.5367332
v 0.0182733 -0.1478971 1.5324308
v 0.0178246 -0.1454083 1.5299513
v 0.0170842 -0.1437910 1.5220832
v 0.0291792 -0.1392700 1.5132551
v 0.0674276 -0.0574287 1.5175675
v 0.0073061 -0.1595408 1.5340658
v 0.0222693 -0.1390358 1.6069655
v 0.0232655 -0.1362543 1.6133355
v 0.0242533 -0.1339322 1.6196725
v 0.0493031 -0.1251397 1.5441372
v 0.0543924 -0.1188854 1.5552253
v 0.0591244 -0.1109760 1.5829004
v 0.0574992 -0.1151661 1.5871049
v 0.0514607 -0.1249794 1.5922817
v 0.0417940 -0.1330448 1.5949650
v 0.0361488 -0.1362731 1.5958118
v 0.0306582 -0.1389794 1.5962801
v 0.0216020 -0.1422033 1.5914111
v 0.0101483 -0.1415477 1.5852941
v 0.0083168 -0.1519824 1.5039893
v 0.0115512 -0.1559741 1.5419738
v 0.0115643 -0.1575717 1.5378070
v 0.0244754 -0.1213816 1.6415324
v 0.0248438 -0.1364715 1.5306222
v 0.0207672 -0.1371299 1.5343598
v 0.0183599 -0.1383996 1.5391780
v 0.0076725 -0.1525807 1.5525935
v 0.0109243 -0.1527658 1.5459338
v 0.0107849 -0.1489826 1.5499512
v 0.0124657 -0.1399809 1.5578387
v 0.0144561 -0.1351361 1.5607052
v 0.0168830 -0.1316480 1.5627341
v 0.0255795 -0.1426699 1.5065647
v 0.0270967 -0.1414008 1.5098006
v 0.0206368 -0.1452424 1.5139809
v 0.0163836 -0.1472928 1.5160379
v 0.0076659 -0.1509563 1.5180759
v 0.0636115 -0.0979859 1.5902460
v 0.0549558 -0.1201483 1.5901425
v 0.0534606 -0.1235583 1.5861822
v 0.0510987 -0.1256252 1.5826659
v 0.0265891 -0.1311090 1.5582485
v 0.0490097 -0.1200858 1.5658915
v 0.0469949 -0.1225806 1.5676868
v 0.0649630 -0.0949545 1.5824590
v 0.0669133 -0.0892412 1.5848213
v 0.0163249 -0.1497565 1.5111954
v 0.0117872 -0.1494076 1.5173277
v 0.0117186 -0.1506038 1.5037289
v 0.0262135 -0.1407879 1.5158089
v 0.0287888 -0.1377028 1.5198321
v 0.0321200 -0.1350418 1.5239128
v 0.0527000 -0.1222037 1.5400016
v 0.0586147 -0.1154300 1.5515589
v 0.0555406 -0.1143420 1.5617650
v 0.0562047 -0.1114112 1.5684433
v 0.0519317 -0.1172968 1.5639584
v 0.0249914 -0.1283204 1.6312242
v 0.0381908 -0.1209337 1.6305010
v 0.0443874 -0.1158876 1.6294037
v 0.0503595 -0.1104531 1.6276897
v 0.0607364 -0.0984542 1.6217781
v 0.0713684 -0.0747714 1.5912387
v 0.0072580 -0.1387280 1.5788263
v 0.0112795 -0.1414130 1.6055248
v 0.0118471 -0.1391628 1.6122823
v 0.0123487 -0.1370376 1.6189110
v 0.0127303 -0.1319050 1.6309713
v 0.0123395 -0.1250426 1.6420794
v 0.0596632 -0.1074677 1.5725691
v 0.0569514 -0.1111313 1.5721875
v 0.0542717 -0.1144093 1.5718503
v 0.0518123 -0.1170690 1.5719604
v 0.0115044 -0.1354929 1.5648155
v 0.0703496 -0.0802760 1.6018453
v 0.0197709 -0.1306538 1.5647205
v 0.0304957 -0.1338672 1.5803931
v 0.0417013 -0.1298046 1.5791484
v 0.0497655 -0.1209327 1.5736955
v 0.0287453 -0.1310007 1.5526361
v 0.0334423 -0.1303924 1.5497694
v 0.0381141 -0.1296212 1.5469685
v 0.0425208 -0.1285328 1.5438907
v 0.0345606 -0.1317069 1.5637690
v 0.0249989 -0.1415584 1.5929708
v 0.0281477 -0.1363700 1.6075284
v 0.0294680 -0.1335034 1.6136960
v 0.0306558 -0.1309957 1.6198270
v 0.0316521 -0.1251616 1.6310622
v 0.0310406 -0.1182712 1.6411028
v 0.0307794 -0.1321587 1.5644293
v 0.0343404 -0.1307542 1.5619056
v 0.0231219 -0.1344880 1.5791513
v 0.0280666 -0.1318297 1.5649911
v 0.0285160 -0.1315562 1.5637641
v 0.0306139 -0.1314635 1.5629224
v 0.0525852 -0.1204030 1.5970210
v 0.0435075 -0.1288315 1.6005638
v 0.0380969 -0.1326735 1.6014447
v 0.0324829 -0.1362287 1.6017759
v 0.0268938 -0.1392855 1.6015192
v 0.0213728 -0.1415236 1.6007633
v 0.0106843 -0.1432180 1.5988365
v 0.0181077 -0.1341671 1.5567498
v 0.0136395 -0.1450008 1.5466341
v 0.0154984 -0.1441793 1.5276531
v 0.0694754 -0.0856528 1.5664637
v 0.0673126 -0.0925369 1.5664392
v 0.0654343 -0.0986908 1.5361527
v 0.0660058 -0.0897032 1.5275156
v 0.0687183 -0.0674682 1.5275471
v 0.0678936 -0.0937575 1.5513868
v 0.0693143 -0.0856997 1.5491130
v 0.0718088 -0.0688721 1.5674214
v 0.0718500 -0.0706699 1.5791751
v 0.0683177 -0.0868724 1.5755243
v 0.0662298 -0.0931752 1.5743039
v 0.0705182 -0.0679809 1.5477632
v 0.0305608 -0.1379075 1.5027115
v 0.0262882 -0.1363158 1.5014591
v 0.0564132 -0.1118850 1.5228107
v 0.0760347 -0.0503861 1.5862238
v 0.0280999 -0.0970138 1.6629783
v 0.0131787 -0.0934340 1.6709244
v 0.0157716 -0.0743738 1.6779020
v 0.0297633 -0.0798069 1.6708596
v 0.0289033 -0.0529127 1.6780505
v 0.0605815 0.0186400 1.6259331
v 0.0383783 -0.0580931 1.6726907
v 0.0359820 -0.0834799 1.6657276
v 0.0194868 -0.0490236 1.6815749
v 0.0312844 0.0486494 1.5985929
v 0.0475130 0.0299461 1.6330326
v 0.0326749 0.0376910 1.6376953
v 0.0301457 0.0119506 1.6671118
v 0.0453522 0.0052698 1.6624423
v 0.0597496 -0.0044460 1.6550704
v 0.0641740 -0.0438818 1.5185564
v 0.0764812 -0.0324366 1.5839666
v 0.0228253 -0.0766992 1.6750094
v 0.0543347 0.0294117 1.5908875
v 0.0438287 0.0402139 1.5952653
v 0.0463574 -0.0636965 1.6659257
v 0.0238771 -0.0953096 1.6661596
v 0.0143217 -0.0847167 1.6746681
v 0.0205303 -0.0862634 1.6721460
v 0.0316840 -0.0911827 1.6644557
v 0.0696946 -0.0153836 1.6456523
v 0.0695661 0.0056898 1.6177289
v 0.0404846 0.0252790 1.5421510
v 0.0694436 -0.0203474 1.5472146
v 0.0264591 -0.0884141 1.6686845
v 0.0478585 0.0171070 1.5401845
v 0.0624715 0.0173058 1.5859678
v 0.0648829 -0.0278952 1.6546952
v 0.0549788 -0.0185085 1.6636230
v 0.0414699 -0.0100624 1.6706076
v 0.0276428 -0.0041113 1.6751271
v 0.0723965 -0.0229085 1.5661592
v 0.0533624 0.0191653 1.5544853
v 0.0760255 -0.0341119 1.5793408
v 0.0727229 -0.0264037 1.5642990
v 0.0701499 -0.0245832 1.5482500
v 0.0681564 -0.0264509 1.5405079
v 0.0453800 0.0286025 1.5572796
v 0.0360998 0.0368280 1.5598290
v 0.0254848 0.0429994 1.5618758
v 0.0615956 -0.0895514 1.6323733
v 0.0676408 -0.0774796 1.5268116
v 0.0701651 -0.0768372 1.5478939
v 0.0709941 -0.0776803 1.5668526
v 0.0701661 -0.0794430 1.5772214
v 0.0690266 -0.0825703 1.5878180
v 0.0679145 -0.0868718 1.5974662
v 0.0596396 -0.1028532 1.6166198
v 0.0498912 -0.1141055 1.6225191
v 0.0439887 -0.1192537 1.6241840
v 0.0378174 -0.1240865 1.6251775
v 0.0313934 -0.1282743 1.6256421
v 0.0248489 -0.1313930 1.6256564
v 0.0126735 -0.1347536 1.6251551
v 0.0393087 -0.1300588 1.5637954
v 0.0173683 -0.1510443 1.5348736
v 0.0141028 -0.1487163 1.5433356
v 0.0065555 -0.1490669 1.5287837
v 0.0151219 -0.1520964 1.5402260
v 0.0244000 -0.1408524 1.5892208
v 0.0281391 -0.1404198 1.5922099
v 0.0739093 -0.0657806 1.5950292
v 0.0727727 -0.0730423 1.6065403
v 0.0613932 -0.0940409 1.6269392
v 0.0504359 -0.1068304 1.6328628
v 0.0444298 -0.1125041 1.6345549
v 0.0381283 -0.1175779 1.6355798
v 0.0315075 -0.1217980 1.6361723
v 0.0248396 -0.1249544 1.6364945
v 0.0125729 -0.1286141 1.6366068
v 0.0101980 -0.1434885 1.5923547
v 0.0208972 -0.1425471 1.5951847
v 0.0257303 -0.1410755 1.5961077
v 0.0434121 -0.1286557 1.5363799
v 0.0398444 -0.1307185 1.5321965
v 0.0465040 -0.1267612 1.5403268
v 0.0496735 -0.1241997 1.5362556
v 0.0462989 -0.1263718 1.5323875
v 0.0425251 -0.1287218 1.5283563
v 0.0348869 -0.1337831 1.5205727
v 0.0528595 -0.1155413 1.5198932
v 0.0492087 -0.1192510 1.5171385
v 0.0454923 -0.1230787 1.5144908
v 0.0387205 -0.1303785 1.5096706
v 0.0556292 -0.1095561 1.5151548
v 0.0520658 -0.1139545 1.5128343
v 0.0363327 -0.1331605 1.5040748
v 0.0387559 -0.1299961 1.5053422
v 0.0449576 -0.1223336 1.5087457
v 0.0484794 -0.1181695 1.5107219
v 0.0341650 -0.1354585 1.5031360
v 0.0147958 -0.1520196 1.5325844
v 0.0064284 -0.1475562 1.5334114
v 0.0174252 -0.0623657 1.6802952
v 0.0256034 -0.0655008 1.6771159
v 0.0337349 -0.0696233 1.6723129
v 0.0408536 -0.0741881 1.6663003
v 0.0559796 -0.0966192 1.6357613
v 0.0561342 -0.1006308 1.6304289
v 0.0558292 -0.1045536 1.6252536
v 0.0551375 -0.1085290 1.6200758
v 0.0540325 -0.1125575 1.6149002
v 0.0523455 -0.1165158 1.6096836
v 0.0502796 -0.1204344 1.6044416
v 0.0483962 -0.1247330 1.5990949
v 0.0470240 -0.1292944 1.5938039
v 0.0448996 -0.1322307 1.5889480
v 0.0419194 -0.1333741 1.5849649
v 0.0390153 -0.1338542 1.5815973
v 0.0364308 -0.1328052 1.5801158
v 0.0413042 -0.1314855 1.5771681
v 0.0358174 -0.1339954 1.5783557
v 0.0301583 -0.1346777 1.5785987
v 0.0263511 -0.1336674 1.5776275
v 0.0491017 -0.1213354 1.5729629
v 0.0501263 -0.1194769 1.5724776
v 0.0509381 -0.1198760 1.5735373
v 0.0477079 -0.1237510 1.5753449
v 0.0472010 -0.1246398 1.5738432
v 0.0454815 -0.1265092 1.5770837
v 0.0452450 -0.1277436 1.5752821
v 0.0187215 -0.0941765 1.6688783
v 0.0181808 -0.1235713 1.6418889
v 0.0184947 -0.1271795 1.6366354
v 0.0186703 -0.1305351 1.6311618
v 0.0185650 -0.1334536 1.6254219
v 0.0180994 -0.1358557 1.6192973
v 0.0173652 -0.1380820 1.6127884
v 0.0166193 -0.1406508 1.6062036
v 0.0159286 -0.1427266 1.5997398
v 0.0156418 -0.1432597 1.5937738
v 0.0165134 -0.1423404 1.5889648
v 0.0194788 -0.1401989 1.5860056
v 0.0240540 -0.1374817 1.5842268
v 0.0193366 -0.1322507 1.5757902
v 0.0134348 -0.1312839 1.5733812
v 0.0257426 -0.1005219 1.6618103
v 0.0223738 -0.1007034 1.6633424
v 0.0175926 -0.1007894 1.6652632
v 0.0124207 -0.1008373 1.6668495
v 0.0126937 -0.1469495 1.5317494
v 0.0096280 -0.1455500 1.5356798
v 0.0108468 -0.1489711 1.5371987
v 0.0088084 -0.1482122 1.5371898
v 0.0048984 -0.1530379 1.5360860
v 0.0041607 -0.1525090 1.5337688
v 0.0048092 -0.1527070 1.5312259
v 0.0359329 -0.1328836 1.5280083
v 0.0419019 -0.1268377 1.5119795
v 0.0416404 -0.1263165 1.5069220
v 0.0079117 -0.1481096 1.5572901
v 0.0111731 -0.1447070 1.5539694
v 0.0144500 -0.1412621 1.5501353
v 0.0175077 -0.1381523 1.5460975
v 0.0208442 -0.1361355 1.5421648
v 0.0245248 -0.1352745 1.5383711
v 0.0285488 -0.1348018 1.5348926
v 0.0325020 -0.1340674 1.5314980
v 0.0233628 -0.1319671 1.5757893
v 0.0237962 -0.1321555 1.5773453
v 0.0660397 -0.0298239 1.5331970
v 0.0670901 -0.0212477 1.5368466
v 0.0319366 0.0322661 1.5439857
v 0.0223670 0.0374215 1.5456208
v 0.0299480 -0.1344564 1.5774683
v 0.0277136 -0.1324267 1.5665855
v 0.0389625 -0.1309806 1.5660923
v 0.0297870 -0.1333420 1.5771173
v 0.0295209 -0.1316573 1.5773894
v 0.0276476 -0.1321265 1.5680763
v 0.0279068 -0.1302504 1.5689434
v 0.0385922 -0.1303326 1.5676450
v 0.0384126 -0.1285911 1.5675089
v 0.0062732 -0.1504347 1.5370090
v 0.0109364 -0.1441411 1.5336401
v 0.0120209 -0.1460202 1.5355126
v 0.0089411 -0.1522687 1.5374190
v 0.0304152 -0.1240569 1.5092900
v 0.0279199 -0.1277913 1.5154274
v 0.0173202 -0.1388462 1.5154501
v 0.0320221 -0.1206102 1.5043923
v 0.0189886 -0.1291074 1.4821541
v 0.0284839 -0.1233807 1.4932283
v 0.0096619 -0.1436605 1.5155134
v 0.0136347 -0.1416796 1.5149244
v 0.0308436 -0.1215904 1.4989661
v 0.0351845 -0.1146223 1.5159738
v 0.0366359 -0.1113299 1.5068153
v 0.0405476 -0.0971730 1.5091015
v 0.0390479 -0.1000158 1.5210499
v 0.0398949 -0.0964969 1.4982448
v 0.0364985 -0.1105382 1.4983641
v 0.0244866 -0.1262523 1.4875566
v 0.0232087 -0.1311729 1.4926832
v 0.0092172 -0.1359940 1.4826138
v 0.0250792 -0.1292253 1.4947002
v 0.0211113 -0.1331035 1.4909083
v 0.0181720 -0.1351929 1.4884368
v 0.0081739 -0.1451235 1.5114108
v 0.0104012 -0.1443169 1.5110136
v 0.0128318 -0.1430780 1.5107826
v 0.0149279 -0.1417767 1.5107057
v 0.0172368 -0.1401088 1.5107473
v 0.0191808 -0.1384744 1.5109069
v 0.0260666 -0.1311160 1.5092752
v 0.0273661 -0.1283540 1.5039395
v 0.0272158 -0.1277750 1.5019581
v 0.0271559 -0.1273215 1.5002230
v 0.0262479 -0.1278829 1.4963778
v 0.0273662 -0.1291637 1.5065185
v 0.0271487 -0.1270134 1.4984554
v 0.0289274 -0.1261526 1.5049404
v 0.0291028 -0.1252530 1.5028273
v 0.0288216 -0.1250365 1.5007570
v 0.0154881 -0.1148828 1.4781355
v 0.0275230 -0.1133083 1.4830562
v 0.0334235 -0.1115759 1.4902436
v 0.0360944 -0.0974515 1.4887669
v 0.0347331 -0.0814236 1.4882826
v 0.0389471 -0.0793339 1.4980899
v 0.0403312 -0.0792635 1.5105352
v 0.0385730 -0.0819533 1.5230412
v 0.0320825 -0.0854404 1.5316732
v 0.0323588 -0.1034531 1.5319259
v 0.0129349 -0.1402580 1.5193543
v 0.0148155 -0.1379297 1.5209509
v 0.0284887 -0.1204654 1.5257906
v 0.0149256 -0.1363468 1.4859143
v 0.0214749 -0.0868390 1.5347991
v 0.0188552 -0.1190751 1.5347416
v 0.0260059 -0.0718804 1.4839376
v 0.0162084 -0.0672067 1.4844005
v 0.0220641 -0.0711381 1.5294020
v 0.0301372 -0.0729341 1.5285597
v 0.0292049 -0.0681116 1.4890063
v 0.0325330 -0.0646631 1.4984818
v 0.0339780 -0.0640419 1.5111251
v 0.0332468 -0.0672184 1.5223364
v 0.0112232 -0.1377121 1.5239941
v 0.0277559 -0.0826403 1.4816016
v 0.0164695 -0.0808273 1.4781750
v 0.0286039 -0.0981114 1.4812870
v 0.0158631 -0.0977007 1.4773226
v 0.0114517 -0.1259313 1.4784703
v 0.0211410 -0.1047466 1.5377671
v 0.0083919 -0.1537970 1.5080595
v 0.0122783 -0.1522829 1.5074340
v 0.0159649 -0.1504334 1.5067145
v 0.0192044 -0.1482490 1.5057906
v 0.0220566 -0.1457589 1.5046490
v 0.0243895 -0.1430783 1.5035285
v 0.0284793 -0.1374708 1.5016361
v 0.0286548 -0.1367344 1.5011252
v 0.0386169 -0.1312496 1.5243856
v 0.0233254 -0.1309820 1.5648329
v 0.0223267 -0.1307765 1.5668069
v 0.0217731 -0.1304041 1.5681585
v 0.0208024 -0.1304820 1.5743417
v 0.0204608 -0.1305477 1.5724041
v 0.0205561 -0.1300834 1.5713824
v 0.0627591 -0.0985532 1.5215609
v 0.0258893 -0.1313457 1.5650848
v 0.0508166 -0.1212927 1.5747584
v 0.0494219 -0.1236316 1.5761664
v 0.0466658 -0.1267624 1.5777116
v 0.0424671 -0.1298996 1.5793064
v 0.0371340 -0.1324567 1.5804347
v 0.0305743 -0.1340926 1.5805695
v 0.0256159 -0.1333067 1.5788566
v 0.0227007 -0.1314947 1.5763240
v 0.0101682 -0.1409702 1.5207653
v 0.0212090 -0.1294310 1.5688277
v 0.0201876 -0.1285857 1.5692300
v 0.0204165 -0.1292360 1.5709594
v 0.0175694 -0.0871275 1.4536514
v 0.0319316 -0.0795078 1.4613553
v 0.0372582 -0.0760596 1.4648387
v 0.0428368 -0.0722899 1.4694287
v 0.0486982 -0.0682271 1.4756709
v 0.0550501 -0.0637690 1.4840447
v 0.0616089 -0.0580093 1.4972295
v 0.0634908 -0.0395893 1.5072589
v 0.0640430 -0.0232170 1.5231180
v 0.0427442 0.0143545 1.5270457
v 0.0358376 0.0213319 1.5286359
v 0.0280912 0.0271510 1.5301404
v 0.0196542 0.0314236 1.5313929
v 0.0821439 0.0033400 1.4282112
v 0.0295654 0.0279043 1.4443594
v 0.0313366 -0.0729696 1.4547774
v 0.0489159 -0.0559035 1.3806940
v 0.0518850 -0.0529188 1.3978075
v 0.0859130 -0.0122900 1.4189582
v 0.0734473 -0.0147630 1.4283105
v 0.0701179 -0.0021361 1.4369442
v 0.0461875 0.0214716 1.4447069
v 0.0381593 0.0250406 1.4447160
v 0.0206380 0.0298640 1.4439158
v 0.0545521 0.0307188 1.4342862
v 0.0450082 0.0345234 1.4330255
v 0.0238755 0.0385295 1.4298822
v 0.0687639 -0.0423915 1.3909943
v 0.0624783 -0.0425076 1.4059892
v 0.0472450 -0.0611832 1.4679036
v 0.0579876 -0.0455475 1.4202334
v 0.0611885 -0.0073467 1.4478638
v 0.0403500 0.0158445 1.4574139
v 0.0335578 0.0195632 1.4581826
v 0.0183942 0.0242737 1.4584305
v 0.0267515 -0.0656406 1.3727516
v 0.0251006 -0.0654444 1.3855944
v 0.0230322 -0.0659203 1.3993294
v 0.0180594 -0.0826776 1.4467890
v 0.0420411 -0.0585860 1.4075550
v 0.0610247 -0.0400940 1.4245682
v 0.0641422 -0.0194801 1.4397213
v 0.0626814 -0.0346023 1.4287343
v 0.0561580 -0.0520045 1.3847884
v 0.0481985 -0.0550364 1.4114115
v 0.0363162 -0.0692361 1.4581270
v 0.0346523 0.0371190 1.4313639
v 0.0262025 0.0224026 1.4584491
v 0.0790492 -0.0295770 1.4013429
v 0.0687647 -0.0306344 1.4146440
v 0.0571830 -0.0512832 1.4821358
v 0.0621637 -0.0355730 1.4943385
v 0.0176093 0.0259611 1.5179524
v 0.0250902 0.0225571 1.5170124
v 0.0321138 0.0178818 1.5156176
v 0.0386793 0.0121305 1.5139649
v 0.0606458 -0.0199318 1.5056295
v 0.0450781 -0.0562739 1.3938825
v 0.0746256 -0.0359806 1.3957341
v 0.0659557 -0.0364161 1.4101576
v 0.0526406 -0.0565455 1.4748415
v 0.0622827 -0.0477074 1.3877077
v 0.0578268 -0.0482579 1.4018253
v 0.0536721 -0.0506942 1.4157386
v 0.0416585 -0.0653428 1.4623680
v 0.0072562 -0.0892105 1.4498360
v 0.0129005 -0.0884171 1.4516431
v 0.0186683 -0.0676093 1.3707381
v 0.0099028 -0.0656207 1.3691545
v 0.0133666 -0.0845822 1.4445541
v 0.0074816 -0.0858818 1.4424133
v 0.0161926 -0.0668865 1.3966980
v 0.0085531 -0.0671897 1.3941857
v 0.0091112 -0.0650700 1.3813245
v 0.0174947 -0.0661303 1.3832631
v 0.0220465 -0.1377306 1.5025944
v 0.0235177 -0.1359072 1.5027599
v 0.0314008 -0.1379599 1.5108080
v 0.0329221 -0.1368587 1.5083745
v 0.0276519 -0.1407202 1.5052166
v 0.0293773 -0.1391592 1.5039129
v 0.0293210 -0.1398303 1.5079212
v 0.0309692 -0.1385545 1.5061232
v 0.0261959 -0.1406492 1.5027112
v 0.0276343 -0.1387807 1.5021224
v 0.0517117 -0.1210947 1.5316045
v 0.0527464 -0.1180366 1.5261947
v 0.0649393 -0.0984813 1.5667427
v 0.0623553 -0.1035696 1.5672150
v 0.0237665 -0.1319264 1.5173703
v 0.0202887 -0.1354258 1.5171731
v 0.0641215 -0.0985931 1.5735309
v 0.0620078 -0.1033097 1.5730078
v 0.0213881 -0.1362676 1.5113279
v 0.0238049 -0.1337042 1.5109075
v 0.0241994 -0.1395703 1.5012375
v 0.0255276 -0.1375616 1.5013888
v 0.0338045 -0.1353364 1.5138917
v 0.0352607 -0.1343316 1.5108534
v 0.0619570 -0.1026499 1.5875801
v 0.0605436 -0.1069672 1.5852401
v 0.0214106 -0.1296985 1.5243199
v 0.0175035 -0.1343776 1.5226493
v 0.0561588 -0.1150699 1.5295124
v 0.0549820 -0.1186955 1.5351793
v 0.0214379 -0.1368333 1.5064561
v 0.0232389 -0.1348953 1.5061755
v 0.0130295 -0.1336541 1.5264226
v 0.0156006 -0.1281101 1.5296183
v 0.0631684 -0.0998805 1.5806775
v 0.0615272 -0.1042848 1.5792097
v 0.0482015 -0.1237196 1.5279593
v 0.0491407 -0.1211814 1.5229256
v 0.0640883 -0.1053449 1.5422413
v 0.0617832 -0.1108515 1.5472494
v 0.0415335 -0.1279588 1.5165405
v 0.0404682 -0.1294892 1.5206145
v 0.0368516 -0.1324401 1.5171754
v 0.0381063 -0.1312639 1.5135965
v 0.0443749 -0.1265634 1.5242342
v 0.0453237 -0.1245517 1.5196731
v 0.0435587 -0.0455163 1.6715999
v 0.0492442 -0.0323061 1.6688448
v 0.0714803 -0.0744606 1.6211103
v 0.0668103 -0.0822233 1.6276209
v 0.0220624 -0.0347968 1.6814810
v 0.0248372 -0.0198797 1.6795764
v 0.0596262 -0.1067915 1.6023711
v 0.0620069 -0.1020921 1.5969362
v 0.0701291 -0.0803754 1.6154934
v 0.0661481 -0.0873191 1.6220963
v 0.0661848 -0.0918880 1.6055696
v 0.0633961 -0.0972751 1.6118946
v 0.0616269 -0.1021125 1.6069957
v 0.0640406 -0.0971794 1.6009970
v 0.0682305 -0.0862447 1.6104152
v 0.0649661 -0.0923427 1.6169462
v 0.0327166 -0.0393084 1.6774830
v 0.0369905 -0.0250484 1.6752698
v 0.0587466 -0.0402636 1.6606481
v 0.0524273 -0.0522738 1.6642258
v 0.0586658 -0.1110245 1.5903158
v 0.0559676 -0.1157397 1.5941879
v 0.0601623 -0.1066418 1.5934654
v 0.0575611 -0.1112455 1.5981690
v 0.0491581 -0.1219922 1.5742865
v 0.0447767 -0.1222033 1.5738190
v 0.0472514 -0.1234711 1.5721657
v 0.0456202 -0.1230037 1.5723470
v 0.0482584 -0.1226867 1.5733960
v 0.0298481 -0.1312478 1.5615418
v 0.0284739 -0.1311940 1.5601133
v 0.0337452 -0.1304998 1.5600492
v 0.0325729 -0.1305925 1.5579660
v 0.0386978 -0.1288035 1.5588636
v 0.0374333 -0.1292770 1.5561172
v 0.0533444 -0.1212593 1.5516694
v 0.0516793 -0.1234066 1.5479313
v 0.0573952 -0.1179311 1.5476570
v 0.0553394 -0.1201749 1.5437768
v 0.0486531 -0.1237743 1.5549664
v 0.0472235 -0.1257102 1.5513724
v 0.0273092 -0.1313870 1.5632441
v 0.0254096 -0.1311764 1.5624460
v 0.0438235 -0.1263110 1.5575185
v 0.0424200 -0.1275318 1.5540930
v 0.0629462 -0.1033819 1.5303596
v 0.0598280 -0.1079329 1.5261480
v 0.0601900 -0.1135579 1.5428907
v 0.0578531 -0.1162018 1.5388892
v 0.0620627 -0.1086571 1.5372500
v 0.0593282 -0.1119898 1.5330935
v 0.0636204 -0.0292464 1.4326587
v 0.0730754 -0.0105492 1.4314919
v 0.0658259 -0.0511607 1.5155292
v 0.0710993 -0.0250752 1.4194435
v 0.0704336 -0.0599612 1.5395076
v 0.0712922 -0.0603567 1.5573232
v 0.0736818 -0.0496578 1.5443695
v 0.0776973 -0.0466546 1.5401666
v 0.0783045 -0.0467769 1.5356899
v 0.0758615 -0.0421725 1.5279646
v 0.0638891 -0.0396655 1.5223018
v 0.0500105 0.0302369 1.5736315
v 0.0600181 -0.0456186 1.4872197
v 0.0767860 -0.0414160 1.5845160
v 0.0799159 -0.0461264 1.5269949
v 0.0733064 -0.0406391 1.5636208
v 0.0752602 -0.0474429 1.5561625
v 0.0752374 -0.0464353 1.5629632
v 0.0801661 -0.0436600 1.5411249
v 0.0809836 -0.0264084 1.5632077
v 0.0843911 -0.0219084 1.5642494
v 0.0757064 -0.0409885 1.5307052
v 0.0781307 -0.0392207 1.5289935
v 0.0826154 -0.0415140 1.5294461
v 0.0810039 -0.0431004 1.5367984
v 0.0770091 -0.0293362 1.5422447
v 0.0761533 -0.0331233 1.5374668
v 0.0805336 -0.0278343 1.5407180
v 0.0863542 -0.0295891 1.5400078
v 0.0796920 -0.0314284 1.5354388
v 0.0856737 -0.0331958 1.5357056
v 0.0754158 -0.0438254 1.5620278
v 0.0741942 -0.0460138 1.5554888
v 0.0742242 -0.0468368 1.5501895
v 0.0763681 -0.0478621 1.5498906
v 0.0784791 -0.0466620 1.5695070
v 0.0766580 -0.0422734 1.5726087
v 0.0787575 -0.0437316 1.5691140
v 0.0773995 -0.0360837 1.5698320
v 0.0903354 -0.0237116 1.5601881
v 0.0810313 -0.0286018 1.5718571
v 0.0816718 -0.0398645 1.5795124
v 0.0846756 -0.0331631 1.5435060
v 0.0861614 -0.0278847 1.5580192
v 0.0831097 -0.0356934 1.5406379
v 0.0714716 -0.0246455 1.5562332
v 0.0804246 -0.0260796 1.5547861
v 0.0832038 -0.0221853 1.5546300
v 0.0891851 -0.0238817 1.5519574
v 0.0864981 -0.0287804 1.5516102
v 0.0754380 -0.0318636 1.5482740
v 0.0726983 -0.0398422 1.5586292
v 0.0793790 -0.0471146 1.5308578
v 0.0823827 -0.0426411 1.5324818
v 0.0845101 -0.0344965 1.5378041
v 0.0854764 -0.0312813 1.5414239
v 0.0872716 -0.0258721 1.5513313
v 0.0871135 -0.0244223 1.5587454
v 0.0810340 -0.0451575 1.5760580
v 0.0401697 0.0398501 1.5769420
v 0.0837260 -0.0429405 1.5743884
v 0.0854616 -0.0252279 1.5738243
v 0.0862226 -0.0390036 1.5797619
v 0.0760809 -0.0391669 1.5725124
v 0.0815724 -0.0392734 1.5758268
v 0.0869584 -0.0350759 1.5758150
v 0.0898993 -0.0259496 1.5681258
v 0.0808794 -0.0368153 1.5744851
v 0.0865248 -0.0253176 1.5661168
v 0.0841018 -0.0328821 1.5747819
v 0.0851243 -0.0284622 1.5645196
v 0.0832444 -0.0325226 1.5724987
v 0.0812014 -0.0345077 1.5718380
v 0.0841295 -0.0313602 1.5631673
v 0.0858009 -0.0307559 1.5469875
v 0.0865031 -0.0284001 1.5458139
v 0.0873979 -0.0263833 1.5453606
v 0.0817768 -0.0247529 1.5468760
v 0.0786346 -0.0271686 1.5478717
v 0.0850266 -0.0306135 1.5573955
v 0.0743649 -0.0295213 1.5720972
v 0.0753664 -0.0311666 1.5701303
v 0.0768890 -0.0404608 1.5797815
v 0.0760599 -0.0466690 1.5794412
v 0.0747334 -0.0515645 1.5743150
v 0.0727565 -0.0534301 1.5659232
v 0.0724435 -0.0542685 1.5571845
v 0.0733917 -0.0543959 1.5491885
v 0.0720868 -0.0544835 1.5411701
v 0.0712318 -0.0537663 1.5336084
v 0.0704105 -0.0530739 1.5276953
v 0.0684403 -0.0512252 1.5253363
v 0.0659247 -0.0474166 1.5268176
v 0.0654020 -0.0439896 1.5303631
v 0.0679737 -0.0336486 1.5385879
v 0.0698894 -0.0295245 1.5431913
v 0.0716150 -0.0270498 1.5489272
v 0.0731561 -0.0269414 1.5556893
v 0.0741485 -0.0288528 1.5629262
v 0.0726458 -0.0407668 1.5611668
v 0.0731679 -0.0408415 1.5601759
v 0.0820833 -0.0363831 1.5433269
v 0.0829710 -0.0338761 1.5453399
v 0.0849704 -0.0309155 1.5520831
v 0.0841127 -0.0322661 1.5481992
v 0.0790015 -0.0304728 1.5492620
v 0.0807631 -0.0329091 1.5459331
v 0.0815367 -0.0314625 1.5486251
v 0.0766160 -0.0485011 1.5712636
v 0.0797895 -0.0353855 1.5443258
v 0.0769758 -0.0418388 1.5427777
v 0.0751850 -0.0444221 1.5414035
v 0.0729301 -0.0491615 1.5451554
v 0.0768983 -0.0334675 1.5599416
v 0.0810556 -0.0336203 1.5613339
v 0.0777826 -0.0308553 1.5564656
v 0.0817105 -0.0317891 1.5565336
v 0.0787324 -0.0299568 1.5526912
v 0.0819558 -0.0309216 1.5522118
v 0.0728055 -0.0462096 1.5538772
v 0.0727663 -0.0470497 1.5506110
v 0.0729732 -0.0434942 1.5563424
v 0.0728221 -0.0477016 1.5480820
v 0.0733641 -0.0469089 1.5507715
v 0.0734278 -0.0460656 1.5546478
v 0.0737224 -0.0435353 1.5582571
v 0.0745156 -0.0425675 1.5671946
v 0.0748565 -0.0402841 1.5675561
v 0.0757585 -0.0375698 1.5661361
v 0.0775820 -0.0337142 1.5442206
v 0.0777901 -0.0311719 1.5698870
v 0.0737481 -0.0330454 1.5495175
v 0.0693369 -0.0365702 1.5489342
v 0.0728247 -0.0321285 1.5552375
v 0.0727497 -0.0342955 1.5537730
v 0.0704408 -0.0374328 1.5519274
v 0.0720418 -0.0395334 1.5603733
v 0.0725267 -0.0418817 1.5558990
v 0.0719906 -0.0443218 1.5549363
v 0.0717081 -0.0408003 1.5547749
v 0.0708796 -0.0461044 1.5536174
v 0.0697050 -0.0431877 1.5543861
v 0.0709109 -0.0478966 1.5501107
v 0.0685638 -0.0389313 1.5509615
v 0.0744411 -0.0392852 1.5416900
v 0.0710064 -0.0492519 1.5468129
v 0.0710455 -0.0459057 1.5406004
v 0.0742744 -0.0311872 1.5526277
v 0.0733363 -0.0332884 1.5517160
v 0.0705389 -0.0361587 1.5507406
v 0.0744165 -0.0302692 1.5566502
v 0.0759875 -0.0297670 1.5531746
v 0.0730081 -0.0325543 1.5597588
v 0.0736409 -0.0381710 1.5630903
v 0.0767919 -0.0303858 1.5500470
v 0.0715626 -0.0371276 1.5422337
v 0.0753973 -0.0327646 1.5454204
v 0.0696955 -0.0362187 1.5453824
v 0.0741933 -0.0328466 1.5473773
v 0.0707208 -0.0373104 1.5591574
v 0.0715363 -0.0431279 1.5550125
v 0.0675689 -0.0462700 1.5532334
v 0.0668464 -0.0407459 1.5492481
v 0.0679577 -0.0387694 1.5477629
v 0.0682208 -0.0392939 1.5450147
v 0.0668609 -0.0427288 1.5460016
v 0.0696965 -0.0403714 1.5414177
v 0.0680719 -0.0442981 1.5422356
v 0.0727901 -0.0422769 1.5402895
v 0.0774441 -0.0295862 1.5622571
v 0.0763444 -0.0278902 1.5549754
v 0.0746719 -0.0277588 1.5485584
v 0.0731298 -0.0302831 1.5434089
v 0.0718830 -0.0343703 1.5391126
v 0.0713546 -0.0445569 1.5326217
v 0.0716016 -0.0463073 1.5287361
v 0.0746342 -0.0503445 1.5254734
v 0.0757342 -0.0517102 1.5300914
v 0.0744977 -0.0499875 1.5361605
v 0.0749380 -0.0481553 1.5402652
v 0.0733607 -0.0470473 1.5409442
v 0.0705092 -0.0493360 1.5431336
v 0.0739835 -0.0492187 1.5642459
v 0.0657344 -0.0434650 1.5515215
v 0.0667238 -0.0485435 1.5437483
v 0.0641326 -0.0465807 1.5476718
v 0.0729483 -0.0356832 1.5616996
v 0.0709926 -0.0342840 1.5574269
v 0.0722986 -0.0361173 1.5555725
v 0.0671706 -0.0499170 1.5501021
v 0.0682668 -0.0501664 1.5465872
v 0.0784250 -0.0400025 1.5783224
v 0.0287030 0.0474855 1.5794567
v 0.0767760 -0.0346329 1.5765029
v 0.0817200 -0.0335100 1.5779365
v 0.0866485 -0.0320066 1.5797946
v 0.0900841 -0.0306814 1.5740986
v 0.0858570 -0.0283890 1.5725927
v 0.0839248 -0.0302893 1.5699649
v 0.0825342 -0.0326790 1.5682474
v 0.0794940 -0.0347546 1.5660319
v 0.0766303 -0.0361455 1.5632380
v 0.0708397 -0.0392860 1.5533699
v 0.0684871 -0.0411368 1.5527902
v 0.0752704 -0.0315156 1.5501345
v 0.0722844 -0.0381382 1.5571685
v 0.0785653 -0.0316926 1.5463295
v 0.0765871 -0.0314692 1.5474211
v 0.0738940 -0.0512047 1.5428209
v 0.0743514 -0.0503834 1.5567870
v 0.0784293 -0.0345134 1.5760858
v 0.0759836 -0.0509846 1.5497992
v 0.0778396 -0.0451668 1.5767514
v 0.0734759 -0.0418302 1.5628452
v 0.0670599 -0.0955433 1.5436957
v 0.0680370 -0.0868780 1.5398068
v 0.0438678 -0.1257432 1.5691813
v 0.0592336 -0.1130014 1.5554566
v 0.0509737 -0.1193490 1.5613527
v 0.0551068 -0.1165026 1.5585544
v 0.0477467 -0.1222135 1.5639045
v 0.0431331 -0.1242203 1.5692494
v 0.0688370 -0.0770680 1.5381780
v 0.0458883 -0.1246174 1.5662431
v 0.0449168 -0.1261109 1.5681883
v 0.0696583 -0.0677515 1.5383149
v 0.0626064 -0.1083384 1.5519310
v 0.0652951 -0.1026128 1.5480074
v 0.0826044 -0.0237188 1.4076957
v 0.0497497 -0.1183459 1.5679560
v 0.0449314 -0.1213979 1.5714419
v 0.0558030 -0.1125699 1.5650182
v 0.0593669 -0.1090479 1.5634370
v 0.0698252 -0.0853271 1.5577694
v 0.0464734 -0.1225704 1.5705048
v 0.0713367 -0.0683055 1.5570881
v 0.0454286 -0.1224206 1.5708449
v 0.0679472 -0.0927883 1.5588900
v 0.0477460 -0.1209535 1.5693848
v 0.0525462 -0.1155985 1.5665174
v 0.0710193 -0.0769783 1.5571585
v 0.0655451 -0.0992152 1.5603218
v 0.0626839 -0.1046238 1.5618697
v 0.0775040 -0.0414657 1.5918534
v 0.0714107 -0.0037143 1.6328236
v 0.0318198 0.0264201 1.6544718
v 0.0474000 0.0192224 1.6496811
v 0.0617137 0.0085714 1.6421498
v 0.0743944 -0.0266726 1.5752009
v 0.0582257 0.0194053 1.5699371
v 0.0576850 0.0254106 1.6085037
v 0.0659790 0.0125942 1.6020186
v 0.0323847 0.0449761 1.6185031
v 0.0461219 0.0367513 1.6143132
v 0.0627051 -0.0494092 1.5015982
v 0.0855771 -0.0070723 1.4225837
v 0.0638792 -0.0155458 1.4425763
v 0.0623327 -0.0307992 1.4980159
v 0.0637853 -0.0348960 1.5110848
v 0.0709975 -0.0208339 1.5568205
v 0.0198537 -0.1281361 1.5704497
v 0.0185417 -0.1292532 1.5694282
v 0.0188652 -0.1285342 1.5696687
v 0.0133236 -0.1308728 1.5697709
v 0.0213477 -0.1275494 1.5713395
v 0.0099396 -0.1347752 1.5691627
v 0.0182408 -0.1298033 1.5696830
v 0.0167432 -0.1297826 1.5700314
v 0.0070571 -0.1395280 1.5688961
v 0.0244611 -0.1271693 1.5684508
v 0.0226041 -0.1265151 1.5701836
v 0.0305911 -0.1281627 1.5650092
v 0.0345927 -0.1276553 1.5643307
v 0.0418569 -0.1240508 1.5664588
v 0.0445278 -0.1210001 1.5701635
v 0.0254984 -0.1289359 1.5774562
v 0.0373072 -0.1287755 1.5809032
v 0.0411655 -0.1261863 1.5801510
v 0.0436393 -0.1235388 1.5786586
v 0.0325641 -0.1302153 1.5805708
v 0.0453167 -0.1205674 1.5743881
v 0.0234458 -0.1276165 1.5748012
v 0.0285037 -0.1299712 1.5793667
v 0.0272686 -0.1279328 1.5665118
v 0.0387569 -0.1261034 1.5648587
v 0.0448122 -0.1217695 1.5767283
v 0.0435372 -0.1222809 1.5682771
v 0.0452463 -0.1201182 1.5722824
v 0.0223476 -0.1267122 1.5722971
v 0.0000132 -0.1596330 1.5496877
v 0.0153880 -0.0605724 1.4916804
v 0.0214220 -0.0583595 1.4997880
v 0.0241727 -0.0574574 1.5115532
v 0.0240425 -0.0608424 1.5217873
v 0.0358836 -0.0617054 1.4043918
v 0.0295235 -0.0641990 1.4018105
v 0.0267505 -0.0766253 1.4518694
v 0.0223866 -0.0799634 1.4491951
v 0.0412602 -0.0587628 1.3774948
v 0.0339692 -0.0620814 1.3748403
v 0.0384644 -0.0593799 1.3905758
v 0.0320033 -0.0628511 1.3879719
v 0.0269414 -0.0826338 1.4584213
v 0.0221710 -0.0852145 1.4558837
v 0.0381245 -0.0643993 1.4484723
v 0.0414271 -0.0612366 1.4372162
v 0.0448569 -0.0582098 1.4247861
v 0.0187379 -0.0778809 1.4372928
v 0.0199524 -0.0732956 1.4256935
v 0.0213487 -0.0690172 1.4131294
v 0.0545510 -0.0493571 1.4333645
v 0.0513698 -0.0528866 1.4455705
v 0.0486405 -0.0563923 1.4572814
v 0.0604449 -0.0273037 1.4840058
v 0.0592724 -0.0239785 1.4700273
v 0.0599768 -0.0203370 1.4561024
v 0.0243848 0.0202532 1.4732466
v 0.0234076 0.0195591 1.4880457
v 0.0234495 0.0199431 1.5027701
v 0.0330179 -0.0680077 1.4452515
v 0.0360779 -0.0646671 1.4338677
v 0.0391624 -0.0615901 1.4212813
v 0.0574281 -0.0173170 1.4902124
v 0.0556453 -0.0146612 1.4754759
v 0.0565419 -0.0115270 1.4611355
v 0.0371454 0.0131573 1.4715487
v 0.0355551 0.0115038 1.4859080
v 0.0360630 0.0110425 1.5001605
v 0.0610860 -0.0339111 1.4464085
v 0.0597057 -0.0378216 1.4597855
v 0.0592741 -0.0415410 1.4733181
v 0.0434286 -0.0605892 1.4524426
v 0.0465388 -0.0572704 1.4411474
v 0.0500597 -0.0540918 1.4288679
v 0.0579026 -0.0442097 1.4379948
v 0.0553207 -0.0479783 1.4505759
v 0.0532489 -0.0516656 1.4629717
v 0.0310754 0.0172144 1.4726609
v 0.0296995 0.0160023 1.4872315
v 0.0298640 0.0159473 1.5016837
v 0.0608554 -0.0245516 1.4532784
v 0.0601043 -0.0284116 1.4669402
v 0.0608566 -0.0319007 1.4806764
v 0.0150136 -0.0704946 1.4103447
v 0.0142670 -0.0752927 1.4228741
v 0.0136267 -0.0799119 1.4346969
v 0.0171555 0.0222293 1.4735148
v 0.0164902 0.0219593 1.4884790
v 0.0165027 0.0227265 1.5033950
v 0.0568710 -0.0466068 1.4686389
v 0.0580734 -0.0428235 1.4555225
v 0.0599849 -0.0389779 1.4424732
v 0.0079764 -0.0712364 1.4078927
v 0.0076789 -0.0764067 1.4204969
v 0.0074674 -0.0811520 1.4324162
v 0.0234340 -0.0749554 1.4399079
v 0.0252317 -0.0705720 1.4283975
v 0.0272663 -0.0668891 1.4157231
v 0.0281244 -0.0715416 1.4425427
v 0.0305976 -0.0676920 1.4310216
v 0.0332362 -0.0644604 1.4183059
v 0.0552460 -0.0925001 1.6414033
v 0.0535846 -0.0881834 1.6474187
v 0.0506571 -0.0836042 1.6536331
v 0.0464525 -0.0788916 1.6599474
v 0.0541235 0.0085469 1.5383526
v 0.0590757 0.0002416 1.5368015
v 0.0628299 -0.0074211 1.5356874
v 0.0654640 -0.0146189 1.5354429
v 0.0643792 0.0087133 1.5663418
v 0.0679672 -0.0009203 1.5632098
v 0.0697865 -0.0090601 1.5603685
v 0.0706491 -0.0156960 1.5581353
v 0.0171316 -0.1063889 1.6612699
v 0.0171045 -0.1113205 1.6568428
v 0.0173492 -0.1157129 1.6520157
v 0.0177605 -0.1197565 1.6469932
v 0.0533295 0.0172314 1.4441116
v 0.0593456 0.0125099 1.4429758
v 0.0640777 0.0075032 1.4414148
v 0.0675302 0.0024987 1.4393935
v 0.0119888 -0.1071168 1.6624997
v 0.0118234 -0.1125101 1.6577940
v 0.0118728 -0.1171291 1.6527224
v 0.0120872 -0.1212499 1.6474400
v 0.0711363 0.0007021 1.5957334
v 0.0738268 -0.0091347 1.5899147
v 0.0748820 -0.0167732 1.5843384
v 0.0748471 -0.0224922 1.5792938
v 0.0239106 -0.1176110 1.6464018
v 0.0232289 -0.1136910 1.6512146
v 0.0225907 -0.1095878 1.6558256
v 0.0221709 -0.1052609 1.6599263
v 0.0430793 -0.1055095 1.6448065
v 0.0415467 -0.1018915 1.6499906
v 0.0391703 -0.0981709 1.6550630
v 0.0358942 -0.0945155 1.6598749
v 0.0762099 -0.0153177 1.6235107
v 0.0781296 -0.0249983 1.6149626
v 0.0787347 -0.0326124 1.6070821
v 0.0784321 -0.0382562 1.5995184
v 0.0749742 -0.0257997 1.6357998
v 0.0773691 -0.0348492 1.6265248
v 0.0782531 -0.0425204 1.6179571
v 0.0781213 -0.0489367 1.6095479
v 0.0367768 -0.1105893 1.6454933
v 0.0354741 -0.1070089 1.6504110
v 0.0335922 -0.1033290 1.6550784
v 0.0311740 -0.0998170 1.6593012
v 0.0492295 -0.0994234 1.6435400
v 0.0475923 -0.0955368 1.6491288
v 0.0448617 -0.0914967 1.6547283
v 0.0410042 -0.0874317 1.6602585
v 0.0718352 -0.0685211 1.6275959
v 0.0709659 -0.0622020 1.6348728
v 0.0687095 -0.0553395 1.6428909
v 0.0648264 -0.0480054 1.6515899
v 0.0629502 0.0259292 1.4347161
v 0.0699133 0.0204052 1.4341824
v 0.0752861 0.0145799 1.4327164
v 0.0792633 0.0088100 1.4307028
v 0.0577864 -0.0136480 1.5075963
v 0.0534965 -0.0076194 1.5091343
v 0.0488933 -0.0014590 1.5107844
v 0.0443316 0.0054500 1.5123652
v 0.0744155 -0.0063294 1.6098562
v 0.0765571 -0.0162104 1.6026223
v 0.0773504 -0.0237404 1.5958005
v 0.0771206 -0.0290868 1.5895205
v 0.0463710 0.0115077 1.4561001
v 0.0514696 0.0068074 1.4543977
v 0.0555731 0.0019631 1.4524305
v 0.0587225 -0.0028119 1.4502649
v 0.0758549 -0.0591874 1.6192957
v 0.0755270 -0.0525316 1.6272683
v 0.0740000 -0.0451544 1.6358624
v 0.0707368 -0.0369519 1.6450752
v 0.0585893 -0.0588961 1.6560731
v 0.0627702 -0.0653066 1.6480670
v 0.0654093 -0.0713740 1.6406150
v 0.0666865 -0.0769744 1.6337889
v 0.0303204 -0.1146148 1.6459084
v 0.0293365 -0.1108684 1.6506585
v 0.0281057 -0.1070541 1.6551595
v 0.0267846 -0.1033337 1.6590943
v 0.0723696 -0.0182440 1.5688229
v 0.0721861 -0.0120692 1.5724272
v 0.0710415 -0.0041280 1.5766275
v 0.0680536 0.0057484 1.5810871
v 0.0486288 0.0067534 1.5255485
v 0.0536841 -0.0006699 1.5240811
v 0.0580918 -0.0076708 1.5228543
v 0.0616393 -0.0147399 1.5223119
v 0.0523423 -0.0692942 1.6586971
v 0.0566513 -0.0747860 1.6515186
v 0.0595212 -0.0800263 1.6446497
v 0.0610943 -0.0849194 1.6382401
v 0.0685343 -0.0146165 1.5470810
v 0.0668114 -0.0076530 1.5480788
v 0.0639865 0.0003740 1.5498111
v 0.0596777 0.0094710 1.5519302
v 0.0539046 -0.0068452 1.4634433
v 0.0506836 -0.0019567 1.4656416
v 0.0468574 0.0031386 1.4677993
v 0.0423960 0.0083029 1.4698517
v 0.0527743 -0.0097387 1.4778192
v 0.0492929 -0.0046288 1.4800228
v 0.0453764 0.0007993 1.4821504
v 0.0408410 0.0063270 1.4841548
v 0.0543986 -0.0119704 1.4925721
v 0.0503434 -0.0066630 1.4946454
v 0.0461691 -0.0009131 1.4965789
v 0.0416213 0.0053063 1.4984058
v 0.0728108 -0.0196517 1.4242022
v 0.0614617 -0.0403983 1.4908957
v 0.0731383 -0.0403550 1.5573661
v 0.0845063 -0.0272176 1.5391515
v 0.0842851 -0.0018781 1.4255898
v 0.0736352 -0.0411680 1.5586286
v 0.0773989 -0.0432551 1.5711101
v 0.0717968 -0.0345887 1.5489701
v 0.0735570 -0.0346143 1.5437605
v 0.0907994 -0.0313936 1.5776260
v 0.0836397 -0.0312311 1.5343285
v 0.0722459 -0.0374806 1.5544112
v 0.0792351 -0.0356207 1.5316244
v 0.0670850 -0.0495997 1.5252336
v 0.0844495 -0.0372061 1.5321819
v 0.0807827 -0.0399247 1.5283945
v 0.0719940 -0.0349848 1.5510575
v 0.0912988 -0.0248537 1.5718625
v 0.0742173 -0.0417614 1.5610932
v 0.0629576 -0.0116143 1.4452791
v 0.0725565 -0.0390336 1.5560133
v 0.0857115 -0.0237677 1.5453779
v 0.0661776 -0.0390984 1.5347860
v 0.0838358 -0.0384087 1.5348469
v 0.0820225 -0.0391109 1.5383115
v 0.0619780 -0.0256771 1.5020072
v 0.0751735 -0.0427563 1.5654410
v 0.0721010 -0.0342196 1.5463588
v 0.0889689 -0.0373297 1.5773535
v 0.0898694 -0.0207479 1.5627315
v 0.0715185 -0.0402408 1.5365806
v 0.0786073 -0.0386789 1.5438381
v 0.0719757 -0.0064890 1.4343038
v 0.0631531 -0.0440927 1.5042872
v 0.0639314 -0.0296717 1.5160100
v 0.0720662 -0.0359364 1.5528247
v 0.0875391 -0.0210494 1.5531765
v 0.0640948 -0.0240618 1.4363751
v 0.0778533 -0.0436067 1.5262594
v 0.0648617 -0.0473849 1.5163788
v 0.0825266 -0.0406468 1.5749847
v 0.0762232 -0.0378528 1.5341043
v 0.0760347 -0.0365259 1.5433047
v 0.0813195 -0.0397144 1.5418870
v 0.0725831 -0.0472849 1.5259168
v 0.0644536 -0.0347106 1.5272851
v 0.0850148 -0.0179976 1.4139390
v 0.0585684 -0.0160339 1.4586890
v 0.0578068 -0.0194216 1.4728788
v 0.0593308 -0.0224903 1.4872755
v 0.0605371 -0.0366252 1.4771874
v 0.0603151 -0.0330092 1.4635341
v 0.0612865 -0.0290541 1.4500065
v 0.0826018 -0.0356080 1.5307592
v -0.0302891 -0.1144060 1.5865749
v -0.0289973 -0.1094536 1.5826180
v -0.0288610 -0.1068825 1.5780932
v -0.0306155 -0.1272815 1.5837678
v -0.0287244 -0.1230817 1.5860838
v -0.0276220 -0.1186755 1.5865531
v -0.0270838 -0.1148102 1.5856602
v -0.0269595 -0.1117995 1.5839317
v -0.0270985 -0.1097637 1.5819548
v -0.0273094 -0.1085309 1.5803168
v -0.0275493 -0.1078304 1.5792134
v -0.0278007 -0.1073638 1.5784016
v -0.0280785 -0.1070031 1.5777013
v -0.0267350 -0.1272871 1.5820912
v -0.0250467 -0.1231708 1.5841707
v -0.0242726 -0.1187514 1.5846299
v -0.0242564 -0.1148708 1.5838598
v -0.0247715 -0.1118764 1.5823873
v -0.0255115 -0.1098574 1.5807437
v -0.0261600 -0.1086419 1.5794029
v -0.0266523 -0.1079469 1.5785079
v -0.0270188 -0.1074936 1.5778304
v -0.0273323 -0.1071520 1.5772123
v -0.0237140 -0.1266073 1.5796692
v -0.0220745 -0.1228391 1.5813147
v -0.0215550 -0.1185008 1.5818088
v -0.0220162 -0.1146536 1.5813236
v -0.0231035 -0.1117218 1.5802895
v -0.0243408 -0.1097784 1.5791416
v -0.0253031 -0.1086258 1.5781981
v -0.0259467 -0.1079799 1.5775602
v -0.0263696 -0.1075973 1.5771078
v -0.0266914 -0.1073175 1.5766932
v -0.0216601 -0.1255945 1.5766186
v -0.0201027 -0.1222013 1.5777580
v -0.0197159 -0.1180180 1.5782796
v -0.0205372 -0.1142393 1.5782290
v -0.0220537 -0.1114099 1.5778182
v -0.0236201 -0.1095802 1.5773100
v -0.0247993 -0.1085084 1.5768673
v -0.0255615 -0.1079222 1.5765760
v -0.0260261 -0.1076100 1.5764236
v -0.0263123 -0.1074328 1.5763369
v -0.0208945 -0.1247961 1.5731157
v -0.0192907 -0.1213818 1.5737413
v -0.0189882 -0.1173554 1.5743288
v -0.0199751 -0.1136803 1.5748390
v -0.0216874 -0.1109965 1.5751697
v -0.0233706 -0.1092973 1.5753616
v -0.0246299 -0.1083186 1.5754677
v -0.0254623 -0.1077758 1.5755720
v -0.0260013 -0.1074756 1.5756899
v -0.0264467 -0.1072673 1.5758795
v -0.0302178 -0.1059145 1.5752555
v -0.0212572 -0.1242737 1.5697662
v -0.0197967 -0.1206235 1.5696076
v -0.0195009 -0.1165677 1.5703363
v -0.0204371 -0.1130200 1.5714266
v -0.0220641 -0.1105001 1.5725294
v -0.0236443 -0.1089373 1.5734022
v -0.0248284 -0.1080456 1.5740049
v -0.0256477 -0.1075360 1.5744292
v -0.0262519 -0.1072209 1.5748006
v -0.0267518 -0.1069996 1.5751083
v -0.0299180 -0.1060859 1.5760454
v -0.0228879 -0.1241466 1.5664681
v -0.0214881 -0.1199600 1.5658509
v -0.0211722 -0.1156719 1.5667326
v -0.0219004 -0.1122548 1.5683551
v -0.0231770 -0.1099340 1.5700927
v -0.0244540 -0.1084914 1.5716127
v -0.0254348 -0.1076932 1.5726211
v -0.0261608 -0.1072277 1.5732852
v -0.0267587 -0.1069182 1.5738025
v -0.0272598 -0.1067042 1.5742141
v -0.0294394 -0.1063344 1.5767479
v -0.0256270 -0.1241960 1.5636818
v -0.0242541 -0.1191786 1.5627627
v -0.0238696 -0.1146686 1.5639180
v -0.0241902 -0.1114421 1.5659591
v -0.0249121 -0.1093175 1.5681776
v -0.0257114 -0.1079916 1.5701878
v -0.0263813 -0.1072900 1.5715635
v -0.0268993 -0.1069136 1.5724488
v -0.0273337 -0.1066779 1.5730705
v -0.0277314 -0.1065065 1.5735290
v -0.0290858 -0.1066075 1.5774325
v -0.0293116 -0.1239003 1.5616621
v -0.0280014 -0.1182667 1.5607309
v -0.0272744 -0.1136641 1.5621564
v -0.0270176 -0.1106270 1.5644803
v -0.0270806 -0.1086773 1.5669876
v -0.0272949 -0.1074735 1.5692812
v -0.0275457 -0.1068686 1.5709487
v -0.0277607 -0.1066055 1.5719985
v -0.0279278 -0.1064691 1.5727339
v -0.0280301 -0.1064059 1.5731723
v -0.0295212 -0.1060084 1.5747538
v -0.0337801 -0.1230865 1.5609930
v -0.0324039 -0.1173078 1.5601046
v -0.0310992 -0.1127449 1.5615770
v -0.0301338 -0.1098278 1.5640112
v -0.0294782 -0.1080147 1.5666164
v -0.0290679 -0.1069556 1.5689894
v -0.0288393 -0.1064614 1.5707963
v -0.0287235 -0.1062979 1.5719068
v -0.0286289 -0.1062431 1.5726886
v -0.0284521 -0.1062629 1.5732934
v -0.0291787 -0.1061756 1.5755308
v -0.0382719 -0.1217043 1.5620066
v -0.0368582 -0.1163566 1.5611184
v -0.0350628 -0.1119600 1.5623474
v -0.0333457 -0.1090859 1.5646212
v -0.0319289 -0.1073768 1.5670961
v -0.0308725 -0.1064643 1.5693444
v -0.0301516 -0.1061071 1.5710551
v -0.0297191 -0.1060228 1.5721382
v -0.0294138 -0.1060205 1.5728993
v -0.0291071 -0.1060702 1.5735728
v -0.0287857 -0.1064074 1.5762844
v -0.0417123 -0.1201752 1.5643127
v -0.0406707 -0.1155407 1.5635716
v -0.0387514 -0.1114231 1.5644523
v -0.0364118 -0.1085527 1.5663135
v -0.0342575 -0.1068791 1.5684077
v -0.0325657 -0.1060711 1.5703175
v -0.0313780 -0.1058315 1.5717468
v -0.0306604 -0.1058041 1.5726866
v -0.0302051 -0.1058347 1.5734066
v -0.0298844 -0.1058922 1.5740563
v -0.0283703 -0.1067073 1.5770273
v -0.0437998 -0.1190353 1.5671052
v -0.0433237 -0.1150949 1.5668513
v -0.0416980 -0.1112228 1.5676099
v -0.0390135 -0.1083196 1.5689914
v -0.0362719 -0.1066172 1.5704978
v -0.0340139 -0.1058647 1.5718573
v -0.0324234 -0.1056656 1.5728641
v -0.0314467 -0.1056762 1.5735452
v -0.0308485 -0.1057373 1.5740980
v -0.0305262 -0.1058044 1.5746092
v -0.0287651 -0.1061745 1.5742270
v -0.0449842 -0.1184823 1.5700109
v -0.0448711 -0.1151263 1.5704904
v -0.0435373 -0.1114625 1.5714409
v -0.0407618 -0.1085077 1.5724021
v -0.0376936 -0.1066975 1.5732017
v -0.0350549 -0.1058898 1.5738531
v -0.0331752 -0.1056666 1.5743337
v -0.0319915 -0.1056759 1.5746776
v -0.0312582 -0.1057414 1.5749286
v -0.0308893 -0.1057908 1.5750374
v -0.0284348 -0.1063320 1.5750308
v -0.0455715 -0.1185205 1.5731875
v -0.0454974 -0.1156817 1.5744821
v -0.0441884 -0.1121793 1.5756365
v -0.0414214 -0.1091405 1.5761609
v -0.0382788 -0.1071664 1.5762215
v -0.0355129 -0.1061903 1.5761192
v -0.0334955 -0.1058610 1.5760053
v -0.0321974 -0.1058166 1.5759375
v -0.0313661 -0.1058415 1.5758122
v -0.0307760 -0.1058691 1.5755752
v -0.0280514 -0.1065759 1.5759000
v -0.0454060 -0.1193104 1.5766073
v -0.0449916 -0.1168098 1.5786145
v -0.0435037 -0.1133458 1.5797954
v -0.0408868 -0.1101469 1.5798349
v -0.0379212 -0.1079425 1.5792010
v -0.0352775 -0.1067411 1.5783926
v -0.0333154 -0.1062411 1.5776925
v -0.0320426 -0.1060876 1.5771949
v -0.0312045 -0.1060381 1.5767591
v -0.0305390 -0.1060417 1.5763881
v -0.0276276 -0.1068829 1.5766422
v -0.0443035 -0.1207856 1.5798762
v -0.0432296 -0.1183316 1.5822988
v -0.0415643 -0.1147576 1.5833285
v -0.0392435 -0.1113571 1.5829794
v -0.0366498 -0.1089267 1.5817724
v -0.0343561 -0.1074649 1.5803837
v -0.0326424 -0.1067564 1.5791808
v -0.0315421 -0.1064630 1.5783337
v -0.0308063 -0.1063392 1.5777136
v -0.0301201 -0.1063124 1.5772336
v -0.0281522 -0.1063561 1.5738485
v -0.0421438 -0.1226594 1.5825005
v -0.0404002 -0.1199310 1.5850048
v -0.0386635 -0.1161660 1.5858479
v -0.0367115 -0.1125830 1.5852494
v -0.0346540 -0.1099256 1.5836600
v -0.0328693 -0.1082422 1.5818344
v -0.0315527 -0.1073229 1.5802677
v -0.0307501 -0.1068951 1.5791852
v -0.0302580 -0.1066713 1.5784357
v -0.0297426 -0.1065862 1.5778869
v -0.0277595 -0.1065227 1.5745279
v -0.0389192 -0.1246601 1.5840862
v -0.0367915 -0.1214074 1.5865632
v -0.0351367 -0.1173734 1.5872548
v -0.0336147 -0.1136428 1.5864723
v -0.0321827 -0.1107961 1.5846764
v -0.0310101 -0.1089361 1.5825971
v -0.0301711 -0.1078515 1.5808201
v -0.0297237 -0.1073028 1.5796367
v -0.0295223 -0.1069859 1.5788245
v -0.0293868 -0.1068122 1.5782923
v -0.0273163 -0.1067856 1.5754094
v -0.0349230 -0.1263464 1.5845057
v -0.0327729 -0.1225039 1.5869315
v -0.0313325 -0.1182163 1.5874748
v -0.0295127 -0.1114421 1.5847414
v -0.0286831 -0.1082640 1.5808135
v -0.0285897 -0.1076158 1.5796112
v -0.0286659 -0.1072042 1.5787721
v -0.0269743 -0.1070656 1.5761850
v -0.0076921 -0.1456473 1.5066155
v -0.0101218 -0.1448241 1.5064558
v -0.0125782 -0.1436767 1.5064001
v -0.0149971 -0.1422140 1.5063577
v -0.0173351 -0.1404963 1.5063567
v -0.0194715 -0.1386906 1.5064223
v -0.0247558 -0.1329887 1.5054388
v -0.0257559 -0.1312857 1.5041164
v -0.0261309 -0.1302183 1.5027268
v -0.0260707 -0.1297689 1.5013725
v -0.0257893 -0.1296152 1.5000356
v -0.0253627 -0.1298559 1.4989110
v -0.0245823 -0.1308494 1.4980096
v -0.0233317 -0.1325146 1.4971688
v -0.0214662 -0.1346184 1.4963135
v -0.0190201 -0.1369160 1.4953544
v -0.0160742 -0.1390768 1.4942186
v -0.0123276 -0.1405973 1.4926926
v -0.0071447 -0.1416027 1.4908085
v -0.0133313 -0.1458820 1.5026747
v -0.0157641 -0.1441093 1.5025423
v -0.0180583 -0.1420105 1.5024002
v -0.0201292 -0.1398093 1.5023615
v -0.0254184 -0.1336742 1.5011817
v -0.0078875 -0.1482369 1.5027559
v -0.0106977 -0.1472945 1.5027761
v -0.0253932 -0.1315252 1.5011145
v -0.0254342 -0.1331714 1.5019614
v -0.0255527 -0.1314541 1.5019684
v -0.0246648 -0.1345533 1.5027347
v -0.0242385 -0.1293038 1.5695128
v -0.0217341 -0.1276101 1.5695374
v -0.0188720 -0.1287612 1.5690882
v -0.0191103 -0.1290363 1.5701295
v -0.0194897 -0.1293311 1.5685742
v -0.0247372 -0.1310885 1.5683528
v -0.0309862 -0.1325769 1.5675060
v -0.0347623 -0.1319783 1.5672811
v -0.0419607 -0.1280182 1.5684456
v -0.0264127 -0.1322032 1.5757561
v -0.0396634 -0.1307714 1.5761462
v -0.0434017 -0.1273979 1.5744752
v -0.0451030 -0.1246224 1.5731206
v -0.0185285 -0.1294273 1.5687219
v -0.0345993 -0.1328440 1.5772387
v -0.0232702 -0.1307329 1.5733947
v -0.0459604 -0.1222306 1.5717815
v -0.0195160 -0.1298759 1.5681885
v -0.0311019 -0.1305940 1.5678967
v -0.0346833 -0.1301230 1.5672896
v -0.0412744 -0.1262326 1.5683252
v -0.0440918 -0.1225902 1.5703626
v -0.0265168 -0.1304761 1.5756845
v -0.0385089 -0.1296247 1.5774744
v -0.0420313 -0.1265488 1.5762385
v -0.0440561 -0.1238587 1.5749590
v -0.0338956 -0.1316495 1.5780753
v -0.0449966 -0.1213188 1.5725584
v -0.0592310 -0.1046585 1.5179114
v -0.0231716 -0.1290954 1.5729373
v -0.0196939 -0.1303020 1.5671468
v -0.0182478 -0.1299059 1.5682418
v -0.0232472 -0.1316764 1.5742189
v -0.0263618 -0.1332801 1.5764161
v -0.0351747 -0.1338628 1.5774773
v -0.0405974 -0.1313816 1.5762218
v -0.0445655 -0.1278497 1.5743870
v -0.0465678 -0.1249993 1.5729415
v -0.0475269 -0.1220587 1.5716139
v -0.0426161 -0.1285403 1.5670903
v -0.0347929 -0.1324981 1.5657649
v -0.0308688 -0.1329355 1.5660222
v -0.0251422 -0.1314754 1.5667521
v -0.0449057 -0.1240002 1.5700909
v -0.0458034 -0.1241124 1.5693424
v -0.0189564 -0.1295755 1.5703082
v -0.0186077 -0.1299478 1.5709995
v -0.0092991 -0.1543424 1.5345701
v -0.0106128 -0.1527810 1.5348581
v -0.0121943 -0.1502184 1.5344578
v -0.0122251 -0.1454440 1.5328851
v -0.0065819 -0.1554619 1.5340606
v -0.0128946 -0.1478707 1.5329913
v -0.0074177 -0.1542640 1.5358649
v -0.0129748 -0.1544200 1.5339363
v -0.0099451 -0.1565443 1.5342864
v -0.0102603 -0.1453214 1.5311396
v -0.0106356 -0.1461103 1.5275553
v -0.0127950 -0.1465749 1.5299606
v -0.0143586 -0.1473969 1.5296901
v -0.0152301 -0.1494773 1.5308992
v -0.0694063 -0.0592457 1.5299329
v -0.0722331 -0.0602495 1.5675070
v -0.0739115 -0.0595157 1.5807307
v -0.0712629 -0.0602902 1.5483596
v -0.0263645 -0.1331133 1.5792025
v -0.0189878 -0.1419607 1.5325304
v -0.0192842 -0.1450703 1.5351933
v -0.0500968 -0.1031531 1.6381328
v -0.0748650 -0.0657586 1.6121495
v -0.0186433 -0.1399161 1.5346069
v -0.0448973 -0.1251210 1.5613827
v -0.0393063 -0.1288744 1.5614159
v -0.0242164 -0.1432346 1.5118052
v -0.0177009 -0.1469103 1.5029536
v -0.0148732 -0.1489365 1.5033641
v -0.0081280 -0.1531945 1.5131330
v -0.0230327 -0.1450392 1.5080354
v -0.0224119 -0.1423640 1.5186336
v -0.0376612 -0.1141090 1.6405582
v -0.0594134 -0.1078403 1.5677959
v -0.0279102 -0.1335036 1.5422672
v -0.0265351 -0.1356755 1.5011524
v -0.0396920 -0.1301559 1.5399702
v -0.0529146 -0.1197975 1.5758269
v -0.0628135 -0.1062405 1.5568396
v -0.0230165 -0.1309787 1.5613005
v -0.0488510 -0.1199514 1.5709114
v -0.0532303 -0.1145344 1.5691432
v -0.0186992 -0.1393943 1.5297283
v -0.0185775 -0.1419030 1.5373640
v -0.0072393 -0.1493378 1.5233340
v -0.0593882 -0.1108173 1.5594131
v -0.0202846 -0.1445771 1.5023193
v -0.0433365 -0.1272422 1.5648075
v -0.0309411 -0.1316891 1.5461600
v -0.0236900 -0.1341862 1.5456975
v -0.0469462 -0.1298437 1.5839974
v -0.0391896 -0.1354610 1.5898927
v -0.0496040 -0.1282262 1.5877991
v -0.0160009 -0.1375057 1.5535467
v -0.0087221 -0.1423291 1.5629047
v -0.0081978 -0.1611119 1.5384158
v -0.0265441 -0.1355866 1.5012710
v -0.0325259 -0.1366222 1.5022960
v -0.0224422 -0.1420242 1.5015352
v -0.0143810 -0.1316130 1.5662003
v -0.0170098 -0.1303052 1.5673108
v -0.0322363 -0.1329426 1.5390599
v -0.0404372 -0.1286279 1.5506037
v -0.0356289 -0.1297521 1.5531006
v -0.0308967 -0.1306499 1.5555639
v -0.0551871 -0.1153232 1.5747572
v -0.0576200 -0.1120669 1.5762749
v -0.0597461 -0.1083299 1.5777960
v -0.0539387 -0.1211253 1.5805855
v -0.0560777 -0.1186557 1.5837731
v -0.0655825 -0.0927563 1.5935352
v -0.0766621 -0.0546943 1.5993000
v -0.0357043 -0.1298461 1.6136730
v -0.0474088 -0.1212336 1.6118200
v -0.0563325 -0.1116208 1.6065342
v -0.0214530 -0.1392736 1.5262358
v -0.0110697 -0.1358814 1.5780369
v -0.0057457 -0.1564617 1.5321610
v -0.0332864 -0.1382181 1.5910679
v -0.0354467 -0.1359904 1.5857292
v -0.0152010 -0.1329783 1.5771450
v -0.0417304 -0.1256625 1.6130931
v -0.0440050 -0.1090345 1.6396592
v -0.0657006 -0.1006075 1.5541161
v -0.0199532 -0.1474877 1.5096489
v -0.0308262 -0.1369391 1.5014827
v -0.0542889 -0.1159029 1.6017518
v -0.0454499 -0.1247877 1.6062845
v -0.0399658 -0.1289628 1.6073196
v -0.0340926 -0.1328558 1.6076968
v -0.0581977 -0.1072712 1.6115236
v -0.0489489 -0.1177189 1.6172373
v -0.0431242 -0.1225148 1.6187423
v -0.0370005 -0.1270370 1.6195573
v -0.0188347 -0.1355781 1.5807542
v -0.0303383 -0.1359851 1.5819988
v -0.0445348 -0.1307451 1.5808756
v -0.0486863 -0.1268213 1.5794613
v -0.0516071 -0.1227613 1.5777549
v -0.0497988 -0.1217044 1.5583880
v -0.0506809 -0.1172749 1.5700614
v -0.0528522 -0.1180077 1.5737617
v -0.0204569 -0.1316882 1.5593011
v -0.0552399 -0.1174724 1.5779328
v -0.0574332 -0.1145202 1.5804662
v -0.0263937 -0.1323359 1.5493442
v -0.0354672 -0.1310716 1.5431577
v -0.0316937 -0.1365047 1.5168518
v -0.0450924 -0.1272333 1.5476869
v -0.0363257 -0.1321142 1.5357682
v -0.0286270 -0.1359250 1.5272390
v -0.0252056 -0.1387481 1.5229279
v -0.0321375 -0.1374686 1.5042485
v -0.0338817 -0.1359987 1.5058539
v -0.0361145 -0.1335545 1.5076065
v -0.0077994 -0.1565851 1.5480947
v -0.0292229 -0.1384271 1.5874435
v -0.0144323 -0.1384434 1.5823047
v -0.0082433 -0.1598716 1.5434362
v -0.0196728 -0.1354192 1.5494509
v -0.0220908 -0.1331124 1.5528883
v -0.0161556 -0.1413583 1.5430295
v -0.0175400 -0.1301128 1.5727394
v -0.0098009 -0.1345486 1.5735768
v -0.0065136 -0.1379777 1.5738332
v -0.0244044 -0.1314417 1.5558751
v -0.0172100 -0.1451045 1.5406395
v -0.0179811 -0.1484477 1.5379462
v -0.0112636 -0.1470671 1.5226341
v -0.0121869 -0.1517750 1.5123564
v -0.0148928 -0.1542762 1.5367715
v -0.0182859 -0.1478729 1.5324863
v -0.0178493 -0.1454213 1.5299567
v -0.0170900 -0.1438158 1.5220966
v -0.0291979 -0.1392863 1.5132692
v -0.0674040 -0.0574571 1.5175148
v -0.0072449 -0.1595100 1.5341041
v -0.0222619 -0.1390672 1.6069796
v -0.0232669 -0.1363151 1.6133550
v -0.0242496 -0.1339459 1.6196728
v -0.0492987 -0.1251383 1.5441511
v -0.0544133 -0.1189001 1.5552405
v -0.0591623 -0.1109588 1.5829226
v -0.0575219 -0.1151765 1.5871185
v -0.0514943 -0.1250130 1.5922976
v -0.0418252 -0.1330733 1.5949988
v -0.0361794 -0.1363139 1.5958062
v -0.0306672 -0.1390086 1.5962754
v -0.0215975 -0.1421896 1.5914259
v -0.0101722 -0.1415334 1.5852908
v -0.0083112 -0.1519222 1.5040566
v -0.0115227 -0.1559819 1.5419753
v -0.0115445 -0.1576006 1.5377964
v -0.0244969 -0.1213799 1.6415384
v -0.0248317 -0.1364432 1.5306156
v -0.0207653 -0.1370776 1.5343210
v -0.0182968 -0.1383403 1.5391289
v -0.0076816 -0.1526229 1.5526279
v -0.0109128 -0.1527898 1.5459424
v -0.0107982 -0.1490131 1.5499766
v -0.0125028 -0.1399695 1.5578309
v -0.0145683 -0.1351962 1.5607126
v -0.0169756 -0.1317373 1.5627400
v -0.0256029 -0.1426846 1.5065677
v -0.0271025 -0.1413741 1.5097904
v -0.0206632 -0.1452723 1.5139978
v -0.0163595 -0.1473187 1.5160574
v -0.0076612 -0.1510087 1.5181017
v -0.0636033 -0.0979756 1.5902505
v -0.0549545 -0.1201521 1.5901356
v -0.0534660 -0.1235738 1.5862187
v -0.0510943 -0.1256221 1.5826236
v -0.0266387 -0.1311009 1.5582991
v -0.0490293 -0.1200846 1.5658549
v -0.0470136 -0.1225566 1.5677304
v -0.0649442 -0.0949477 1.5824567
v -0.0669071 -0.0892476 1.5848148
v -0.0163078 -0.1497827 1.5111823
v -0.0117719 -0.1494739 1.5173830
v -0.0117093 -0.1505859 1.5037476
v -0.0262356 -0.1407991 1.5158324
v -0.0288015 -0.1377034 1.5198346
v -0.0321188 -0.1350410 1.5239122
v -0.0526866 -0.1222001 1.5400162
v -0.0585745 -0.1154225 1.5515735
v -0.0555693 -0.1143558 1.5617893
v -0.0562444 -0.1114159 1.5684661
v -0.0519607 -0.1173205 1.5639446
v -0.0250491 -0.1283300 1.6312633
v -0.0381899 -0.1209133 1.6305113
v -0.0444062 -0.1158907 1.6293899
v -0.0503656 -0.1104425 1.6276938
v -0.0607562 -0.0984483 1.6217873
v -0.0713677 -0.0747878 1.5912576
v -0.0072740 -0.1387050 1.5788583
v -0.0112651 -0.1414175 1.6055248
v -0.0118133 -0.1391665 1.6122662
v -0.0122888 -0.1370145 1.6188793
v -0.0126566 -0.1318830 1.6309652
v -0.0122827 -0.1250719 1.6420295
v -0.0596663 -0.1074769 1.5725884
v -0.0569827 -0.1111495 1.5721966
v -0.0542804 -0.1144127 1.5718380
v -0.0518344 -0.1171345 1.5719144
v -0.0116717 -0.1355871 1.5648731
v -0.0703036 -0.0802670 1.6018696
v -0.0198171 -0.1305477 1.5647238
v -0.0307260 -0.1338877 1.5803605
v -0.0417933 -0.1301894 1.5790720
v -0.0495845 -0.1208002 1.5737170
v -0.0287833 -0.1309831 1.5526687
v -0.0334526 -0.1303650 1.5497842
v -0.0381138 -0.1296485 1.5469846
v -0.0425307 -0.1285452 1.5439045
v -0.0346822 -0.1317502 1.5638124
v -0.0249824 -0.1415496 1.5929782
v -0.0281457 -0.1363712 1.6075406
v -0.0294726 -0.1334882 1.6137030
v -0.0306797 -0.1309848 1.6198201
v -0.0316742 -0.1251391 1.6310775
v -0.0310871 -0.1182318 1.6410997
v -0.0308152 -0.1322075 1.5644082
v -0.0344095 -0.1308109 1.5619287
v -0.0232688 -0.1344486 1.5791492
v -0.0280884 -0.1318930 1.5649712
v -0.0285228 -0.1315818 1.5637639
v -0.0306536 -0.1315183 1.5629172
v -0.0526016 -0.1204179 1.5970135
v -0.0435271 -0.1288378 1.6005766
v -0.0381082 -0.1326822 1.6014422
v -0.0324704 -0.1362147 1.6017669
v -0.0268736 -0.1392686 1.6015112
v -0.0213578 -0.1415050 1.6007557
v -0.0106838 -0.1431798 1.5988396
v -0.0181442 -0.1341573 1.5567412
v -0.0136411 -0.1450081 1.5466239
v -0.0155668 -0.1441819 1.5276760
v -0.0694316 -0.0856460 1.5664706
v -0.0672921 -0.0925374 1.5664527
v -0.0653863 -0.0986812 1.5361577
v -0.0659949 -0.0897227 1.5275091
v -0.0687373 -0.0674237 1.5275998
v -0.0678460 -0.0937507 1.5513928
v -0.0692802 -0.0856946 1.5491331
v -0.0718092 -0.0689049 1.5674447
v -0.0718848 -0.0706746 1.5791698
v -0.0682800 -0.0868616 1.5755262
v -0.0662044 -0.0931661 1.5743175
v -0.0705677 -0.0679996 1.5477620
v -0.0305402 -0.1378915 1.5026913
v -0.0262825 -0.1363529 1.5014335
v -0.0563684 -0.1118828 1.5228056
v -0.0760180 -0.0503081 1.5862242
v -0.0281139 -0.0970293 1.6629593
v -0.0131759 -0.0934323 1.6709323
v -0.0157631 -0.0743535 1.6778843
v -0.0297467 -0.0797992 1.6708649
v -0.0289784 -0.0529380 1.6779625
v -0.0605699 0.0186443 1.6259561
v -0.0383196 -0.0580374 1.6726812
v -0.0359651 -0.0834668 1.6657445
v -0.0195663 -0.0491090 1.6815443
v -0.0312572 0.0486923 1.5986032
v -0.0474765 0.0299727 1.6330338
v -0.0325712 0.0377243 1.6377339
v -0.0303093 0.0118830 1.6670601
v -0.0454070 0.0052175 1.6623799
v -0.0596264 -0.0043944 1.6550457
v -0.0641293 -0.0438654 1.5185480
v -0.0764782 -0.0324829 1.5839126
v -0.0228189 -0.0766808 1.6749997
v -0.0543423 0.0294139 1.5908892
v -0.0438446 0.0402406 1.5952418
v -0.0463040 -0.0636671 1.6659671
v -0.0238785 -0.0953071 1.6661524
v -0.0142999 -0.0847066 1.6746765
v -0.0205042 -0.0862519 1.6721653
v -0.0317017 -0.0911914 1.6644583
v -0.0696540 -0.0153469 1.6456832
v -0.0695685 0.0056799 1.6177310
v -0.0404997 0.0252996 1.5421431
v -0.0694508 -0.0203240 1.5472283
v -0.0264551 -0.0884109 1.6686999
v -0.0478753 0.0171091 1.5401765
v -0.0624917 0.0173084 1.5859544
v -0.0648153 -0.0278685 1.6547478
v -0.0548787 -0.0184771 1.6636472
v -0.0416472 -0.0101417 1.6705029
v -0.0278685 -0.0041748 1.6750888
v -0.0723892 -0.0229084 1.5661678
v -0.0533755 0.0191545 1.5544971
v -0.0760889 -0.0341492 1.5792825
v -0.0726772 -0.0264214 1.5642951
v -0.0700875 -0.0245887 1.5482850
v -0.0681930 -0.0263784 1.5404501
v -0.0453929 0.0286010 1.5572878
v -0.0361091 0.0368200 1.5598502
v -0.0255004 0.0430216 1.5618759
v -0.0616124 -0.0895622 1.6323607
v -0.0676420 -0.0774741 1.5268618
v -0.0701681 -0.0768279 1.5478890
v -0.0710175 -0.0776949 1.5668610
v -0.0701659 -0.0794322 1.5772128
v -0.0690233 -0.0825715 1.5878134
v -0.0678781 -0.0868674 1.5974877
v -0.0596468 -0.1028518 1.6166327
v -0.0499042 -0.1141061 1.6225239
v -0.0439969 -0.1192593 1.6241659
v -0.0378172 -0.1240847 1.6251823
v -0.0314132 -0.1282465 1.6256320
v -0.0248785 -0.1314003 1.6256630
v -0.0125979 -0.1347540 1.6251429
v -0.0392349 -0.1300121 1.5638621
v -0.0172767 -0.1509903 1.5349568
v -0.0141198 -0.1487185 1.5433601
v -0.0065279 -0.1490864 1.5287290
v -0.0150892 -0.1520892 1.5402497
v -0.0244020 -0.1408377 1.5892395
v -0.0281362 -0.1404020 1.5922229
v -0.0738857 -0.0658152 1.5950481
v -0.0727650 -0.0730609 1.6065909
v -0.0614134 -0.0940388 1.6269404
v -0.0504318 -0.1068092 1.6328770
v -0.0444542 -0.1125142 1.6345503
v -0.0381369 -0.1175667 1.6355966
v -0.0315367 -0.1217775 1.6362011
v -0.0248843 -0.1249517 1.6365297
v -0.0125121 -0.1286125 1.6365789
v -0.0102153 -0.1435141 1.5923359
v -0.0208950 -0.1425667 1.5951844
v -0.0257210 -0.1411118 1.5961012
v -0.0433750 -0.1285731 1.5363897
v -0.0398384 -0.1307107 1.5322056
v -0.0464999 -0.1267542 1.5403391
v -0.0496770 -0.1242031 1.5362692
v -0.0462870 -0.1263539 1.5324001
v -0.0425320 -0.1287237 1.5283604
v -0.0348800 -0.1337729 1.5205673
v -0.0528595 -0.1155558 1.5198846
v -0.0492030 -0.1192512 1.5171400
v -0.0454887 -0.1230749 1.5144951
v -0.0387280 -0.1303871 1.5096667
v -0.0556060 -0.1095529 1.5151545
v -0.0520535 -0.1139514 1.5128305
v -0.0363275 -0.1331500 1.5040811
v -0.0387494 -0.1299860 1.5053449
v -0.0449614 -0.1223399 1.5087469
v -0.0484592 -0.1181665 1.5107235
v -0.0341819 -0.1354454 1.5031395
v -0.0147665 -0.1520462 1.5326173
v -0.0063035 -0.1475316 1.5333524
v -0.0174481 -0.0623998 1.6802816
v -0.0256204 -0.0654903 1.6770877
v -0.0336996 -0.0695906 1.6723198
v -0.0408175 -0.0741659 1.6663363
v -0.0560067 -0.0966118 1.6357751
v -0.0561366 -0.1006140 1.6304423
v -0.0558263 -0.1045409 1.6252685
v -0.0551393 -0.1085398 1.6201015
v -0.0540481 -0.1125827 1.6149062
v -0.0523563 -0.1165263 1.6096735
v -0.0502902 -0.1204260 1.6044426
v -0.0484348 -0.1247571 1.5991099
v -0.0470622 -0.1293394 1.5938660
v -0.0448317 -0.1322119 1.5889385
v -0.0418496 -0.1333344 1.5848583
v -0.0390782 -0.1339711 1.5815402
v -0.0363665 -0.1329628 1.5802882
v -0.0413090 -0.1314585 1.5772839
v -0.0357261 -0.1339333 1.5784936
v -0.0303518 -0.1346026 1.5785983
v -0.0263515 -0.1336394 1.5776237
v -0.0490204 -0.1213272 1.5727751
v -0.0500161 -0.1194243 1.5724391
v -0.0508456 -0.1198834 1.5735183
v -0.0478590 -0.1238067 1.5753204
v -0.0472721 -0.1246474 1.5738779
v -0.0456494 -0.1266032 1.5772002
v -0.0452951 -0.1278053 1.5753533
v -0.0187187 -0.0941760 1.6688833
v -0.0181296 -0.1235870 1.6418566
v -0.0184384 -0.1271847 1.6366353
v -0.0185901 -0.1305014 1.6311514
v -0.0184771 -0.1334520 1.6254073
v -0.0180209 -0.1358490 1.6192651
v -0.0173235 -0.1381279 1.6127799
v -0.0165918 -0.1406738 1.6062031
v -0.0159209 -0.1427367 1.5997490
v -0.0156577 -0.1433061 1.5937790
v -0.0165103 -0.1423166 1.5889839
v -0.0194597 -0.1401979 1.5860282
v -0.0240733 -0.1375211 1.5842092
v -0.0193792 -0.1321413 1.5759097
v -0.0135385 -0.1312482 1.5733308
v -0.0257425 -0.1005286 1.6618078
v -0.0223672 -0.1006984 1.6633453
v -0.0175924 -0.1007850 1.6652666
v -0.0124150 -0.1008317 1.6668572
v -0.0126327 -0.1469958 1.5317029
v -0.0097103 -0.1454771 1.5357503
v -0.0109389 -0.1490110 1.5372270
v -0.0087829 -0.1482434 1.5372486
v -0.0048889 -0.1530478 1.5361068
v -0.0041604 -0.1525573 1.5337754
v -0.0048678 -0.1527500 1.5311482
v -0.0359639 -0.1329151 1.5280151
v -0.0419034 -0.1268441 1.5119803
v -0.0416675 -0.1263407 1.5069216
v -0.0079072 -0.1481261 1.5572959
v -0.0112081 -0.1447257 1.5539926
v -0.0144545 -0.1412619 1.5501149
v -0.0174719 -0.1381149 1.5460757
v -0.0208263 -0.1360800 1.5421435
v -0.0245318 -0.1352644 1.5383673
v -0.0285615 -0.1347865 1.5348907
v -0.0325264 -0.1340900 1.5315061
v -0.0233639 -0.1319642 1.5757945
v -0.0237874 -0.1320677 1.5773877
v -0.0660238 -0.0297906 1.5331315
v -0.0670657 -0.0212277 1.5368088
v -0.0319467 0.0322838 1.5440121
v -0.0223728 0.0374305 1.5456356
v -0.0301471 -0.1344028 1.5774620
v -0.0277723 -0.1323841 1.5665140
v -0.0389626 -0.1309335 1.5661411
v -0.0299642 -0.1332593 1.5770631
v -0.0296776 -0.1316448 1.5774291
v -0.0277248 -0.1320871 1.5679963
v -0.0278979 -0.1301695 1.5688664
v -0.0386944 -0.1303535 1.5676230
v -0.0383857 -0.1285105 1.5675063
v -0.0061293 -0.1504597 1.5371200
v -0.0109818 -0.1442528 1.5336210
v -0.0121418 -0.1460416 1.5355349
v -0.0089482 -0.1521948 1.5373727
v -0.0304161 -0.1240571 1.5092942
v -0.0278905 -0.1277695 1.5154328
v -0.0173311 -0.1388333 1.5155042
v -0.0320752 -0.1206320 1.5043926
v -0.0189509 -0.1291012 1.4821032
v -0.0284924 -0.1234016 1.4932265
v -0.0096604 -0.1436648 1.5155721
v -0.0136537 -0.1416751 1.5150130
v -0.0308493 -0.1216172 1.4989592
v -0.0351530 -0.1146196 1.5159596
v -0.0367029 -0.1112976 1.5067949
v -0.0404473 -0.0971428 1.5090898
v -0.0389389 -0.1000460 1.5211381
v -0.0399490 -0.0965047 1.4982138
v -0.0364095 -0.1105857 1.4983556
v -0.0245618 -0.1263268 1.4874948
v -0.0232205 -0.1311684 1.4926827
v -0.0093573 -0.1362485 1.4825402
v -0.0250766 -0.1292151 1.4946983
v -0.0211320 -0.1330983 1.4908983
v -0.0181900 -0.1351931 1.4883770
v -0.0081475 -0.1451389 1.5114290
v -0.0103801 -0.1443267 1.5110426
v -0.0128369 -0.1430720 1.5108185
v -0.0149452 -0.1417501 1.5107359
v -0.0172475 -0.1400800 1.5107715
v -0.0191954 -0.1384515 1.5109240
v -0.0260299 -0.1311037 1.5092821
v -0.0273641 -0.1283244 1.5039417
v -0.0272199 -0.1277627 1.5019684
v -0.0271476 -0.1273082 1.5002384
v -0.0262401 -0.1278672 1.4963812
v -0.0273414 -0.1291256 1.5065312
v -0.0271314 -0.1269953 1.4984630
v -0.0289069 -0.1261451 1.5049465
v -0.0290713 -0.1252420 1.5028323
v -0.0287950 -0.1250174 1.5007548
v -0.0153868 -0.1148569 1.4782361
v -0.0273416 -0.1132644 1.4830171
v -0.0333764 -0.1115697 1.4902532
v -0.0361819 -0.0974771 1.4888413
v -0.0346683 -0.0814835 1.4883683
v -0.0388826 -0.0794349 1.4981124
v -0.0401954 -0.0793367 1.5105029
v -0.0384904 -0.0819448 1.5230639
v -0.0320668 -0.0854202 1.5316412
v -0.0323356 -0.1034302 1.5319116
v -0.0129364 -0.1402432 1.5193987
v -0.0148207 -0.1379198 1.5209746
v -0.0285006 -0.1204752 1.5257736
v -0.0149644 -0.1364355 1.4857888
v -0.0215203 -0.0868458 1.5348009
v -0.0188731 -0.1190721 1.5347084
v -0.0258613 -0.0718047 1.4839677
v -0.0162867 -0.0672111 1.4843285
v -0.0221285 -0.0712258 1.5293968
v -0.0301691 -0.0729476 1.5285529
v -0.0289442 -0.0679793 1.4890352
v -0.0323250 -0.0645406 1.4984595
v -0.0338014 -0.0640403 1.5111399
v -0.0331927 -0.0671768 1.5224526
v -0.0112264 -0.1377078 1.5240059
v -0.0276799 -0.0826523 1.4816623
v -0.0164636 -0.0808342 1.4781848
v -0.0285339 -0.0981036 1.4813796
v -0.0157518 -0.0976915 1.4774519
v -0.0113774 -0.1259769 1.4785386
v -0.0211455 -0.1047065 1.5377553
v -0.0084098 -0.1539178 1.5080783
v -0.0122465 -0.1523055 1.5074553
v -0.0159370 -0.1504342 1.5067157
v -0.0191982 -0.1482334 1.5057701
v -0.0220377 -0.1457513 1.5046892
v -0.0244045 -0.1431261 1.5035834
v -0.0284310 -0.1375108 1.5016687
v -0.0286242 -0.1367840 1.5011203
v -0.0386322 -0.1312647 1.5243888
v -0.0233709 -0.1308602 1.5648576
v -0.0223480 -0.1306537 1.5667732
v -0.0217979 -0.1302895 1.5680803
v -0.0208593 -0.1303532 1.5744528
v -0.0205438 -0.1303882 1.5725517
v -0.0206174 -0.1299819 1.5715122
v -0.0627749 -0.0985702 1.5215617
v -0.0259077 -0.1313347 1.5650547
v -0.0508014 -0.1213457 1.5747036
v -0.0493687 -0.1234719 1.5761981
v -0.0467056 -0.1267030 1.5776829
v -0.0424659 -0.1298708 1.5793622
v -0.0371320 -0.1325181 1.5803833
v -0.0307295 -0.1339886 1.5805166
v -0.0256975 -0.1333732 1.5789140
v -0.0227913 -0.1313065 1.5764210
v -0.0101659 -0.1409508 1.5207949
v -0.0212248 -0.1294532 1.5688009
v -0.0201569 -0.1281365 1.5692312
v -0.0204123 -0.1291038 1.5711267
v -0.0175573 -0.0871225 1.4536421
v -0.0319587 -0.0795295 1.4613130
v -0.0372633 -0.0760728 1.4648229
v -0.0428230 -0.0722739 1.4694757
v -0.0486664 -0.0682235 1.4756879
v -0.0550109 -0.0637776 1.4840297
v -0.0616240 -0.0580126 1.4972203
v -0.0634803 -0.0395951 1.5073061
v -0.0640531 -0.0232238 1.5231317
v -0.0427489 0.0143579 1.5270491
v -0.0358401 0.0213389 1.5286360
v -0.0281061 0.0271580 1.5301375
v -0.0196794 0.0314113 1.5314083
v -0.0822750 0.0032161 1.4283276
v -0.0295860 0.0279217 1.4443407
v -0.0313366 -0.0729163 1.4548318
v -0.0489985 -0.0557577 1.3809006
v -0.0519877 -0.0527316 1.3978294
v -0.0859052 -0.0122932 1.4190310
v -0.0734318 -0.0147893 1.4282706
v -0.0700554 -0.0021046 1.4369609
v -0.0461639 0.0215071 1.4446998
v -0.0381509 0.0250944 1.4447014
v -0.0206547 0.0300186 1.4439819
v -0.0546312 0.0307447 1.4343215
v -0.0450361 0.0344485 1.4329520
v -0.0238782 0.0386723 1.4299418
v -0.0686544 -0.0422248 1.3910793
v -0.0623706 -0.0424461 1.4060094
v -0.0472227 -0.0611362 1.4679416
v -0.0580223 -0.0455669 1.4201922
v -0.0610588 -0.0073149 1.4477782
v -0.0403397 0.0158360 1.4573760
v -0.0335909 0.0195710 1.4581606
v -0.0184497 0.0242343 1.4583981
v -0.0267553 -0.0658072 1.3728440
v -0.0250232 -0.0654938 1.3855209
v -0.0230603 -0.0659264 1.3993495
v -0.0180411 -0.0826529 1.4467975
v -0.0420271 -0.0585708 1.4075506
v -0.0610379 -0.0400875 1.4245629
v -0.0640970 -0.0194505 1.4397103
v -0.0628437 -0.0346390 1.4287483
v -0.0557800 -0.0520064 1.3850394
v -0.0481863 -0.0550705 1.4113914
v -0.0363547 -0.0691964 1.4581860
v -0.0346823 0.0370292 1.4312534
v -0.0262440 0.0223888 1.4584290
v -0.0787781 -0.0292942 1.4012408
v -0.0687593 -0.0305884 1.4146130
v -0.0570861 -0.0512748 1.4821188
v -0.0622246 -0.0355783 1.4943353
v -0.0176202 0.0259636 1.5179503
v -0.0250951 0.0225579 1.5169945
v -0.0321080 0.0178728 1.5156171
v -0.0386551 0.0121004 1.5139756
v -0.0606249 -0.0199423 1.5056053
v -0.0451966 -0.0562827 1.3939203
v -0.0742833 -0.0357571 1.3956442
v -0.0659657 -0.0364121 1.4101537
v -0.0525702 -0.0565157 1.4748602
v -0.0624015 -0.0476035 1.3877602
v -0.0576603 -0.0481160 1.4019507
v -0.0536972 -0.0507166 1.4157027
v -0.0417092 -0.0653097 1.4624180
v -0.0072180 -0.0892138 1.4498160
v -0.0128813 -0.0884118 1.4516071
v -0.0187835 -0.0673145 1.3707755
v -0.0099698 -0.0654257 1.3688643
v -0.0133353 -0.0845680 1.4445223
v -0.0074264 -0.0858481 1.4424183
v -0.0162421 -0.0669433 1.3967248
v -0.0085505 -0.0672903 1.3941483
v -0.0090983 -0.0652555 1.3814085
v -0.0173952 -0.0660950 1.3831769
v -0.0219936 -0.1378013 1.5025811
v -0.0235801 -0.1359434 1.5026344
v -0.0314094 -0.1379669 1.5108145
v -0.0329426 -0.1368620 1.5083795
v -0.0276697 -0.1407107 1.5052035
v -0.0293645 -0.1391694 1.5039010
v -0.0293290 -0.1398055 1.5079279
v -0.0310157 -0.1385594 1.5061226
v -0.0261805 -0.1406924 1.5025902
v -0.0275783 -0.1387875 1.5020769
v -0.0517330 -0.1211194 1.5316113
v -0.0527360 -0.1180346 1.5261986
v -0.0649528 -0.0984868 1.5667562
v -0.0623294 -0.1035552 1.5672232
v -0.0237480 -0.1319202 1.5173843
v -0.0202829 -0.1354173 1.5171918
v -0.0640989 -0.0985762 1.5735409
v -0.0619754 -0.1032929 1.5730171
v -0.0213923 -0.1362526 1.5113482
v -0.0237907 -0.1336935 1.5109233
v -0.0241513 -0.1395952 1.5010995
v -0.0255871 -0.1374947 1.5012095
v -0.0338345 -0.1353601 1.5138974
v -0.0352656 -0.1343310 1.5108557
v -0.0619091 -0.1026237 1.5875816
v -0.0605144 -0.1069374 1.5852600
v -0.0214222 -0.1297040 1.5243104
v -0.0175059 -0.1343576 1.5226421
v -0.0561325 -0.1150671 1.5295112
v -0.0549861 -0.1187182 1.5351830
v -0.0214167 -0.1368148 1.5064638
v -0.0232084 -0.1348894 1.5061921
v -0.0130388 -0.1336570 1.5264243
v -0.0156270 -0.1281286 1.5296093
v -0.0631416 -0.0998601 1.5806730
v -0.0615166 -0.1042733 1.5792193
v -0.0481910 -0.1237049 1.5279703
v -0.0491175 -0.1211635 1.5229359
v -0.0640718 -0.1053483 1.5422543
v -0.0617424 -0.1108456 1.5472661
v -0.0415135 -0.1279421 1.5165446
v -0.0404582 -0.1294813 1.5206176
v -0.0368312 -0.1324169 1.5171744
v -0.0380913 -0.1312512 1.5135921
v -0.0443784 -0.1265577 1.5242332
v -0.0453115 -0.1245412 1.5196774
v -0.0435043 -0.0454804 1.6716055
v -0.0491585 -0.0322811 1.6688435
v -0.0714627 -0.0744658 1.6211034
v -0.0668271 -0.0822328 1.6276420
v -0.0221884 -0.0349013 1.6814187
v -0.0250251 -0.0200024 1.6795223
v -0.0595885 -0.1067727 1.6023608
v -0.0619682 -0.1020952 1.5969396
v -0.0701251 -0.0803710 1.6154828
v -0.0661552 -0.0873127 1.6220964
v -0.0661874 -0.0918929 1.6055797
v -0.0634098 -0.0972775 1.6119025
v -0.0616250 -0.1021227 1.6069875
v -0.0640296 -0.0971970 1.6010083
v -0.0682299 -0.0862337 1.6104099
v -0.0649795 -0.0923432 1.6169502
v -0.0328787 -0.0393960 1.6773627
v -0.0372078 -0.0251639 1.6751683
v -0.0586553 -0.0402271 1.6606846
v -0.0523403 -0.0522340 1.6642586
v -0.0586277 -0.1110183 1.5903244
v -0.0559460 -0.1157305 1.5941720
v -0.0601241 -0.1066553 1.5934713
v -0.0575376 -0.1112369 1.5981605
v -0.0490954 -0.1219338 1.5742564
v -0.0447581 -0.1222739 1.5736579
v -0.0472961 -0.1233447 1.5722971
v -0.0456683 -0.1229944 1.5724317
v -0.0482531 -0.1227030 1.5732769
v -0.0298905 -0.1312125 1.5615755
v -0.0285287 -0.1311917 1.5601499
v -0.0337780 -0.1304693 1.5600814
v -0.0326203 -0.1306167 1.5580206
v -0.0386890 -0.1288190 1.5588869
v -0.0374496 -0.1292897 1.5561535
v -0.0533417 -0.1212646 1.5516859
v -0.0516740 -0.1234064 1.5479462
v -0.0573263 -0.1179051 1.5476683
v -0.0553180 -0.1201753 1.5437899
v -0.0486593 -0.1237809 1.5549681
v -0.0472189 -0.1257063 1.5513871
v -0.0273281 -0.1313328 1.5632691
v -0.0254404 -0.1311290 1.5624908
v -0.0438175 -0.1263282 1.5575103
v -0.0424147 -0.1275389 1.5541015
v -0.0628843 -0.1033664 1.5303793
v -0.0597847 -0.1079335 1.5261569
v -0.0601422 -0.1135502 1.5429024
v -0.0578368 -0.1162088 1.5388937
v -0.0619888 -0.1086281 1.5372738
v -0.0592906 -0.1119724 1.5331050
v -0.0637663 -0.0292628 1.4326849
v -0.0730768 -0.0105596 1.4315120
v -0.0658363 -0.0511242 1.5155258
v -0.0710900 -0.0250359 1.4193987
v -0.0704934 -0.0599651 1.5394665
v -0.0713775 -0.0603821 1.5573604
v -0.0736695 -0.0494834 1.5443475
v -0.0777472 -0.0467180 1.5402483
v -0.0782975 -0.0467818 1.5357020
v -0.0759500 -0.0422509 1.5280014
v -0.0639166 -0.0396469 1.5222554
v -0.0500242 0.0302155 1.5736430
v -0.0599723 -0.0456150 1.4872017
v -0.0767606 -0.0413733 1.5845609
v -0.0797023 -0.0464959 1.5267060
v -0.0733763 -0.0406132 1.5636475
v -0.0749993 -0.0473870 1.5559856
v -0.0754369 -0.0464724 1.5629100
v -0.0802050 -0.0437068 1.5411475
v -0.0809002 -0.0264007 1.5631512
v -0.0842908 -0.0217928 1.5641952
v -0.0756833 -0.0409639 1.5305690
v -0.0782112 -0.0392563 1.5290161
v -0.0826952 -0.0415371 1.5293739
v -0.0808235 -0.0429822 1.5367163
v -0.0770542 -0.0293362 1.5421890
v -0.0761524 -0.0331291 1.5374358
v -0.0805392 -0.0278409 1.5406473
v -0.0864246 -0.0295005 1.5399829
v -0.0797055 -0.0315136 1.5354513
v -0.0856873 -0.0332297 1.5356700
v -0.0755804 -0.0438102 1.5619565
v -0.0740252 -0.0461181 1.5553951
v -0.0741168 -0.0467789 1.5503972
v -0.0763941 -0.0480397 1.5502799
v -0.0784952 -0.0466775 1.5695544
v -0.0767542 -0.0422910 1.5725437
v -0.0786422 -0.0437896 1.5692209
v -0.0775032 -0.0361789 1.5697204
v -0.0905027 -0.0238484 1.5603213
v -0.0809926 -0.0285629 1.5717947
v -0.0817551 -0.0398239 1.5795339
v -0.0848053 -0.0332440 1.5435008
v -0.0858702 -0.0277466 1.5580287
v -0.0830491 -0.0356634 1.5405867
v -0.0715005 -0.0246121 1.5562559
v -0.0804953 -0.0260999 1.5547683
v -0.0831598 -0.0220396 1.5546613
v -0.0893384 -0.0236962 1.5525970
v -0.0862743 -0.0286118 1.5517937
v -0.0754652 -0.0318996 1.5482605
v -0.0727321 -0.0398205 1.5586298
v -0.0795563 -0.0475509 1.5304134
v -0.0825229 -0.0426708 1.5324384
v -0.0844974 -0.0345536 1.5377581
v -0.0855138 -0.0313104 1.5414190
v -0.0873335 -0.0257996 1.5517470
v -0.0870498 -0.0245317 1.5587645
v -0.0811017 -0.0451515 1.5759943
v -0.0401874 0.0398551 1.5769445
v -0.0836555 -0.0429566 1.5744305
v -0.0854079 -0.0251914 1.5737836
v -0.0863265 -0.0389615 1.5796494
v -0.0763433 -0.0391511 1.5723108
v -0.0815799 -0.0392243 1.5756800
v -0.0875320 -0.0351032 1.5758677
v -0.0901783 -0.0263312 1.5679924
v -0.0807187 -0.0367446 1.5744475
v -0.0862597 -0.0252583 1.5662199
v -0.0843004 -0.0329071 1.5749478
v -0.0848617 -0.0283426 1.5645555
v -0.0830271 -0.0323879 1.5726074
v -0.0811215 -0.0344934 1.5717890
v -0.0840785 -0.0313701 1.5631843
v -0.0857813 -0.0306985 1.5469718
v -0.0863464 -0.0282924 1.5458868
v -0.0874315 -0.0262233 1.5454980
v -0.0817892 -0.0247867 1.5469160
v -0.0786887 -0.0272039 1.5478594
v -0.0851080 -0.0307971 1.5574149
v -0.0744254 -0.0294040 1.5721288
v -0.0753135 -0.0312191 1.5701309
v -0.0769031 -0.0404123 1.5797997
v -0.0760838 -0.0466246 1.5794613
v -0.0747322 -0.0515462 1.5743607
v -0.0728050 -0.0534392 1.5659413
v -0.0723582 -0.0542897 1.5571861
v -0.0730191 -0.0547088 1.5492426
v -0.0721535 -0.0544617 1.5411559
v -0.0712302 -0.0537741 1.5334698
v -0.0704384 -0.0531550 1.5274296
v -0.0685026 -0.0514065 1.5253551
v -0.0658534 -0.0474229 1.5268070
v -0.0652513 -0.0440468 1.5304033
v -0.0679400 -0.0336709 1.5386084
v -0.0698843 -0.0294500 1.5431420
v -0.0715536 -0.0271606 1.5489964
v -0.0731174 -0.0269650 1.5557251
v -0.0740960 -0.0289303 1.5629060
v -0.0726303 -0.0408570 1.5611513
v -0.0732625 -0.0408001 1.5601782
v -0.0820615 -0.0363000 1.5432495
v -0.0830510 -0.0339445 1.5453653
v -0.0850416 -0.0310771 1.5521396
v -0.0840930 -0.0322752 1.5481766
v -0.0790066 -0.0304363 1.5492764
v -0.0807729 -0.0329037 1.5459690
v -0.0815424 -0.0314902 1.5486345
v -0.0766106 -0.0485021 1.5713319
v -0.0797998 -0.0352910 1.5442021
v -0.0769485 -0.0418462 1.5428562
v -0.0751300 -0.0444376 1.5414282
v -0.0729199 -0.0490665 1.5450958
v -0.0768583 -0.0335773 1.5598472
v -0.0809798 -0.0336673 1.5613220
v -0.0777596 -0.0309823 1.5564063
v -0.0816666 -0.0318971 1.5565381
v -0.0787063 -0.0300304 1.5526897
v -0.0819245 -0.0309928 1.5522144
v -0.0728308 -0.0461040 1.5538055
v -0.0728579 -0.0470337 1.5506780
v -0.0729545 -0.0435500 1.5564238
v -0.0729630 -0.0477651 1.5480767
v -0.0733469 -0.0468531 1.5508671
v -0.0734381 -0.0460096 1.5545747
v -0.0736720 -0.0436020 1.5582948
v -0.0742664 -0.0425225 1.5672115
v -0.0743513 -0.0400891 1.5676651
v -0.0756056 -0.0374648 1.5661588
v -0.0775602 -0.0337058 1.5441939
v -0.0778924 -0.0311304 1.5698607
v -0.0737416 -0.0330271 1.5494967
v -0.0693372 -0.0365766 1.5489358
v -0.0727058 -0.0320905 1.5551826
v -0.0726912 -0.0342931 1.5537558
v -0.0704316 -0.0374259 1.5519406
v -0.0720284 -0.0395945 1.5603604
v -0.0725336 -0.0418683 1.5559562
v -0.0720340 -0.0443733 1.5549660
v -0.0716741 -0.0407915 1.5547686
v -0.0709131 -0.0460647 1.5536155
v -0.0697364 -0.0432248 1.5543540
v -0.0709765 -0.0479425 1.5501518
v -0.0685825 -0.0389544 1.5509399
v -0.0744188 -0.0393033 1.5417296
v -0.0709932 -0.0491131 1.5467294
v -0.0710633 -0.0459269 1.5404910
v -0.0742396 -0.0311545 1.5526065
v -0.0733290 -0.0332774 1.5517008
v -0.0705382 -0.0361531 1.5507282
v -0.0744012 -0.0303750 1.5565802
v -0.0759545 -0.0297697 1.5531417
v -0.0728811 -0.0325112 1.5597541
v -0.0738152 -0.0381092 1.5630604
v -0.0767790 -0.0303837 1.5500457
v -0.0715662 -0.0371075 1.5422015
v -0.0754090 -0.0327835 1.5453998
v -0.0697126 -0.0362089 1.5453730
v -0.0742406 -0.0329138 1.5473721
v -0.0710160 -0.0372609 1.5590951
v -0.0715559 -0.0432005 1.5550888
v -0.0675506 -0.0462803 1.5533500
v -0.0668755 -0.0407640 1.5492040
v -0.0679183 -0.0387494 1.5477566
v -0.0682129 -0.0392896 1.5450102
v -0.0667790 -0.0426978 1.5459789
v -0.0697115 -0.0404122 1.5414492
v -0.0680239 -0.0443052 1.5421599
v -0.0727515 -0.0422983 1.5402279
v -0.0774550 -0.0296888 1.5622211
v -0.0764018 -0.0278412 1.5549891
v -0.0747256 -0.0278811 1.5485907
v -0.0731541 -0.0302115 1.5433458
v -0.0719196 -0.0343558 1.5390764
v -0.0714114 -0.0446201 1.5325880
v -0.0716069 -0.0461825 1.5286980
v -0.0747048 -0.0501838 1.5256277
v -0.0759782 -0.0517075 1.5296338
v -0.0744573 -0.0499452 1.5362695
v -0.0750453 -0.0481154 1.5402951
v -0.0734221 -0.0469949 1.5409291
v -0.0705573 -0.0492515 1.5430577
v -0.0742024 -0.0492624 1.5642276
v -0.0657477 -0.0435139 1.5514895
v -0.0668103 -0.0484457 1.5437866
v -0.0642028 -0.0465551 1.5476553
v -0.0730410 -0.0357443 1.5616223
v -0.0709271 -0.0342614 1.5573480
v -0.0721473 -0.0361168 1.5555664
v -0.0671325 -0.0498902 1.5501012
v -0.0681990 -0.0502588 1.5465492
v -0.0784847 -0.0399795 1.5782598
v -0.0287012 0.0474852 1.5794446
v -0.0766408 -0.0347743 1.5763636
v -0.0816611 -0.0334388 1.5779533
v -0.0865085 -0.0318977 1.5796703
v -0.0894907 -0.0305670 1.5737363
v -0.0857332 -0.0286391 1.5722398
v -0.0837782 -0.0302410 1.5699522
v -0.0824838 -0.0326550 1.5682449
v -0.0793793 -0.0347022 1.5660186
v -0.0766555 -0.0361862 1.5631478
v -0.0708292 -0.0393070 1.5533470
v -0.0685981 -0.0412035 1.5526874
v -0.0752284 -0.0314444 1.5500969
v -0.0722176 -0.0381411 1.5571724
v -0.0785660 -0.0316936 1.5463858
v -0.0766011 -0.0314921 1.5474387
v -0.0739974 -0.0511080 1.5428451
v -0.0742521 -0.0503136 1.5566559
v -0.0784901 -0.0346054 1.5759401
v -0.0755644 -0.0513328 1.5500740
v -0.0777901 -0.0451067 1.5767088
v -0.0734316 -0.0419102 1.5628524
v -0.0670308 -0.0955336 1.5436988
v -0.0680156 -0.0868800 1.5398265
v -0.0439380 -0.1258417 1.5692739
v -0.0592287 -0.1130037 1.5554825
v -0.0510336 -0.1194046 1.5613344
v -0.0551270 -0.1165133 1.5585639
v -0.0477255 -0.1221892 1.5638554
v -0.0430244 -0.1242125 1.5693016
v -0.0688105 -0.0770909 1.5381880
v -0.0458124 -0.1246201 1.5662606
v -0.0447681 -0.1260516 1.5681850
v -0.0696627 -0.0677597 1.5383044
v -0.0625839 -0.1083396 1.5519483
v -0.0652658 -0.1026126 1.5480131
v -0.0824410 -0.0235875 1.4077302
v -0.0498400 -0.1184100 1.5679013
v -0.0448894 -0.1215291 1.5714731
v -0.0558481 -0.1125820 1.5650458
v -0.0593655 -0.1090430 1.5634599
v -0.0698211 -0.0853261 1.5577807
v -0.0465306 -0.1225733 1.5704465
v -0.0713628 -0.0683091 1.5571316
v -0.0456124 -0.1226030 1.5709189
v -0.0679369 -0.0927958 1.5588963
v -0.0478455 -0.1209533 1.5692986
v -0.0525683 -0.1156174 1.5665067
v -0.0710113 -0.0769750 1.5571814
v -0.0656093 -0.0992517 1.5603424
v -0.0626754 -0.1046236 1.5618882
v -0.0774887 -0.0414353 1.5918711
v -0.0713217 -0.0036968 1.6328584
v -0.0318236 0.0264400 1.6544600
v -0.0473742 0.0192191 1.6496654
v -0.0616540 0.0086106 1.6421480
v -0.0744330 -0.0266122 1.5751987
v -0.0582345 0.0193824 1.5699393
v -0.0577204 0.0254308 1.6085294
v -0.0659884 0.0125726 1.6019893
v -0.0323344 0.0450261 1.6185391
v -0.0461338 0.0367839 1.6143095
v -0.0626808 -0.0494118 1.5016373
v -0.0856330 -0.0070877 1.4227934
v -0.0637942 -0.0154846 1.4425364
v -0.0623746 -0.0307953 1.4980018
v -0.0637865 -0.0348930 1.5110970
v -0.0710187 -0.0208141 1.5568367
v -0.0197738 -0.1281844 1.5703657
v -0.0183733 -0.1293489 1.5694638
v -0.0188149 -0.1286325 1.5696983
v -0.0132243 -0.1311809 1.5696943
v -0.0212919 -0.1276758 1.5714469
v -0.0100874 -0.1348695 1.5692177
v -0.0179410 -0.1297164 1.5696063
v -0.0163196 -0.1299657 1.5698105
v -0.0071630 -0.1395414 1.5689505
v -0.0245381 -0.1270883 1.5685602
v -0.0226689 -0.1266149 1.5698928
v -0.0306299 -0.1281636 1.5651333
v -0.0345864 -0.1276184 1.5645002
v -0.0417623 -0.1240686 1.5664288
v -0.0445779 -0.1209495 1.5701754
v -0.0254623 -0.1290108 1.5774899
v -0.0372940 -0.1287638 1.5808911
v -0.0411591 -0.1262473 1.5801280
v -0.0436678 -0.1236041 1.5785867
v -0.0326322 -0.1302042 1.5806085
v -0.0453108 -0.1205709 1.5743500
v -0.0233941 -0.1276417 1.5747571
v -0.0285716 -0.1300459 1.5794446
v -0.0272512 -0.1278739 1.5665358
v -0.0386635 -0.1260890 1.5649602
v -0.0448699 -0.1217111 1.5766581
v -0.0435481 -0.1222728 1.5682671
v -0.0452039 -0.1202370 1.5721788
v -0.0223318 -0.1266349 1.5722930
v 0.0000078 -0.1421389 1.4898968
v -0.0000074 -0.1352672 1.4815234
v -0.0000684 -0.1229889 1.4780688
v -0.0001701 -0.1107776 1.4767660
v -0.0000537 -0.0973148 1.4769976
v -0.0000148 -0.0794543 1.4785786
v -0.0000226 -0.0641582 1.4856184
v -0.0000149 -0.0709683 1.5294260
v 0.0000000 -0.0871327 1.5360811
v 0.0000112 -0.1054198 1.5413975
v 0.0000027 -0.1186613 1.5393684
v 0.0000016 -0.1380189 1.5263499
v 0.0000052 -0.1419075 1.5226104
v 0.0000009 -0.1446793 1.5178019
v -0.0000045 -0.1459966 1.5125571
v -0.0000033 -0.1463391 1.5070114
v -0.0000134 -0.1488052 1.5025998
v -0.0000235 -0.1531426 1.5041347
v -0.0000359 -0.1550672 1.5087547
v 0.0000115 -0.1530169 1.5133564
v -0.0000138 -0.1511626 1.5180352
v -0.0000166 -0.1498986 1.5230912
v 0.0000342 -0.1505611 1.5271133
v 0.0000098 -0.1538793 1.5288414
v -0.0000145 -0.1579763 1.5305084
v -0.0000133 -0.1619260 1.5336726
v 0.0000339 -0.1641597 1.5391778
v 0.0000100 -0.1628861 1.5445898
v 0.0000002 -0.1557228 1.5546336
v -0.0000039 -0.1517810 1.5597396
v -0.0000057 -0.1476063 1.5648472
v -0.0000331 -0.1403047 1.5744903
v 0.0000034 -0.1405712 1.5792143
v 0.0000085 -0.1426752 1.5849154
v -0.0000032 -0.1439114 1.5914211
v 0.0000004 -0.1434625 1.5981067
v -0.0000042 -0.1417760 1.6049284
v -0.0000003 -0.1396859 1.6117535
v -0.0000029 -0.1377050 1.6184628
v -0.0000056 -0.1355604 1.6248266
v -0.0000132 -0.1328363 1.6307114
v -0.0000202 -0.1296807 1.6363792
v -0.0000208 -0.1262236 1.6419469
v -0.0000010 -0.1008810 1.6682113
v -0.0000011 -0.0928026 1.6726289
v 0.0000138 -0.0833834 1.6766434
v 0.0000205 -0.0724806 1.6800047
v 0.0000263 -0.0598515 1.6824703
v 0.0000273 -0.0460496 1.6839983
v 0.0000606 0.0002824 1.6786950
v 0.0000672 0.0166323 1.6702254
v 0.0000210 0.0430961 1.6407961
v 0.0000024 0.0559449 1.6014876
v 0.0000049 0.0480188 1.5636377
v 0.0000136 0.0413540 1.5471315
v 0.0000093 -0.0894541 1.4490762
v -0.0000044 0.0347400 1.5324923
v 0.0000360 -0.0863582 1.4414735
v 0.0000434 -0.0670893 1.3930879
v -0.0000173 -0.0642219 1.3806053
v -0.0000697 -0.0632929 1.3682661
v -0.0000216 0.0286896 1.5186183
v -0.0000222 0.0259894 1.4583856
v 0.0000060 0.0322317 1.4438592
v 0.0001417 0.0410960 1.4298407
v -0.0000017 -0.1334864 1.5291169
v -0.0000049 -0.1275370 1.5331440
v 0.0000359 -0.0161749 1.6830168
v 0.0000274 -0.0315859 1.6844132
v 0.0000044 0.0541702 1.5815836
v 0.0000609 0.0311903 1.6572752
v 0.0000212 0.0515392 1.6218860
v 0.0000041 -0.1434012 1.5695910
v -0.0155177 -0.0605744 1.4916153
v -0.0215277 -0.0582887 1.4997565
v -0.0242115 -0.0573894 1.5115741
v -0.0240985 -0.0608838 1.5218226
v -0.0000355 -0.0590854 1.4914984
v 0.0000436 -0.0562620 1.5011263
v 0.0000450 -0.0548118 1.5118716
v 0.0000123 -0.0591162 1.5220116
v -0.0358580 -0.0616399 1.4043958
v -0.0295276 -0.0641925 1.4018011
v -0.0267405 -0.0766098 1.4518921
v -0.0223826 -0.0799559 1.4492168
v -0.0413422 -0.0588936 1.3775134
v -0.0339951 -0.0623600 1.3749053
v -0.0384787 -0.0594464 1.3906614
v -0.0319564 -0.0628571 1.3879883
v -0.0269275 -0.0826388 1.4584016
v -0.0221448 -0.0852108 1.4558616
v -0.0381311 -0.0644306 1.4484382
v -0.0414422 -0.0612869 1.4371870
v -0.0448671 -0.0582042 1.4248140
v 0.0000157 -0.0715563 1.4067861
v -0.0000426 -0.0766984 1.4195116
v 0.0000122 -0.0815639 1.4314672
v -0.0187001 -0.0778553 1.4372768
v -0.0199129 -0.0732480 1.4256940
v -0.0213416 -0.0690169 1.4131210
v -0.0545605 -0.0493084 1.4333925
v -0.0513772 -0.0528665 1.4456204
v -0.0486587 -0.0564192 1.4572606
v -0.0604441 -0.0273115 1.4840382
v -0.0592686 -0.0239928 1.4700274
v -0.0599192 -0.0203318 1.4560829
v -0.0244094 0.0202491 1.4732516
v -0.0234076 0.0195486 1.4880278
v -0.0234371 0.0199441 1.5027835
v -0.0329748 -0.0679964 1.4452298
v -0.0360806 -0.0646882 1.4338435
v -0.0391871 -0.0616343 1.4212869
v -0.0574234 -0.0173241 1.4902200
v -0.0556529 -0.0146672 1.4754841
v -0.0565454 -0.0115443 1.4611214
v -0.0371580 0.0131441 1.4715185
v -0.0355236 0.0114845 1.4858942
v -0.0360196 0.0110203 1.5001677
v -0.0609895 -0.0338736 1.4464065
v -0.0597126 -0.0378463 1.4597720
v -0.0592582 -0.0415402 1.4732997
v -0.0434474 -0.0606403 1.4524043
v -0.0465861 -0.0573157 1.4411614
v -0.0500767 -0.0540378 1.4289230
v -0.0578640 -0.0441608 1.4380000
v -0.0553320 -0.0479838 1.4505860
v -0.0532853 -0.0516964 1.4629484
v -0.0310852 0.0171916 1.4726441
v -0.0296965 0.0159885 1.4872112
v -0.0298750 0.0159415 1.5016938
v -0.0608020 -0.0245272 1.4532690
v -0.0601086 -0.0284160 1.4669398
v -0.0608411 -0.0318975 1.4806927
v -0.0150128 -0.0704997 1.4103432
v -0.0142625 -0.0752438 1.4228899
v -0.0135896 -0.0798960 1.4346752
v 0.0000035 0.0245464 1.5036846
v 0.0000080 0.0232071 1.4887959
v -0.0000093 0.0232913 1.4737272
v -0.0171818 0.0221809 1.4735123
v -0.0165016 0.0219574 1.4884785
v -0.0164782 0.0227500 1.5034139
v -0.0568691 -0.0466182 1.4686011
v -0.0580765 -0.0428586 1.4554873
v -0.0599078 -0.0389332 1.4424596
v -0.0079647 -0.0712316 1.4078971
v -0.0077165 -0.0763623 1.4205327
v -0.0074241 -0.0811386 1.4324268
v -0.0234046 -0.0749532 1.4398990
v -0.0252097 -0.0705622 1.4283957
v -0.0272646 -0.0668776 1.4157054
v -0.0280967 -0.0715583 1.4425220
v -0.0305923 -0.0676879 1.4310162
v -0.0332419 -0.0644728 1.4182966
v -0.0552642 -0.0924868 1.6414121
v -0.0535897 -0.0881693 1.6474190
v -0.0506733 -0.0835857 1.6536379
v -0.0464567 -0.0788754 1.6599710
v -0.0000076 -0.1077623 1.6635087
v -0.0000280 -0.1135683 1.6584852
v -0.0000288 -0.1184199 1.6531255
v -0.0000280 -0.1225146 1.6475618
v -0.0541119 0.0085303 1.5383518
v -0.0590588 0.0002414 1.5368109
v -0.0628237 -0.0074264 1.5356880
v -0.0654536 -0.0146209 1.5354073
v -0.0643756 0.0087202 1.5663559
v -0.0679707 -0.0009450 1.5631880
v -0.0697878 -0.0091009 1.5603613
v -0.0706313 -0.0156995 1.5581422
v -0.0171312 -0.1063856 1.6612606
v -0.0171106 -0.1113311 1.6568048
v -0.0173355 -0.1157541 1.6519744
v -0.0177153 -0.1198007 1.6469498
v -0.0532778 0.0172637 1.4441085
v -0.0592718 0.0125197 1.4429766
v -0.0639914 0.0075778 1.4413697
v -0.0674691 0.0025326 1.4393888
v -0.0119823 -0.1071329 1.6624780
v -0.0118069 -0.1125438 1.6577330
v -0.0118379 -0.1171844 1.6526529
v -0.0120249 -0.1212904 1.6473753
v -0.0711433 0.0006718 1.5956995
v -0.0738442 -0.0091660 1.5898257
v -0.0748661 -0.0168095 1.5842491
v -0.0747917 -0.0224958 1.5792580
v -0.0239152 -0.1176268 1.6463972
v -0.0232451 -0.1137057 1.6512010
v -0.0226016 -0.1095846 1.6558138
v -0.0221658 -0.1052553 1.6599298
v -0.0430964 -0.1054947 1.6448107
v -0.0415601 -0.1018690 1.6500020
v -0.0391815 -0.0981543 1.6550777
v -0.0359202 -0.0945108 1.6598825
v -0.0761848 -0.0152835 1.6235569
v -0.0781450 -0.0249765 1.6150552
v -0.0787230 -0.0326001 1.6071794
v -0.0784146 -0.0382292 1.5995779
v -0.0749518 -0.0257881 1.6357849
v -0.0773483 -0.0348661 1.6265048
v -0.0782305 -0.0425385 1.6179072
v -0.0780880 -0.0489358 1.6095031
v -0.0367983 -0.1105871 1.6454897
v -0.0354919 -0.1069966 1.6503887
v -0.0336131 -0.1033278 1.6550570
v -0.0312010 -0.0998348 1.6592808
v -0.0492491 -0.0994242 1.6435425
v -0.0476112 -0.0955352 1.6491220
v -0.0448774 -0.0914866 1.6547261
v -0.0410105 -0.0874140 1.6602590
v -0.0718322 -0.0685050 1.6275661
v -0.0709589 -0.0621723 1.6348366
v -0.0687252 -0.0553280 1.6428649
v -0.0648517 -0.0479856 1.6515901
v -0.0630857 0.0259095 1.4348141
v -0.0700966 0.0203658 1.4343361
v -0.0754389 0.0146914 1.4329174
v -0.0793651 0.0088649 1.4308447
v -0.0577688 -0.0136519 1.5075793
v -0.0534773 -0.0076571 1.5091377
v -0.0490013 -0.0014341 1.5107751
v -0.0443714 0.0054840 1.5123396
v -0.0744218 -0.0063444 1.6098377
v -0.0765647 -0.0162102 1.6025968
v -0.0773374 -0.0237236 1.5957869
v -0.0771215 -0.0290796 1.5894935
v -0.0463160 0.0115035 1.4560547
v -0.0513844 0.0068052 1.4543301
v -0.0554659 0.0019484 1.4523488
v -0.0586128 -0.0027974 1.4501885
v -0.0758060 -0.0592226 1.6193473
v -0.0754992 -0.0525588 1.6273193
v -0.0739637 -0.0451634 1.6358769
v -0.0707272 -0.0369303 1.6450744
v -0.0585727 -0.0588948 1.6560622
v -0.0627858 -0.0653167 1.6480454
v -0.0654363 -0.0713804 1.6405963
v -0.0666873 -0.0769860 1.6337922
v -0.0303668 -0.1145991 1.6459147
v -0.0293620 -0.1108619 1.6506641
v -0.0281209 -0.1070420 1.6551720
v -0.0267987 -0.1033368 1.6590990
v -0.0723804 -0.0182442 1.5688469
v -0.0721978 -0.0120640 1.5724387
v -0.0710391 -0.0040769 1.5766563
v -0.0680290 0.0057813 1.5811443
v -0.0486522 0.0067556 1.5255371
v -0.0536380 -0.0006896 1.5240990
v -0.0580756 -0.0076856 1.5228906
v -0.0616660 -0.0147583 1.5223480
v -0.0523482 -0.0693012 1.6587197
v -0.0566640 -0.0747928 1.6515131
v -0.0595420 -0.0800426 1.6446390
v -0.0611134 -0.0849429 1.6382391
v -0.0685278 -0.0145978 1.5471032
v -0.0668102 -0.0076486 1.5480962
v -0.0639946 0.0003749 1.5498146
v -0.0596740 0.0094742 1.5519435
v -0.0539065 -0.0068633 1.4634287
v -0.0506678 -0.0019772 1.4656441
v -0.0468622 0.0031294 1.4678193
v -0.0423980 0.0082865 1.4698508
v -0.0527626 -0.0097532 1.4778332
v -0.0492896 -0.0046359 1.4800361
v -0.0453566 0.0007962 1.4821476
v -0.0408037 0.0063084 1.4841413
v -0.0543578 -0.0119928 1.4925925
v -0.0503731 -0.0066718 1.4946665
v -0.0462288 -0.0008688 1.4965837
v -0.0415823 0.0053063 1.4984090
v -0.0728042 -0.0196675 1.4241524
v -0.0614892 -0.0404073 1.4908925
v -0.0731067 -0.0403379 1.5573612
v -0.0844150 -0.0271876 1.5391744
v -0.0844069 -0.0020356 1.4257082
v -0.0735755 -0.0412126 1.5586300
v -0.0774876 -0.0432425 1.5710388
v -0.0717862 -0.0345764 1.5489508
v -0.0735785 -0.0346262 1.5437206
v -0.0908409 -0.0313909 1.5771977
v -0.0836200 -0.0312543 1.5342937
v -0.0722671 -0.0375155 1.5544062
v -0.0792243 -0.0356638 1.5316700
v -0.0670692 -0.0496418 1.5251985
v -0.0845016 -0.0372312 1.5321784
v -0.0809003 -0.0398611 1.5283560
v -0.0720606 -0.0350353 1.5510052
v -0.0910515 -0.0249013 1.5717161
v -0.0743659 -0.0417007 1.5610597
v -0.0628359 -0.0115600 1.4452111
v -0.0726106 -0.0390301 1.5559765
v -0.0856460 -0.0235463 1.5454720
v -0.0660039 -0.0392143 1.5349786
v -0.0838574 -0.0384449 1.5348604
v -0.0819812 -0.0390974 1.5382779
v -0.0619513 -0.0256887 1.5019855
v -0.0749557 -0.0429122 1.5654851
v -0.0720997 -0.0342331 1.5463489
v -0.0889803 -0.0370975 1.5772120
v -0.0896374 -0.0210074 1.5627462
v -0.0714956 -0.0402442 1.5366105
v -0.0786035 -0.0386441 1.5438206
v -0.0719385 -0.0064836 1.4343083
v -0.0631028 -0.0441030 1.5043448
v -0.0639188 -0.0296684 1.5159914
v -0.0720959 -0.0359681 1.5528078
v -0.0875650 -0.0209510 1.5535882
v -0.0640717 -0.0240360 1.4363769
v -0.0778090 -0.0436771 1.5262923
v -0.0648023 -0.0473500 1.5163949
v -0.0825210 -0.0406557 1.5750047
v -0.0761282 -0.0377820 1.5340115
v -0.0760658 -0.0364909 1.5431275
v -0.0813675 -0.0397631 1.5419408
v -0.0726192 -0.0472743 1.5260388
v -0.0645406 -0.0347147 1.5272396
v -0.0849203 -0.0179372 1.4139978
v -0.0585530 -0.0160437 1.4586790
v -0.0578198 -0.0194317 1.4728816
v -0.0593575 -0.0224953 1.4872944
v -0.0605249 -0.0366175 1.4771872
v -0.0603178 -0.0330139 1.4635433
v -0.0612215 -0.0290236 1.4500195
v -0.0825802 -0.0356637 1.5308418
v -0.0086699 -0.0579394 1.4947546
v 0.0086030 -0.0579625 1.4948328
v 0.0143221 -0.0007959 1.6778049
v 0.0155338 0.0523847 1.5810738
v -0.0067893 -0.1353986 1.6249307
v -0.0164011 0.0301094 1.6566889
v 0.0164796 0.0300924 1.6567003
v 0.0068082 -0.1354027 1.6249262
v 0.0000098 -0.0576413 1.4944073
v 0.0034657 -0.1535943 1.5292538
v 0.0066761 -0.1008735 1.6678766
v 0.0043327 -0.1588769 1.5493162
v 0.0065765 -0.1259146 1.6420426
v 0.0041584 -0.1536126 1.5133946
v 0.0064218 -0.1075834 1.6632820
v 0.0039317 -0.1513501 1.5181736
v 0.0045429 -0.1621866 1.5442888
v 0.0037739 -0.1500498 1.5232563
v 0.0076028 -0.0837367 1.6761813
v 0.0055831 -0.1434077 1.5982985
v 0.0110906 0.0312755 1.4437408
v 0.0120221 0.0404236 1.5467329
v 0.0051414 -0.1437733 1.5916429
v 0.0107118 -0.0564812 1.5008571
v 0.0068214 -0.1326186 1.6307892
v 0.0070442 -0.0929787 1.6722093
v 0.0047508 -0.1461434 1.5068899
v 0.0168676 0.0540255 1.6007550
v 0.0044602 -0.1464539 1.5644655
v 0.0107993 -0.0870718 1.5357252
v 0.0172922 0.0498322 1.6210257
v 0.0034054 -0.1397859 1.5743451
v 0.0050192 -0.1457098 1.5122321
v 0.0065095 -0.1379091 1.5256815
v 0.0121716 -0.0551579 1.5117171
v 0.0059914 -0.1417034 1.6050887
v 0.0043878 -0.1508194 1.5592228
v 0.0090887 -0.0604699 1.6819925
v 0.0073939 -0.1334659 1.5284382
v 0.0045904 -0.1528268 1.5041111
v 0.0083527 -0.0729587 1.6795356
v 0.0041678 -0.1613367 1.5337143
v 0.0114494 -0.0323209 1.6836998
v 0.0121154 -0.0591211 1.5218410
v 0.0037488 -0.1401609 1.5791558
v -0.0155281 0.0523871 1.5810430
v 0.0172236 0.0418169 1.6400715
v 0.0055034 -0.1443345 1.5172787
v 0.0105957 -0.1052122 1.5405428
v -0.0065789 -0.1259353 1.6420265
v 0.0100681 -0.0467438 1.6834407
v 0.0063522 -0.1395960 1.6119031
v 0.0105737 0.0339162 1.5321971
v -0.0041518 -0.1533917 1.5133870
v 0.0038551 -0.1424684 1.5693750
v 0.0094838 0.0280202 1.5184494
v 0.0098810 0.0254834 1.4583926
v 0.0128138 0.0398672 1.4295397
v 0.0128980 -0.0170675 1.6821125
v 0.0085440 -0.1275826 1.5323753
v -0.0034476 -0.1535847 1.5292851
v 0.0067193 -0.1294194 1.6364763
v 0.0066351 -0.1375952 1.6186005
v 0.0111512 -0.0708639 1.5293019
v 0.0091534 0.0231225 1.4736643
v 0.0097077 -0.1186641 1.5384443
v 0.0043922 -0.1547249 1.5085106
v 0.0035306 -0.1502749 1.5275013
v 0.0037097 -0.1576772 1.5306880
v 0.0042369 -0.1549066 1.5541520
v 0.0156068 0.0155249 1.6695399
v 0.0137339 0.0467577 1.5631894
v 0.0046163 -0.1423733 1.5850489
v 0.0046410 -0.1635207 1.5388596
v 0.0059406 -0.1415872 1.5220536
v 0.0046715 -0.1487135 1.5026647
v 0.0087249 0.0230590 1.4887004
v -0.0066733 -0.1008646 1.6678851
v 0.0087774 0.0241825 1.5036311
v 0.0062979 -0.1132840 1.6583723
v 0.0063147 -0.1180649 1.6530993
v -0.0045487 -0.1622011 1.5443271
v 0.0064296 -0.1221785 1.6475965
v -0.0143208 -0.0007768 1.6778253
v -0.0039454 -0.1513182 1.5181500
v -0.0037613 -0.1499800 1.5232389
v -0.0075844 -0.0837291 1.6761870
v -0.0055847 -0.1433752 1.5982958
v -0.0110934 0.0314616 1.4438186
v -0.0120058 0.0404215 1.5467306
v -0.0051574 -0.1437514 1.5916334
v -0.0107368 -0.0564470 1.5008188
v -0.0068146 -0.1326248 1.6308044
v -0.0070458 -0.0929723 1.6722147
v -0.0047443 -0.1461235 1.5068749
v -0.0168379 0.0540185 1.6007742
v -0.0044715 -0.1464412 1.5644451
v -0.0108192 -0.0870876 1.5357423
v -0.0172344 0.0498542 1.6210396
v -0.0034460 -0.1397927 1.5742972
v -0.0050153 -0.1457162 1.5122392
v -0.0065105 -0.1379077 1.5256884
v -0.0121581 -0.0551871 1.5117074
v -0.0059917 -0.1417102 1.6050917
v -0.0043811 -0.1508135 1.5592152
v -0.0090599 -0.0604831 1.6819997
v -0.0073989 -0.1334692 1.5284425
v -0.0046188 -0.1528222 1.5041335
v -0.0083244 -0.0729415 1.6795230
v -0.0041942 -0.1613259 1.5337471
v -0.0114475 -0.0323412 1.6837137
v -0.0121394 -0.0591721 1.5218616
v -0.0037423 -0.1401212 1.5791765
v -0.0171320 0.0418149 1.6401097
v -0.0055000 -0.1443358 1.5172982
v -0.0105844 -0.1051885 1.5405427
v -0.0100616 -0.0467812 1.6834564
v -0.0063396 -0.1395854 1.6118984
v -0.0106014 0.0339002 1.5322239
v -0.0038884 -0.1425020 1.5694025
v -0.0095116 0.0280069 1.5184443
v -0.0099299 0.0254500 1.4583648
v -0.0126848 0.0402466 1.4297161
v -0.0129081 -0.0170768 1.6821330
v -0.0085535 -0.1275867 1.5323664
v -0.0091817 0.0230925 1.4736574
v -0.0067214 -0.1294221 1.6364658
v -0.0066191 -0.1375780 1.6185951
v -0.0111987 -0.0709261 1.5293294
v -0.0042381 -0.1549466 1.5541884
v -0.0097046 -0.1186588 1.5384374
v -0.0044194 -0.1548553 1.5085424
v -0.0034907 -0.1503320 1.5274283
v -0.0037242 -0.1576454 1.5307297
v -0.0064217 -0.1075954 1.6632637
v -0.0155882 0.0155562 1.6695685
v -0.0137231 0.0467554 1.5631920
v -0.0046112 -0.1423455 1.5850493
v -0.0046257 -0.1635152 1.5389085
v -0.0059365 -0.1415831 1.5220633
v -0.0046734 -0.1486696 1.5026426
v -0.0087226 0.0230546 1.4887159
v -0.0087523 0.0241926 1.5036386
v -0.0063112 -0.1133006 1.6583292
v -0.0063263 -0.1180906 1.6530532
v -0.0064363 -0.1221923 1.6475744
v -0.0043114 -0.1588950 1.5493417
usemtl blender_human_cc0
f 213 2 9
f 10 213 9
f 214 213 10
f 11 214 10
f 215 214 11
f 12 215 11
f 5 210 209
f 4 5 209
f 3 215 12
f 13 3 12
f 211 210 5
f 6 211 5
f 6 7 1
f 211 6 1
f 212 1 7
f 8 212 7
f 8 9 2
f 212 8 2
f 21 11 10
f 20 21 10
f 22 12 11
f 21 22 11
f 14 15 5
f 4 14 5
f 23 13 12
f 22 23 12
f 16 6 5
f 15 16 5
f 17 7 6
f 16 17 6
f 18 8 7
f 17 18 7
f 19 9 8
f 18 19 8
f 19 20 10
f 9 19 10
f 32 22 21
f 31 32 21
f 24 25 15
f 14 24 15
f 33 23 22
f 32 33 22
f 26 16 15
f 25 26 15
f 26 27 17
f 16 26 17
f 28 18 17
f 27 28 17
f 29 19 18
f 28 29 18
f 30 20 19
f 29 30 19
f 31 21 20
f 30 31 20
f 42 32 31
f 41 42 31
f 35 25 24
f 34 35 24
f 43 33 32
f 42 43 32
f 36 26 25
f 35 36 25
f 37 27 26
f 36 37 26
f 37 38 28
f 27 37 28
f 39 29 28
f 38 39 28
f 40 30 29
f 39 40 29
f 41 31 30
f 40 41 30
f 45 35 34
f 44 45 34
f 53 43 42
f 52 53 42
f 46 36 35
f 45 46 35
f 46 47 37
f 36 46 37
f 47 48 38
f 37 47 38
f 48 49 39
f 38 48 39
f 50 40 39
f 49 50 39
f 51 41 40
f 50 51 40
f 52 42 41
f 51 52 41
f 64 53 52
f 63 64 52
f 57 46 45
f 56 57 45
f 58 47 46
f 57 58 46
f 59 48 47
f 58 59 47
f 59 60 49
f 48 59 49
f 61 50 49
f 60 61 49
f 62 51 50
f 61 62 50
f 63 52 51
f 62 63 51
f 56 45 44
f 55 56 44
f 69 58 57
f 68 69 57
f 152 163 54
f 141 152 54
f 70 59 58
f 69 70 58
f 71 60 59
f 70 71 59
f 71 72 61
f 60 71 61
f 73 62 61
f 72 73 61
f 73 74 63
f 62 73 63
f 67 56 55
f 66 67 55
f 75 64 63
f 74 75 63
f 68 57 56
f 67 68 56
f 80 69 68
f 79 80 68
f 119 130 98
f 142 119 98
f 81 70 69
f 80 81 69
f 82 71 70
f 81 82 70
f 82 83 72
f 71 82 72
f 84 73 72
f 83 84 72
f 85 74 73
f 84 85 73
f 78 67 66
f 77 78 66
f 86 75 74
f 85 86 74
f 79 68 67
f 78 79 67
f 130 141 54
f 98 130 54
f 108 186 86
f 97 108 86
f 92 81 80
f 91 92 80
f 93 82 81
f 92 93 81
f 94 83 82
f 93 94 82
f 95 84 83
f 94 95 83
f 95 96 85
f 84 95 85
f 89 78 77
f 88 89 77
f 97 86 85
f 96 97 85
f 90 79 78
f 89 90 78
f 142 186 108
f 119 142 108
f 91 80 79
f 90 91 79
f 103 92 91
f 102 103 91
f 104 93 92
f 103 104 92
f 105 94 93
f 104 105 93
f 106 95 94
f 105 106 94
f 107 96 95
f 106 107 95
f 100 89 88
f 99 100 88
f 108 97 96
f 107 108 96
f 101 90 89
f 100 101 89
f 163 174 65
f 54 163 65
f 102 91 90
f 101 102 90
f 109 98 54
f 65 109 54
f 114 115 104
f 103 114 104
f 116 105 104
f 115 116 104
f 117 106 105
f 116 117 105
f 117 118 107
f 106 117 107
f 111 100 99
f 110 111 99
f 119 108 107
f 118 119 107
f 112 101 100
f 111 112 100
f 153 142 98
f 109 153 98
f 113 102 101
f 112 113 101
f 197 186 142
f 153 197 142
f 114 103 102
f 113 114 102
f 126 127 116
f 115 126 116
f 127 128 117
f 116 127 117
f 129 118 117
f 128 129 117
f 122 111 110
f 121 122 110
f 129 130 119
f 118 129 119
f 122 123 112
f 111 122 112
f 197 75 86
f 186 197 86
f 124 113 112
f 123 124 112
f 185 76 65
f 174 185 65
f 125 114 113
f 124 125 113
f 126 115 114
f 125 126 114
f 138 127 126
f 137 138 126
f 138 139 128
f 127 138 128
f 140 129 128
f 139 140 128
f 133 122 121
f 132 133 121
f 141 130 129
f 140 141 129
f 133 134 123
f 122 133 123
f 76 120 109
f 65 76 109
f 135 124 123
f 134 135 123
f 164 153 109
f 120 164 109
f 136 125 124
f 135 136 124
f 137 126 125
f 136 137 125
f 149 150 139
f 138 149 139
f 150 151 140
f 139 150 140
f 144 133 132
f 143 144 132
f 152 141 140
f 151 152 140
f 145 134 133
f 144 145 133
f 208 197 153
f 164 208 153
f 145 146 135
f 134 145 135
f 197 208 64
f 75 197 64
f 147 136 135
f 146 147 135
f 148 137 136
f 147 148 136
f 149 138 137
f 148 149 137
f 161 150 149
f 160 161 149
f 162 151 150
f 161 162 150
f 155 144 143
f 154 155 143
f 163 152 151
f 162 163 151
f 156 145 144
f 155 156 144
f 185 196 87
f 76 185 87
f 157 146 145
f 156 157 145
f 131 120 76
f 87 131 76
f 157 158 147
f 146 157 147
f 159 148 147
f 158 159 147
f 160 149 148
f 159 160 148
f 173 162 161
f 172 173 161
f 166 155 154
f 165 166 154
f 173 174 163
f 162 173 163
f 167 156 155
f 166 167 155
f 131 175 164
f 120 131 164
f 168 157 156
f 167 168 156
f 216 208 164
f 175 216 164
f 169 158 157
f 168 169 157
f 169 170 159
f 158 169 159
f 171 160 159
f 170 171 159
f 172 161 160
f 171 172 160
f 177 166 165
f 176 177 165
f 185 174 173
f 184 185 173
f 178 167 166
f 177 178 166
f 208 216 53
f 64 208 53
f 179 168 167
f 178 179 167
f 196 207 3
f 87 196 3
f 180 169 168
f 179 180 168
f 181 170 169
f 180 181 169
f 181 182 171
f 170 181 171
f 183 172 171
f 182 183 171
f 184 173 172
f 183 184 172
f 196 185 184
f 195 196 184
f 189 178 177
f 188 189 177
f 131 87 3
f 13 131 3
f 190 179 178
f 189 190 178
f 175 131 13
f 23 175 13
f 191 180 179
f 190 191 179
f 191 192 181
f 180 191 181
f 193 182 181
f 192 193 181
f 194 183 182
f 193 194 182
f 194 195 184
f 183 194 184
f 187 188 177
f 176 187 177
f 200 189 188
f 199 200 188
f 216 175 23
f 33 216 23
f 200 201 190
f 189 200 190
f 53 216 33
f 43 53 33
f 201 202 191
f 190 201 191
f 203 192 191
f 202 203 191
f 204 193 192
f 203 204 192
f 205 194 193
f 204 205 193
f 206 195 194
f 205 206 194
f 199 188 187
f 198 199 187
f 207 196 195
f 206 207 195
f 1 201 200
f 211 1 200
f 202 201 1
f 212 202 1
f 2 203 202
f 212 2 202
f 204 203 2
f 213 204 2
f 214 205 204
f 213 214 204
f 214 215 206
f 205 214 206
f 209 210 199
f 198 209 199
f 3 207 206
f 215 3 206
f 211 200 199
f 210 211 199
f 2868 896 891
f 2866 2868 891
f 871 828 827
f 841 871 827
f 895 864 826
f 892 895 826
f 890 829 828
f 871 890 828
f 1341 897 863
f 1307 1341 863
f 1223 535 308
f 1002 1223 308
f 829 890 855
f 830 829 855
f 1294 841 827
f 1300 1294 827
f 886 831 830
f 855 886 830
f 545 636 275
f 993 545 275
f 641 637 632
f 633 641 632
f 637 636 545
f 632 637 545
f 1220 593 535
f 1223 1220 535
f 545 929 912
f 632 545 912
f 946 634 633
f 938 946 633
f 640 641 633
f 634 640 633
f 629 937 911
f 628 629 911
f 1229 480 335
f 1237 1229 335
f 886 876 832
f 831 886 832
f 1220 1213 534
f 593 1220 534
f 1230 339 332
f 1240 1230 332
f 1213 537 536
f 1212 1213 536
f 1238 1231 537
f 594 1238 537
f 997 929 545
f 993 997 545
f 628 477 434
f 627 628 434
f 700 701 640
f 634 700 640
f 628 627 625
f 629 628 625
f 1504 1510 1000
f 1252 1504 1000
f 985 983 434
f 477 985 434
f 960 954 462
f 364 960 462
f 3156 2865 2864
f 3206 3156 2864
f 639 701 700
f 635 639 700
f 805 699 476
f 631 805 476
f 639 635 408
f 638 639 408
f 506 505 342
f 400 506 342
f 918 936 361
f 494 918 361
f 1256 1008 562
f 833 1256 562
f 627 507 330
f 625 627 330
f 634 946 941
f 700 634 941
f 1010 1252 832
f 876 1010 832
f 1225 939 533
f 1212 1225 533
f 944 924 408
f 635 944 408
f 595 1238 1233
f 538 595 1233
f 1231 1235 536
f 537 1231 536
f 596 540 531
f 595 596 531
f 507 627 434
f 402 507 434
f 1233 542 311
f 1003 1233 311
f 1229 1230 327
f 480 1229 327
f 540 541 532
f 531 540 532
f 1216 1217 479
f 481 1216 479
f 709 699 626
f 403 709 626
f 507 402 356
f 506 507 356
f 715 591 590
f 714 715 590
f 400 342 328
f 355 400 328
f 834 713 588
f 712 834 588
f 403 626 625
f 330 403 625
f 407 642 638
f 408 407 638
f 507 506 400
f 330 507 400
f 588 713 575
f 587 588 575
f 3190 3187 838
f 878 3190 838
f 3187 3156 715
f 838 3187 715
f 469 541 540
f 470 469 540
f 1217 435 478
f 1215 1217 478
f 596 539 487
f 597 596 487
f 596 595 538
f 539 596 538
f 986 393 318
f 990 986 318
f 597 470 540
f 596 597 540
f 3202 3144 2834
f 2833 3202 2834
f 2813 2812 746
f 795 2813 746
f 733 795 746
f 779 733 746
f 467 1218 1216
f 481 467 1216
f 1366 1455 575
f 713 1366 575
f 837 879 878
f 838 837 878
f 1255 1256 833
f 877 1255 833
f 957 598 499
f 961 957 499
f 539 538 309
f 310 539 309
f 914 918 494
f 327 914 494
f 494 495 480
f 327 494 480
f 746 235 234
f 779 746 234
f 469 470 364
f 462 469 364
f 2812 2811 235
f 746 2812 235
f 590 589 574
f 714 590 574
f 1057 1009 589
f 590 1057 589
f 1236 468 467
f 1227 1236 467
f 1221 468 291
f 1222 1221 291
f 505 506 356
f 357 505 356
f 330 400 355
f 403 330 355
f 709 403 355
f 708 709 355
f 709 404 476
f 699 709 476
f 699 805 630
f 626 699 630
f 351 642 407
f 406 351 407
f 924 904 407
f 408 924 407
f 505 504 399
f 342 505 399
f 3138 3206 2864
f 2880 3138 2864
f 475 476 404
f 405 475 404
f 836 837 714
f 574 836 714
f 836 574 577
f 835 836 577
f 1257 583 586
f 1043 1257 586
f 1422 881 835
f 1447 1422 835
f 935 469 462
f 925 935 462
f 358 466 419
f 504 358 419
f 487 539 310
f 613 487 310
f 598 364 470
f 597 598 470
f 957 960 364
f 598 957 364
f 652 653 384
f 599 652 384
f 495 360 359
f 496 495 359
f 495 496 335
f 480 495 335
f 981 357 356
f 991 981 356
f 495 494 361
f 360 495 361
f 748 232 231
f 745 748 231
f 1237 1227 467
f 481 1237 467
f 504 505 357
f 358 504 357
f 976 978 516
f 520 976 516
f 357 981 979
f 358 357 979
f 267 724 723
f 255 267 723
f 749 779 234
f 233 749 234
f 1251 1248 565
f 566 1251 565
f 793 794 766
f 767 793 766
f 708 448 404
f 709 708 404
f 591 1190 1057
f 590 591 1057
f 475 474 428
f 401 475 428
f 3141 3181 2862
f 2881 3141 2862
f 2813 795 766
f 2814 2813 766
f 2815 794 792
f 2816 2815 792
f 2815 2814 766
f 794 2815 766
f 3172 645 555
f 3185 3172 555
f 770 786 782
f 791 770 782
f 342 399 343
f 328 342 343
f 414 413 343
f 399 414 343
f 396 456 455
f 528 396 455
f 245 243 240
f 244 245 240
f 399 504 419
f 414 399 419
f 3165 2882 2862
f 3181 3165 2862
f 303 644 609
f 304 303 609
f 1251 566 556
f 1250 1251 556
f 697 698 609
f 644 697 609
f 879 837 836
f 880 879 836
f 1458 584 1247
f 1367 1458 1247
f 943 942 805
f 631 943 805
f 655 380 368
f 654 655 368
f 613 614 499
f 487 613 499
f 361 436 398
f 360 361 398
f 653 654 368
f 384 653 368
f 915 920 919
f 916 915 919
f 1221 341 318
f 1218 1221 318
f 385 386 375
f 367 385 375
f 436 437 363
f 398 436 363
f 3179 2843 2842
f 3166 3179 2842
f 519 988 976
f 520 519 976
f 606 319 318
f 341 606 318
f 497 394 335
f 496 497 335
f 606 341 286
f 718 606 286
f 419 466 333
f 396 419 333
f 807 277 500
f 806 807 500
f 706 705 415
f 450 706 415
f 3202 3152 338
f 609 3202 338
f 472 461 323
f 423 472 323
f 427 530 304
f 422 427 304
f 748 749 233
f 232 748 233
f 3150 461 338
f 3152 3150 338
f 702 703 454
f 348 702 454
f 3171 3163 2841
f 2840 3171 2841
f 1266 1263 417
f 418 1266 417
f 791 793 769
f 770 791 769
f 794 793 791
f 792 794 791
f 792 791 782
f 783 792 782
f 396 528 414
f 419 396 414
f 775 741 738
f 778 775 738
f 446 445 412
f 349 446 412
f 472 460 427
f 422 472 427
f 337 450 415
f 420 337 415
f 475 405 325
f 474 475 325
f 907 903 428
f 458 907 428
f 907 458 457
f 905 907 457
f 543 379 351
f 406 543 351
f 803 804 379
f 543 803 379
f 582 581 560
f 559 582 560
f 560 1244 1243
f 559 560 1243
f 755 222 221
f 754 755 221
f 574 589 584
f 577 574 584
f 3137 582 559
f 3205 3137 559
f 881 880 836
f 835 881 836
f 1443 1386 1246
f 583 1443 1246
f 310 546 365
f 613 310 365
f 613 365 316
f 614 613 316
f 920 915 730
f 756 920 730
f 650 616 485
f 651 650 485
f 656 657 438
f 521 656 438
f 656 521 380
f 655 656 380
f 718 723 254
f 287 718 254
f 520 516 508
f 515 520 508
f 497 496 359
f 395 497 359
f 359 397 331
f 395 359 331
f 508 516 319
f 606 508 319
f 472 422 338
f 461 472 338
f 304 609 338
f 422 304 338
f 1232 1236 334
f 285 1232 334
f 286 1222 1214
f 255 286 1214
f 255 723 718
f 286 255 718
f 3193 952 582
f 3137 3193 582
f 287 254 253
f 288 287 253
f 798 797 444
f 473 798 444
f 3189 1266 418
f 3166 3189 418
f 3150 2831 2830
f 3148 3150 2830
f 3201 797 323
f 3148 3201 323
f 3201 3174 444
f 797 3201 444
f 3203 2835 2834
f 3144 3203 2834
f 703 702 451
f 453 703 451
f 3207 2844 2843
f 3179 3207 2843
f 770 769 742
f 771 770 742
f 748 744 733
f 749 748 733
f 2817 2816 792
f 783 2817 792
f 705 706 343
f 413 705 343
f 378 324 320
f 459 378 320
f 707 449 448
f 708 707 448
f 747 734 744
f 745 747 744
f 369 405 404
f 448 369 404
f 449 707 706
f 450 449 706
f 329 244 240
f 350 329 240
f 320 474 325
f 459 320 325
f 320 458 428
f 474 320 428
f 349 430 302
f 446 349 302
f 909 905 457
f 802 909 457
f 244 246 223
f 224 244 223
f 3142 3197 491
f 605 3142 491
f 570 564 549
f 569 570 549
f 1245 1244 560
f 561 1245 560
f 650 651 486
f 615 650 486
f 602 387 386
f 601 602 386
f 1241 365 546
f 1011 1241 546
f 1402 1431 316
f 365 1402 316
f 653 385 367
f 654 653 367
f 652 599 486
f 651 652 486
f 383 382 375
f 366 383 375
f 961 499 614
f 955 961 614
f 652 600 385
f 653 652 385
f 949 955 614
f 316 949 614
f 652 651 485
f 600 652 485
f 362 465 391
f 392 362 391
f 3194 3173 2876
f 2877 3194 2876
f 382 381 367
f 375 382 367
f 326 618 617
f 376 326 617
f 997 996 994
f 995 997 994
f 398 397 359
f 360 398 359
f 668 395 331
f 814 668 331
f 463 464 363
f 437 463 363
f 667 497 395
f 668 667 395
f 344 465 464
f 346 344 464
f 497 667 334
f 394 497 334
f 398 363 362
f 397 398 362
f 606 718 287
f 508 606 287
f 667 666 285
f 334 667 285
f 1232 1234 290
f 291 1232 290
f 290 1234 1228
f 268 290 1228
f 288 717 518
f 515 288 518
f 333 500 456
f 396 333 456
f 3176 2836 2835
f 3203 3176 2835
f 260 278 277
f 264 260 277
f 1249 578 565
f 1248 1249 565
f 520 515 518
f 519 520 518
f 423 471 460
f 472 423 460
f 797 798 423
f 323 797 423
f 427 460 459
f 325 427 459
f 426 306 305
f 530 426 305
f 297 726 303
f 305 297 303
f 963 551 553
f 947 963 553
f 427 369 336
f 530 427 336
f 304 305 303
f 304 530 305
f 3204 2839 1287
f 3146 3204 1287
f 725 695 694
f 728 725 694
f 3207 443 622
f 3157 3207 622
f 455 498 348
f 454 455 348
f 417 1263 1261
f 687 417 1261
f 779 749 733
f 1261 1265 416
f 687 1261 416
f 388 411 370
f 374 388 370
f 528 347 413
f 414 528 413
f 760 734 747
f 740 739 738
f 741 740 738
f 768 743 742
f 769 768 742
f 734 768 767
f 744 734 767
f 771 742 740
f 772 771 740
f 743 737 732
f 739 743 732
f 450 337 317
f 449 450 317
f 810 279 710
f 809 810 710
f 243 245 225
f 226 243 225
f 452 409 412
f 445 452 412
f 325 405 369
f 427 325 369
f 230 747 745
f 231 230 745
f 457 458 320
f 324 457 320
f 679 680 431
f 432 679 431
f 921 352 239
f 901 921 239
f 329 544 246
f 244 329 246
f 803 544 329
f 804 803 329
f 762 760 229
f 228 762 229
f 747 230 229
f 760 747 229
f 3172 3175 549
f 645 3172 549
f 799 471 423
f 798 799 423
f 964 581 582
f 952 964 582
f 1359 1407 315
f 649 1359 315
f 3159 2851 2850
f 3142 3159 2850
f 3197 2849 2848
f 3186 3197 2848
f 579 572 561
f 580 579 561
f 1242 1245 561
f 572 1242 561
f 678 433 604
f 677 678 604
f 567 1451 1435
f 966 567 1435
f 1454 1359 649
f 592 1454 649
f 376 617 616
f 315 376 616
f 655 654 367
f 381 655 367
f 3194 3200 781
f 934 3194 781
f 601 386 385
f 600 601 385
f 656 655 381
f 522 656 381
f 525 524 383
f 510 525 383
f 619 618 326
f 514 619 326
f 346 464 463
f 438 346 463
f 3174 3210 241
f 444 3174 241
f 974 259 272
f 972 974 272
f 815 814 331
f 392 815 331
f 362 392 331
f 397 362 331
f 667 668 503
f 666 667 503
f 456 500 354
f 353 456 354
f 1214 1219 267
f 255 1214 267
f 266 265 253
f 254 266 253
f 975 670 284
f 973 975 284
f 515 508 287
f 288 515 287
f 994 996 939
f 940 994 939
f 665 710 279
f 280 665 279
f 354 500 277
f 278 354 277
f 490 679 678
f 491 490 678
f 471 378 459
f 460 471 459
f 704 703 453
f 529 704 453
f 933 928 777
f 790 933 777
f 294 302 298
f 300 294 298
f 693 644 303
f 726 693 303
f 299 692 306
f 307 299 306
f 3208 2837 2836
f 3176 3208 2836
f 796 780 774
f 775 796 774
f 696 697 644
f 725 696 644
f 297 727 693
f 726 297 693
f 3151 3208 349
f 412 3151 349
f 452 453 451
f 409 452 451
f 3151 3146 1287
f 2838 3151 1287
f 455 454 347
f 528 455 347
f 430 371 298
f 302 430 298
f 415 705 704
f 529 415 704
f 353 498 455
f 456 353 455
f 705 413 347
f 704 705 347
f 3196 2852 2851
f 3159 3196 2851
f 417 687 374
f 370 417 374
f 443 488 370
f 411 443 370
f 1264 278 260
f 1259 1264 260
f 811 292 250
f 825 811 250
f 3157 622 527
f 3154 3157 527
f 3170 3186 2848
f 2847 3170 2848
f 762 737 734
f 760 762 734
f 743 768 734
f 737 743 734
f 683 443 411
f 684 683 411
f 742 743 739
f 740 742 739
f 443 683 682
f 622 443 682
f 340 801 800
f 321 340 800
f 449 317 313
f 336 449 313
f 802 801 340
f 352 802 340
f 910 922 544
f 803 910 544
f 757 225 224
f 761 757 224
f 245 244 224
f 225 245 224
f 758 226 225
f 757 758 225
f 759 227 226
f 758 759 226
f 762 228 227
f 759 762 227
f 748 745 744
f 489 680 679
f 490 489 679
f 3217 2972 2853
f 3147 3217 2853
f 650 649 315
f 616 650 315
f 600 485 484
f 601 600 484
f 647 553 551
f 646 647 551
f 677 605 491
f 678 677 491
f 621 675 674
f 493 621 674
f 386 387 366
f 375 386 366
f 650 615 592
f 649 650 592
f 619 620 482
f 513 619 482
f 603 602 483
f 513 603 483
f 616 617 484
f 485 616 484
f 464 465 362
f 363 464 362
f 603 512 387
f 602 603 387
f 382 523 522
f 381 382 522
f 283 672 662
f 282 283 662
f 439 657 656
f 522 439 656
f 670 975 971
f 669 670 971
f 973 284 259
f 974 973 259
f 669 971 814
f 815 669 814
f 662 663 281
f 282 662 281
f 672 283 284
f 670 672 284
f 724 266 254
f 723 724 254
f 807 808 264
f 277 807 264
f 717 721 252
f 289 717 252
f 473 444 241
f 242 473 241
f 289 813 518
f 717 289 518
f 643 296 299
f 307 643 299
f 3210 3161 217
f 241 3210 217
f 298 697 696
f 300 298 696
f 799 800 378
f 471 799 378
f 694 695 693
f 727 694 693
f 643 307 425
f 607 643 425
f 306 426 425
f 307 306 425
f 239 238 221
f 222 239 221
f 3200 3183 796
f 781 3200 796
f 511 432 431
f 510 511 431
f 529 453 452
f 608 529 452
f 684 611 442
f 683 684 442
f 800 801 324
f 378 800 324
f 416 686 374
f 687 416 374
f 509 612 441
f 624 509 441
f 685 684 411
f 388 685 411
f 1264 1265 354
f 278 1264 354
f 810 809 416
f 293 810 416
f 787 786 770
f 771 787 770
f 611 612 509
f 442 611 509
f 773 772 740
f 741 773 740
f 737 765 764
f 732 737 764
f 739 732 729
f 738 739 729
f 337 314 313
f 317 337 313
f 678 679 432
f 433 678 432
f 682 623 526
f 681 682 526
f 682 681 527
f 622 682 527
f 624 623 442
f 509 624 442
f 901 239 222
f 931 901 222
f 932 920 756
f 223 932 756
f 761 756 730
f 729 761 730
f 3170 3154 527
f 489 3170 527
f 3153 569 549
f 3175 3153 549
f 517 388 374
f 686 517 374
f 677 676 492
f 605 677 492
f 3153 2856 2855
f 3160 3153 2855
f 576 550 564
f 570 576 564
f 1394 1410 554
f 571 1394 554
f 966 947 553
f 567 966 553
f 648 567 553
f 647 648 553
f 677 604 482
f 676 677 482
f 512 511 366
f 387 512 366
f 619 513 483
f 618 619 483
f 390 817 816
f 391 390 816
f 617 618 483
f 484 617 483
f 483 602 601
f 484 483 601
f 1379 1371 690
f 691 1379 690
f 440 372 345
f 439 440 345
f 657 439 345
f 658 657 345
f 570 673 568
f 576 570 568
f 657 658 346
f 438 657 346
f 659 658 345
f 373 659 345
f 658 659 344
f 346 658 344
f 391 465 344
f 390 391 344
f 284 283 258
f 259 284 258
f 816 671 669
f 815 816 669
f 273 270 257
f 261 273 257
f 672 670 669
f 671 672 669
f 722 721 253
f 265 722 253
f 253 721 717
f 288 253 717
f 824 823 247
f 248 824 247
f 3161 2826 2825
f 3167 3161 2825
f 823 251 264
f 808 823 264
f 2824 3182 3167
f 2825 2824 3167
f 798 473 322
f 799 798 322
f 810 811 262
f 279 810 262
f 260 264 251
f 249 260 251
f 796 3183 3164
f 780 796 3164
f 776 777 731
f 736 776 731
f 3168 3209 2823
f 2822 3168 2823
f 301 302 294
f 295 301 294
f 3182 2824 2823
f 3209 3182 2823
f 752 751 735
f 736 752 735
f 425 426 313
f 314 425 313
f 694 296 295
f 728 694 295
f 754 221 220
f 753 754 220
f 784 785 774
f 780 784 774
f 297 692 299
f 727 297 299
f 781 796 775
f 778 781 775
f 2818 3198 3164
f 2819 2818 3164
f 445 610 608
f 452 445 608
f 683 442 623
f 682 683 623
f 388 517 389
f 685 388 389
f 1258 1260 249
f 824 1258 249
f 663 661 501
f 664 663 501
f 819 501 661
f 818 819 661
f 292 811 810
f 293 292 810
f 751 218 217
f 750 751 217
f 719 716 280
f 256 719 280
f 987 983 982
f 986 987 982
f 681 680 489
f 527 681 489
f 759 765 737
f 762 759 737
f 681 526 431
f 680 681 431
f 421 314 337
f 420 421 337
f 526 525 510
f 431 526 510
f 776 736 735
f 822 776 735
f 753 736 731
f 754 753 731
f 610 421 420
f 608 610 420
f 340 321 237
f 238 340 237
f 424 610 445
f 446 424 445
f 761 224 223
f 756 761 223
f 757 761 729
f 763 757 729
f 765 759 758
f 764 765 758
f 764 758 757
f 763 764 757
f 764 763 729
f 732 764 729
f 512 433 432
f 511 512 432
f 548 673 570
f 569 548 570
f 675 621 492
f 676 675 492
f 603 513 482
f 604 603 482
f 646 564 550
f 647 646 550
f 603 604 433
f 512 603 433
f 524 523 382
f 383 524 382
f 510 383 366
f 511 510 366
f 815 392 391
f 816 815 391
f 523 440 439
f 522 523 439
f 524 441 440
f 523 524 440
f 271 258 257
f 270 271 257
f 816 817 502
f 671 816 502
f 272 259 258
f 271 272 258
f 716 719 261
f 281 716 261
f 283 282 257
f 258 283 257
f 664 716 281
f 663 664 281
f 1262 276 825
f 1258 1262 825
f 808 807 289
f 252 808 289
f 242 241 217
f 218 242 217
f 322 473 242
f 236 322 242
f 927 778 730
f 915 927 730
f 755 754 731
f 766 795 733
f 643 301 295
f 296 643 295
f 607 424 301
f 643 607 301
f 727 299 296
f 694 727 296
f 607 425 314
f 421 607 314
f 421 610 424
f 607 421 424
f 517 820 819
f 389 517 819
f 820 711 312
f 820 821 711
f 710 665 312
f 711 710 312
f 612 611 410
f 372 612 410
f 821 820 517
f 686 821 517
f 1439 1387 447
f 514 1439 447
f 819 820 312
f 501 819 312
f 280 716 664
f 665 280 664
f 249 1260 1259
f 260 249 1259
f 774 773 741
f 775 774 741
f 778 738 729
f 730 778 729
f 675 620 447
f 674 675 447
f 753 752 736
f 1371 1390 689
f 690 1371 689
f 447 620 619
f 514 447 619
f 819 818 660
f 389 819 660
f 690 673 548
f 691 690 548
f 648 647 550
f 554 648 550
f 675 676 482
f 620 675 482
f 550 576 571
f 554 550 571
f 1403 326 376
f 1391 1403 376
f 441 612 372
f 440 441 372
f 818 661 502
f 817 818 502
f 811 825 276
f 262 811 276
f 660 659 373
f 389 660 373
f 660 390 344
f 659 660 344
f 672 671 502
f 662 672 502
f 663 662 502
f 661 663 502
f 281 261 257
f 282 281 257
f 823 824 249
f 251 823 249
f 236 242 218
f 219 236 218
f 752 219 218
f 751 752 218
f 753 220 219
f 752 753 219
f 751 750 735
f 685 389 373
f 410 685 373
f 665 664 501
f 312 665 501
f 994 940 478
f 984 994 478
f 720 719 256
f 269 720 256
f 818 817 390
f 660 818 390
f 690 689 568
f 673 690 568
f 689 688 547
f 568 689 547
f 688 1442 1406
f 547 688 1406
f 525 624 441
f 524 525 441
f 410 373 345
f 372 410 345
f 719 720 273
f 261 719 273
f 247 823 808
f 252 247 808
f 280 279 262
f 256 280 262
f 576 568 547
f 571 576 547
f 802 457 324
f 801 802 324
f 944 635 700
f 941 944 700
f 306 692 297
f 305 306 297
f 985 995 994
f 984 985 994
f 773 789 788
f 772 773 788
f 238 237 220
f 221 238 220
f 772 788 787
f 771 772 787
f 982 435 393
f 986 982 393
f 289 807 806
f 813 289 806
f 711 821 809
f 710 711 809
f 919 755 731
f 916 919 731
f 446 302 301
f 424 446 301
f 790 777 776
f 822 790 776
f 1356 1317 841
f 1294 1356 841
f 630 629 625
f 626 630 625
f 838 715 714
f 837 838 714
f 1447 835 577
f 1363 1447 577
f 708 355 328
f 707 708 328
f 476 475 401
f 631 476 401
f 769 793 767
f 768 769 767
f 767 766 733
f 744 767 733
f 448 449 336
f 369 448 336
f 1426 1398 1241
f 563 1426 1241
f 703 704 347
f 454 703 347
f 3171 3204 451
f 702 3171 451
f 707 328 343
f 706 707 343
f 1009 1247 584
f 589 1009 584
f 698 697 298
f 371 698 298
f 418 417 370
f 488 418 370
f 580 561 560
f 581 580 560
f 695 725 644
f 693 695 644
f 426 530 336
f 313 426 336
f 646 551 555
f 645 646 555
f 646 645 549
f 564 646 549
f 728 295 294
f 300 728 294
f 725 728 300
f 696 725 300
f 352 340 238
f 239 352 238
f 821 686 416
f 809 821 416
f 3160 3145 691
f 548 3160 691
f 3173 933 790
f 3168 3173 790
f 529 608 420
f 415 529 420
f 684 685 410
f 611 684 410
f 785 789 773
f 774 785 773
f 3147 3196 621
f 493 3147 621
f 800 799 322
f 321 800 322
f 623 624 525
f 526 623 525
f 322 236 237
f 321 322 237
f 237 236 219
f 220 237 219
f 860 873 840
f 849 860 840
f 1335 1323 858
f 859 1335 858
f 872 852 849
f 840 872 849
f 2870 899 898
f 2869 2870 898
f 900 893 861
f 862 900 861
f 841 1317 1302
f 871 841 1302
f 2870 2871 894
f 899 2870 894
f 1298 883 865
f 1292 1298 865
f 889 870 843
f 888 889 843
f 1349 1332 866
f 868 1349 866
f 843 883 842
f 869 843 842
f 1302 1329 890
f 871 1302 890
f 1298 1296 842
f 883 1298 842
f 1331 889 856
f 1308 1331 856
f 856 889 888
f 854 856 888
f 843 870 865
f 883 843 865
f 887 888 843
f 869 887 843
f 888 887 853
f 854 888 853
f 885 866 856
f 854 885 856
f 1332 1308 856
f 866 1332 856
f 3213 2947 2872
f 3190 3213 2872
f 885 854 853
f 884 885 853
f 885 884 874
f 875 885 874
f 983 987 402
f 434 983 402
f 872 840 848
f 851 872 848
f 885 875 868
f 866 885 868
f 1328 1010 876
f 1347 1328 876
f 875 1001 998
f 868 875 998
f 598 597 487
f 499 598 487
f 1340 1311 1255
f 877 1340 1255
f 1316 1346 878
f 879 1316 878
f 844 1253 999
f 845 844 999
f 3155 3191 860
f 849 3155 860
f 1078 586 583
f 1246 1078 583
f 3192 3155 849
f 852 3192 849
f 1422 1470 1325
f 881 1422 1325
f 3135 3226 2885
f 2884 3135 2885
f 1254 867 845
f 999 1254 845
f 1378 846 839
f 1418 1378 839
f 1226 1001 875
f 874 1226 875
f 1427 1375 847
f 858 1427 847
f 859 858 847
f 848 859 847
f 851 848 847
f 850 851 847
f 1314 1335 859
f 873 1314 859
f 873 859 848
f 840 873 848
f 2905 2869 898
f 1350 2905 898
f 897 900 862
f 863 897 862
f 896 895 892
f 891 896 892
f 900 899 894
f 893 900 894
f 1352 1343 895
f 896 1352 895
f 900 897 898
f 899 900 898
f 943 944 941
f 942 943 941
f 928 916 731
f 777 928 731
f 928 927 915
f 916 928 915
f 919 931 222
f 755 919 222
f 932 931 919
f 920 932 919
f 902 932 223
f 246 902 223
f 932 902 901
f 931 932 901
f 352 921 909
f 802 352 909
f 922 910 909
f 921 922 909
f 934 781 778
f 927 934 778
f 934 927 928
f 933 934 928
f 922 902 246
f 544 922 246
f 922 921 901
f 902 922 901
f 910 803 543
f 906 910 543
f 910 906 905
f 909 910 905
f 406 908 906
f 543 406 906
f 908 907 905
f 906 908 905
f 904 908 406
f 407 904 406
f 908 904 903
f 907 908 903
f 936 926 436
f 361 936 436
f 936 935 925
f 926 936 925
f 923 401 428
f 903 923 428
f 924 923 903
f 904 924 903
f 917 913 532
f 541 917 532
f 918 914 913
f 917 918 913
f 943 631 401
f 923 943 401
f 944 943 923
f 924 944 923
f 1224 1215 478
f 940 1224 478
f 939 1225 1224
f 940 939 1224
f 942 945 630
f 805 942 630
f 945 942 941
f 946 945 941
f 917 541 469
f 935 917 469
f 936 918 917
f 935 936 917
f 995 985 477
f 930 995 477
f 995 930 929
f 997 995 929
f 1235 1239 377
f 536 1235 377
f 1239 1240 332
f 377 1239 332
f 938 633 632
f 912 938 632
f 938 912 911
f 937 938 911
f 945 937 629
f 630 945 629
f 946 938 937
f 945 946 937
f 930 477 628
f 911 930 628
f 930 911 912
f 929 930 912
f 948 965 579
f 580 948 579
f 965 948 947
f 966 965 947
f 316 1431 1411
f 949 316 1411
f 1435 1414 965
f 966 1435 965
f 963 951 555
f 551 963 555
f 964 952 951
f 963 964 951
f 964 948 580
f 581 964 580
f 948 964 963
f 947 948 963
f 615 956 950
f 592 615 950
f 956 955 949
f 950 956 949
f 956 615 486
f 962 956 486
f 956 962 961
f 955 956 961
f 3177 2879 2859
f 3185 3177 2859
f 3177 3193 2878
f 2879 3177 2878
f 384 959 958
f 599 384 958
f 959 960 957
f 958 959 957
f 958 962 486
f 599 958 486
f 962 958 957
f 961 962 957
f 959 384 368
f 953 959 368
f 960 959 953
f 954 960 953
f 967 437 436
f 926 967 436
f 969 967 926
f 925 969 926
f 969 925 462
f 954 969 462
f 968 463 437
f 967 968 437
f 970 968 967
f 969 970 967
f 969 954 953
f 970 969 953
f 463 968 521
f 438 463 521
f 968 970 380
f 521 968 380
f 970 953 368
f 380 970 368
f 971 503 668
f 814 971 668
f 975 666 503
f 971 975 503
f 263 974 972
f 274 263 972
f 975 973 285
f 666 975 285
f 973 974 263
f 285 973 263
f 721 722 247
f 252 721 247
f 276 269 256
f 262 276 256
f 977 989 333
f 466 977 333
f 989 977 976
f 988 989 976
f 980 319 516
f 978 980 516
f 981 980 978
f 979 981 978
f 977 466 358
f 979 977 358
f 979 978 976
f 977 979 976
f 990 318 319
f 980 990 319
f 991 990 980
f 981 991 980
f 987 991 356
f 402 987 356
f 991 987 986
f 990 991 986
f 984 478 435
f 982 984 435
f 983 985 984
f 982 983 984
f 996 992 533
f 939 996 533
f 997 993 992
f 996 997 992
f 533 992 812
f 534 533 812
f 992 993 275
f 812 992 275
f 988 519 518
f 813 988 518
f 988 813 806
f 989 988 806
f 989 806 500
f 333 989 500
f 1225 377 332
f 1224 1225 332
f 1215 1224 332
f 339 1215 332
f 1214 290 268
f 1219 1214 268
f 1214 1222 291
f 290 1214 291
f 468 1221 1218
f 467 468 1218
f 1221 1222 286
f 341 1221 286
f 1218 318 393
f 1216 1218 393
f 479 1217 1215
f 339 479 1215
f 435 1217 1216
f 393 435 1216
f 1225 1212 536
f 377 1225 536
f 1213 1212 533
f 534 1213 533
f 1213 1220 594
f 537 1213 594
f 1220 1223 542
f 594 1220 542
f 1223 1002 311
f 542 1223 311
f 914 1240 1239
f 913 914 1239
f 913 1239 1235
f 532 913 1235
f 1228 1234 263
f 274 1228 263
f 1234 1232 285
f 263 1234 285
f 1236 1232 291
f 468 1236 291
f 1227 1237 335
f 394 1227 335
f 1236 1227 394
f 334 1236 394
f 1230 1229 479
f 339 1230 479
f 538 1233 1003
f 309 538 1003
f 532 1235 1231
f 531 532 1231
f 1233 1238 594
f 542 1233 594
f 1238 595 531
f 1231 1238 531
f 1240 914 327
f 1230 1240 327
f 1229 1237 481
f 479 1229 481
f 1399 1395 1242
f 572 1399 1242
f 1242 573 552
f 1245 1242 552
f 1011 585 563
f 1241 1011 563
f 1244 1245 552
f 557 1244 552
f 1243 1244 557
f 558 1243 557
f 3205 559 1243
f 3141 3205 1243
f 1078 1246 563
f 585 1078 563
f 1249 1248 552
f 573 1249 552
f 1423 1383 1249
f 573 1423 1249
f 1251 1250 558
f 557 1251 558
f 3165 3162 2863
f 2882 3165 2863
f 1251 557 552
f 1248 1251 552
f 1471 1517 844
f 845 1471 844
f 1508 1471 845
f 867 1508 845
f 1523 1326 998
f 1508 1523 998
f 1504 1252 1010
f 1472 1504 1010
f 1252 1000 429
f 832 1252 429
f 999 1503 1490
f 1254 999 1490
f 1503 1475 839
f 846 1503 839
f 1520 1320 882
f 1496 1520 882
f 1496 882 834
f 1505 1496 834
f 1516 1008 1256
f 1505 1516 1256
f 1247 1009 565
f 578 1247 565
f 1370 1443 583
f 1257 1370 583
f 1057 1190 556
f 566 1057 556
f 575 1257 1043
f 587 575 1043
f 3138 2880 2863
f 3162 3138 2863
f 1057 566 565
f 1009 1057 565
f 1259 1260 250
f 292 1259 250
f 1262 1258 824
f 248 1262 824
f 1258 825 250
f 1260 1258 250
f 1265 1264 293
f 416 1265 293
f 293 1264 1259
f 292 293 1259
f 354 1265 1261
f 353 354 1261
f 1263 498 353
f 1261 1263 353
f 3189 3163 348
f 1266 3189 348
f 1263 1266 348
f 498 1263 348
f 1283 1278 274
f 972 1283 274
f 1269 1281 722
f 265 1269 722
f 1285 1228 274
f 1278 1285 274
f 1282 1270 266
f 724 1282 266
f 1282 724 267
f 1271 1282 267
f 1279 1273 269
f 276 1279 269
f 1276 272 271
f 1275 1276 271
f 1273 1280 720
f 269 1273 720
f 1286 1279 276
f 1262 1286 276
f 720 1280 1277
f 273 720 1277
f 1270 1269 265
f 266 1270 265
f 1268 1286 1262
f 248 1268 1262
f 1285 1272 268
f 1228 1285 268
f 1276 1283 972
f 272 1276 972
f 1277 1274 270
f 273 1277 270
f 1268 248 247
f 1267 1268 247
f 1284 1219 268
f 1272 1284 268
f 1284 1271 267
f 1219 1284 267
f 1281 1267 247
f 722 1281 247
f 1275 271 270
f 1274 1275 270
f 1280 1273 24
f 14 1280 24
f 1279 34 24
f 1273 1279 24
f 1279 1286 44
f 34 1279 44
f 44 1286 1268
f 55 44 1268
f 1268 1267 66
f 55 1268 66
f 1281 77 66
f 1267 1281 66
f 77 1281 1269
f 88 77 1269
f 1270 99 88
f 1269 1270 88
f 1282 110 99
f 1270 1282 99
f 110 1282 1271
f 121 110 1271
f 1284 132 121
f 1271 1284 121
f 1272 143 132
f 1284 1272 132
f 1285 154 143
f 1272 1285 143
f 1278 165 154
f 1285 1278 154
f 1283 176 165
f 1278 1283 165
f 176 1283 1276
f 187 176 1276
f 187 1276 1275
f 198 187 1275
f 1275 1274 209
f 198 1275 209
f 1277 4 209
f 1274 1277 209
f 1280 14 4
f 1277 1280 4
f 786 1288 783
f 782 786 783
f 2888 2817 783
f 1288 2888 783
f 1289 1288 786
f 787 1289 786
f 3136 3158 2889
f 3143 3136 2889
f 1290 1289 787
f 788 1290 787
f 3169 3158 1289
f 1290 3169 1289
f 1291 1290 788
f 789 1291 788
f 3178 3169 1290
f 1291 3178 1290
f 784 1291 789
f 785 784 789
f 3178 1291 784
f 3198 3178 784
f 308 1087 1086
f 1002 308 1086
f 1158 1135 1119
f 1136 1158 1119
f 1022 1016 1005
f 1006 1022 1005
f 1108 1109 1005
f 1016 1108 1005
f 1020 1007 1019
f 1484 1515 1174
f 1089 1484 1174
f 1040 1100 1099
f 1042 1040 1099
f 1122 1121 1118
f 1117 1122 1118
f 1171 1170 1023
f 1024 1171 1023
f 1079 1096 586
f 1078 1079 586
f 1089 1088 429
f 1000 1089 429
f 1483 1020 1019
f 1512 1483 1019
f 1008 1091 1090
f 562 1008 1090
f 1119 1123 1122
f 1117 1119 1122
f 1072 1102 1100
f 1040 1072 1100
f 1494 1485 1028
f 1052 1494 1028
f 1121 1120 1118
f 1051 1022 1006
f 1050 1051 1006
f 1206 1209 1085
f 1086 1206 1085
f 1201 1181 1160
f 1141 1201 1160
f 1082 310 309
f 1083 1082 309
f 1498 1478 1130
f 1155 1498 1130
f 1124 1497 1489
f 1211 1124 1489
f 1102 1072 1047
f 1101 1102 1047
f 1109 1178 1177
f 1005 1109 1177
f 1110 1178 1144
f 1179 1110 1144
f 1035 1033 1015
f 1029 1035 1015
f 1180 1106 1082
f 1083 1180 1082
f 1000 1510 1484
f 1089 1000 1484
f 1058 1060 1039
f 1056 1058 1039
f 1018 1045 1044
f 1017 1018 1044
f 1514 1502 1108
f 1016 1514 1108
f 1051 1050 1012
f 1021 1051 1012
f 1007 1173 1172
f 1019 1007 1172
f 1105 1104 1100
f 1102 1105 1100
f 1500 1507 1045
f 1018 1500 1045
f 1195 1194 1063
f 1067 1195 1063
f 1116 1115 1103
f 1105 1116 1103
f 1116 1105 1102
f 1101 1116 1102
f 1169 1170 1093
f 1094 1169 1093
f 1501 1172 1091
f 1493 1501 1091
f 1480 1193 1060
f 1499 1480 1060
f 1088 1087 308
f 429 1088 308
f 1174 1175 1088
f 1089 1174 1088
f 1186 1185 1157
f 1203 1186 1157
f 1122 1123 1029
f 1030 1122 1029
f 1495 1514 1016
f 1022 1495 1016
f 1026 1074 1073
f 1053 1026 1073
f 1128 1208 1192
f 1038 1128 1192
f 1080 1191 585
f 1011 1080 585
f 1199 1198 1036
f 1126 1199 1036
f 1035 1058 1056
f 1033 1035 1056
f 1197 1070 1036
f 1198 1197 1036
f 1120 1143 1140
f 1118 1120 1140
f 1027 1024 1023
f 1025 1027 1023
f 1209 1032 1014
f 1207 1209 1014
f 1189 1208 1191
f 1080 1189 1191
f 1210 1056 1039
f 1189 1210 1039
f 1048 1202 1129
f 1156 1048 1129
f 1044 1168 1167
f 1017 1044 1167
f 1149 1148 1131
f 1145 1149 1131
f 1511 1060 1058
f 1511 1499 1060
f 1476 1473 1049
f 1098 1476 1049
f 1175 1050 1006
f 1176 1175 1006
f 1135 1158 1139
f 1137 1135 1139
f 1097 1098 1049
f 1134 1097 1049
f 1133 1506 1482
f 1200 1133 1482
f 1104 1105 1103
f 1204 1104 1103
f 588 1093 1092
f 712 588 1092
f 1098 1097 1013
f 1211 1098 1013
f 1474 1481 1027
f 1025 1474 1027
f 1154 1205 1048
f 1156 1154 1048
f 1149 1152 1103
f 1115 1149 1103
f 1095 1043 586
f 1096 1095 586
f 1193 1059 1038
f 1192 1193 1038
f 1184 1151 1134
f 1157 1184 1134
f 1513 1502 1107
f 1127 1513 1107
f 1125 1126 1036
f 1061 1125 1036
f 1084 1083 309
f 1003 1084 309
f 1159 1139 1138
f 1210 1106 1033
f 1056 1210 1033
f 1116 1101 1077
f 1114 1116 1077
f 1065 1067 1063
f 1062 1065 1063
f 1036 1070 1065
f 1061 1036 1065
f 1193 1192 1039
f 1060 1193 1039
f 1511 1058 1035
f 1477 1511 1035
f 1065 1062 1034
f 1061 1065 1034
f 1500 1488 1064
f 1037 1500 1064
f 1032 1031 1030
f 1014 1032 1030
f 1073 1072 1040
f 1053 1073 1040
f 1126 1125 1013
f 1151 1126 1013
f 1196 1068 1066
f 1195 1196 1066
f 1482 1491 1137
f 1200 1482 1137
f 1187 1188 1182
f 1183 1187 1182
f 1037 1055 1054
f 1046 1037 1054
f 1142 1166 1109
f 1108 1142 1109
f 1186 1132 1131
f 1185 1186 1131
f 1145 1202 1152
f 1149 1145 1152
f 1167 1128 1038
f 1017 1167 1038
f 1195 1066 1064
f 1194 1195 1064
f 1169 1168 1044
f 1076 1169 1044
f 1101 1047 1041
f 1077 1101 1041
f 1038 1059 1018
f 1017 1038 1018
f 1107 1099 1100
f 1104 1107 1100
f 1493 1516 712
f 1092 1493 712
f 1172 1173 1090
f 1091 1172 1090
f 1170 1171 1092
f 1093 1170 1092
f 1125 1061 1034
f 1124 1125 1034
f 1031 1032 1004
f 1110 1031 1004
f 1501 1512 1019
f 1172 1501 1019
f 1167 1168 1095
f 1096 1167 1095
f 1073 1054 1047
f 1072 1073 1047
f 1005 1177 1176
f 1006 1005 1176
f 1004 1206 1176
f 1177 1004 1176
f 1055 1041 1047
f 1054 1055 1047
f 1075 1492 1474
f 1025 1075 1474
f 1492 1075 1045
f 1507 1492 1045
f 1506 1133 1147
f 1487 1506 1147
f 1170 1169 1076
f 1023 1170 1076
f 1130 1147 1133
f 1141 1130 1133
f 1075 1076 1044
f 1045 1075 1044
f 1114 1112 1111
f 1113 1114 1111
f 1065 1070 1069
f 1067 1065 1069
f 1183 1181 1159
f 1187 1183 1159
f 1198 1199 1111
f 1112 1198 1111
f 1115 1116 1114
f 1113 1115 1114
f 1176 1087 1088
f 1175 1176 1088
f 1122 1030 1031
f 1121 1122 1031
f 1053 1040 1042
f 1052 1053 1042
f 1077 1041 1068
f 1071 1077 1068
f 1205 1204 1103
f 1152 1205 1103
f 1149 1115 1113
f 1148 1149 1113
f 1199 1184 1150
f 1111 1199 1150
f 1207 1180 1083
f 1084 1207 1083
f 1118 1140 1138
f 1117 1118 1138
f 1485 1524 1481
f 1028 1485 1481
f 1208 1128 1079
f 1191 1208 1079
f 1084 1003 311
f 1085 1084 311
f 1179 1143 1120
f 1110 1179 1120
f 1197 1071 1068
f 1196 1197 1068
f 1111 1150 1148
f 1113 1111 1148
f 1479 1513 1127
f 1154 1479 1127
f 1201 1141 1133
f 1200 1201 1133
f 1487 1478 1129
f 1146 1487 1129
f 1164 1166 1142
f 1153 1164 1142
f 1201 1200 1137
f 1139 1201 1137
f 1180 1207 1014
f 1015 1180 1014
f 1208 1189 1039
f 1192 1208 1039
f 1143 1188 1187
f 1140 1143 1187
f 1129 1202 1145
f 1146 1129 1145
f 1181 1201 1139
f 1159 1181 1139
f 1093 588 587
f 1094 1093 587
f 1150 1184 1157
f 1185 1150 1157
f 1185 1131 1148
f 1150 1185 1148
f 1144 1166 1164
f 1165 1144 1164
f 1182 1188 1143
f 1179 1182 1143
f 1134 1151 1013
f 1097 1134 1013
f 1106 1180 1015
f 1033 1106 1015
f 1210 1189 1080
f 1081 1210 1080
f 1157 1134 1049
f 1203 1157 1049
f 1182 1179 1144
f 1165 1182 1144
f 1162 1155 1130
f 1161 1162 1130
f 1106 1210 1081
f 1082 1106 1081
f 1162 1161 1160
f 1163 1162 1160
f 1136 1119 1117
f 1138 1136 1117
f 1165 1164 1162
f 1163 1165 1162
f 1162 1164 1153
f 1155 1162 1153
f 1196 1195 1067
f 1069 1196 1067
f 1489 1123 1119
f 1476 1489 1119
f 1023 1076 1075
f 1025 1023 1075
f 1178 1110 1004
f 1177 1178 1004
f 1163 1183 1182
f 1165 1163 1182
f 1156 1498 1479
f 1154 1156 1479
f 1066 1068 1041
f 1055 1066 1041
f 1169 1094 1095
f 1168 1169 1095
f 1176 1206 1086
f 1087 1176 1086
f 1183 1163 1160
f 1181 1183 1160
f 1198 1112 1071
f 1197 1198 1071
f 1488 1480 1194
f 1064 1488 1194
f 1152 1202 1048
f 1205 1152 1048
f 1127 1107 1104
f 1204 1127 1104
f 1121 1031 1110
f 1120 1121 1110
f 1146 1145 1131
f 1132 1146 1131
f 1070 1197 1196
f 1069 1070 1196
f 1477 1035 1029
f 1497 1477 1029
f 1114 1077 1071
f 1112 1114 1071
f 1205 1154 1127
f 1204 1205 1127
f 1167 1096 1079
f 1128 1167 1079
f 1095 1094 587
f 1043 1095 587
f 1029 1015 1014
f 1030 1029 1014
f 1491 1473 1135
f 1137 1491 1135
f 1209 1207 1084
f 1085 1209 1084
f 1187 1159 1138
f 1140 1187 1138
f 1209 1206 1004
f 1032 1209 1004
f 1486 1509 1007
f 1020 1486 1007
f 1161 1130 1141
f 1160 1161 1141
f 1124 1211 1013
f 1125 1124 1013
f 1026 1053 1052
f 1028 1026 1052
f 1079 1078 585
f 1191 1079 585
f 1175 1174 1012
f 1050 1175 1012
f 1080 1011 546
f 1081 1080 546
f 1494 1052 1042
f 1495 1494 1042
f 1174 1515 1509
f 1012 1174 1509
f 1074 1046 1054
f 1073 1074 1054
f 1081 546 310
f 1082 1081 310
f 1002 1086 1085
f 311 1002 1085
f 1066 1055 1037
f 1064 1066 1037
f 1199 1126 1151
f 1184 1199 1151
f 1144 1178 1109
f 1166 1144 1109
f 1299 862 861
f 1297 1299 861
f 1298 1299 1297
f 1296 1298 1297
f 862 1299 1293
f 863 862 1293
f 1299 1298 1292
f 1293 1299 1292
f 1353 1295 864
f 1305 1353 864
f 1356 1294 1295
f 1353 1356 1295
f 1295 1301 826
f 864 1295 826
f 1300 1301 1295
f 1294 1300 1295
f 1355 1293 1292
f 1358 1355 1292
f 1355 1358 1357
f 1354 1355 1357
f 1357 1356 1353
f 1354 1357 1353
f 1293 1355 1307
f 863 1293 1307
f 1355 1354 1306
f 1307 1355 1306
f 1306 1354 1353
f 1305 1306 1353
f 1518 1490 857
f 1322 1518 857
f 1519 1518 1322
f 1321 1519 1322
f 1519 1321 1320
f 1520 1519 1320
f 1521 1472 1010
f 1328 1521 1010
f 1521 1328 1327
f 1522 1521 1327
f 1522 1327 1326
f 1523 1522 1326
f 1350 898 897
f 1341 1350 897
f 1342 1351 1350
f 1341 1342 1350
f 1352 1351 1342
f 1343 1352 1342
f 2907 1352 896
f 2868 2907 896
f 2907 2906 1351
f 1352 2907 1351
f 1351 2906 2905
f 1350 1351 2905
f 1337 1316 879
f 880 1337 879
f 1316 1337 1336
f 1315 1316 1336
f 1315 1336 1335
f 1314 1315 1335
f 1462 1427 858
f 1323 1462 858
f 1324 1466 1462
f 1323 1324 1462
f 1470 1466 1324
f 1325 1470 1324
f 1314 873 860
f 1344 1314 860
f 1344 1345 1315
f 1314 1344 1315
f 1346 1316 1315
f 1345 1346 1315
f 1338 867 1254
f 1313 1338 1254
f 1338 1313 1312
f 1339 1338 1312
f 1339 1312 1311
f 1340 1339 1311
f 1349 868 998
f 1326 1349 998
f 1348 1349 1326
f 1327 1348 1326
f 1347 1348 1327
f 1328 1347 1327
f 3199 3191 2873
f 2949 3199 2873
f 3211 3199 2949
f 2948 3211 2949
f 3211 2948 2947
f 3213 3211 2947
f 1334 886 855
f 1310 1334 855
f 1334 1310 1309
f 1333 1334 1309
f 1333 1309 1308
f 1332 1333 1308
f 1329 1310 855
f 890 1329 855
f 1329 1330 1309
f 1310 1329 1309
f 1330 1331 1308
f 1309 1330 1308
f 1331 1304 870
f 889 1331 870
f 1331 1330 1303
f 1304 1331 1303
f 1330 1329 1302
f 1303 1330 1302
f 1347 876 886
f 1334 1347 886
f 1348 1347 1334
f 1333 1348 1334
f 1348 1333 1332
f 1349 1348 1332
f 1304 1319 865
f 870 1304 865
f 1319 1304 1303
f 1318 1319 1303
f 1318 1303 1302
f 1317 1318 1302
f 1325 1337 880
f 881 1325 880
f 1336 1337 1325
f 1324 1336 1325
f 1336 1324 1323
f 1335 1336 1323
f 1358 1292 865
f 1319 1358 865
f 1358 1319 1318
f 1357 1358 1318
f 1356 1357 1318
f 1317 1356 1318
f 895 1343 1305
f 864 895 1305
f 1305 1343 1342
f 1306 1305 1342
f 1341 1307 1306
f 1342 1341 1306
f 1467 1320 1321
f 1463 1467 1321
f 1468 1467 1463
f 1464 1468 1463
f 1469 1468 1464
f 1465 1469 1464
f 1470 1469 1465
f 1466 1470 1465
f 1459 1463 1321
f 1322 1459 1321
f 1464 1463 1459
f 1460 1464 1459
f 1465 1464 1460
f 1461 1465 1460
f 1466 1465 1461
f 1462 1466 1461
f 1459 1322 857
f 1430 1459 857
f 1459 1430 1429
f 1460 1459 1429
f 1460 1429 1428
f 1461 1460 1428
f 1462 1461 1428
f 1427 1462 1428
f 1446 1367 1247
f 578 1446 1247
f 1446 1445 1368
f 1367 1446 1368
f 1445 1444 1369
f 1368 1445 1369
f 1444 1443 1370
f 1369 1444 1370
f 1426 563 1246
f 1386 1426 1246
f 1426 1386 1385
f 1425 1426 1385
f 1425 1385 1384
f 1424 1425 1384
f 1424 1384 1383
f 1423 1424 1383
f 1398 1402 365
f 1241 1398 365
f 1402 1398 1397
f 1401 1402 1397
f 1400 1401 1397
f 1396 1400 1397
f 1400 1396 1395
f 1399 1400 1395
f 1438 950 949
f 1411 1438 949
f 1437 1438 1411
f 1412 1437 1411
f 1436 1437 1412
f 1413 1436 1412
f 1435 1436 1413
f 1414 1435 1413
f 1434 579 965
f 1414 1434 965
f 1434 1414 1413
f 1433 1434 1413
f 1433 1413 1412
f 1432 1433 1412
f 1431 1432 1412
f 1411 1431 1412
f 1378 1430 857
f 846 1378 857
f 1430 1378 1377
f 1429 1430 1377
f 1429 1377 1376
f 1428 1429 1376
f 1428 1376 1375
f 1427 1428 1375
f 1415 850 847
f 1375 1415 847
f 1416 1415 1375
f 1376 1416 1375
f 1377 1417 1416
f 1376 1377 1416
f 1378 1418 1417
f 1377 1378 1417
f 1467 1419 882
f 1320 1467 882
f 1467 1468 1420
f 1419 1467 1420
f 1469 1421 1420
f 1468 1469 1420
f 1469 1470 1422
f 1421 1469 1422
f 1423 573 1242
f 1395 1423 1242
f 1424 1423 1395
f 1396 1424 1395
f 1425 1424 1396
f 1397 1425 1396
f 1426 1425 1397
f 1398 1426 1397
f 1450 1366 713
f 834 1450 713
f 1450 1449 1365
f 1366 1450 1365
f 1365 1449 1448
f 1364 1365 1448
f 1448 1447 1363
f 1364 1448 1363
f 1439 514 326
f 1403 1439 326
f 1440 1439 1403
f 1404 1440 1403
f 1441 1440 1404
f 1405 1441 1404
f 1442 1441 1405
f 1406 1442 1405
f 1394 571 547
f 1406 1394 547
f 1394 1406 1405
f 1393 1394 1405
f 1393 1405 1404
f 1392 1393 1404
f 1392 1404 1403
f 1391 1392 1403
f 1374 674 447
f 1387 1374 447
f 1388 1373 1374
f 1387 1388 1374
f 1389 1372 1373
f 1388 1389 1373
f 1390 1371 1372
f 1389 1390 1372
f 1390 1442 688
f 689 1390 688
f 1442 1390 1389
f 1441 1442 1389
f 1441 1389 1388
f 1440 1441 1388
f 1440 1388 1387
f 1439 1440 1387
f 1374 1382 493
f 674 1374 493
f 1382 1374 1373
f 1381 1382 1373
f 1381 1373 1372
f 1380 1381 1372
f 1380 1372 1371
f 1379 1380 1371
f 1407 1391 376
f 315 1407 376
f 1408 1392 1391
f 1407 1408 1391
f 1409 1393 1392
f 1408 1409 1392
f 1410 1394 1393
f 1409 1410 1393
f 3149 3145 2854
f 2969 3149 2854
f 3214 3149 2969
f 2970 3214 2969
f 3215 3214 2970
f 2971 3215 2970
f 3217 3215 2971
f 2972 3217 2971
f 1451 567 648
f 1362 1451 648
f 1361 1452 1451
f 1362 1361 1451
f 1452 1361 1360
f 1453 1452 1360
f 1454 1453 1360
f 1359 1454 1360
f 1438 1454 592
f 950 1438 592
f 1454 1438 1437
f 1453 1454 1437
f 1453 1437 1436
f 1452 1453 1436
f 1452 1436 1435
f 1451 1452 1435
f 1362 648 554
f 1410 1362 554
f 1410 1409 1361
f 1362 1410 1361
f 1409 1408 1360
f 1361 1409 1360
f 1360 1408 1407
f 1359 1360 1407
f 1434 1399 572
f 579 1434 572
f 1399 1434 1433
f 1400 1399 1433
f 1432 1401 1400
f 1433 1432 1400
f 1431 1402 1401
f 1432 1431 1401
f 1383 1446 578
f 1249 1383 578
f 1445 1446 1383
f 1384 1445 1383
f 1444 1445 1384
f 1385 1444 1384
f 1443 1444 1385
f 1386 1443 1385
f 1370 1257 575
f 1455 1370 575
f 1455 1456 1369
f 1370 1455 1369
f 1456 1457 1368
f 1369 1456 1368
f 1457 1458 1367
f 1368 1457 1367
f 1450 834 882
f 1419 1450 882
f 1449 1450 1419
f 1420 1449 1419
f 1448 1449 1420
f 1421 1448 1420
f 1447 1448 1421
f 1422 1447 1421
f 584 1458 1363
f 577 584 1363
f 1458 1457 1364
f 1363 1458 1364
f 1457 1456 1365
f 1364 1457 1365
f 1456 1455 1366
f 1365 1456 1366
f 1522 1523 1338
f 1339 1522 1338
f 1521 1522 1339
f 1340 1521 1339
f 1521 1340 877
f 1472 1521 877
f 1519 1520 1311
f 1312 1519 1311
f 1519 1312 1313
f 1518 1519 1313
f 1518 1313 1254
f 1490 1518 1254
f 1515 1173 1007
f 1509 1515 1007
f 1495 1022 1051
f 1494 1495 1051
f 1486 1021 1012
f 1509 1486 1012
f 1473 1491 1203
f 1049 1473 1203
f 1497 1124 1034
f 1477 1497 1034
f 1488 1059 1193
f 1480 1488 1193
f 1498 1155 1153
f 1479 1498 1153
f 1211 1489 1476
f 1098 1211 1476
f 1487 1147 1130
f 1478 1487 1130
f 1479 1153 1142
f 1513 1479 1142
f 1524 1483 1027
f 1481 1524 1027
f 1524 1486 1020
f 1483 1524 1020
f 1524 1485 1021
f 1486 1524 1021
f 1487 1146 1132
f 1506 1487 1132
f 1492 1507 1046
f 1074 1492 1046
f 1492 1074 1026
f 1474 1492 1026
f 1501 1171 1024
f 1512 1501 1024
f 1493 1091 1008
f 1516 1493 1008
f 1203 1491 1482
f 1186 1203 1482
f 1488 1500 1018
f 1059 1488 1018
f 1511 1477 1034
f 1062 1511 1034
f 1513 1142 1108
f 1502 1513 1108
f 1028 1481 1474
f 1026 1028 1474
f 1482 1506 1132
f 1186 1482 1132
f 1476 1119 1135
f 1473 1476 1135
f 1499 1511 1062
f 1063 1499 1062
f 1099 1514 1495
f 1042 1099 1495
f 1480 1499 1063
f 1194 1480 1063
f 1501 1493 1092
f 1171 1501 1092
f 1507 1500 1037
f 1046 1507 1037
f 1502 1514 1099
f 1107 1502 1099
f 1484 1510 562
f 1090 1484 562
f 1489 1497 1029
f 1123 1489 1029
f 1498 1156 1129
f 1478 1498 1129
f 1494 1051 1021
f 1485 1494 1021
f 1483 1512 1024
f 1027 1483 1024
f 1173 1515 1484
f 1090 1173 1484
f 1516 1505 834
f 712 1516 834
f 1496 1505 1256
f 1255 1496 1256
f 1520 1496 1255
f 1311 1520 1255
f 1475 1503 999
f 1253 1475 999
f 1490 1503 846
f 857 1490 846
f 1504 1472 877
f 833 1504 877
f 1523 1508 867
f 1338 1523 867
f 1508 998 1001
f 1471 1508 1001
f 1517 1471 1001
f 1226 1517 1001
f 1504 833 562
f 1510 1504 562
f 1534 1533 1526
f 1737 1534 1526
f 1737 1738 1535
f 1534 1737 1535
f 1738 1739 1536
f 1535 1738 1536
f 1734 1529 1528
f 1733 1734 1528
f 1527 1537 1536
f 1739 1527 1536
f 1734 1735 1530
f 1529 1734 1530
f 1530 1735 1525
f 1531 1530 1525
f 1532 1531 1525
f 1736 1532 1525
f 1532 1736 1526
f 1533 1532 1526
f 1545 1544 1534
f 1535 1545 1534
f 1546 1545 1535
f 1536 1546 1535
f 1539 1538 1528
f 1529 1539 1528
f 1547 1546 1536
f 1537 1547 1536
f 1530 1540 1539
f 1529 1530 1539
f 1531 1541 1540
f 1530 1531 1540
f 1532 1542 1541
f 1531 1532 1541
f 1543 1542 1532
f 1533 1543 1532
f 1544 1543 1533
f 1534 1544 1533
f 1556 1555 1545
f 1546 1556 1545
f 1549 1548 1538
f 1539 1549 1538
f 1557 1556 1546
f 1547 1557 1546
f 1550 1549 1539
f 1540 1550 1539
f 1551 1550 1540
f 1541 1551 1540
f 1542 1552 1551
f 1541 1542 1551
f 1553 1552 1542
f 1543 1553 1542
f 1554 1553 1543
f 1544 1554 1543
f 1555 1554 1544
f 1545 1555 1544
f 1556 1566 1565
f 1555 1556 1565
f 1549 1559 1558
f 1548 1549 1558
f 1567 1566 1556
f 1557 1567 1556
f 1550 1560 1559
f 1549 1550 1559
f 1561 1560 1550
f 1551 1561 1550
f 1562 1561 1551
f 1552 1562 1551
f 1563 1562 1552
f 1553 1563 1552
f 1564 1563 1553
f 1554 1564 1553
f 1565 1564 1554
f 1555 1565 1554
f 1569 1568 1558
f 1559 1569 1558
f 1577 1576 1566
f 1567 1577 1566
f 1560 1570 1569
f 1559 1560 1569
f 1571 1570 1560
f 1561 1571 1560
f 1572 1571 1561
f 1562 1572 1561
f 1563 1573 1572
f 1562 1563 1572
f 1564 1574 1573
f 1563 1564 1573
f 1575 1574 1564
f 1565 1575 1564
f 1576 1575 1565
f 1566 1576 1565
f 1577 1588 1587
f 1576 1577 1587
f 1581 1580 1569
f 1570 1581 1569
f 1582 1581 1570
f 1571 1582 1570
f 1583 1582 1571
f 1572 1583 1571
f 1584 1583 1572
f 1573 1584 1572
f 1574 1585 1584
f 1573 1574 1584
f 1586 1585 1574
f 1575 1586 1574
f 1587 1586 1575
f 1576 1587 1575
f 1569 1580 1579
f 1568 1569 1579
f 1593 1592 1581
f 1582 1593 1581
f 1687 1676 1665
f 1578 1687 1665
f 1583 1594 1593
f 1582 1583 1593
f 1584 1595 1594
f 1583 1584 1594
f 1585 1596 1595
f 1584 1585 1595
f 1597 1596 1585
f 1586 1597 1585
f 1598 1597 1586
f 1587 1598 1586
f 1580 1591 1590
f 1579 1580 1590
f 1599 1598 1587
f 1588 1599 1587
f 1592 1591 1580
f 1581 1592 1580
f 1593 1604 1603
f 1592 1593 1603
f 1622 1654 1643
f 1666 1622 1643
f 1605 1604 1593
f 1594 1605 1593
f 1595 1606 1605
f 1594 1595 1605
f 1596 1607 1606
f 1595 1596 1606
f 1597 1608 1607
f 1596 1597 1607
f 1609 1608 1597
f 1598 1609 1597
f 1602 1601 1590
f 1591 1602 1590
f 1610 1609 1598
f 1599 1610 1598
f 1592 1603 1602
f 1591 1592 1602
f 1665 1654 1622
f 1578 1665 1622
f 1610 1710 1632
f 1621 1610 1632
f 1616 1615 1604
f 1605 1616 1604
f 1606 1617 1616
f 1605 1606 1616
f 1607 1618 1617
f 1606 1607 1617
f 1608 1619 1618
f 1607 1608 1618
f 1620 1619 1608
f 1609 1620 1608
f 1602 1613 1612
f 1601 1602 1612
f 1610 1621 1620
f 1609 1610 1620
f 1614 1613 1602
f 1603 1614 1602
f 1632 1710 1666
f 1643 1632 1666
f 1604 1615 1614
f 1603 1604 1614
f 1627 1626 1615
f 1616 1627 1615
f 1628 1627 1616
f 1617 1628 1616
f 1618 1629 1628
f 1617 1618 1628
f 1619 1630 1629
f 1618 1619 1629
f 1631 1630 1619
f 1620 1631 1619
f 1624 1623 1612
f 1613 1624 1612
f 1632 1631 1620
f 1621 1632 1620
f 1614 1625 1624
f 1613 1614 1624
f 1698 1687 1578
f 1589 1698 1578
f 1626 1625 1614
f 1615 1626 1614
f 1633 1589 1578
f 1622 1633 1578
f 1639 1638 1627
f 1628 1639 1627
f 1640 1639 1628
f 1629 1640 1628
f 1630 1641 1640
f 1629 1630 1640
f 1642 1641 1630
f 1631 1642 1630
f 1635 1634 1623
f 1624 1635 1623
f 1643 1642 1631
f 1632 1643 1631
f 1636 1635 1624
f 1625 1636 1624
f 1677 1633 1622
f 1666 1677 1622
f 1626 1637 1636
f 1625 1626 1636
f 1721 1677 1666
f 1710 1721 1666
f 1627 1638 1637
f 1626 1627 1637
f 1651 1650 1639
f 1640 1651 1639
f 1652 1651 1640
f 1641 1652 1640
f 1653 1652 1641
f 1642 1653 1641
f 1646 1645 1634
f 1635 1646 1634
f 1654 1653 1642
f 1643 1654 1642
f 1647 1646 1635
f 1636 1647 1635
f 1710 1610 1599
f 1721 1710 1599
f 1648 1647 1636
f 1637 1648 1636
f 1709 1698 1589
f 1600 1709 1589
f 1649 1648 1637
f 1638 1649 1637
f 1650 1649 1638
f 1639 1650 1638
f 1651 1662 1661
f 1650 1651 1661
f 1663 1662 1651
f 1652 1663 1651
f 1664 1663 1652
f 1653 1664 1652
f 1657 1656 1645
f 1646 1657 1645
f 1665 1664 1653
f 1654 1665 1653
f 1658 1657 1646
f 1647 1658 1646
f 1644 1600 1589
f 1633 1644 1589
f 1659 1658 1647
f 1648 1659 1647
f 1677 1688 1644
f 1633 1677 1644
f 1660 1659 1648
f 1649 1660 1648
f 1650 1661 1660
f 1649 1650 1660
f 1674 1673 1662
f 1663 1674 1662
f 1675 1674 1663
f 1664 1675 1663
f 1668 1667 1656
f 1657 1668 1656
f 1676 1675 1664
f 1665 1676 1664
f 1669 1668 1657
f 1658 1669 1657
f 1721 1732 1688
f 1677 1721 1688
f 1659 1670 1669
f 1658 1659 1669
f 1721 1599 1588
f 1732 1721 1588
f 1660 1671 1670
f 1659 1660 1670
f 1661 1672 1671
f 1660 1661 1671
f 1673 1672 1661
f 1662 1673 1661
f 1674 1685 1684
f 1673 1674 1684
f 1686 1685 1674
f 1675 1686 1674
f 1679 1678 1667
f 1668 1679 1667
f 1687 1686 1675
f 1676 1687 1675
f 1669 1680 1679
f 1668 1669 1679
f 1720 1709 1600
f 1611 1720 1600
f 1681 1680 1669
f 1670 1681 1669
f 1655 1611 1600
f 1644 1655 1600
f 1671 1682 1681
f 1670 1671 1681
f 1683 1682 1671
f 1672 1683 1671
f 1684 1683 1672
f 1673 1684 1672
f 1686 1697 1696
f 1685 1686 1696
f 1690 1689 1678
f 1679 1690 1678
f 1698 1697 1686
f 1687 1698 1686
f 1691 1690 1679
f 1680 1691 1679
f 1699 1655 1644
f 1688 1699 1644
f 1681 1692 1691
f 1680 1681 1691
f 1740 1699 1688
f 1732 1740 1688
f 1682 1693 1692
f 1681 1682 1692
f 1683 1694 1693
f 1682 1683 1693
f 1695 1694 1683
f 1684 1695 1683
f 1696 1695 1684
f 1685 1696 1684
f 1690 1701 1700
f 1689 1690 1700
f 1698 1709 1708
f 1697 1698 1708
f 1691 1702 1701
f 1690 1691 1701
f 1740 1732 1588
f 1577 1740 1588
f 1703 1702 1691
f 1692 1703 1691
f 1720 1611 1527
f 1731 1720 1527
f 1693 1704 1703
f 1692 1693 1703
f 1694 1705 1704
f 1693 1694 1704
f 1706 1705 1694
f 1695 1706 1694
f 1707 1706 1695
f 1696 1707 1695
f 1708 1707 1696
f 1697 1708 1696
f 1720 1719 1708
f 1709 1720 1708
f 1713 1712 1701
f 1702 1713 1701
f 1655 1537 1527
f 1611 1655 1527
f 1714 1713 1702
f 1703 1714 1702
f 1699 1547 1537
f 1655 1699 1537
f 1704 1715 1714
f 1703 1704 1714
f 1716 1715 1704
f 1705 1716 1704
f 1717 1716 1705
f 1706 1717 1705
f 1707 1718 1717
f 1706 1707 1717
f 1719 1718 1707
f 1708 1719 1707
f 1712 1711 1700
f 1701 1712 1700
f 1713 1724 1723
f 1712 1713 1723
f 1740 1557 1547
f 1699 1740 1547
f 1714 1725 1724
f 1713 1714 1724
f 1557 1740 1577
f 1567 1557 1577
f 1726 1725 1714
f 1715 1726 1714
f 1716 1727 1726
f 1715 1716 1726
f 1728 1727 1716
f 1717 1728 1716
f 1729 1728 1717
f 1718 1729 1717
f 1719 1730 1729
f 1718 1719 1729
f 1712 1723 1722
f 1711 1712 1722
f 1720 1731 1730
f 1719 1720 1730
f 1525 1735 1724
f 1725 1525 1724
f 1726 1736 1525
f 1725 1726 1525
f 1726 1727 1526
f 1736 1726 1526
f 1728 1737 1526
f 1727 1728 1526
f 1738 1737 1728
f 1729 1738 1728
f 1730 1739 1738
f 1729 1730 1738
f 1734 1733 1722
f 1723 1734 1722
f 1527 1739 1730
f 1731 1527 1730
f 1735 1734 1723
f 1724 1735 1723
f 2868 2866 2415
f 2420 2868 2415
f 2352 2395 2365
f 2351 2352 2365
f 2388 2419 2416
f 2350 2388 2416
f 2414 2395 2352
f 2353 2414 2352
f 2944 2910 2387
f 2421 2944 2387
f 2747 2526 1832
f 2059 2747 1832
f 2414 2353 2354
f 2379 2414 2354
f 2894 2900 2351
f 2365 2894 2351
f 2410 2379 2354
f 2355 2410 2354
f 2069 2517 1799
f 2160 2069 1799
f 2165 2157 2156
f 2161 2165 2156
f 2160 2161 2156
f 2069 2160 2156
f 2747 2059 2117
f 2744 2747 2117
f 2436 2453 2069
f 2156 2436 2069
f 2470 2462 2157
f 2158 2470 2157
f 2164 2158 2157
f 2165 2164 2157
f 2435 2461 2153
f 2152 2435 2153
f 2753 2761 1859
f 2004 2753 1859
f 2410 2355 2356
f 2400 2410 2356
f 2744 2117 2058
f 2737 2744 2058
f 2764 1856 1863
f 2754 2764 1863
f 2061 2737 2736
f 2060 2061 2736
f 2762 2118 2061
f 2755 2762 2061
f 2521 2517 2069
f 2453 2521 2069
f 2001 2152 2151
f 1958 2001 2151
f 2225 2224 2158
f 2164 2225 2158
f 2152 2153 2149
f 2151 2152 2149
f 2524 3120 3114
f 2776 2524 3114
f 2509 2001 1958
f 2507 2509 1958
f 2484 1888 1986
f 2478 2484 1986
f 2115 3271 3224
f 2239 2115 3224
f 2224 2225 2163
f 2159 2224 2163
f 2329 2155 2000
f 2223 2329 2000
f 2163 2162 1932
f 2159 2163 1932
f 2030 1924 1866
f 2029 2030 1866
f 2442 2018 1885
f 2460 2442 1885
f 2780 2357 2086
f 2532 2780 2086
f 2031 2151 2149
f 1854 2031 2149
f 2470 2158 2224
f 2465 2470 2224
f 2534 2400 2356
f 2776 2534 2356
f 2463 2749 2736
f 2057 2463 2736
f 2468 2159 1932
f 2448 2468 1932
f 2757 2762 2119
f 2062 2757 2119
f 2755 2061 2060
f 2759 2755 2060
f 2120 2119 2055
f 2064 2120 2055
f 2151 2031 1926
f 1958 2151 1926
f 2757 2527 1835
f 2066 2757 1835
f 2753 2004 1851
f 2754 2753 1851
f 2056 2065 2064
f 2055 2056 2064
f 2003 2741 2740
f 2005 2003 2740
f 2233 1927 2150
f 2223 2233 2150
f 2031 2030 1880
f 1926 2031 1880
f 2239 2238 2114
f 2115 2239 2114
f 1924 1879 1852
f 1866 1924 1852
f 2358 2236 2112
f 2237 2358 2112
f 2150 1927 1854
f 2149 2150 1854
f 2162 2166 1931
f 1932 2162 1931
f 2031 1854 1924
f 2030 2031 1924
f 2112 2111 2099
f 2237 2112 2099
f 3255 3253 2867
f 2872 3255 2867
f 3253 3224 2865
f 2867 3253 2865
f 2064 2065 1993
f 1994 2064 1993
f 2739 2002 1959
f 2741 2739 1959
f 2120 2121 2011
f 2063 2120 2011
f 2120 2063 2062
f 2119 2120 2062
f 2510 2514 1842
f 1917 2510 1842
f 2120 2064 1994
f 2121 2120 1994
f 3195 2222 2133
f 3267 3195 2133
f 2813 2319 2270
f 2812 2813 2270
f 2257 2303 2270
f 2319 2257 2270
f 2740 2742 1991
f 2005 2740 1991
f 3065 2976 2237
f 2099 3065 2237
f 2402 2403 2361
f 2362 2402 2361
f 2357 2780 2779
f 2401 2357 2779
f 2481 2485 2023
f 2122 2481 2023
f 2062 2063 1834
f 1833 2062 1834
f 2442 2438 1851
f 2018 2442 1851
f 2019 2018 1851
f 2004 2019 1851
f 2270 2303 1758
f 1759 2270 1758
f 1994 1993 1986
f 1888 1994 1986
f 2812 2270 1759
f 2811 2812 1759
f 2238 2098 2113
f 2114 2238 2113
f 2581 2114 2113
f 2533 2581 2113
f 2760 2751 1991
f 1992 2760 1991
f 2745 2746 1815
f 1992 2745 1815
f 2030 2029 1881
f 1880 2030 1881
f 1879 1924 1854
f 1927 1879 1854
f 2233 2232 1879
f 1927 2233 1879
f 2223 2000 1928
f 2233 2223 1928
f 2329 2223 2150
f 2154 2329 2150
f 1931 2166 1875
f 1930 1931 1875
f 2428 2448 1932
f 1931 2428 1932
f 2028 2029 1866
f 1923 2028 1866
f 3180 3271 2115
f 2714 3180 2115
f 2000 1999 1929
f 1928 2000 1929
f 2361 2360 2098
f 2238 2361 2098
f 2098 2360 2359
f 2101 2098 2359
f 2781 2567 2110
f 2107 2781 2110
f 3032 3057 2359
f 2405 3032 2359
f 1993 2459 2449
f 1986 1993 2449
f 1943 1990 1882
f 2028 1943 1882
f 2011 2137 1834
f 2063 2011 1834
f 2122 2121 1994
f 1888 2122 1994
f 2481 2122 1888
f 2484 2481 1888
f 1908 2177 2176
f 2123 1908 2176
f 2019 2020 1883
f 1884 2019 1883
f 2019 2004 1859
f 2020 2019 1859
f 2505 2515 1880
f 1881 2505 1880
f 2018 2019 1884
f 1885 2018 1884
f 2272 2269 1755
f 1756 2272 1755
f 2761 2005 1991
f 2751 2761 1991
f 2028 1882 1881
f 2029 2028 1881
f 2500 2044 2040
f 2502 2500 2040
f 2503 2505 1881
f 1882 2503 1881
f 2248 1791 1779
f 2247 2248 1779
f 2303 2273 1757
f 1758 2303 1757
f 2775 2090 2089
f 2772 2775 2089
f 2318 2317 2291
f 2290 2318 2291
f 2232 2233 1928
f 1972 2232 1928
f 2714 2115 2114
f 2581 2714 2114
f 1998 1999 1925
f 1952 1998 1925
f 3140 3248 2082
f 2767 3140 2082
f 2814 2290 2319
f 2813 2814 2319
f 2816 2316 2318
f 2815 2816 2318
f 2815 2318 2290
f 2814 2815 2290
f 3251 3240 2858
f 2859 3251 2858
f 2294 2315 2306
f 2310 2294 2306
f 1923 1866 1852
f 1867 1923 1852
f 1937 1938 1923
f 1867 1937 1923
f 1979 1980 1920
f 2052 1979 1920
f 1769 1768 1764
f 1767 1769 1764
f 1943 2028 1923
f 1938 1943 1923
f 3233 2774 2082
f 3248 3233 2082
f 2133 2168 1827
f 1828 2133 1827
f 2775 2774 2080
f 2090 2775 2080
f 2133 2222 2221
f 2168 2133 2221
f 2403 2404 2360
f 2361 2403 2360
f 2977 2771 2108
f 3068 2977 2108
f 2467 2155 2329
f 2466 2467 2329
f 2179 2178 1892
f 1904 2179 1892
f 2138 2137 2011
f 2023 2138 2011
f 1960 1885 1884
f 1922 1960 1884
f 2177 1908 1892
f 2178 2177 1892
f 2443 2444 2439
f 2440 2443 2439
f 2745 2742 1842
f 1865 2745 1842
f 1899 1910 1909
f 1891 1899 1909
f 1961 1960 1922
f 1887 1961 1922
f 3247 2012 1942
f 3234 3247 1942
f 2500 2512 2043
f 2044 2500 2043
f 2130 1865 1842
f 1843 2130 1842
f 2021 2020 1859
f 1918 2021 1859
f 2242 1810 1865
f 2130 2242 1865
f 1943 1920 1857
f 1990 1943 1857
f 2330 2024 1801
f 2331 2330 1801
f 2230 1974 1939
f 2229 2230 1939
f 3267 3220 2832
f 2833 3267 2832
f 1996 1947 1847
f 1985 1996 1847
f 1951 1946 1828
f 2054 1951 1828
f 1757 2273 2272
f 1756 1757 2272
f 2832 3220 3219
f 2831 2832 3219
f 2227 2226 1872
f 1978 2227 1872
f 3239 3231 1872
f 2226 3239 1872
f 2790 1942 1941
f 2787 2790 1941
f 2315 2294 2293
f 2317 2315 2293
f 2318 2316 2315
f 2317 2318 2315
f 2316 2307 2306
f 2315 2316 2306
f 1938 2052 1920
f 1943 1938 1920
f 2299 2302 2262
f 2265 2299 2262
f 1969 1970 1873
f 1936 1969 1873
f 1984 1996 1946
f 1951 1984 1946
f 1939 1974 1861
f 1944 1939 1861
f 1999 1998 1849
f 1929 1999 1849
f 2431 1982 1952
f 2427 2431 1952
f 2431 2429 1981
f 1982 2431 1981
f 2067 1930 1875
f 1903 2067 1875
f 2328 2327 2067
f 1903 2328 2067
f 2105 2106 2083
f 2084 2105 2083
f 2768 2084 2083
f 2767 2768 2083
f 2279 2278 1745
f 1746 2279 1745
f 2108 2113 2098
f 2101 2108 2098
f 3270 3218 2860
f 2861 3270 2860
f 2404 2405 2359
f 2360 2404 2359
f 3053 2107 2770
f 2996 3053 2770
f 1834 2137 1889
f 2070 1834 1889
f 2137 2138 1840
f 1889 2137 1840
f 2444 2280 2254
f 2439 2444 2254
f 2174 2175 2009
f 2140 2174 2009
f 2181 2180 2045
f 1962 2181 2045
f 2180 2179 1904
f 2045 2180 1904
f 2247 2242 1811
f 1778 2247 1811
f 2044 2039 2032
f 2040 2044 2032
f 2021 1919 1883
f 2020 2021 1883
f 1883 1919 1855
f 1921 1883 1855
f 2032 2130 1843
f 2040 2032 1843
f 1996 1985 1862
f 1946 1996 1862
f 1828 1946 1862
f 2133 1828 1862
f 2760 2756 1809
f 1858 2760 1809
f 2746 1810 1779
f 2738 2746 1779
f 2242 2247 1779
f 1810 2242 1779
f 3258 2878 2860
f 3218 3258 2860
f 1811 1812 1777
f 1778 1811 1777
f 2321 2322 1997
f 1968 2321 1997
f 3254 2883 2842
f 3234 3254 2842
f 2831 3219 3188
f 2830 2831 3188
f 3188 3266 2829
f 2830 3188 2829
f 3266 3242 2828
f 2829 3266 2828
f 3195 3268 1895
f 2222 3195 1895
f 2227 1977 1975
f 2226 2227 1975
f 3247 3272 1967
f 2012 3247 1967
f 2294 2295 2266
f 2293 2294 2266
f 2272 2273 2257
f 2268 2272 2257
f 2817 2307 2316
f 2816 2817 2316
f 2230 2229 1937
f 1867 2230 1937
f 1902 1983 1844
f 1848 1902 1844
f 2231 2232 1972
f 1973 2231 1972
f 2269 2268 2258
f 2271 2269 2258
f 1893 1972 1928
f 1929 1893 1928
f 2230 2231 1973
f 1974 2230 1973
f 1768 1874 1764
f 1768 1853 1874
f 1849 1998 1844
f 1983 1849 1844
f 1844 1998 1952
f 1982 1844 1952
f 1826 1954 1873
f 1970 1826 1873
f 2433 2326 1981
f 2429 2433 1981
f 1770 1768 1748
f 1747 1770 1748
f 3139 3262 2849
f 2850 3139 2849
f 2094 2093 2073
f 2088 2094 2073
f 2769 2085 2084
f 2768 2769 2084
f 2174 2139 2010
f 2175 2174 2010
f 2126 2125 1910
f 1911 2126 1910
f 2765 2535 2070
f 1889 2765 2070
f 3041 3012 1889
f 1840 3041 1889
f 2177 2178 1891
f 1909 2177 1891
f 2176 2175 2010
f 2123 2176 2010
f 1906 1907 1890
f 1899 1906 1890
f 2023 2485 2479
f 2138 2023 2479
f 2176 2177 1909
f 2124 2176 1909
f 2138 2479 2473
f 1840 2138 2473
f 2176 2124 2009
f 2175 2176 2009
f 1886 1916 1915
f 1989 1886 1915
f 3259 3241 2457
f 2458 3259 2457
f 1905 1906 1899
f 1891 1905 1899
f 2141 2142 1850
f 1900 2141 1850
f 2520 2521 2519
f 2518 2520 2519
f 1922 1884 1883
f 1921 1922 1883
f 2338 1855 1919
f 2192 2338 1919
f 1987 1961 1887
f 1988 1987 1887
f 2191 2192 1919
f 2021 2191 1919
f 1989 1868 1870
f 1988 1989 1870
f 2021 1918 1858
f 2191 2021 1858
f 1887 1922 1921
f 1886 1887 1921
f 1811 2242 2130
f 2032 1811 2130
f 2190 2191 1858
f 1809 2190 1858
f 2756 1815 1814
f 2758 2756 1814
f 2758 1814 1792
f 2752 2758 1792
f 2042 2241 1812
f 2039 2042 1812
f 1980 2024 1857
f 1920 1980 1857
f 3244 1954 1895
f 3268 3244 1895
f 1801 1802 1784
f 1788 1801 1784
f 2102 2773 2772
f 2089 2102 2772
f 2043 2042 2039
f 2044 2043 2039
f 1947 1996 1984
f 1995 1947 1984
f 2322 2321 1847
f 1947 2322 1847
f 1984 1951 1849
f 1983 1984 1849
f 2054 1829 1830
f 1950 2054 1830
f 1827 2250 1821
f 1829 1827 1821
f 2471 2077 2075
f 2487 2471 2075
f 2054 1860 1893
f 1951 2054 1893
f 1829 1828 1827
f 1829 2054 1828
f 1933 3281 3264
f 1975 1933 3264
f 2249 2252 2218
f 2219 2249 2218
f 3225 3272 2844
f 2845 3225 2844
f 2022 1979 1978
f 1872 2022 1978
f 2785 2787 1941
f 2211 2785 1941
f 2273 2303 2257
f 2785 2211 1940
f 2789 2785 1940
f 1894 1935 1912
f 1898 1894 1912
f 2052 1938 1937
f 1871 2052 1937
f 2284 2271 2258
f 2265 2262 2263
f 2264 2265 2263
f 2292 2293 2266
f 2267 2292 2266
f 2291 2292 2258
f 2268 2291 2258
f 2296 2264 2266
f 2295 2296 2266
f 2267 2263 2256
f 2261 2267 2256
f 1974 1973 1841
f 1861 1974 1841
f 2333 2234 1803
f 2334 2333 1803
f 1767 1750 1749
f 1769 1767 1749
f 1933 1976 1969
f 1936 1933 1969
f 1893 1929 1849
f 1951 1893 1849
f 2269 2271 1754
f 1755 2269 1754
f 1844 1982 1981
f 1848 1844 1981
f 1955 2204 2203
f 1956 1955 2203
f 2445 2425 1763
f 1876 2445 1763
f 2068 1853 1768
f 1770 2068 1768
f 2327 2328 1853
f 2068 2327 1853
f 2284 2286 1752
f 1753 2284 1752
f 2271 2284 1753
f 1754 2271 1753
f 3243 2857 2858
f 3240 3243 2858
f 2323 2322 1947
f 1995 2323 1947
f 2105 2488 2476
f 2106 2105 2476
f 2965 2173 1839
f 3017 2965 1839
f 3139 3227 2016
f 2129 3139 2016
f 2849 3262 3252
f 2848 2849 3252
f 2104 2085 2096
f 2103 2104 2096
f 2766 2096 2085
f 2769 2766 2085
f 2201 2128 1957
f 2202 2201 1957
f 3045 3061 2091
f 2490 3045 2091
f 2965 3064 2116
f 2173 2965 2116
f 2141 1900 1839
f 2140 2141 1839
f 2179 1905 1891
f 2178 2179 1891
f 3259 3265 2821
f 2877 3259 2821
f 1910 2125 2124
f 1909 1910 2124
f 2180 2046 1905
f 2179 2180 1905
f 2049 2034 1907
f 2048 2049 1907
f 2143 2038 1850
f 2142 2143 1850
f 1988 1870 1962
f 1987 1988 1962
f 3242 3275 2827
f 2828 3242 2827
f 2498 2496 1796
f 1783 2498 1796
f 2338 2339 1916
f 1855 2338 1916
f 1855 1916 1886
f 1921 1855 1886
f 2191 2190 2027
f 2192 2191 2027
f 2024 1980 1877
f 1878 2024 1877
f 2743 2738 1779
f 1791 2743 1779
f 1790 1778 1777
f 1789 1790 1777
f 2499 2497 1808
f 2194 2499 1808
f 2039 1812 1811
f 2032 2039 1811
f 2518 2464 2463
f 2520 2518 2463
f 2234 2189 1804
f 1803 2234 1804
f 1801 2024 1878
f 1802 1801 1878
f 2203 2014 2015
f 2202 2203 2015
f 1984 1983 1902
f 1995 1984 1902
f 2228 2053 1977
f 2227 2228 1977
f 2452 2457 2314
f 2301 2452 2314
f 1818 1824 1822
f 1826 1818 1822
f 2217 2250 1827
f 2168 2217 1827
f 1830 2216 1823
f 1831 1830 1823
f 3244 3273 1873
f 1954 3244 1873
f 2304 2320 2299
f 2298 2304 2299
f 2168 2221 2220
f 2249 2168 2220
f 1821 2250 2217
f 2251 1821 2217
f 3216 3273 2837
f 2838 3216 2837
f 1977 1976 1933
f 1975 1977 1933
f 3216 3281 1933
f 1936 3216 1933
f 1979 2052 1871
f 1978 1979 1871
f 1954 1826 1822
f 1895 1954 1822
f 2228 2229 1939
f 2053 2228 1939
f 1877 1980 1979
f 2022 1877 1979
f 2229 2228 1871
f 1937 2229 1871
f 3261 2145 2016
f 3227 3261 2016
f 2211 1941 1894
f 1898 2211 1894
f 1894 2012 1967
f 1935 1894 1967
f 1802 2788 2783
f 1784 1802 2783
f 2349 1774 1816
f 2335 2349 1816
f 3225 2845 2846
f 3222 3225 2846
f 3252 2014 2013
f 3238 3252 2013
f 2286 2284 2258
f 2261 2286 2258
f 2267 2261 2258
f 2292 2267 2258
f 2208 1935 1967
f 2207 2208 1967
f 2266 2264 2263
f 2267 2266 2263
f 2207 1967 2146
f 2206 2207 2146
f 2325 1864 1845
f 2324 2325 1845
f 1973 1860 1837
f 1841 1973 1837
f 2326 1876 1864
f 2325 2326 1864
f 2446 2434 2327
f 2068 2446 2327
f 2281 2285 1748
f 1749 2281 1748
f 1769 1749 1748
f 1768 1769 1748
f 2282 2281 1749
f 1750 2282 1749
f 2283 2282 1750
f 1751 2283 1750
f 2286 2283 1751
f 1752 2286 1751
f 2272 2268 2269
f 2203 2204 2013
f 2014 2203 2013
f 3280 2992 2017
f 3184 3280 2017
f 2174 2140 1839
f 2173 2174 1839
f 2125 2008 2009
f 2124 2125 2009
f 2171 2170 2075
f 2077 2171 2075
f 2202 2015 2129
f 2201 2202 2129
f 2199 2145 2017
f 2198 2199 2017
f 1910 1899 1890
f 1911 1910 1890
f 2174 2173 2116
f 2139 2174 2116
f 2144 2143 2037
f 2006 2144 2037
f 2126 2127 2037
f 2007 2126 2037
f 2140 2009 2008
f 2141 2140 2008
f 1988 1887 1886
f 1989 1988 1886
f 2127 2126 1911
f 2036 2127 1911
f 2047 1906 1905
f 2046 2047 1905
f 2186 2196 1807
f 1806 2186 1807
f 2181 1963 2046
f 2180 2181 2046
f 2499 2194 2193
f 2495 2499 2193
f 2497 2498 1783
f 1808 2497 1783
f 2193 2339 2338
f 2495 2193 2338
f 1805 2187 2186
f 1806 1805 2186
f 2196 2194 1808
f 1807 2196 1808
f 2248 2247 1778
f 1790 2248 1778
f 2332 2331 1801
f 1788 2332 1801
f 2241 1813 1776
f 2245 2241 1776
f 1968 1997 1766
f 1765 1968 1766
f 2042 2337 1813
f 2241 2042 1813
f 1820 2167 1831
f 1823 1820 1831
f 3275 1765 1741
f 3229 3275 1741
f 2220 2221 1822
f 1824 2220 1822
f 2323 1995 1902
f 2324 2323 1902
f 2217 2219 2218
f 2251 2217 2218
f 1831 2167 2131
f 1949 1831 2131
f 1949 1950 1830
f 1831 1949 1830
f 1762 1763 1746
f 1745 1762 1746
f 3265 3250 2820
f 2821 3265 2820
f 2035 2034 1955
f 1956 2035 1955
f 2053 2132 1976
f 1977 2053 1976
f 2135 2208 2207
f 1966 2135 2207
f 1848 2325 2324
f 1902 1848 2324
f 1898 2210 1940
f 2211 1898 1940
f 1965 2136 2033
f 2148 1965 2033
f 2209 1912 1935
f 2208 2209 1935
f 2789 2788 1802
f 1878 2789 1802
f 2334 1817 1940
f 2333 2334 1940
f 2310 2311 2295
f 2294 2310 2295
f 2136 2135 1966
f 2033 2136 1966
f 2296 2297 2265
f 2264 2296 2265
f 2288 2289 2261
f 2256 2288 2261
f 2263 2262 2253
f 2256 2263 2253
f 1861 1841 1837
f 1838 1861 1837
f 2202 1957 1956
f 2203 2202 1956
f 2147 2206 2205
f 2050 2147 2205
f 2206 2146 2051
f 2205 2206 2051
f 2148 2033 1966
f 2147 2148 1966
f 2425 2455 1746
f 1763 2425 1746
f 2444 2456 1747
f 2280 2444 1747
f 2280 2285 2253
f 2254 2280 2253
f 3238 3222 2846
f 2847 3238 2846
f 2857 3243 3221
f 2856 2857 3221
f 2041 2210 1898
f 1912 2041 1898
f 2201 2129 2016
f 2200 2201 2016
f 3221 2093 2072
f 3228 3221 2072
f 2094 2088 2074
f 2100 2094 2074
f 3004 2095 2078
f 3020 3004 2078
f 2490 2091 2077
f 2471 2490 2077
f 2172 2171 2077
f 2091 2172 2077
f 2201 2200 2006
f 2128 2201 2006
f 2035 2036 1911
f 1890 2035 1911
f 2143 2142 2007
f 2037 2143 2007
f 2340 2341 1914
f 1915 2340 1914
f 2141 2008 2007
f 2142 2141 2007
f 2125 2126 2007
f 2008 2125 2007
f 2989 2215 2214
f 2981 2989 2214
f 1964 1963 1869
f 1896 1964 1869
f 2182 1869 1963
f 2181 2182 1963
f 2092 2197 2094
f 2100 2092 2094
f 2182 2181 1962
f 1870 2182 1962
f 2183 1897 1869
f 2182 2183 1869
f 2182 1870 1868
f 2183 2182 1868
f 1989 1915 1914
f 1868 1989 1914
f 1808 1783 1782
f 1807 1808 1782
f 2340 2339 2193
f 2195 2340 2193
f 1794 1797 1785
f 1781 1794 1785
f 2196 2195 2193
f 2194 2196 2193
f 2245 2246 1789
f 1777 2245 1789
f 2241 2245 1777
f 1812 2241 1777
f 2348 1772 1771
f 2347 2348 1771
f 3235 3229 1741
f 2274 3235 1741
f 2332 1788 1775
f 2347 2332 1775
f 3235 3249 2824
f 2825 3235 2824
f 2323 1846 1997
f 2322 2323 1997
f 1786 2335 2334
f 1803 1786 2334
f 1788 1784 1773
f 1775 1788 1773
f 3250 3232 2819
f 2820 3250 2819
f 2255 2301 2300
f 2260 2255 2300
f 2823 3274 3236
f 2822 2823 3236
f 1818 1826 1825
f 1819 1818 1825
f 3274 2823 2824
f 3249 3274 2824
f 2276 2260 2259
f 2275 2276 2259
f 1837 1950 1949
f 1838 1837 1949
f 2252 1819 1820
f 2218 2252 1820
f 2278 2277 1744
f 1745 2278 1744
f 2308 2304 2298
f 2309 2308 2298
f 1823 2216 1821
f 2251 1823 1821
f 2299 2320 2305
f 2302 2299 2305
f 3263 3232 2304
f 2308 3263 2304
f 2132 2134 1969
f 1976 2132 1969
f 2206 2147 1966
f 2207 2206 1966
f 1913 2041 1912
f 2209 1913 1912
f 2782 2348 1773
f 2784 2782 1773
f 2187 2188 2025
f 2185 2187 2025
f 2343 2185 2025
f 2343 2342 2185
f 2334 2335 1816
f 1817 2334 1816
f 2275 2274 1741
f 1742 2275 1741
f 2243 1780 1804
f 2240 2243 1804
f 2511 2510 2506
f 2507 2511 2506
f 2205 2051 2013
f 2204 2205 2013
f 2261 2289 2283
f 2286 2261 2283
f 2205 2204 1955
f 2050 2205 1955
f 1944 1861 1838
f 1945 1944 1838
f 2050 1955 2034
f 2049 2050 2034
f 2300 2346 2259
f 2260 2300 2259
f 2278 2255 2260
f 2277 2278 2260
f 1945 2134 2132
f 1944 1945 2132
f 1864 1762 1761
f 1845 1864 1761
f 1969 2134 1948
f 1970 1969 1948
f 1748 2285 2280
f 1747 1748 2280
f 2253 2285 2281
f 2287 2253 2281
f 2289 2288 2282
f 2283 2289 2282
f 2288 2287 2281
f 2282 2288 2281
f 2287 2288 2256
f 2253 2287 2256
f 2036 2035 1956
f 1957 2036 1956
f 2094 2197 2072
f 2093 2094 2072
f 2199 2200 2016
f 2145 2199 2016
f 2127 2128 2006
f 2037 2127 2006
f 2170 2171 2074
f 2088 2170 2074
f 2127 2036 1957
f 2128 2127 1957
f 2048 1907 1906
f 2047 2048 1906
f 2034 2035 1890
f 1907 2034 1890
f 2339 2340 1915
f 1916 2339 1915
f 2047 2046 1963
f 1964 2047 1963
f 2048 2047 1964
f 1965 2048 1964
f 1795 1794 1781
f 1782 1795 1781
f 2341 2340 2195
f 2026 2341 2195
f 1796 1795 1782
f 1783 1796 1782
f 2240 1805 1785
f 2243 2240 1785
f 1807 1782 1781
f 1806 1807 1781
f 2188 2187 1805
f 2240 2188 1805
f 1800 2786 2782
f 2349 1800 2782
f 2332 1776 1813
f 2331 2332 1813
f 1766 1742 1741
f 1765 1766 1741
f 1997 1846 1760
f 1766 1997 1760
f 2451 2439 2254
f 2302 2451 2254
f 2279 2255 2278
f 2319 2290 2257
f 2167 1820 1819
f 1825 2167 1819
f 2167 1825 1948
f 2131 2167 1948
f 2251 2218 1820
f 1823 2251 1820
f 2131 1945 1838
f 1949 2131 1838
f 1948 2134 1945
f 2131 1948 1945
f 2344 2041 1913
f 2343 2344 1913
f 2235 2344 1836
f 2235 2345 2344
f 2234 2235 1836
f 2189 2234 1836
f 2135 2136 1896
f 1934 2135 1896
f 2345 2210 2041
f 2344 2345 2041
f 3049 2038 1971
f 2997 3049 1971
f 1836 2344 2343
f 2025 1836 2343
f 1804 2189 2188
f 2240 1804 2188
f 2784 1773 1784
f 2783 2784 1784
f 2299 2265 2297
f 2298 2299 2297
f 2302 2254 2253
f 2262 2302 2253
f 2199 2198 1971
f 2144 2199 1971
f 2276 2277 2260
f 2981 2214 2213
f 3000 2981 2213
f 2143 2144 1971
f 2038 2143 1971
f 2343 1913 2184
f 2342 2343 2184
f 2214 2215 2072
f 2197 2214 2072
f 2171 2172 2078
f 2074 2171 2078
f 2006 2200 2199
f 2144 2006 2199
f 2095 2100 2074
f 2078 2095 2074
f 3001 1900 1850
f 3013 3001 1850
f 1965 1964 1896
f 2136 1965 1896
f 2342 2341 2026
f 2185 2342 2026
f 2349 2335 1786
f 1800 2349 1786
f 2184 1913 1897
f 2183 2184 1897
f 2184 2183 1868
f 1914 2184 1868
f 2195 2196 2186
f 2026 2195 2186
f 2187 2185 2026
f 2186 2187 2026
f 1805 1806 1781
f 1785 1805 1781
f 2348 2347 1775
f 1773 2348 1775
f 1766 1760 1743
f 1742 1766 1743
f 1743 2276 2275
f 1742 1743 2275
f 2277 2276 1743
f 1744 2277 1743
f 2274 2275 2259
f 2209 1934 1897
f 1913 2209 1897
f 2188 2189 1836
f 2025 2188 1836
f 2518 2508 2002
f 2464 2518 2002
f 2244 1793 1780
f 2243 2244 1780
f 2342 2184 1914
f 2341 2342 1914
f 2214 2197 2092
f 2213 2214 2092
f 2213 2092 2071
f 2212 2213 2071
f 3052 2212 2071
f 3016 3052 2071
f 2049 2048 1965
f 2148 2049 1965
f 1897 1934 1896
f 1869 1897 1896
f 1797 2244 2243
f 1785 1797 2243
f 2332 2347 1771
f 1776 2332 1771
f 1803 1804 1780
f 1786 1803 1780
f 2100 2095 2071
f 2092 2100 2071
f 2326 2325 1848
f 1981 2326 1848
f 2468 2465 2224
f 2159 2468 2224
f 2216 1829 1821
f 2216 1830 1829
f 2518 2519 2509
f 2508 2518 2509
f 2313 2297 2296
f 2312 2313 2296
f 1762 1745 1744
f 1761 1762 1744
f 2312 2296 2295
f 2311 2312 2295
f 2510 1917 1959
f 2506 2510 1959
f 1813 2337 2330
f 2331 1813 2330
f 2333 2345 2235
f 2234 2333 2235
f 2279 2443 2440
f 2255 2279 2440
f 1826 1970 1948
f 1825 1826 1948
f 2314 2346 2300
f 2301 2314 2300
f 2962 2894 2365
f 2920 2962 2365
f 2154 2150 2149
f 2153 2154 2149
f 2362 2361 2238
f 2239 2362 2238
f 3057 2973 2101
f 2359 3057 2101
f 2232 2231 1852
f 1879 2232 1852
f 2000 2155 1925
f 1999 2000 1925
f 2317 2293 2292
f 2291 2317 2292
f 2291 2268 2257
f 2290 2291 2257
f 1973 1972 1893
f 1860 1973 1893
f 3008 3036 2087
f 2765 3008 2087
f 2228 2227 1978
f 1871 2228 1978
f 3239 3264 2839
f 2840 3239 2839
f 2230 1867 1852
f 2231 2230 1852
f 2771 2533 2113
f 2108 2771 2113
f 2221 2222 1895
f 1822 2221 1895
f 2012 1894 1941
f 1942 2012 1941
f 2104 2105 2084
f 2085 2104 2084
f 2168 2249 2219
f 2217 2168 2219
f 2054 1950 1837
f 1860 2054 1837
f 2169 2079 2075
f 2170 2169 2075
f 2169 2170 2088
f 2073 2169 2088
f 2252 1824 1818
f 1819 2252 1818
f 2249 2220 1824
f 2252 2249 1824
f 1864 1876 1763
f 1762 1864 1763
f 2345 2333 1940
f 2210 2345 1940
f 3228 3212 2854
f 2855 3228 2854
f 3236 3241 2876
f 2822 3236 2876
f 1944 2132 2053
f 1939 1944 2053
f 2209 2208 2135
f 1934 2209 2135
f 2313 2309 2298
f 2297 2313 2298
f 3261 2852 2853
f 3184 3261 2853
f 2323 2324 1845
f 1846 2323 1845
f 2147 2050 2049
f 2148 2147 2049
f 1845 1761 1760
f 1846 1845 1760
f 1760 1761 1744
f 1743 1760 1744
f 2384 2373 2364
f 2397 2384 2364
f 2938 2383 2382
f 2926 2938 2382
f 2376 2396 2364
f 2373 2376 2364
f 2870 2869 2422
f 2423 2870 2422
f 2424 2386 2385
f 2417 2424 2385
f 2902 2920 2365
f 2395 2902 2365
f 2870 2423 2418
f 2871 2870 2418
f 2407 2898 2892
f 2389 2407 2892
f 2413 2412 2367
f 2394 2413 2367
f 2955 2392 2390
f 2935 2955 2390
f 2367 2393 2366
f 2407 2367 2366
f 2932 2902 2395
f 2414 2932 2395
f 2898 2407 2366
f 2896 2898 2366
f 2934 2911 2380
f 2413 2934 2380
f 2413 2380 2378
f 2412 2413 2378
f 2389 2394 2367
f 2407 2389 2367
f 2411 2393 2367
f 2412 2411 2367
f 2411 2412 2378
f 2377 2411 2378
f 2390 2409 2378
f 2380 2390 2378
f 2935 2390 2380
f 2911 2935 2380
f 3255 3277 2952
f 2402 3255 2952
f 2409 2408 2377
f 2378 2409 2377
f 2408 2409 2399
f 2398 2408 2399
f 1926 2511 2507
f 1958 1926 2507
f 2364 2396 2375
f 2372 2364 2375
f 2399 2409 2390
f 2392 2399 2390
f 2931 2953 2400
f 2534 2931 2400
f 2525 2399 2392
f 2522 2525 2392
f 2122 2023 2011
f 2121 2122 2011
f 2943 2401 2779
f 2914 2943 2779
f 2402 2952 2919
f 2403 2402 2919
f 2777 2368 2369
f 2523 2777 2369
f 3223 3256 2873
f 2874 3223 2873
f 2602 2770 2107
f 2110 2602 2107
f 3257 3223 2874
f 2875 3257 2874
f 2928 3080 3032
f 2405 2928 3032
f 3215 3217 1382
f 1381 3215 1382
f 2778 2523 2369
f 2391 2778 2369
f 2988 3028 2363
f 2370 2988 2363
f 2525 2750 2398
f 2399 2525 2398
f 3037 2382 2371
f 2985 3037 2371
f 2383 2372 2371
f 2382 2383 2371
f 2375 2374 2371
f 2372 2375 2371
f 2917 2397 2383
f 2938 2917 2383
f 2383 2397 2364
f 2372 2383 2364
f 2905 2956 2422
f 2869 2905 2422
f 2421 2387 2386
f 2424 2421 2386
f 2419 2420 2415
f 2416 2419 2415
f 2424 2417 2418
f 2423 2424 2418
f 2958 2420 2419
f 2946 2958 2419
f 2423 2422 2421
f 2424 2423 2421
f 2465 2468 2467
f 2466 2465 2467
f 2452 2301 2255
f 2440 2452 2255
f 2452 2440 2439
f 2451 2452 2439
f 2443 2279 1746
f 2455 2443 1746
f 2455 2456 2444
f 2443 2455 2444
f 2426 1770 1747
f 2456 2426 1747
f 2456 2455 2425
f 2426 2456 2425
f 2433 2445 1876
f 2326 2433 1876
f 2446 2445 2433
f 2434 2446 2433
f 2305 2458 2451
f 2302 2305 2451
f 2457 2452 2451
f 2458 2457 2451
f 2426 2446 2068
f 1770 2426 2068
f 2445 2446 2426
f 2425 2445 2426
f 2327 2434 2430
f 2067 2327 2430
f 2434 2433 2429
f 2430 2434 2429
f 2430 2432 1930
f 2067 2430 1930
f 2432 2430 2429
f 2431 2432 2429
f 2428 1931 1930
f 2432 2428 1930
f 2432 2431 2427
f 2428 2432 2427
f 2450 2460 1885
f 1960 2450 1885
f 2459 2460 2450
f 2449 2459 2450
f 2427 1952 1925
f 2447 2427 1925
f 2448 2428 2427
f 2447 2448 2427
f 2437 2441 2065
f 2056 2437 2065
f 2442 2441 2437
f 2438 2442 2437
f 2467 2447 1925
f 2155 2467 1925
f 2468 2448 2447
f 2467 2468 2447
f 2748 2464 2002
f 2739 2748 2002
f 2748 2749 2463
f 2464 2748 2463
f 2154 2469 2466
f 2329 2154 2466
f 2469 2470 2465
f 2466 2469 2465
f 2441 2459 1993
f 2065 2441 1993
f 2460 2459 2441
f 2442 2460 2441
f 2519 2454 2001
f 2509 2519 2001
f 2519 2521 2453
f 2454 2519 2453
f 2759 2060 1901
f 2763 2759 1901
f 1856 2764 2763
f 1901 1856 2763
f 2157 2462 2436
f 2156 2157 2436
f 2436 2462 2461
f 2435 2436 2461
f 2469 2154 2153
f 2461 2469 2153
f 2470 2469 2461
f 2462 2470 2461
f 2435 2152 2001
f 2454 2435 2001
f 2453 2436 2435
f 2454 2453 2435
f 2472 2104 2103
f 2489 2472 2103
f 2489 2490 2471
f 2472 2489 2471
f 3041 1840 2473
f 3021 3041 2473
f 3045 2490 2489
f 3024 3045 2489
f 2475 2487 2075
f 2079 2475 2075
f 2488 2487 2475
f 2476 2488 2475
f 2472 2488 2105
f 2104 2472 2105
f 2488 2472 2471
f 2487 2488 2471
f 2480 2139 2116
f 2474 2480 2116
f 2480 2474 2473
f 2479 2480 2473
f 2480 2486 2010
f 2139 2480 2010
f 2486 2480 2479
f 2485 2486 2479
f 2079 3251 3245
f 2475 2079 3245
f 3258 2476 2475
f 3245 3258 2475
f 2482 2483 1908
f 2123 2482 1908
f 2484 2483 2482
f 2481 2484 2482
f 2010 2486 2482
f 2123 2010 2482
f 2486 2485 2481
f 2482 2486 2481
f 2483 2477 1892
f 1908 2483 1892
f 2484 2478 2477
f 2483 2484 2477
f 2491 2450 1960
f 1961 2491 1960
f 2493 2449 2450
f 2491 2493 2450
f 2449 2493 2478
f 1986 2449 2478
f 2492 2491 1961
f 1987 2492 1961
f 2494 2493 2491
f 2492 2494 2491
f 2494 2477 2478
f 2493 2494 2478
f 2045 2492 1987
f 1962 2045 1987
f 2494 2492 2045
f 1904 2494 2045
f 2477 2494 1904
f 1892 2477 1904
f 2338 2192 2027
f 2495 2338 2027
f 2499 2495 2027
f 2190 2499 2027
f 2496 2498 1787
f 1798 2496 1787
f 2499 2190 1809
f 2497 2499 1809
f 1787 2498 2497
f 1809 1787 2497
f 2245 1776 1771
f 2246 2245 1771
f 1800 1786 1780
f 1793 1800 1780
f 2501 1990 1857
f 2513 2501 1857
f 2501 2513 2512
f 2500 2501 2512
f 2502 2040 1843
f 2504 2502 1843
f 2505 2503 2502
f 2504 2505 2502
f 2501 2503 1882
f 1990 2501 1882
f 2503 2501 2500
f 2502 2503 2500
f 2504 1843 1842
f 2514 2504 1842
f 2515 2505 2504
f 2514 2515 2504
f 1880 2515 2511
f 1926 1880 2511
f 2515 2514 2510
f 2511 2515 2510
f 2002 2508 2506
f 1959 2002 2506
f 2509 2507 2506
f 2508 2509 2506
f 2520 2463 2057
f 2516 2520 2057
f 2517 2521 2520
f 2516 2517 2520
f 2336 2516 2057
f 2058 2336 2057
f 2517 2516 2336
f 1799 2517 2336
f 2043 2512 2337
f 2042 2043 2337
f 2512 2513 2330
f 2337 2512 2330
f 2330 2513 1857
f 2024 2330 1857
f 2749 2748 1856
f 1901 2749 1856
f 2739 1863 1856
f 2748 2739 1856
f 2738 2743 1792
f 1814 2738 1792
f 2746 2738 1814
f 1815 2746 1814
f 2742 2745 1992
f 1991 2742 1992
f 2745 1865 1810
f 2746 2745 1810
f 2740 1917 1842
f 2742 2740 1842
f 2741 2003 1863
f 2739 2741 1863
f 2741 1959 1917
f 2740 2741 1917
f 2736 2749 1901
f 2060 2736 1901
f 2737 2058 2057
f 2736 2737 2057
f 2744 2737 2061
f 2118 2744 2061
f 2744 2118 2066
f 2747 2744 2066
f 2747 2066 1835
f 2526 2747 1835
f 2764 2438 2437
f 2763 2764 2437
f 2763 2437 2056
f 2759 2763 2056
f 2752 1798 1787
f 2758 2752 1787
f 2756 2758 1787
f 1809 2756 1787
f 2760 1992 1815
f 2756 2760 1815
f 2751 1918 1859
f 2761 2751 1859
f 2751 2760 1858
f 1918 2751 1858
f 2753 2754 1863
f 2003 2753 1863
f 2527 2757 2062
f 1833 2527 2062
f 2759 2056 2055
f 2755 2759 2055
f 2118 2762 2757
f 2066 2118 2757
f 2119 2762 2755
f 2055 2119 2755
f 2764 2754 1851
f 2438 2764 1851
f 2761 2753 2003
f 2005 2761 2003
f 3005 3009 2096
f 2766 3005 2096
f 2766 2769 2076
f 2097 2766 2076
f 2765 2087 2109
f 2535 2765 2109
f 2768 2081 2076
f 2769 2768 2076
f 2768 2767 2082
f 2081 2768 2082
f 3140 3270 2861
f 2881 3140 2861
f 2087 2770 2602
f 2109 2087 2602
f 2772 2773 2097
f 2076 2772 2097
f 2993 3033 2097
f 2773 2993 2097
f 2774 2775 2081
f 2082 2774 2081
f 3233 3230 2080
f 2774 3233 2080
f 2775 2772 2076
f 2081 2775 2076
f 3081 2369 2368
f 3127 3081 2368
f 3118 2391 2369
f 3081 3118 2369
f 3133 3118 2522
f 2929 3133 2522
f 2776 3114 3082
f 2534 2776 3082
f 2776 2356 1953
f 2524 2776 1953
f 3100 3113 2523
f 2778 3100 2523
f 3113 2370 2363
f 3085 3113 2363
f 3130 3106 2406
f 2923 3130 2406
f 3115 2358 2406
f 3106 3115 2406
f 3115 2780 2532
f 3126 3115 2532
f 2771 2102 2089
f 2533 2771 2089
f 2980 2781 2107
f 3053 2980 2107
f 2080 2714 2581
f 2090 2080 2581
f 2567 2781 2099
f 2111 2567 2099
f 3180 3230 2863
f 2880 3180 2863
f 2581 2533 2089
f 2090 2581 2089
f 2783 1816 1774
f 2784 2783 1774
f 2782 2786 1772
f 2348 2782 1772
f 2782 2784 1774
f 2349 2782 1774
f 2789 1940 1817
f 2788 2789 1817
f 2783 2788 1817
f 1816 2783 1817
f 2785 2789 1878
f 1877 2785 1878
f 2022 2787 2785
f 1877 2022 2785
f 3231 3254 2790
f 1872 3231 2790
f 2787 2022 1872
f 2790 2787 1872
f 2807 2496 1798
f 2802 2807 1798
f 2246 2805 2793
f 1789 2246 2793
f 2752 2809 2802
f 1798 2752 2802
f 2806 2248 1790
f 2794 2806 1790
f 2806 2795 1791
f 2248 2806 1791
f 2803 1800 1793
f 2797 2803 1793
f 2800 2799 1795
f 1796 2800 1795
f 2804 2797 1793
f 2244 2804 1793
f 2803 2810 2786
f 1800 2803 2786
f 2804 2244 1797
f 2801 2804 1797
f 2794 1790 1789
f 2793 2794 1789
f 2810 2792 1772
f 2786 2810 1772
f 2796 2809 2752
f 1792 2796 2752
f 2807 2800 1796
f 2496 2807 1796
f 2801 1797 1794
f 2798 2801 1794
f 1772 2792 2791
f 1771 1772 2791
f 2808 2796 1792
f 2743 2808 1792
f 2808 2743 1791
f 2795 2808 1791
f 2805 2246 1771
f 2791 2805 1771
f 2799 2798 1794
f 1795 2799 1794
f 2797 2804 1538
f 1548 2797 1538
f 2803 2797 1548
f 1558 2803 1548
f 1568 2810 2803
f 1558 1568 2803
f 2810 1568 1579
f 2792 2810 1579
f 2791 2792 1579
f 1590 2791 1579
f 2805 2791 1590
f 1601 2805 1590
f 2793 2805 1601
f 1612 2793 1601
f 1623 2794 2793
f 1612 1623 2793
f 2806 2794 1623
f 1634 2806 1623
f 2795 2806 1634
f 1645 2795 1634
f 2808 2795 1645
f 1656 2808 1645
f 2796 2808 1656
f 1667 2796 1656
f 1678 2809 2796
f 1667 1678 2796
f 2802 2809 1678
f 1689 2802 1678
f 2807 2802 1689
f 1700 2807 1689
f 2800 2807 1700
f 1711 2800 1700
f 2799 2800 1711
f 1722 2799 1711
f 2798 2799 1722
f 1733 2798 1722
f 2801 2798 1733
f 1528 2801 1733
f 2804 2801 1528
f 1538 2804 1528
f 2884 2310 2306
f 2307 2884 2306
f 2888 2884 2307
f 2817 2888 2307
f 2885 2311 2310
f 2884 2885 2310
f 2888 3143 3135
f 2884 2888 3135
f 2886 2312 2311
f 2885 2886 2311
f 2890 3237 3226
f 2889 2890 3226
f 2886 2887 2313
f 2312 2886 2313
f 3246 3237 2890
f 2891 3246 2890
f 2313 2887 2308
f 2309 2313 2308
f 3246 2891 2818
f 3263 3246 2818
f 2610 2611 1832
f 2526 2610 1832
f 2682 2660 2643
f 2659 2682 2643
f 2540 2546 2530
f 2529 2540 2530
f 2632 2540 2529
f 2633 2632 2529
f 2544 2543 2531
f 3125 3094 2613
f 2698 3125 2613
f 2623 2624 2564
f 2566 2623 2564
f 2645 2646 2641
f 2642 2645 2641
f 2695 2548 2547
f 2694 2695 2547
f 2110 2620 2603
f 2602 2110 2603
f 2613 2524 1953
f 2612 2613 1953
f 3093 3122 2543
f 2544 3093 2543
f 2614 2615 2532
f 2086 2614 2532
f 2647 2643 2641
f 2646 2647 2641
f 2626 2596 2564
f 2624 2626 2564
f 3095 3104 2576
f 2552 3095 2576
f 2645 2642 2644
f 2546 2575 2574
f 2530 2546 2574
f 2730 2610 2609
f 2733 2730 2609
f 2705 2725 2665
f 2684 2705 2665
f 2606 2607 1833
f 1834 2606 1833
f 3088 3108 2679
f 2654 3088 2679
f 3099 3107 2648
f 2735 3099 2648
f 2596 2626 2625
f 2571 2596 2625
f 2702 2633 2529
f 2701 2702 2529
f 2634 2703 2668
f 2702 2634 2668
f 2559 2553 2539
f 2557 2559 2539
f 2704 2607 2606
f 2630 2704 2606
f 3094 3120 2524
f 2613 3094 2524
f 2584 2582 2580
f 2563 2584 2580
f 2568 2569 2542
f 2541 2568 2542
f 3112 3124 2540
f 2632 3112 2540
f 2574 2575 2545
f 2536 2574 2545
f 2696 2697 2531
f 2543 2696 2531
f 2629 2626 2624
f 2628 2629 2624
f 2569 3117 3110
f 2542 2569 3110
f 2718 2719 2591
f 2587 2718 2591
f 2640 2629 2627
f 2639 2640 2627
f 2629 2640 2625
f 2626 2629 2625
f 2694 2693 2618
f 2617 2694 2618
f 3111 3103 2615
f 2696 3111 2615
f 3090 3109 2584
f 2717 3090 2584
f 2612 1953 1832
f 2611 2612 1832
f 2698 2613 2612
f 2699 2698 2612
f 2710 2727 2681
f 2709 2710 2681
f 2647 2646 2554
f 2553 2647 2554
f 3105 2546 2540
f 3124 3105 2540
f 2597 2598 2550
f 2577 2597 2550
f 2732 2652 2562
f 2716 2732 2562
f 2604 2535 2109
f 2715 2604 2109
f 2722 2723 2650
f 2560 2722 2650
f 2582 2559 2557
f 2580 2582 2557
f 2721 2722 2560
f 2594 2721 2560
f 2664 2667 2644
f 2642 2664 2644
f 2551 2549 2547
f 2548 2551 2547
f 2733 2731 2538
f 2556 2733 2538
f 2732 2713 2604
f 2715 2732 2604
f 2580 2734 2713
f 2563 2580 2713
f 2653 2726 2572
f 2680 2653 2572
f 2692 2568 2541
f 2691 2692 2541
f 2673 2669 2655
f 2672 2673 2655
f 2584 3121 2582
f 2584 3109 3121
f 3083 3086 2622
f 2573 3083 2622
f 2699 2700 2530
f 2574 2699 2530
f 2663 2682 2659
f 2661 2663 2659
f 2621 2658 2573
f 2622 2621 2573
f 3092 3116 2657
f 2724 3092 2657
f 2627 2629 2628
f 2728 2627 2628
f 2616 2617 2112
f 2236 2616 2112
f 2621 2735 2537
f 2621 2622 2735
f 3091 3084 2549
f 2551 3091 2549
f 2678 2680 2572
f 2729 2678 2572
f 2627 2676 2673
f 2639 2627 2673
f 2619 2620 2110
f 2567 2619 2110
f 2717 2716 2562
f 2583 2717 2562
f 2675 2708 2681
f 2658 2675 2681
f 3123 2651 2631
f 3112 3123 2631
f 2649 2585 2560
f 2650 2649 2560
f 2607 2608 2527
f 1833 2607 2527
f 2663 2683 2662
f 2734 2580 2557
f 2630 2734 2557
f 2625 2640 2638
f 2601 2625 2638
f 2591 2589 2586
f 2587 2591 2586
f 2589 2594 2560
f 2585 2589 2560
f 2716 2717 2584
f 2563 2716 2584
f 3121 3087 2559
f 2582 3121 2559
f 2589 2585 2558
f 2586 2589 2558
f 3098 3110 2561
f 2588 3098 2561
f 2555 2556 2538
f 2554 2555 2538
f 2597 2577 2564
f 2596 2597 2564
f 2675 2537 2649
f 2650 2675 2649
f 2720 2719 2590
f 2592 2720 2590
f 3092 2724 2661
f 3101 3092 2661
f 2706 2712 2711
f 2707 2706 2711
f 2578 2579 2561
f 2570 2578 2561
f 2690 2666 2632
f 2633 2690 2632
f 2710 2709 2655
f 2656 2710 2655
f 2676 2726 2669
f 2673 2676 2669
f 2652 2691 2541
f 2562 2652 2541
f 2719 2718 2588
f 2590 2719 2588
f 2693 2600 2568
f 2692 2693 2568
f 2625 2601 2565
f 2571 2625 2565
f 2583 2562 2541
f 2542 2583 2541
f 2628 2624 2623
f 2631 2628 2623
f 3103 2616 2236
f 3126 3103 2236
f 2614 2697 2696
f 2615 2614 2696
f 2616 2695 2694
f 2617 2616 2694
f 2649 2648 2558
f 2585 2649 2558
f 2528 2556 2555
f 2634 2528 2555
f 2543 3122 3111
f 2696 2543 3111
f 2692 2691 2620
f 2619 2692 2620
f 2597 2596 2571
f 2578 2597 2571
f 2700 2701 2529
f 2530 2700 2529
f 2700 2730 2528
f 2701 2700 2528
f 2579 2578 2571
f 2565 2579 2571
f 3084 3102 2599
f 2549 3084 2599
f 3102 3117 2569
f 2599 3102 2569
f 3097 2671 2657
f 3116 3097 2657
f 2693 2694 2547
f 2600 2693 2547
f 2657 2671 2654
f 2665 2657 2654
f 2599 2569 2568
f 2600 2599 2568
f 2638 2637 2635
f 2636 2638 2635
f 2593 2594 2589
f 2591 2593 2589
f 2707 2711 2683
f 2705 2707 2683
f 2722 2636 2635
f 2723 2722 2635
f 2640 2639 2637
f 2638 2640 2637
f 2699 2612 2611
f 2700 2699 2611
f 2646 2645 2555
f 2554 2646 2555
f 2576 2566 2564
f 2577 2576 2564
f 2601 2595 2592
f 2565 2601 2592
f 2729 2676 2627
f 2728 2729 2627
f 2673 2672 2637
f 2639 2673 2637
f 2708 2723 2635
f 2674 2708 2635
f 2731 2608 2607
f 2704 2731 2607
f 2662 2664 2642
f 2641 2662 2642
f 3134 3095 2552
f 3091 3134 2552
f 2732 2715 2603
f 2652 2732 2603
f 2609 1835 2527
f 2608 2609 2527
f 2667 2703 2634
f 2644 2667 2634
f 2721 2720 2592
f 2595 2721 2592
f 2672 2674 2635
f 2637 2672 2635
f 3089 2678 2651
f 3123 3089 2651
f 2725 2724 2657
f 2665 2725 2657
f 3088 3097 2670
f 2653 3088 2670
f 2688 2677 2666
f 2690 2688 2666
f 2725 2663 2661
f 2724 2725 2661
f 2538 2731 2704
f 2539 2538 2704
f 2713 2732 2716
f 2563 2713 2716
f 2712 2667 2664
f 2711 2712 2664
f 2653 2670 2669
f 2726 2653 2669
f 2663 2725 2705
f 2683 2663 2705
f 2617 2618 2111
f 2112 2617 2111
f 2681 2708 2674
f 2709 2681 2674
f 2655 2709 2674
f 2672 2655 2674
f 2688 2690 2668
f 2689 2688 2668
f 2667 2712 2706
f 2703 2667 2706
f 2537 2675 2658
f 2621 2537 2658
f 2630 2557 2539
f 2704 2630 2539
f 2734 2605 2604
f 2713 2734 2604
f 2681 2727 2573
f 2658 2681 2573
f 2706 2689 2668
f 2703 2706 2668
f 2686 2685 2654
f 2679 2686 2654
f 2734 2630 2606
f 2605 2734 2606
f 2686 2687 2684
f 2685 2686 2684
f 2662 2641 2643
f 2660 2662 2643
f 2689 2687 2686
f 2688 2689 2686
f 2688 2686 2679
f 2677 2688 2679
f 2720 2593 2591
f 2719 2720 2591
f 3099 3086 2643
f 2647 3099 2643
f 2600 2547 2549
f 2599 2600 2549
f 2702 2701 2528
f 2634 2702 2528
f 2706 2707 2687
f 2689 2706 2687
f 3108 2680 2678
f 3089 3108 2678
f 2590 2579 2565
f 2592 2590 2565
f 2618 2693 2692
f 2619 2618 2692
f 2700 2611 2610
f 2730 2700 2610
f 2707 2705 2684
f 2687 2707 2684
f 2722 2721 2595
f 2636 2722 2595
f 3090 3098 2588
f 2718 3090 2588
f 2676 2729 2572
f 2726 2676 2572
f 2728 2628 2631
f 2651 2728 2631
f 2645 2644 2634
f 2555 2645 2634
f 2670 2656 2655
f 2669 2670 2655
f 2721 2594 2593
f 2720 2721 2593
f 3087 3107 2553
f 2559 3087 2553
f 2638 2636 2595
f 2601 2638 2595
f 2729 2728 2651
f 2678 2729 2651
f 2691 2652 2603
f 2620 2691 2603
f 2618 2619 2567
f 2111 2618 2567
f 2553 2554 2538
f 2539 2553 2538
f 3101 2661 2659
f 3083 3101 2659
f 2733 2609 2608
f 2731 2733 2608
f 2683 2711 2664
f 2662 2683 2664
f 2730 2733 2556
f 2528 2730 2556
f 3119 3096 2544
f 2531 3119 2544
f 2684 2665 2654
f 2685 2684 2654
f 2537 2735 2648
f 2649 2537 2648
f 2576 2577 2550
f 2552 2576 2550
f 2603 2715 2109
f 2602 2603 2109
f 2699 2574 2536
f 2698 2699 2536
f 2605 2070 2535
f 2604 2605 2535
f 3104 3105 2566
f 2576 3104 2566
f 3125 2698 2536
f 3119 3125 2536
f 2597 2578 2570
f 2598 2597 2570
f 2605 2606 1834
f 2070 2605 1834
f 2610 2526 1835
f 2609 2610 1835
f 2579 2590 2588
f 2561 2579 2588
f 2708 2675 2650
f 2723 2708 2650
f 2668 2690 2633
f 2702 2668 2633
f 2899 2897 2385
f 2386 2899 2385
f 2899 2898 2896
f 2897 2899 2896
f 2893 2899 2386
f 2387 2893 2386
f 2898 2899 2893
f 2892 2898 2893
f 2959 2908 2388
f 2895 2959 2388
f 2959 2895 2894
f 2962 2959 2894
f 2895 2388 2350
f 2901 2895 2350
f 2895 2901 2900
f 2894 2895 2900
f 2964 2892 2893
f 2961 2964 2893
f 2964 2961 2960
f 2963 2964 2960
f 2963 2960 2959
f 2962 2963 2959
f 2961 2893 2387
f 2910 2961 2387
f 2961 2910 2909
f 2960 2961 2909
f 2960 2909 2908
f 2959 2960 2908
f 3128 2925 2381
f 3100 3128 2381
f 3128 3129 2924
f 2925 3128 2924
f 3129 3130 2923
f 2924 3129 2923
f 3131 2931 2534
f 3082 3131 2534
f 3131 3132 2930
f 2931 3131 2930
f 3132 3133 2929
f 2930 3132 2929
f 2956 2944 2421
f 2422 2956 2421
f 2957 2945 2944
f 2956 2957 2944
f 2957 2958 2946
f 2945 2957 2946
f 2907 2868 2420
f 2958 2907 2420
f 2958 2957 2906
f 2907 2958 2906
f 2906 2957 2956
f 2905 2906 2956
f 2940 2404 2403
f 2919 2940 2403
f 2940 2919 2918
f 2939 2940 2918
f 2939 2918 2917
f 2938 2939 2917
f 3072 2926 2382
f 3037 3072 2382
f 3072 3076 2927
f 2926 3072 2927
f 3080 2928 2927
f 3076 3080 2927
f 2950 2384 2397
f 2917 2950 2397
f 2951 2950 2917
f 2918 2951 2917
f 2952 2951 2918
f 2919 2952 2918
f 2916 2778 2391
f 2941 2916 2391
f 2942 2915 2916
f 2941 2942 2916
f 2942 2943 2914
f 2915 2942 2914
f 2955 2929 2522
f 2392 2955 2522
f 2955 2954 2930
f 2929 2955 2930
f 2953 2931 2930
f 2954 2953 2930
f 2950 3260 3256
f 2384 2950 3256
f 3276 3260 2950
f 2951 3276 2950
f 3277 3276 2951
f 2952 3277 2951
f 2937 2913 2379
f 2410 2937 2379
f 2913 2937 2936
f 2912 2913 2936
f 2936 2935 2911
f 2912 2936 2911
f 2932 2414 2379
f 2913 2932 2379
f 2933 2932 2913
f 2912 2933 2913
f 2933 2912 2911
f 2934 2933 2911
f 2934 2413 2394
f 2904 2934 2394
f 2934 2904 2903
f 2933 2934 2903
f 2932 2933 2903
f 2902 2932 2903
f 2937 2410 2400
f 2953 2937 2400
f 2953 2954 2936
f 2937 2953 2936
f 2955 2935 2936
f 2954 2955 2936
f 2922 2904 2394
f 2389 2922 2394
f 2922 2921 2903
f 2904 2922 2903
f 2921 2920 2902
f 2903 2921 2902
f 2404 2940 2928
f 2405 2404 2928
f 2940 2939 2927
f 2928 2940 2927
f 2939 2938 2926
f 2927 2939 2926
f 2964 2922 2389
f 2892 2964 2389
f 2964 2963 2921
f 2922 2964 2921
f 2963 2962 2920
f 2921 2963 2920
f 2946 2419 2388
f 2908 2946 2388
f 2945 2946 2908
f 2909 2945 2908
f 2944 2945 2909
f 2910 2944 2909
f 3073 2924 2923
f 3077 3073 2923
f 3078 3074 3073
f 3077 3078 3073
f 3078 3079 3075
f 3074 3078 3075
f 3080 3076 3075
f 3079 3080 3075
f 2924 3073 3069
f 2925 2924 3069
f 3073 3074 3070
f 3069 3073 3070
f 3074 3075 3071
f 3070 3074 3071
f 3076 3072 3071
f 3075 3076 3071
f 3069 3040 2381
f 2925 3069 2381
f 3069 3070 3039
f 3040 3069 3039
f 3071 3038 3039
f 3070 3071 3039
f 3072 3037 3038
f 3071 3072 3038
f 3056 2102 2771
f 2977 3056 2771
f 3055 3056 2977
f 2978 3055 2977
f 3054 3055 2978
f 2979 3054 2978
f 3053 3054 2979
f 2980 3053 2979
f 2996 2770 2087
f 3036 2996 2087
f 3036 3035 2995
f 2996 3036 2995
f 2995 3035 3034
f 2994 2995 3034
f 3034 3033 2993
f 2994 3034 2993
f 1889 3012 3008
f 2765 1889 3008
f 3012 3011 3007
f 3008 3012 3007
f 3011 3010 3006
f 3007 3011 3006
f 3010 3009 3005
f 3006 3010 3005
f 3048 3021 2473
f 2474 3048 2473
f 3047 3022 3021
f 3048 3047 3021
f 3022 3047 3046
f 3023 3022 3046
f 3046 3045 3024
f 3023 3046 3024
f 3024 2489 2103
f 3044 3024 2103
f 3044 3043 3023
f 3024 3044 3023
f 3043 3042 3022
f 3023 3043 3022
f 3042 3041 3021
f 3022 3042 3021
f 3040 2988 2370
f 2381 3040 2370
f 3040 3039 2987
f 2988 3040 2987
f 3039 3038 2986
f 2987 3039 2986
f 3038 3037 2985
f 2986 3038 2985
f 3025 2985 2371
f 2374 3025 2371
f 3026 2986 2985
f 3025 3026 2985
f 3026 3027 2987
f 2986 3026 2987
f 3028 2988 2987
f 3027 3028 2987
f 3077 2923 2406
f 3029 3077 2406
f 3078 3077 3029
f 3030 3078 3029
f 3031 3079 3078
f 3030 3031 3078
f 3080 3079 3031
f 3032 3080 3031
f 3033 3005 2766
f 2097 3033 2766
f 3034 3006 3005
f 3033 3034 3005
f 3035 3007 3006
f 3034 3035 3006
f 3036 3008 3007
f 3035 3036 3007
f 2976 3060 2358
f 2237 2976 2358
f 3059 3060 2976
f 2975 3059 2976
f 3059 2975 2974
f 3058 3059 2974
f 3058 2974 2973
f 3057 3058 2973
f 3049 3013 1850
f 2038 3049 1850
f 3049 3050 3014
f 3013 3049 3014
f 3051 3015 3014
f 3050 3051 3014
f 3051 3052 3016
f 3015 3051 3016
f 3004 3016 2071
f 2095 3004 2071
f 3016 3004 3003
f 3015 3016 3003
f 3015 3003 3002
f 3014 3015 3002
f 3014 3002 3001
f 3013 3014 3001
f 2984 2997 1971
f 2198 2984 1971
f 2997 2984 2983
f 2998 2997 2983
f 2998 2983 2982
f 2999 2998 2982
f 2999 2982 2981
f 3000 2999 2981
f 3000 2213 2212
f 3052 3000 2212
f 3000 3052 3051
f 2999 3000 3051
f 3051 3050 2998
f 2999 3051 2998
f 2998 3050 3049
f 2997 2998 3049
f 2984 2198 2017
f 2992 2984 2017
f 2992 2991 2983
f 2984 2992 2983
f 2991 2990 2982
f 2983 2991 2982
f 2990 2989 2981
f 2982 2990 2981
f 3017 1839 1900
f 3001 3017 1900
f 3018 3017 3001
f 3002 3018 3001
f 3019 3018 3002
f 3003 3019 3002
f 3020 3019 3003
f 3004 3020 3003
f 3269 3212 2215
f 2989 3269 2215
f 3278 3269 2989
f 2990 3278 2989
f 3279 3278 2990
f 2991 3279 2990
f 3280 3279 2991
f 2992 3280 2991
f 2968 2172 2091
f 3061 2968 2091
f 3061 3062 2967
f 2968 3061 2967
f 3063 2966 2967
f 3062 3063 2967
f 3063 3064 2965
f 2966 3063 2965
f 3064 3048 2474
f 2116 3064 2474
f 3048 3064 3063
f 3047 3048 3063
f 3063 3062 3046
f 3047 3063 3046
f 3062 3061 3045
f 3046 3062 3045
f 2968 3020 2078
f 2172 2968 2078
f 3020 2968 2967
f 3019 3020 2967
f 3019 2967 2966
f 3018 3019 2966
f 3018 2966 2965
f 3017 3018 2965
f 3009 3044 2103
f 2096 3009 2103
f 3043 3044 3009
f 3010 3043 3009
f 3042 3043 3010
f 3011 3042 3010
f 3041 3042 3011
f 3012 3041 3011
f 2993 2773 2102
f 3056 2993 2102
f 3056 3055 2994
f 2993 3056 2994
f 3055 3054 2995
f 2994 3055 2995
f 3053 2996 2995
f 3054 3053 2995
f 2980 3065 2099
f 2781 2980 2099
f 3065 2980 2979
f 3066 3065 2979
f 3066 2979 2978
f 3067 3066 2978
f 3067 2978 2977
f 3068 3067 2977
f 3060 3029 2406
f 2358 3060 2406
f 3029 3060 3059
f 3030 3029 3059
f 3058 3031 3030
f 3059 3058 3030
f 3058 3057 3032
f 3031 3058 3032
f 3068 2108 2101
f 2973 3068 2101
f 3068 2973 2974
f 3067 3068 2974
f 3066 3067 2974
f 2975 3066 2974
f 3065 3066 2975
f 2976 3065 2975
f 3132 2942 2941
f 3133 3132 2941
f 2942 3132 3131
f 2943 2942 3131
f 3131 3082 2401
f 2943 3131 2401
f 2914 3130 3129
f 2915 2914 3129
f 3128 2916 2915
f 3129 3128 2915
f 2916 3128 3100
f 2778 2916 3100
f 2697 3125 3119
f 2531 2697 3119
f 3104 2575 2546
f 3105 3104 2546
f 3096 3119 2536
f 2545 3096 2536
f 3101 3083 2573
f 2727 3101 2573
f 2648 3107 3087
f 2558 2648 3087
f 3090 2717 2583
f 3098 3090 2583
f 2679 3108 3089
f 2677 2679 3089
f 3099 2735 2622
f 3086 3099 2622
f 3097 3088 2654
f 2671 3097 2654
f 3089 3123 2666
f 2677 3089 2666
f 3093 3134 3091
f 2551 3093 3091
f 3096 3134 3093
f 2544 3096 3093
f 3134 3096 2545
f 3095 3134 2545
f 3116 2656 2670
f 3097 3116 2670
f 3102 2598 2570
f 3117 3102 2570
f 3102 3084 2550
f 2598 3102 2550
f 3111 3122 2548
f 2695 3111 2548
f 3103 3126 2532
f 2615 3103 2532
f 3101 2727 2710
f 3092 3101 2710
f 3110 3098 2583
f 2542 3110 2583
f 3121 2586 2558
f 3087 3121 2558
f 3123 3112 2632
f 2666 3123 2632
f 3091 2552 2550
f 3084 3091 2550
f 3092 2710 2656
f 3116 3092 2656
f 3086 3083 2659
f 2643 3086 2659
f 3109 2587 2586
f 3121 3109 2586
f 3105 3124 2623
f 2566 3105 2623
f 2587 3109 3090
f 2718 2587 3090
f 3111 2695 2616
f 3103 3111 2616
f 3110 3117 2570
f 2561 3110 2570
f 3112 2631 2623
f 3124 3112 2623
f 2086 3120 3094
f 2614 2086 3094
f 2553 3107 3099
f 2647 2553 3099
f 2680 3108 3088
f 2653 2680 3088
f 3104 3095 2545
f 2575 3104 2545
f 2548 3122 3093
f 2551 2548 3093
f 3125 2697 2614
f 3094 3125 2614
f 3115 3126 2236
f 2358 3115 2236
f 3115 3106 2779
f 2780 3115 2779
f 3130 2914 2779
f 3106 3130 2779
f 3085 2777 2523
f 3113 3085 2523
f 3100 2381 2370
f 3113 3100 2370
f 3082 3114 2357
f 2401 3082 2357
f 3133 2941 2391
f 3118 3133 2391
f 3081 2525 2522
f 3118 3081 2522
f 3127 2750 2525
f 3081 3127 2525
f 3114 3120 2086
f 2357 3114 2086
f 3143 2888 1288
f 3136 3143 1288
f 3214 3215 1381
f 1380 3214 1381
f 3149 3214 1380
f 1379 3149 1380
f 3145 3149 1379
f 691 3145 1379
f 3213 1346 1345
f 3211 3213 1345
f 3211 1345 1344
f 3199 3211 1344
f 3191 3199 1344
f 860 3191 1344
f 3178 3198 2818
f 2891 3178 2818
f 3169 3178 2891
f 2890 3169 2891
f 3169 2890 2889
f 3158 3169 2889
f 3189 2883 2841
f 3163 3189 2841
f 3138 3162 556
f 1190 3138 556
f 3165 1250 556
f 3162 3165 556
f 2861 3205 3141
f 2881 2861 3141
f 3193 3177 951
f 952 3193 951
f 3185 555 951
f 3177 3185 951
f 3192 2875 2874
f 3155 3192 2874
f 3191 3155 2874
f 2873 3191 2874
f 3213 3190 878
f 1346 3213 878
f 3147 2853 2852
f 3196 3147 2852
f 3173 3168 2822
f 2876 3173 2822
f 3160 2855 2854
f 3145 3160 2854
f 2839 3204 3171
f 2840 2839 3171
f 3164 3198 784
f 780 3164 784
f 3182 3209 822
f 735 3182 822
f 822 3209 3168
f 790 822 3168
f 3164 3183 2820
f 2819 3164 2820
f 3167 3182 735
f 750 3167 735
f 3167 750 217
f 3161 3167 217
f 3153 3160 548
f 569 3153 548
f 3175 2857 2856
f 3153 3175 2856
f 3170 2847 2846
f 3154 3170 2846
f 3183 3200 2821
f 2820 3183 2821
f 3210 2827 2826
f 3161 3210 2826
f 1382 3217 3147
f 493 1382 3147
f 490 3186 3170
f 489 490 3170
f 3154 2846 2845
f 3157 3154 2845
f 3196 3159 492
f 621 3196 492
f 3146 3151 412
f 409 3146 412
f 3151 2838 2837
f 3208 3151 2837
f 349 3208 3176
f 430 349 3176
f 3210 3174 2828
f 2827 3210 2828
f 2821 3200 3194
f 2877 2821 3194
f 3197 3186 490
f 491 3197 490
f 3142 605 492
f 3159 3142 492
f 2857 3175 3172
f 2858 2857 3172
f 3207 3157 2845
f 2844 3207 2845
f 451 3204 3146
f 409 451 3146
f 3176 3203 371
f 430 3176 371
f 3194 934 933
f 3173 3194 933
f 2849 3197 3142
f 2850 2849 3142
f 3179 488 443
f 3207 3179 443
f 3203 3144 698
f 371 3203 698
f 3201 2829 2828
f 3174 3201 2828
f 3148 2830 2829
f 3201 3148 2829
f 3150 3148 323
f 461 3150 323
f 3189 3166 2842
f 2883 3189 2842
f 2878 3193 3137
f 2860 2878 3137
f 3205 2861 2860
f 3137 3205 2860
f 3171 702 348
f 3163 3171 348
f 3150 3152 2832
f 2831 3150 2832
f 3202 2833 2832
f 3152 3202 2832
f 488 3179 3166
f 418 488 3166
f 3181 558 1250
f 3165 3181 1250
f 3185 2859 2858
f 3172 3185 2858
f 3141 1243 558
f 3181 3141 558
f 3206 3138 1190
f 591 3206 1190
f 3202 609 698
f 3144 3202 698
f 3187 2867 2865
f 3156 3187 2865
f 3187 3190 2872
f 2867 3187 2872
f 3156 3206 591
f 715 3156 591
f 3280 2972 2971
f 3279 3280 2971
f 3278 3279 2971
f 2970 3278 2971
f 3269 3278 2970
f 2969 3269 2970
f 3269 2969 2854
f 3212 3269 2854
f 3276 3277 2947
f 2948 3276 2947
f 3260 3276 2948
f 2949 3260 2948
f 3260 2949 2873
f 3256 3260 2873
f 3246 3263 2308
f 2887 3246 2308
f 3237 3246 2887
f 2886 3237 2887
f 3226 3237 2886
f 2885 3226 2886
f 3254 3231 2841
f 2883 3254 2841
f 2080 3230 3180
f 2714 2080 3180
f 3233 2882 2863
f 3230 3233 2863
f 3270 3140 2767
f 2083 3270 2767
f 2878 3258 3245
f 2879 2878 3245
f 3245 3251 2859
f 2879 3245 2859
f 3223 3257 2376
f 2373 3223 2376
f 3256 3223 2373
f 2384 3256 2373
f 3277 3255 2872
f 2947 3277 2872
f 3261 3184 2017
f 2145 3261 2017
f 3241 3236 2314
f 2457 3241 2314
f 3212 3228 2072
f 2215 3212 2072
f 3239 2226 1975
f 3264 3239 1975
f 3263 2818 2819
f 3232 3263 2819
f 2346 3274 3249
f 2259 2346 3249
f 3274 2346 2314
f 3236 3274 2314
f 3232 3250 2320
f 2304 3232 2320
f 3235 2274 2259
f 3249 3235 2259
f 3229 3235 2825
f 2826 3229 2825
f 3228 2855 2856
f 3221 3228 2856
f 3221 3243 2073
f 2093 3221 2073
f 3222 3238 2013
f 2051 3222 2013
f 3250 3265 2305
f 2320 3250 2305
f 3275 3229 2826
f 2827 3275 2826
f 3280 3184 2853
f 2972 3280 2853
f 2848 3252 3238
f 2847 2848 3238
f 2146 3225 3222
f 2051 2146 3222
f 2852 3261 3227
f 2851 2852 3227
f 3281 3216 2838
f 1287 3281 2838
f 1873 3273 3216
f 1936 1873 3216
f 3273 3244 2836
f 2837 3273 2836
f 1765 3275 3242
f 1968 1765 3242
f 3265 3259 2458
f 2305 3265 2458
f 3262 2015 2014
f 3252 3262 2014
f 3227 3139 2850
f 2851 3227 2850
f 3243 3240 2169
f 2073 3243 2169
f 3225 2146 1967
f 3272 3225 1967
f 3281 1287 2839
f 3264 3281 2839
f 3268 2835 2836
f 3244 3268 2836
f 3241 3259 2877
f 2876 3241 2877
f 3262 3139 2129
f 2015 3262 2129
f 3272 3247 2843
f 2844 3272 2843
f 3268 3195 2834
f 2835 3268 2834
f 3266 2321 1968
f 3242 3266 1968
f 2321 3266 3188
f 1847 2321 3188
f 3219 1985 1847
f 3188 3219 1847
f 2790 3254 3234
f 1942 2790 3234
f 3258 3218 2106
f 2476 3258 2106
f 3218 3270 2083
f 2106 3218 2083
f 3231 3239 2840
f 2841 3231 2840
f 3219 3220 1862
f 1985 3219 1862
f 3220 3267 2133
f 1862 3220 2133
f 3247 3234 2842
f 2843 3247 2842
f 3233 3248 2862
f 2882 3233 2862
f 3240 3251 2079
f 2169 3240 2079
f 2862 3248 3140
f 2881 2862 3140
f 2864 3271 3180
f 2880 2864 3180
f 3195 3267 2833
f 2834 3195 2833
f 3224 3253 2362
f 2239 3224 2362
f 3253 3255 2402
f 2362 3253 2402
f 3224 3271 2864
f 2865 3224 2864
