# Clean LOD1 extract from Poly Haven's CC0 Rubber Boots
o rubber_boots_l_LOD1
v 0.0345979 0.0884950 0.0911074
v -0.0373336 0.0886241 0.0901971
v 0.0355227 0.0261123 0.0839846
v -0.0409362 0.0256487 0.0863086
v 0.0327757 0.0271204 0.3719845
v 0.0307441 0.1072874 0.3718702
v -0.0325786 0.1075470 0.3659269
v -0.0351419 0.0257612 0.3622313
v 0.0130591 0.1114162 0.0894810
v -0.0141990 0.1114543 0.0892949
v 0.0141654 -0.0045772 0.1121709
v -0.0165547 -0.0045706 0.1128129
v 0.0127140 0.1235682 0.3702728
v -0.0120929 0.1233086 0.3681528
v 0.0117748 0.0030441 0.3677215
v -0.0125975 0.0024397 0.3641098
v -0.0369805 -0.0179855 0.0584726
v 0.0391709 -0.0176108 0.0592081
v -0.0174919 -0.0373731 0.0782623
v 0.0187433 -0.0374658 0.0783955
v 0.0339533 0.1101938 0.2198026
v -0.0359618 0.1122329 0.2192688
v -0.0385911 0.0300715 0.2206357
v 0.0362129 0.0325548 0.2211690
v 0.0136341 0.0057639 0.2230326
v -0.0148780 0.0051286 0.2229256
v -0.0158199 0.1312786 0.2196188
v 0.0124954 0.1308019 0.2197253
v 0.0338460 0.1129934 0.2972955
v -0.0371450 0.0257734 0.2987334
v 0.0134519 0.0031536 0.2975871
v -0.0138700 0.0021362 0.2976866
v -0.0143608 0.1315053 0.2972175
v 0.0132951 0.1315424 0.2970369
v -0.0347153 0.1135185 0.2980559
v 0.0363270 0.0291256 0.2980216
v -0.0333997 0.0996272 0.1359161
v 0.0298926 0.0351541 0.1423645
v 0.0296629 0.0980240 0.1381286
v -0.0362949 0.0346498 0.1409082
v 0.0109860 0.0060435 0.1538757
v -0.0147886 0.0059356 0.1536208
v -0.0159349 0.1191100 0.1372502
v 0.0091513 0.1187041 0.1376936
v 0.0401524 0.0592549 0.0878307
v -0.0448632 0.0590427 0.0873962
v 0.0433251 0.0680534 0.3729417
v -0.0459457 0.0714741 0.3640145
v 0.0426922 0.0729854 0.2202567
v -0.0447214 0.0732308 0.2196160
v 0.0456061 0.0723796 0.2978135
v -0.0463032 0.0736345 0.2994829
v -0.0400568 0.0677372 0.1365147
v 0.0353356 0.0675334 0.1389682
v -0.0379124 -0.0458845 0.0525681
v -0.0166512 -0.0625712 0.0684807
v 0.0181573 -0.0623284 0.0685773
v 0.0404931 -0.0444733 0.0530407
v 0.0441500 -0.0401588 0.0229528
v 0.0368928 -0.1036138 0.0236107
v 0.0147596 0.1132057 0.0463783
v 0.0343343 0.0946774 0.0445898
v -0.0403173 0.0632509 0.0418631
v -0.0342844 0.0951002 0.0445800
v -0.0333237 -0.1070478 0.0241320
v 0.0430149 0.0639209 0.0419775
v 0.0425580 0.0414928 0.0392413
v -0.0315093 -0.0081900 0.0280120
v -0.0343596 0.0383504 0.0388630
v -0.0138158 0.1133083 0.0463775
v 0.0396440 -0.0069811 0.0283370
v -0.0418864 -0.0400766 0.0226443
v 0.0445982 -0.0732030 0.0218311
v -0.0372431 -0.0777593 0.0498013
v 0.0395411 -0.0752668 0.0497068
v -0.0407713 -0.0769033 0.0219796
v 0.0371363 0.0031595 0.0684710
v -0.0313182 0.0185516 0.0345066
v 0.0401716 0.0198600 0.0347460
v -0.0384180 0.0030860 0.0695294
v -0.0173757 -0.0195654 0.0920780
v 0.0170453 -0.0196572 0.0917004
v 0.0423122 -0.0889300 0.0221642
v 0.0391852 0.0739664 0.0900589
v 0.0260639 0.1062359 0.0456625
v -0.0271963 0.1019410 0.0900082
v -0.0393196 0.0795413 0.0432709
v -0.0364721 -0.0927946 0.0483966
v -0.0273312 -0.1187271 0.0351744
v 0.0436786 0.0517063 0.0407083
v 0.0361260 0.0131199 0.0741052
v -0.0324696 0.0287513 0.0369579
v -0.0444960 0.0439603 0.0861005
v -0.0301396 0.0080041 0.1020119
v 0.0389315 0.0895746 0.3725447
v -0.0229320 0.1177217 0.3669786
v -0.0432037 0.0475806 0.3629355
v -0.0245186 0.0107592 0.3627347
v 0.0324098 0.1108363 0.3349774
v -0.0349620 0.0926903 0.1085651
v -0.0360832 0.0256287 0.3324788
v 0.0312074 0.0313045 0.1110324
v -0.0256940 0.1065372 0.0456595
v 0.0006146 0.1155564 0.0466243
v 0.0253810 0.1018344 0.0905639
v -0.0004509 0.1147793 0.0890179
v 0.0281071 -0.1167259 0.0359093
v 0.0003831 -0.1297795 0.0469387
v 0.0261322 0.0080379 0.1001713
v -0.0008864 -0.0090345 0.1165350
v 0.0223447 0.1182243 0.3711030
v 0.0005359 0.1251691 0.3692863
v 0.0229056 0.0123290 0.3700319
v -0.0002605 -0.0001781 0.3657428
v 0.0126420 0.0030621 0.3336510
v -0.0132469 0.0022215 0.3324648
v -0.0377444 0.0495015 0.0404361
v 0.0389039 0.0444536 0.0852921
v -0.0132891 0.1279014 0.3335182
v 0.0130173 0.1280981 0.3341565
v 0.0392315 0.0073468 0.0316555
v -0.0374946 -0.0067691 0.0635452
v 0.0400871 -0.0302773 0.0556867
v -0.0366932 -0.0231390 0.0248617
v -0.0175476 -0.0278678 0.0846240
v 0.0181314 -0.0279989 0.0845543
v 0.0005435 -0.0410224 0.0815236
v -0.0299938 -0.0276730 0.0692992
v 0.0316854 -0.0278483 0.0697076
v 0.0313359 0.1047976 0.1769150
v -0.0358657 0.1142402 0.2599622
v -0.0372200 0.0337282 0.1790611
v 0.0372671 0.0303974 0.2598841
v 0.0120428 0.0070534 0.1863114
v -0.0147427 0.0067172 0.1860256
v -0.0161395 0.1258389 0.1763835
v 0.0103778 0.1253213 0.1766916
v -0.0017904 0.1334839 0.2197145
v -0.0273069 0.1243706 0.2194104
v -0.0005010 0.0020253 0.2233506
v 0.0264267 0.0164407 0.2221366
v 0.0400513 0.0929997 0.2199925
v -0.0439251 0.0506025 0.2199550
v -0.0282959 0.0146106 0.2218162
v 0.0246595 0.1229766 0.2197301
v 0.0346812 0.1128835 0.2595116
v -0.0383637 0.0271501 0.2610682
v 0.0139995 0.0040693 0.2602078
v -0.0145442 0.0031798 0.2605741
v -0.0152102 0.1330255 0.2594783
v 0.0133714 0.1327656 0.2594526
v -0.0335822 0.1110242 0.3332865
v 0.0346793 0.0282001 0.3356557
v -0.0005463 0.1335948 0.2970752
v -0.0255723 0.1251048 0.2975075
v -0.0001648 -0.0004003 0.2975299
v 0.0259437 0.0132157 0.2978200
v 0.0416433 0.0945872 0.2975573
v -0.0442540 0.0484150 0.2994467
v -0.0265890 0.0104633 0.2980572
v 0.0245848 0.1250818 0.2971091
v -0.0343982 0.1068639 0.1753747
v 0.0326352 0.0351151 0.1805102
v 0.0314309 0.0918698 0.1103418
v -0.0377791 0.0311554 0.1114803
v 0.0120703 0.0017230 0.1294072
v -0.0155738 0.0017038 0.1296018
v -0.0150974 0.1138289 0.1092277
v 0.0106451 0.1136181 0.1095856
v 0.0208851 0.1103677 0.1378474
v -0.0271942 0.0183165 0.1473670
v -0.0401117 0.0511959 0.1376120
v 0.0341831 0.0833223 0.1385382
v 0.0218925 0.0186478 0.1481539
v -0.0016081 0.0015398 0.1559856
v -0.0260243 0.1115319 0.1365178
v -0.0037077 0.1216306 0.1375884
v 0.0398484 0.0793399 0.0433031
v -0.0428955 0.0739894 0.0890983
v 0.0405632 0.0463849 0.3729120
v -0.0413917 0.0920461 0.3650189
v 0.0415806 0.0521189 0.2205811
v -0.0418831 0.0946140 0.2193646
v 0.0434707 0.0496343 0.2980064
v -0.0423847 0.0960635 0.2988367
v -0.0378950 0.0844162 0.1359697
v 0.0341338 0.0515529 0.1396605
v 0.0367194 0.0626284 0.1090967
v -0.0418694 0.0627082 0.1075253
v -0.0461269 0.0737812 0.2610746
v 0.0451517 0.0732031 0.2596551
v -0.0417797 0.0715346 0.1761977
v 0.0383000 0.0713507 0.1780229
v 0.0447825 0.0706007 0.3358425
v -0.0461620 0.0727921 0.3335811
v 0.0417579 -0.0231261 0.0252364
v -0.0373078 -0.0311859 0.0549009
v -0.0170889 -0.0488375 0.0729198
v 0.0185957 -0.0487719 0.0730835
v 0.0402186 -0.0597008 0.0511975
v -0.0427576 -0.0588311 0.0218772
v 0.0006550 -0.0657060 0.0711370
v -0.0297999 -0.0541695 0.0614606
v 0.0318284 -0.0534176 0.0617547
v 0.0365695 0.0892568 0.0761958
v -0.0383329 0.0891236 0.0757677
v -0.0444075 0.0314235 0.0668100
v 0.0403580 0.0332783 0.0667330
v 0.0142924 0.1124318 0.0730814
v -0.0138076 0.1124034 0.0729920
v 0.0418849 -0.0116931 0.0503432
v -0.0394465 -0.0136443 0.0493746
v -0.0461558 0.0588413 0.0724279
v 0.0426613 0.0593988 0.0727868
v 0.0441960 -0.0404986 0.0447836
v -0.0412259 -0.0424952 0.0442677
v 0.0450443 -0.0568464 0.0219367
v -0.0378628 -0.0615593 0.0510563
v -0.0164967 -0.0783913 0.0651544
v 0.0179454 -0.0780562 0.0651755
v 0.0385567 -0.0900288 0.0480416
v -0.0376186 -0.0930331 0.0224954
v 0.0429944 -0.0715402 0.0428384
v 0.0006394 -0.0976244 0.0650593
v -0.0293894 -0.0860527 0.0565827
v 0.0312497 -0.0845839 0.0565058
v -0.0404009 -0.0745728 0.0429641
v 0.0381497 -0.0067069 0.0635634
v -0.0301503 0.0059210 0.0314041
v 0.0413595 0.0311108 0.0372848
v -0.0394758 0.0127616 0.0761530
v -0.0171156 -0.0117820 0.1009549
v 0.0158116 -0.0118239 0.1003003
v -0.0416374 0.0100263 0.0580990
v 0.0295063 -0.0088373 0.0810745
v -0.0304072 -0.0086286 0.0821037
v -0.0000522 -0.0236296 0.0956087
v 0.0404541 0.0110831 0.0583076
v 0.0414732 0.0742082 0.0752264
v -0.0275310 0.1027519 0.0746949
v -0.0391931 -0.0903622 0.0423108
v 0.0308683 -0.0989543 0.0543730
v 0.0235154 0.1222902 0.3345217
v -0.0458608 0.0445300 0.0698068
v 0.0401648 0.0218163 0.0625424
v -0.0446660 0.0491689 0.2612682
v -0.0255198 0.0104770 0.3322225
v -0.0418734 0.0944585 0.3335080
v 0.0422662 0.0482141 0.3360016
v 0.0244891 0.0127631 0.3346981
v -0.0002199 -0.0003292 0.3329100
v -0.0417047 0.0473404 0.1078426
v 0.0358139 0.0775402 0.1099910
v -0.0242438 0.1219174 0.3332867
v -0.0000499 0.1298830 0.3338301
v -0.0292245 -0.1004909 0.0546762
v 0.0006312 -0.1115058 0.0637960
v 0.0269828 0.1028360 0.0749607
v 0.0004304 0.1157777 0.0723253
v 0.0002909 -0.0317467 0.0880335
v -0.0301782 -0.0175057 0.0751529
v 0.0433320 -0.0254873 0.0470979
v 0.0307814 -0.0178100 0.0749894
v -0.0402363 -0.0011255 0.0535265
v -0.0031519 0.1281325 0.1766528
v -0.0266783 0.1187504 0.1757957
v -0.0011386 0.0029208 0.1873225
v 0.0238175 0.0187488 0.1834923
v 0.0372620 0.0530653 0.1788268
v -0.0393558 0.0905034 0.1755801
v -0.0275982 0.0177614 0.1826332
v 0.0223384 0.1172630 0.1767201
v -0.0009775 0.1351773 0.2594366
v -0.0268056 0.1263051 0.2596228
v -0.0002134 0.0004675 0.2603813
v 0.0269620 0.0143281 0.2600396
v 0.0435825 0.0508409 0.2597600
v -0.0427380 0.0962917 0.2605227
v -0.0278115 0.0118285 0.2607917
v 0.0252811 0.1255152 0.2594785
v 0.0225510 0.1046287 0.1100600
v -0.0284341 0.0144841 0.1207363
v -0.0398511 0.0780758 0.1079910
v 0.0353728 0.0474883 0.1083724
v 0.0232220 0.0145520 0.1202128
v -0.0014210 -0.0028408 0.1328434
v -0.0264065 0.1052320 0.1089878
v -0.0023466 0.1167798 0.1093509
v 0.0417467 0.0947692 0.2595676
v -0.0415783 0.0521361 0.1770830
v 0.0364953 0.0890555 0.1773868
v 0.0405273 0.0926734 0.3354675
v -0.0437144 0.0479925 0.3331206
v -0.0441933 0.0740141 0.0747681
v 0.0417254 0.0458882 0.0699615
v 0.0438579 -0.0559420 0.0435494
v 0.0006451 -0.0521743 0.0758662
v -0.0298813 -0.0399388 0.0648363
v 0.0319637 -0.0396717 0.0653232
v -0.0400696 -0.0275760 0.0462371
v 0.0416699 -0.0869511 0.0419143
v 0.0006478 -0.0815858 0.0677071
v -0.0296519 -0.0699169 0.0588523
v 0.0315603 -0.0688192 0.0589507
v -0.0413640 -0.0582136 0.0433977
v -0.0429686 0.0203255 0.0625844
v 0.0281010 -0.0001889 0.0884163
v -0.0305746 -0.0001321 0.0902367
v -0.0004252 -0.0160547 0.1046808
v 0.0409342 0.0002551 0.0541793
v 0.0346262 0.0930409 0.0395553
v -0.0345872 0.0935854 0.0395886
v 0.0384289 0.0227061 0.0308561
v -0.0313867 0.0225399 0.0308966
v -0.0128780 0.1137792 0.0440387
v 0.0138030 0.1136378 0.0440265
v 0.0434060 -0.0403385 0.0186661
v -0.0411081 -0.0386793 0.0187034
v -0.0408513 0.0638234 0.0373551
v 0.0427320 0.0635648 0.0373147
v 0.0386456 0.0231805 0.0226668
v -0.0322242 0.0228961 0.0226691
v 0.0441568 -0.0408401 0.0129021
v -0.0427201 -0.0391005 0.0129016
v -0.0412873 0.0647641 0.0290599
v 0.0431900 0.0644689 0.0290599
v 0.0333944 0.0230038 0.0154811
v -0.0278057 0.0225206 0.0154739
v 0.0381886 -0.0350100 0.0000000
v -0.0378259 -0.0344600 0.0000000
v 0.0425675 0.0426302 0.0345838
v 0.0430260 0.0433232 0.0263077
v -0.0370341 0.0428155 0.0346237
v -0.0379444 0.0434719 0.0263077
v 0.0366871 -0.0060837 0.0245041
v 0.0368484 -0.0059726 0.0170896
v 0.0323711 -0.0063513 0.0104942
v -0.0281405 -0.0057699 0.0245497
v -0.0291610 -0.0055193 0.0170985
v -0.0253305 -0.0059559 0.0104655
v -0.0047486 -0.1045888 0.0074863
v 0.0143600 -0.1070954 0.0054934
v 0.0141749 -0.0807311 0.0060996
v 0.0074233 -0.0441506 0.0059393
v 0.0446344 -0.0773947 0.0180898
v 0.0458740 -0.0785318 0.0129135
v 0.0423557 -0.0698919 0.0000000
v -0.0404663 -0.0785432 0.0180980
v -0.0416301 -0.0795951 0.0128819
v -0.0384316 -0.0710006 0.0000000
v -0.0042801 -0.0450338 0.0059348
v -0.0233286 0.1053738 0.0153590
v 0.0130775 0.0223698 0.0141108
v -0.0071764 0.0219536 0.0141070
v -0.0053114 -0.0083710 0.0081297
v 0.0137492 -0.0082620 0.0081447
v 0.0255974 0.1054545 0.0418511
v -0.0397367 0.0784939 0.0382623
v 0.0406945 0.0333996 0.0329620
v -0.0279223 0.0089698 0.0279817
v -0.0252276 0.1058627 0.0418751
v 0.0006156 0.1164697 0.0448385
v -0.0395080 0.0522804 0.0361214
v 0.0397061 -0.0225147 0.0211085
v -0.0427357 -0.0592717 0.0179089
v 0.0398750 0.0780955 0.0382239
v -0.0397483 0.0795776 0.0299671
v 0.0410503 0.0339907 0.0246896
v -0.0286402 0.0091928 0.0200038
v -0.0402560 0.0530704 0.0278147
v 0.0401013 -0.0226426 0.0145266
v -0.0441010 -0.0600874 0.0125684
v -0.0321487 0.0226536 0.0272984
v -0.0421862 -0.0388273 0.0161914
v -0.0349304 0.0939830 0.0359912
v -0.0414748 0.0641288 0.0337433
v 0.0357881 -0.1064413 0.0177324
v 0.0441270 -0.0405076 0.0161861
v 0.0433468 0.0638474 0.0337382
v 0.0350247 0.0934148 0.0359871
v 0.0389338 0.0228650 0.0272905
v -0.0318986 -0.1075891 0.0177170
v 0.0139675 0.1141369 0.0404096
v -0.0131062 0.1143079 0.0404111
v 0.0389167 -0.0907859 0.0029315
v -0.0246242 0.0087328 0.0129942
v 0.0346618 -0.0276878 0.0000000
v -0.0395137 -0.0636006 0.0000000
v -0.0127032 0.1142485 0.0295213
v -0.0333785 0.0936446 0.0267360
v 0.0137598 0.1140446 0.0295213
v 0.0356480 -0.1069983 0.0102270
v 0.0342445 0.0931527 0.0267360
v -0.0402483 0.0644460 0.0247352
v -0.0317270 0.0226524 0.0184279
v -0.0313903 -0.1079224 0.0102041
v 0.0376997 0.0230202 0.0184306
v 0.0422243 0.0641857 0.0247352
v 0.0436116 0.0520627 0.0360809
v 0.0441313 0.0528594 0.0278147
v 0.0420631 0.0430344 0.0220086
v 0.0432034 0.0428527 0.0309886
v -0.0344122 0.0334591 0.0330014
v -0.0353916 0.0339824 0.0246898
v -0.0375177 0.0431262 0.0126964
v -0.0373952 0.0431281 0.0220086
v -0.0378401 0.0430274 0.0309936
v 0.0365202 0.0093543 0.0279379
v 0.0366519 0.0096459 0.0199974
v 0.0319201 0.0092083 0.0130148
v 0.0360933 -0.0059233 0.0132148
v 0.0371002 -0.0060341 0.0212756
v -0.0341947 -0.0209198 0.0211513
v -0.0356034 -0.0208557 0.0145327
v -0.0316114 -0.0264560 0.0000000
v -0.0287817 -0.0054282 0.0132042
v -0.0289461 -0.0056604 0.0212930
v 0.0013905 -0.0392690 0.0036215
v 0.0452375 -0.0592124 0.0178770
v 0.0463441 -0.0600246 0.0125753
v 0.0424753 -0.0626243 0.0000000
v 0.0455070 -0.0777890 0.0158760
v -0.0340558 -0.0915514 0.0028973
v -0.0412877 -0.0789139 0.0158494
v -0.0189042 0.0222163 0.0142765
v 0.0239377 -0.0074944 0.0089512
v 0.0123542 -0.0897785 0.0062234
v 0.0245262 0.0227086 0.0142835
v -0.0164097 -0.0074157 0.0089232
v -0.0063840 -0.1102179 0.0071720
v 0.0094285 -0.1099354 0.0071625
v -0.0057215 0.0068294 0.0116648
v 0.0133619 0.0072255 0.0116756
v -0.0119652 0.1141389 0.0154366
v -0.0352204 -0.0208663 0.0182683
v -0.0401952 0.0788411 0.0346622
v 0.0460929 -0.0595030 0.0156130
v 0.0403535 0.0784274 0.0346574
v 0.0369549 0.0094600 0.0244776
v 0.0277208 -0.1189266 0.0256098
v 0.0003951 -0.1321424 0.0312658
v -0.0263899 -0.1198174 0.0233238
v 0.0259077 0.1058873 0.0382609
v -0.0369617 -0.0946220 0.0165347
v 0.0442748 0.0523170 0.0324944
v -0.0255142 0.1063314 0.0382639
v 0.0006084 0.1170075 0.0412080
v -0.0352392 0.0336279 0.0293696
v -0.0245416 0.1055460 0.0281626
v 0.0005653 0.1162122 0.0300335
v 0.0277464 -0.1197351 0.0180716
v 0.0255872 0.1051244 0.0281626
v 0.0006811 -0.1335578 0.0236455
v -0.0383674 0.0790568 0.0256541
v -0.0349304 0.0336698 0.0204061
v -0.0251527 -0.1207188 0.0164464
v 0.0357913 0.0095476 0.0158843
v 0.0431576 0.0525810 0.0234963
v 0.0392221 0.0787050 0.0256541
v 0.0401029 0.0337474 0.0204065
v 0.0412763 0.0335912 0.0293643
v -0.0395345 0.0527512 0.0234963
v -0.0402525 0.0525360 0.0324995
v 0.0402561 -0.0225494 0.0182548
v -0.0281486 0.0090867 0.0158767
v -0.0285900 0.0090374 0.0244915
v 0.0030220 -0.0247317 0.0046206
v 0.0014231 -0.1144773 0.0079619
v 0.0418793 -0.0933523 0.0165666
v -0.0436851 -0.0595852 0.0156113
v -0.0370481 0.0789395 0.0141048
v 0.0234996 0.0083003 0.0118470
v -0.0161440 0.0078027 0.0118269
v 0.0349859 0.0424260 0.0000000
v 0.0339276 0.0356228 0.0000000
v -0.0319388 0.0421702 0.0000000
v -0.0114191 0.1079237 0.0000000
v 0.0146736 0.1081229 0.0000000
v -0.0335052 0.0727853 0.0000000
v 0.0364626 0.0730909 0.0000000
v -0.0304076 0.0352643 0.0000000
v -0.0333513 0.0422780 0.0000000
v -0.0173738 0.0432636 0.0000000
v -0.0250521 0.0427841 0.0000000
v -0.0065629 0.0965399 0.0000000
v 0.0284127 0.0430378 0.0000000
v 0.0214559 0.0752117 0.0000000
v 0.0232940 0.0363841 0.0000000
v -0.0193125 0.0359138 0.0000000
v -0.0179386 0.0749376 0.0000000
v 0.0101382 0.0967574 0.0000000
v -0.0199378 0.0496134 0.0000000
v 0.0232099 0.0498022 0.0000000
v -0.0213018 0.1009201 0.0000000
v 0.0251974 0.1011730 0.0000000
v -0.0318550 0.0801849 0.0000000
v 0.0370005 0.0477739 0.0000000
v 0.0353475 0.0804504 0.0000000
v 0.0351091 0.0357058 0.0000000
v -0.0344328 0.0476477 0.0000000
v -0.0238130 0.0353136 0.0000000
v 0.0286920 0.0500731 0.0000000
v 0.0275634 0.0356690 0.0000000
v 0.0334553 0.0230305 0.0074209
v -0.0026599 0.1075337 0.0074209
v 0.0012593 0.1101950 0.0074209
v 0.0055450 0.1076163 0.0074209
v -0.0351864 0.0538759 0.0074209
v -0.0350136 0.0640259 0.0074209
v -0.0115925 0.1140835 0.0074209
v 0.0139778 0.1141391 0.0074209
v -0.0393131 0.0643619 0.0074209
v -0.0322281 0.0226296 0.0074209
v -0.0282873 0.0225025 0.0074209
v 0.0374951 0.0231007 0.0074209
v 0.0414489 0.0643950 0.0074209
v 0.0372846 0.0640943 0.0074209
v 0.0378117 0.0539904 0.0074209
v -0.0025823 0.0887584 0.0074209
v -0.0096510 0.0810386 0.0074209
v -0.0074907 0.0223481 0.0074209
v -0.0188025 0.0226301 0.0074209
v 0.0148973 0.0453610 0.0074209
v -0.0104688 0.0452622 0.0074209
v 0.0241035 0.0231069 0.0074209
v 0.0131957 0.0227128 0.0074209
v 0.0096253 0.0454982 0.0097928
v 0.0185803 0.0711382 0.0074209
v 0.0131781 0.0342761 0.0074209
v -0.0081256 0.0340426 0.0074209
v -0.0160050 0.0710301 0.0074209
v 0.0056114 0.0887569 0.0074209
v -0.0097917 0.0576901 0.0074209
v 0.0132573 0.0577704 0.0074209
v 0.0010114 0.1161713 0.0074209
v -0.0352852 0.0336508 0.0074209
v 0.0421257 0.0527709 0.0074209
v 0.0393230 0.0339216 0.0074209
v -0.0394280 0.0527334 0.0074209
v -0.0249717 0.0565204 0.0074209
v -0.0139091 0.0861531 0.0074209
v 0.0014903 0.0899280 0.0074209
v 0.0280131 0.0566571 0.0074209
v 0.0171320 0.0863768 0.0074209
v -0.0022879 0.0935374 0.0074209
v -0.0048411 0.0454409 0.0097928
v 0.0024739 0.0454676 0.0097928
v 0.0032805 0.0775516 0.0096127
v 0.0099387 0.0455247 0.0074209
v 0.0181290 0.0339295 0.0074209
v -0.0053052 0.0454068 0.0074209
v -0.0133485 0.0336772 0.0074209
v 0.0055335 0.0936315 0.0074209
v 0.0130896 0.0811256 0.0074209
v -0.0145766 0.0560005 0.0074209
v 0.0177492 0.0561437 0.0074209
v 0.0015424 0.0959038 0.0074209
v -0.0007669 0.0774863 0.0096127
v 0.0013976 0.0892102 0.0097928
v 0.0027563 0.0341106 0.0097928
v -0.0077647 0.0340246 0.0097928
v 0.0130244 0.0341812 0.0097928
v 0.0032385 0.0730603 0.0096127
v -0.0008851 0.0729912 0.0096127
v -0.0023337 0.0881562 0.0097928
v 0.0051831 0.0881378 0.0097928
v 0.0130519 -0.0082078 0.0072491
v -0.0046155 -0.0083707 0.0072371
v 0.0120854 0.0223004 0.0097978
v 0.0029836 0.0220524 0.0097980
v -0.0069143 0.0219759 0.0097980
v 0.0044858 -0.0081911 0.0072472
v -0.0050304 0.0068660 0.0089516
v 0.0126704 0.0072034 0.0089491
v 0.0038506 0.0069439 0.0089498
v 0.0376380 0.0230552 0.0114141
v 0.0007851 0.1161857 0.0156224
v 0.0416936 0.0642895 0.0137007
v 0.0137996 0.1140623 0.0154366
v 0.0395805 0.0338564 0.0121307
v -0.0192717 0.0222077 0.0099074
v -0.0394243 0.0527449 0.0132514
v -0.0351217 0.0336629 0.0121306
v -0.0320933 0.0226409 0.0114131
v -0.0281854 0.0225116 0.0103417
v 0.0247009 0.0226944 0.0099099
v 0.0332857 0.0229912 0.0103320
v 0.0425086 0.0526882 0.0132514
v -0.0376500 0.0431164 0.0075587
v -0.0396083 0.0643971 0.0137007
v 0.0388874 0.0788029 0.0141048
v -0.0319573 0.0934649 0.0146457
v 0.0255780 0.1051790 0.0153590
v 0.0341362 0.0932517 0.0146457
v 0.0329002 -0.1065738 0.0028576
v -0.0105732 -0.1270833 0.0092803
v -0.0230206 -0.1188182 0.0058080
v -0.0286763 -0.1071762 0.0028455
v 0.0262555 -0.1180063 0.0057973
v 0.0109509 -0.1268214 0.0094335
v 0.0009906 -0.1283759 0.0103195
v 0.0256106 -0.1062410 0.0017069
v -0.0105150 -0.1073433 0.0017457
v -0.0212124 -0.1066710 0.0017093
v -0.0129328 -0.1199120 0.0058763
v 0.0157472 -0.1193334 0.0058613
v 0.0414299 0.0431477 0.0126964
v -0.0226906 0.1052847 0.0076795
v -0.0312107 0.0933709 0.0073228
v -0.0364422 0.0788758 0.0070524
v 0.0389179 0.0789303 0.0070524
v 0.0257954 0.1053004 0.0076795
v 0.0343515 0.0934012 0.0073228
v 0.0410831 0.0432229 0.0075587
v -0.0103815 0.0715148 0.0074209
v 0.0011088 0.0757362 0.0096127
v 0.0138702 0.0716050 0.0074209
v -0.0299983 0.0289162 0.0000000
v 0.0340916 0.0293751 0.0000000
v -0.0093745 0.0578307 0.0097928
v 0.0017813 0.0578713 0.0097928
v 0.0129188 0.0578900 0.0097928
v -0.0092894 0.0807803 0.0097928
v 0.0125244 0.0808191 0.0097928
v -0.0099592 0.0715367 0.0097928
v 0.0133129 0.0715894 0.0097928
v 0.0011199 0.0677253 0.0090007
v 0.0013286 0.0828159 0.0090007
v -0.0056840 0.0751386 0.0090007
v 0.0081596 0.0753612 0.0090007
v 0.0010976 0.0670576 0.0102688
v -0.0042868 0.0693675 0.0102688
v 0.0065598 0.0695423 0.0102688
v -0.0039262 0.0809800 0.0102688
v 0.0013174 0.0834796 0.0102688
v 0.0065166 0.0811358 0.0102688
v -0.0062837 0.0751249 0.0102688
v 0.0087336 0.0753593 0.0102688
v -0.0038224 0.0698465 0.0090007
v 0.0011415 0.0702475 0.0090007
v 0.0061380 0.0700107 0.0090007
v 0.0013067 0.0802997 0.0090007
v -0.0035161 0.0805184 0.0090007
v 0.0061296 0.0806679 0.0090007
v -0.0033544 0.0751870 0.0090007
v 0.0058165 0.0753387 0.0090007
v -0.0021143 0.0716599 0.0090007
v 0.0011712 0.0720930 0.0096127
v 0.0044550 0.0717708 0.0090007
v 0.0012592 0.0784563 0.0096127
v -0.0019160 0.0787698 0.0090007
v 0.0044901 0.0788728 0.0090007
v -0.0017138 0.0752249 0.0096127
v 0.0041479 0.0753170 0.0096127
v -0.0071699 0.1041351 0.0000000
v 0.0104000 0.1043136 0.0000000
v -0.0316636 0.0713577 0.0000000
v 0.0349171 0.0716211 0.0000000
v -0.0278580 0.0915923 0.0000000
v 0.0319027 0.0918882 0.0000000
v 0.0212044 0.0436946 0.0000000
v -0.0317031 0.0355831 0.0000000
v 0.0353071 0.0482637 0.0000000
v 0.0362924 0.0422675 0.0000000
v -0.0328344 0.0480755 0.0000000
v -0.0258611 0.0498874 0.0000000
v 0.0274807 0.0291292 0.0000000
v -0.0231911 0.0286805 0.0000000
v -0.0285167 0.0288671 0.0000000
v 0.0327818 0.0293417 0.0000000
v 0.0184750 -0.0974335 0.0000000
v 0.0143600 -0.1070954 0.0017365
v -0.0067958 -0.1113494 0.0033760
v -0.0142213 -0.0976846 0.0000011
v 0.0099466 -0.1110431 0.0033692
v 0.0358185 -0.1070366 0.0048214
v 0.0280066 -0.1197595 0.0081104
v 0.0008152 -0.1337262 0.0141195
v -0.0249583 -0.1206567 0.0081177
v -0.0315581 -0.1077428 0.0048027
v -0.0364954 -0.0969743 0.0023915
v -0.0332081 -0.0943982 0.0000000
v 0.0015003 -0.1162770 0.0056980
v 0.0382373 -0.0937854 0.0000000
v 0.0415321 -0.0963623 0.0023915
v 0.0296399 -0.0941750 0.0000000
v -0.0245011 -0.0946874 0.0000000
v 0.0012597 -0.1219049 0.0080093
v 0.0120850 -0.0521390 0.0059676
v -0.0103435 -0.0809476 0.0061185
v -0.0085144 -0.0524289 0.0059704
v -0.0070140 -0.1110124 0.0075484
v -0.0107533 -0.1073922 0.0055029
v 0.0101041 -0.1107150 0.0075423
v 0.0084611 -0.1044134 0.0074349
v 0.0014946 -0.1160801 0.0103633
v -0.0089240 -0.0900516 0.0062376
v 0.0399937 -0.0456623 0.0000000
v -0.0386438 -0.0399434 0.0021751
v -0.0371973 -0.0815316 0.0000000
v 0.0420624 -0.0751625 0.0023592
v 0.0423031 -0.0572615 0.0020487
v -0.0352155 -0.0205610 0.0109970
v -0.0300237 -0.0210730 0.0084753
v 0.0341170 -0.0223520 0.0084961
v 0.0391089 -0.0223415 0.0110049
v 0.0113976 -0.0390534 0.0022229
v 0.0215757 -0.0572282 0.0020824
v -0.0399039 -0.0581397 0.0020419
v 0.0108877 -0.0239187 0.0048324
v -0.0058110 -0.0245208 0.0048270
v 0.0435149 -0.0404601 0.0045225
v 0.0390859 -0.0401960 0.0021842
v -0.0391494 -0.0455015 0.0000000
v -0.0426934 -0.0386784 0.0045171
v -0.0378413 -0.0762985 0.0023327
v -0.0173921 -0.0761607 0.0009482
v 0.0125201 -0.0390816 0.0010625
v -0.0098965 -0.0405382 0.0010626
v 0.0222643 -0.0572454 0.0009193
v 0.0456759 -0.0766273 0.0047202
v 0.0416041 -0.0805770 0.0000000
v 0.0218954 -0.0756861 0.0009329
v -0.0414936 -0.0774298 0.0046893
v -0.0192248 -0.0578531 0.0009246
v 0.0459985 -0.0581838 0.0043389
v 0.0420731 -0.0525332 0.0000000
v -0.0347863 -0.0881723 0.0000000
v -0.0371513 -0.0944632 0.0053105
v 0.0421438 -0.0936285 0.0053532
v 0.0395010 -0.0871629 0.0000000
v -0.0402366 -0.0531709 0.0000000
v -0.0438879 -0.0581437 0.0043313
v 0.0304782 -0.0911853 0.0016120
v 0.0184750 -0.0948248 0.0013717
v -0.0253419 -0.0918192 0.0015989
v -0.0142213 -0.0951605 0.0013813
v 0.0394395 -0.0350601 0.0000000
v -0.0390136 -0.0341546 0.0000000
v -0.0205032 -0.0707730 0.0000000
v 0.0151170 -0.0333888 0.0000000
v -0.0120449 -0.0347082 0.0000000
v 0.0244748 -0.0701647 0.0000000
v 0.0249796 -0.0628326 0.0000000
v 0.0434251 -0.0701638 0.0000000
v -0.0399824 -0.0712508 0.0000000
v -0.0208249 -0.0634483 0.0000000
v 0.0440226 -0.0628798 0.0000000
v -0.0349976 -0.0262420 0.0000000
v 0.0375872 -0.0277744 0.0000000
v -0.0407524 -0.0636359 0.0000000
v 0.0143403 -0.0281322 0.0000000
v -0.0109076 -0.0288449 0.0000000
v 0.0422399 -0.0457807 0.0000000
v -0.0408872 -0.0452471 0.0000000
v -0.0186308 -0.0815436 0.0000000
v 0.0208644 -0.0451940 0.0000000
v -0.0173283 -0.0459780 0.0000000
v 0.0233822 -0.0521913 0.0000000
v 0.0429791 -0.0810625 0.0000000
v 0.0239513 -0.0810828 0.0000000
v -0.0383452 -0.0818288 0.0000000
v -0.0208594 -0.0528492 0.0000000
v 0.0428292 -0.0526805 0.0000000
v -0.0366414 -0.0884596 0.0000000
v 0.0412262 -0.0876001 0.0000000
v -0.0417991 -0.0532416 0.0000000
v 0.0237316 -0.0879073 0.0000000
v -0.0181564 -0.0888573 0.0000000
v 0.0314089 0.0287702 0.3721012
v 0.0294595 0.1057069 0.3719807
v -0.0313100 0.1059461 0.3660104
v -0.0337753 0.0274657 0.3622710
v 0.0121564 0.1213296 0.3703949
v -0.0116502 0.1210764 0.3682738
v 0.0112491 0.0056739 0.3678877
v -0.0121445 0.0050986 0.3642668
v 0.0325401 0.1085111 0.2198026
v -0.0345555 0.1104680 0.2192688
v -0.0370788 0.0316200 0.2206357
v 0.0347086 0.0340031 0.2211690
v 0.0130403 0.0082926 0.2230326
v -0.0143219 0.0076830 0.2229256
v -0.0152258 0.1287457 0.2196188
v 0.0119475 0.1282882 0.2197253
v 0.0324366 0.1111868 0.2974085
v -0.0356920 0.0274752 0.2987905
v 0.0128645 0.0057697 0.2977386
v -0.0133557 0.0047903 0.2978315
v -0.0138265 0.1289470 0.2973614
v 0.0127144 0.1289864 0.2971631
v -0.0333603 0.1116832 0.2981673
v 0.0348173 0.0306977 0.2981472
v -0.0320967 0.0983706 0.1359161
v 0.0286432 0.0364976 0.1423645
v 0.0284227 0.0968321 0.1381286
v -0.0348752 0.0360137 0.1409082
v 0.0104990 0.0085609 0.1538757
v -0.0142361 0.0084574 0.1536208
v -0.0153362 0.1170677 0.1372502
v 0.0087383 0.1166783 0.1376936
v 0.0415331 0.0680548 0.3730443
v -0.0441383 0.0713248 0.3640215
v 0.0409266 0.0728033 0.2202567
v -0.0429618 0.0730387 0.2196160
v 0.0437224 0.0722099 0.2979242
v -0.0444808 0.0734086 0.2994940
v -0.0384853 0.0677667 0.1365147
v 0.0338667 0.0675711 0.1389682
v 0.0373168 0.0887085 0.3726491
v -0.0220524 0.1157127 0.3670878
v -0.0415094 0.0483998 0.3629394
v -0.0235837 0.0130775 0.3628405
v 0.0310578 0.1091086 0.3351511
v -0.0346764 0.0273339 0.3325474
v 0.0213989 0.1162023 0.3712202
v 0.0004694 0.1228641 0.3694104
v 0.0219341 0.0145794 0.3701757
v -0.0003037 0.0025856 0.3659173
v 0.0120814 0.0056857 0.3338919
v -0.0127663 0.0048819 0.3326906
v -0.0127985 0.1254798 0.3337124
v 0.0124473 0.1256724 0.3343473
v 0.0300282 0.1033325 0.1769150
v -0.0344636 0.1123880 0.2600136
v -0.0357629 0.0351292 0.1790611
v 0.0357201 0.0319297 0.2599179
v 0.0115132 0.0095301 0.1863114
v -0.0141920 0.0092075 0.1860256
v -0.0155325 0.1235253 0.1763835
v 0.0099154 0.1230286 0.1766916
v -0.0017621 0.1308620 0.2197145
v -0.0262496 0.1221162 0.2194104
v -0.0005247 0.0047048 0.2233506
v 0.0253170 0.0185389 0.2221366
v 0.0383922 0.0920104 0.2199925
v -0.0421976 0.0513230 0.2199550
v -0.0271987 0.0167825 0.2218162
v 0.0236211 0.1207784 0.2197301
v 0.0332387 0.1110923 0.2595123
v -0.0368609 0.0288087 0.2610967
v 0.0133908 0.0066612 0.2602622
v -0.0140020 0.0058050 0.2606402
v -0.0146409 0.1304186 0.2595185
v 0.0127883 0.1301724 0.2594555
v -0.0322733 0.1092809 0.3334256
v 0.0332356 0.0298013 0.3358330
v -0.0005690 0.1309542 0.2972126
v -0.0245859 0.1228031 0.2976457
v -0.0002031 0.0023574 0.2976856
v 0.0248527 0.0154278 0.2979593
v 0.0399194 0.0935225 0.2976680
v -0.0425142 0.0492057 0.2994531
v -0.0255618 0.0127815 0.2981701
v 0.0235488 0.1227875 0.2972264
v -0.0330550 0.1053155 0.1753747
v 0.0312751 0.0364601 0.1805102
v 0.0199989 0.1086780 0.1378474
v -0.0261414 0.0203390 0.1473670
v -0.0385380 0.0518925 0.1376120
v 0.0327606 0.0827233 0.1385382
v 0.0209657 0.0206570 0.1481539
v -0.0015872 0.0042389 0.1559856
v -0.0250188 0.1097953 0.1365178
v -0.0036021 0.1194867 0.1375884
v 0.0388826 0.0472590 0.3730179
v -0.0397678 0.0910684 0.3650637
v 0.0398598 0.0527783 0.2205811
v -0.0402379 0.0935596 0.2193646
v 0.0416730 0.0503807 0.2981217
v -0.0407203 0.0949323 0.2988980
v -0.0364107 0.0837730 0.1359697
v 0.0327133 0.0522350 0.1396605
v -0.0443110 0.0735606 0.2610803
v 0.0432868 0.0730106 0.2596733
v -0.0401387 0.0714110 0.1761977
v 0.0367116 0.0712345 0.1780229
v 0.0429316 0.0704952 0.3360040
v -0.0443458 0.0725914 0.3335955
v 0.0225221 0.1201000 0.3347044
v -0.0429090 0.0499406 0.2612715
v -0.0245423 0.0127994 0.3323827
v -0.0402302 0.0933833 0.3335843
v 0.0405166 0.0490100 0.3361667
v 0.0234540 0.0149903 0.3349087
v -0.0002642 0.0024345 0.3331603
v -0.0233115 0.1197355 0.3334650
v -0.0000930 0.1273835 0.3340262
v -0.0030687 0.1257264 0.1766528
v -0.0256463 0.1167226 0.1757957
v -0.0011366 0.0055642 0.1873225
v 0.0228131 0.0207539 0.1834923
v 0.0357154 0.0536865 0.1788268
v -0.0378126 0.0896148 0.1755801
v -0.0265292 0.0198063 0.1826332
v 0.0213936 0.1152952 0.1767201
v -0.0009821 0.1324853 0.2594576
v -0.0257688 0.1239675 0.2596755
v -0.0002491 0.0032033 0.2604455
v 0.0258305 0.0165075 0.2600830
v 0.0417809 0.0515495 0.2597860
v -0.0410588 0.0951631 0.2605537
v -0.0267343 0.0141045 0.2608462
v 0.0242177 0.1232146 0.2594785
v 0.0400192 0.0937078 0.2595769
v -0.0399455 0.0527948 0.1770830
v 0.0349796 0.0882252 0.1773868
v 0.0388480 0.0916782 0.3356326
v -0.0419982 0.0487945 0.3331303
v -0.0320967 0.0930216 0.1079556
v 0.0286432 0.0311486 0.1144040
v 0.0284225 0.0914831 0.1101681
v -0.0348752 0.0306647 0.1129477
v 0.0104990 0.0032120 0.1259152
v -0.0142361 0.0031085 0.1256603
v -0.0153362 0.1117188 0.1092897
v 0.0087314 0.1113137 0.1097329
v -0.0384853 0.0624177 0.1085542
v 0.0338667 0.0622221 0.1110078
v 0.0199819 0.1033196 0.1098862
v -0.0261414 0.0149901 0.1194065
v -0.0385380 0.0465435 0.1096515
v 0.0327606 0.0773744 0.1105777
v 0.0209657 0.0153080 0.1201934
v -0.0015872 -0.0011101 0.1280251
v -0.0250188 0.1044463 0.1085573
v -0.0036008 0.1141326 0.1096278
v -0.0364107 0.0784241 0.1080092
v 0.0327133 0.0468861 0.1117000
v -0.0294542 0.0882273 0.0809626
v 0.0264186 0.0210619 0.0875575
v 0.0247591 0.0869582 0.0836600
v -0.0320384 0.0202757 0.0859680
v 0.0100638 -0.0081658 0.0969485
v -0.0135907 -0.0079371 0.0971045
v -0.0139277 0.1075703 0.0840393
v 0.0079388 0.1069841 0.0846209
v -0.0371916 0.0551413 0.0800810
v 0.0319211 0.0550774 0.0830377
v 0.0171990 0.0991705 0.0841257
v -0.0238755 0.0039961 0.0918475
v -0.0363274 0.0377175 0.0820727
v 0.0297189 0.0718220 0.0832624
v 0.0194520 0.0045515 0.0923531
v -0.0016532 -0.0123700 0.0986348
v -0.0223309 0.1002576 0.0826009
v -0.0031573 0.1095447 0.0842976
v -0.0352396 0.0725528 0.0794148
v 0.0308618 0.0380290 0.0840473
v -0.0183523 0.0853936 0.0657536
v 0.0172500 0.0149717 0.0712230
v 0.0140223 0.0846769 0.0680670
v -0.0189627 0.0138777 0.0703248
v 0.0083221 -0.0119494 0.0810630
v -0.0105657 -0.0121292 0.0817054
v -0.0109992 0.1040417 0.0719875
v 0.0058141 0.1036696 0.0723199
v -0.0254642 0.0508116 0.0621717
v 0.0204487 0.0512109 0.0651774
v 0.0099629 0.0966469 0.0697651
v -0.0143486 -0.0024163 0.0762388
v -0.0236208 0.0320296 0.0649671
v 0.0176088 0.0690839 0.0664148
v 0.0132373 -0.0015064 0.0758402
v -0.0009415 -0.0143686 0.0802913
v -0.0142100 0.0973218 0.0687729
v -0.0023900 0.1043353 0.0707925
v -0.0234960 0.0693656 0.0624270
v 0.0206433 0.0327299 0.0666456
v -0.0007562 0.0496275 0.0571211
v 0.0004054 0.0304466 0.0596514
v -0.0014310 0.0682677 0.0593147
v -0.0013990 0.0841631 0.0621590
v -0.0018512 0.0964310 0.0654017
v 0.0008278 0.0123335 0.0653505
v 0.0000039 -0.0040939 0.0716604
v 0.0311273 0.1079553 0.3673598
v -0.0354605 0.0255326 0.3586495
v 0.0119452 0.0027051 0.3636167
v -0.0127555 0.0020754 0.3603005
v -0.0123064 0.1241968 0.3639001
v 0.0128263 0.1244505 0.3658394
v -0.0328822 0.1082061 0.3619318
v 0.0331996 0.0270303 0.3675879
v 0.0437522 0.0683751 0.3684420
v -0.0462254 0.0716585 0.3603298
v 0.0226193 0.1190186 0.3666178
v -0.0247871 0.0104332 0.3590590
v -0.0416792 0.0924838 0.3611833
v 0.0410056 0.0464952 0.3684457
v 0.0232304 0.0120863 0.3657714
v -0.0002624 -0.0005514 0.3617892
v -0.0232204 0.1185286 0.3628436
v 0.0004691 0.1260832 0.3649330
v 0.0393515 0.0900863 0.3680305
v -0.0435095 0.0475298 0.3593504
v 0.0296504 0.1061049 0.3676883
v -0.0338909 0.0274588 0.3588775
v 0.0113392 0.0056848 0.3640349
v -0.0122309 0.0050890 0.3607079
v -0.0117882 0.1215944 0.3642522
v 0.0121908 0.1218407 0.3661899
v -0.0314258 0.1063361 0.3622268
v 0.0316263 0.0288825 0.3679222
v 0.0417000 0.0683356 0.3687531
v -0.0441637 0.0714667 0.3605032
v 0.0215329 0.1166602 0.3669589
v -0.0237088 0.0130583 0.3593895
v -0.0398237 0.0913359 0.3614164
v 0.0390776 0.0474564 0.3687604
v 0.0221097 0.0146298 0.3661515
v -0.0003104 0.0025820 0.3622220
v -0.0222036 0.1161851 0.3631786
v 0.0004015 0.1233962 0.3652882
v 0.0374995 0.0890538 0.3683468
v -0.0415728 0.0484481 0.3595201
v -0.0066912 -0.0995042 0.0070181
v 0.0102407 -0.0992817 0.0069854
v 0.0102750 -0.0390251 0.0033834
v 0.0157137 -0.0622174 0.0058732
v 0.0020872 -0.0571537 0.0032641
v 0.0013892 -0.0757053 0.0034067
v 0.0154621 -0.0706648 0.0058497
v -0.0074004 -0.0403276 0.0033786
v -0.0115098 -0.0709017 0.0058599
v -0.0120341 -0.0626079 0.0058779
v 0.0208871 -0.0572111 0.0032455
v 0.0203373 -0.0756805 0.0032657
v -0.0162195 -0.0760046 0.0032809
v -0.0173735 -0.0577459 0.0032497
v 0.0007574 -0.0901189 0.0065946
v 0.0017621 -0.0443067 0.0061515
v 0.0020182 -0.0521075 0.0059045
v 0.0014354 -0.0807493 0.0061415
v 0.0021560 -0.0621761 0.0058714
v 0.0013432 -0.0706832 0.0059688
v 0.0123759 -0.1066737 0.0054123
v -0.0085003 -0.1068880 0.0054634
v -0.0132505 -0.0950633 0.0037265
v 0.0008134 -0.0951636 0.0041579
v 0.0165114 -0.0947012 0.0037144
v 0.0009182 -0.1078700 0.0077052
v 0.0008617 -0.0995580 0.0072502
v -0.0087837 -0.0950951 0.0038635
v -0.0046084 -0.0399914 0.0034557
v -0.0106269 -0.0759095 0.0033209
v -0.0111927 -0.0575578 0.0032542
v -0.0058491 -0.0900730 0.0063510
v -0.0023611 -0.0448029 0.0060037
v -0.0066024 -0.0808846 0.0061258
v -0.0051692 -0.0523268 0.0059495
v -0.0074276 -0.0708323 0.0058944
v -0.0075272 -0.0624707 0.0058758
v -0.0029488 -0.1056310 0.0075558
v -0.0042923 -0.0995213 0.0070918
v 0.0108015 -0.0948694 0.0038757
v 0.0070434 -0.0391138 0.0034700
v 0.0140489 -0.0571902 0.0032523
v 0.0134451 -0.0756895 0.0033170
v 0.0081360 -0.0899023 0.0063584
v 0.0053641 -0.0442074 0.0060165
v 0.0084233 -0.0521275 0.0059446
v 0.0095411 -0.0807377 0.0061148
v 0.0107823 -0.0622024 0.0058725
v 0.0103266 -0.0706715 0.0058930
v 0.0057175 -0.1056707 0.0075332
v 0.0068292 -0.0993822 0.0070817
v -0.0331096 0.1088666 0.3558628
v 0.0335814 0.0271405 0.3609023
v 0.0228583 0.1197974 0.3598979
v -0.0249976 0.0102790 0.3533300
v -0.0418345 0.0929368 0.3552989
v 0.0413676 0.0467670 0.3616640
v 0.0235410 0.0120587 0.3592460
v -0.0002533 -0.0007028 0.3556747
v -0.0234824 0.1193286 0.3566017
v 0.0003722 0.1269840 0.3583995
v 0.0396925 0.0906503 0.3612247
v -0.0436721 0.0475627 0.3537391
v 0.0314652 0.1086272 0.3605869
v -0.0356805 0.0254318 0.3530475
v 0.0121153 0.0025891 0.3572983
v -0.0128850 0.0019170 0.3543827
v -0.0125293 0.1250738 0.3575023
v 0.0129015 0.1253173 0.3591968
v 0.0440778 0.0688072 0.3616304
v -0.0463441 0.0718898 0.3546214
v -0.0328997 0.1086540 0.3555512
v 0.0333839 0.0274598 0.3604499
v 0.0227189 0.1195211 0.3594474
v -0.0248468 0.0106830 0.3530942
v -0.0415461 0.0928112 0.3550223
v 0.0411074 0.0469634 0.3611899
v 0.0234082 0.0124702 0.3588328
v -0.0002548 -0.0002146 0.3553571
v -0.0233517 0.1190593 0.3562558
v 0.0003484 0.1266731 0.3579914
v 0.0394415 0.0905606 0.3607499
v -0.0433709 0.0477134 0.3535197
v 0.0312765 0.1084183 0.3601224
v -0.0354497 0.0257291 0.3528349
v 0.0120463 0.0030580 0.3569344
v -0.0128131 0.0023840 0.3541075
v -0.0124756 0.1247735 0.3571237
v 0.0128108 0.1250134 0.3587646
v 0.0437908 0.0688622 0.3611515
v -0.0460153 0.0718879 0.3543791
v 0.0364513 0.0929188 0.0580505
v -0.0370054 0.0929751 0.0578717
v -0.0350186 -0.1059659 0.0335304
v -0.0411488 0.0358754 0.0495188
v 0.0426419 0.0390270 0.0514544
v 0.0147444 0.1142932 0.0557858
v -0.0138311 0.1142955 0.0557487
v 0.0414988 -0.0084256 0.0384538
v -0.0367854 -0.0112364 0.0376331
v -0.0442821 0.0614102 0.0548856
v 0.0438618 0.0622307 0.0554776
v 0.0447780 -0.0399861 0.0328824
v -0.0421238 -0.0415028 0.0324652
v 0.0376942 -0.1026981 0.0328902
v -0.0410447 -0.0755944 0.0318612
v 0.0442419 -0.0721051 0.0317276
v 0.0411049 0.0169090 0.0454639
v -0.0382817 0.0150670 0.0442060
v -0.0393292 -0.0257733 0.0345639
v 0.0449543 -0.0561125 0.0319163
v 0.0436521 0.0498038 0.0536032
v -0.0426022 0.0773045 0.0570071
v -0.0368843 0.0026211 0.0410089
v 0.0431537 -0.0237258 0.0352120
v 0.0005872 0.1171917 0.0552282
v 0.0271112 0.1057959 0.0571748
v 0.0005097 -0.1292153 0.0520379
v -0.0284552 -0.1178008 0.0421749
v 0.0417885 0.0281866 0.0487010
v -0.0431973 0.0475676 0.0522431
v 0.0294856 -0.1160921 0.0414876
v -0.0388784 -0.0916714 0.0319405
v -0.0269564 0.1058431 0.0570643
v 0.0418503 0.0774050 0.0572551
v -0.0425358 -0.0585093 0.0318090
v 0.0424768 -0.0878074 0.0315534
v 0.0407698 0.0049728 0.0419743
v -0.0396003 0.0256287 0.0469429
v 0.0055450 0.1076163 0.0028510
v 0.0081703 0.1058378 0.0000000
v 0.0063148 0.1071014 0.0008350
v -0.0347094 0.0639812 0.0028443
v -0.0329848 0.0679331 0.0000000
v -0.0341259 0.0651271 0.0008331
v -0.0050224 0.1057022 0.0000000
v -0.0026599 0.1075337 0.0028510
v -0.0033006 0.1069902 0.0008350
v -0.0341399 0.0510623 0.0000000
v -0.0351864 0.0538759 0.0028497
v -0.0349563 0.0530531 0.0008346
v 0.0359581 0.0681056 0.0000000
v 0.0371867 0.0641368 0.0028509
v 0.0368015 0.0653102 0.0008350
v -0.0310114 0.0933446 0.0028503
v -0.0291378 0.0923262 0.0000000
v -0.0304100 0.0930394 0.0008348
v 0.0330831 0.0925857 0.0000000
v 0.0346081 0.0935124 0.0028465
v 0.0342290 0.0932702 0.0008337
v 0.0378117 0.0539904 0.0028500
v 0.0365427 0.0511839 0.0000000
v 0.0374129 0.0531839 0.0008347
v 0.0384974 0.0427792 0.0000000
v 0.0409012 0.0432780 0.0028498
v 0.0401515 0.0431457 0.0008347
v 0.0181367 0.0445621 0.0000000
v 0.0152172 0.0453921 0.0028504
v 0.0160344 0.0451579 0.0008348
v -0.0354467 0.0336347 0.0028512
v -0.0336238 0.0346046 0.0000000
v -0.0349545 0.0339146 0.0008351
v -0.0249717 0.0565204 0.0028500
v -0.0254832 0.0533306 0.0000000
v -0.0251881 0.0555890 0.0008348
v 0.0331988 0.0261665 0.0000000
v 0.0335497 0.0230395 0.0028514
v 0.0334713 0.0239577 0.0008352
v -0.0285308 0.0224869 0.0028493
v -0.0286023 0.0255722 0.0000000
v -0.0286146 0.0233865 0.0008346
v -0.0214915 0.0252887 0.0000000
v -0.0197703 0.0221823 0.0028490
v -0.0203404 0.0230877 0.0008345
v 0.0249201 0.0226906 0.0028513
v 0.0262124 0.0258849 0.0000000
v 0.0253172 0.0236276 0.0008351
v -0.0113159 0.1140422 0.0028499
v -0.0113013 0.1105274 0.0000000
v -0.0112402 0.1130021 0.0008347
v 0.0144138 0.1107069 0.0000000
v 0.0140310 0.1141663 0.0028510
v 0.0141568 0.1131601 0.0008350
v -0.0362978 0.0682636 0.0000000
v -0.0389703 0.0643123 0.0028446
v -0.0380992 0.0654568 0.0008332
v 0.0413173 0.0644423 0.0028508
v 0.0390534 0.0684121 0.0000000
v 0.0406202 0.0656173 0.0008350
v -0.0047941 0.0953340 0.0000000
v -0.0022879 0.0935374 0.0028501
v -0.0029583 0.0940566 0.0008348
v 0.0204971 0.0739030 0.0000000
v 0.0185276 0.0711579 0.0028510
v 0.0190909 0.0719670 0.0008350
v -0.0155578 0.0709704 0.0028420
v -0.0171022 0.0736778 0.0000000
v -0.0158952 0.0717480 0.0008324
v 0.0055335 0.0936315 0.0028510
v 0.0082066 0.0954605 0.0000000
v 0.0063094 0.0941767 0.0008350
v -0.0216908 0.1025020 0.0000000
v -0.0224852 0.1052567 0.0028509
v -0.0222023 0.1044430 0.0008350
v 0.0255337 0.1027334 0.0000000
v 0.0259996 0.1053966 0.0028488
v 0.0259131 0.1046401 0.0008344
v -0.0340492 0.0794994 0.0000000
v -0.0362891 0.0788497 0.0028509
v -0.0355900 0.0790327 0.0008350
v 0.0372194 0.0797834 0.0000000
v 0.0390986 0.0790137 0.0028488
v 0.0385989 0.0792626 0.0008344
v 0.0184648 0.0341266 0.0028513
v 0.0208556 0.0352641 0.0000000
v 0.0191440 0.0344664 0.0008351
v -0.0109969 0.0452248 0.0028517
v -0.0141029 0.0442730 0.0000000
v -0.0119218 0.0449441 0.0008352
v -0.0165570 0.0348304 0.0000000
v -0.0138842 0.0338167 0.0028514
v -0.0146961 0.0341096 0.0008352
v -0.0153066 0.0560809 0.0028503
v -0.0175814 0.0529765 0.0000000
v -0.0160133 0.0551729 0.0008348
v 0.0206910 0.0531375 0.0000000
v 0.0184396 0.0562100 0.0028503
v 0.0190621 0.0553212 0.0008348
v -0.0356053 0.0426844 0.0000000
v -0.0377955 0.0431032 0.0028519
v -0.0371905 0.0429772 0.0008353
v 0.0393983 0.0503042 0.0000000
v 0.0419423 0.0528308 0.0028498
v 0.0411498 0.0521062 0.0008347
v 0.0370892 0.0348680 0.0000000
v 0.0392293 0.0339620 0.0028512
v 0.0385782 0.0342378 0.0008351
v -0.0371839 0.0502320 0.0000000
v -0.0396806 0.0527283 0.0028494
v -0.0390146 0.0519959 0.0008346
v 0.0283159 0.0534773 0.0000000
v 0.0280131 0.0566571 0.0028501
v 0.0280799 0.0557417 0.0008348
v -0.0324537 0.0226141 0.0028495
v -0.0313149 0.0257152 0.0000000
v -0.0321784 0.0235183 0.0008346
v 0.0358336 0.0262431 0.0000000
v 0.0375384 0.0231186 0.0028516
v 0.0370502 0.0240383 0.0008352
v 0.0354520 -0.1064339 0.0194913
v 0.0351323 -0.1057096 0.0206972
v -0.0316363 -0.1076400 0.0194839
v -0.0312496 -0.1071166 0.0203579
v 0.0411970 -0.0922670 0.0186626
v -0.0263616 -0.1200801 0.0290992
v -0.0261308 -0.1192496 0.0311665
v 0.0273844 -0.1192053 0.0319711
v 0.0270700 -0.1180996 0.0336437
v 0.0003578 -0.1325744 0.0418744
v 0.0003600 -0.1315224 0.0436639
v -0.0362921 -0.0937726 0.0187496
v 0.0358773 -0.1078193 0.0140721
v 0.0358929 -0.1075685 0.0158257
v -0.0317555 -0.1088920 0.0140326
v -0.0318645 -0.1086762 0.0158310
v 0.0422573 -0.0938911 0.0134663
v -0.0257478 -0.1206794 0.0199378
v -0.0260705 -0.1203731 0.0216979
v 0.0278254 -0.1197374 0.0226980
v 0.0277898 -0.1193926 0.0244599
v 0.0005684 -0.1340918 0.0263944
v 0.0005030 -0.1338319 0.0281228
v -0.0372544 -0.0950827 0.0134225
v 0.0378178 -0.1015615 0.0409319
v 0.0373122 -0.1009194 0.0449679
v -0.0354875 -0.1036278 0.0456301
v -0.0357671 -0.1045077 0.0416761
v 0.0303156 -0.1123853 0.0507664
v 0.0300815 -0.1145654 0.0475067
v -0.0290524 -0.1138271 0.0512559
v -0.0289029 -0.1160883 0.0480358
v 0.0006212 -0.1249859 0.0592711
v 0.0005837 -0.1275350 0.0560315
v 0.0371021 -0.0992686 0.0467248
v 0.0372966 -0.0968934 0.0476444
v -0.0354447 -0.0994701 0.0481708
v -0.0352898 -0.1019421 0.0472926
v 0.0305425 -0.1059604 0.0535032
v 0.0303612 -0.1103766 0.0522949
v -0.0291085 -0.1074158 0.0539113
v -0.0290521 -0.1117983 0.0527670
v 0.0006271 -0.1182603 0.0625331
v 0.0006239 -0.1226134 0.0610782
v 0.0346555 0.0939232 0.0298222
v 0.0348935 0.0940186 0.0325997
v -0.0345842 0.0941901 0.0311881
v -0.0129387 0.1150646 0.0338157
v -0.0130410 0.1150588 0.0366343
v 0.0138889 0.1148577 0.0366942
v 0.0138347 0.1148591 0.0338658
v 0.0257372 0.1063737 0.0318509
v 0.0258260 0.1065819 0.0346519
v -0.0250352 0.1068423 0.0318898
v -0.0252991 0.1070440 0.0346483
v 0.0005797 0.1176832 0.0345134
v 0.0005905 0.1178432 0.0372911
v 0.0401495 0.0785818 0.0299525
v -0.0175725 0.0844105 0.0000000
v -0.0133381 0.0926313 0.0000000
v 0.0141157 0.0218583 0.0140391
v -0.0162377 0.0892662 0.0000000
v 0.0171481 0.0928800 0.0000000
v 0.0213247 0.0848091 0.0000000
v 0.0245096 0.0224759 0.0142441
v 0.0141708 0.0073112 0.0116893
v 0.0142297 -0.0082258 0.0081828
v 0.0200685 0.0895774 0.0000000
v -0.0108942 0.0893108 0.0028507
v -0.0152560 0.0814430 0.0028477
v -0.0152560 0.0814430 0.0074209
v -0.0139091 0.0861531 0.0028499
v -0.0125213 0.0915779 0.0000000
v -0.0168710 0.0835607 0.0000000
v -0.0155391 0.0883821 0.0000000
v -0.0113107 0.0899664 0.0008349
v -0.0156490 0.0820604 0.0008341
v -0.0143205 0.0867991 0.0008347
v 0.0184227 0.0817548 0.0028506
v 0.0140957 0.0894988 0.0028506
v -0.0108942 0.0893108 0.0074209
v 0.0171320 0.0863768 0.0028506
v 0.0204372 0.0838583 0.0000000
v 0.0161053 0.0917110 0.0000000
v 0.0191540 0.0885661 0.0000000
v 0.0190254 0.0823856 0.0008349
v 0.0147087 0.0901542 0.0008349
v 0.0177462 0.0870297 0.0008349
v -0.0187801 0.0215685 0.0141664
v -0.0066118 0.0069125 0.0116786
v -0.0059077 -0.0083197 0.0081724
v -0.0079116 0.0211801 0.0139850
v -0.0027079 0.0887734 0.0097928
v -0.0099654 0.0810775 0.0097928
v 0.0137492 -0.0082620 0.0072472
v 0.0089024 0.0454867 0.0097928
v 0.0123266 0.0340860 0.0097928
v -0.0041136 0.0454774 0.0097928
v -0.0070628 0.0339612 0.0097928
v 0.0055464 0.0887580 0.0097928
v 0.0131959 0.0811321 0.0097928
v -0.0106573 0.0715294 0.0097928
v -0.0086902 0.0579852 0.0097928
v 0.0122302 0.0580079 0.0097928
v 0.0140110 0.0715914 0.0097928
v 0.0013979 0.0899332 0.0097928
v -0.0053114 -0.0083710 0.0072472
v -0.0057254 0.0068294 0.0089498
v -0.0062205 0.0220276 0.0097993
v 0.0133658 0.0072255 0.0089498
v 0.0127814 0.0223068 0.0097980
v -0.0047794 0.0688944 0.0097928
v 0.0010514 0.0663954 0.0097928
v 0.0069681 0.0690874 0.0097928
v 0.0013528 0.0841391 0.0097928
v -0.0042256 0.0814293 0.0097928
v 0.0068772 0.0815994 0.0097928
v -0.0068446 0.0751114 0.0097928
v 0.0092802 0.0753674 0.0097928
v 0.0153640 0.0453578 0.0074209
v 0.0185463 0.0341010 0.0074209
v -0.0109381 0.0452324 0.0074209
v -0.0137719 0.0338323 0.0074209
v 0.0248483 0.0226853 0.0074209
v 0.0127482 0.0222481 0.0074209
v -0.0153066 0.0560809 0.0074209
v 0.0184396 0.0562100 0.0074209
v -0.0195149 0.0221995 0.0074209
v 0.0094735 0.0455206 0.0074209
v 0.0127300 0.0342125 0.0074209
v -0.0048373 0.0454313 0.0074209
v -0.0076744 0.0339998 0.0074209
v -0.0070168 0.0218879 0.0074209
v -0.0093358 0.0578275 0.0074209
v 0.0128039 0.0579069 0.0074209
v 0.0184227 0.0817548 0.0074209
v 0.0140957 0.0894988 0.0074209
v 0.0056031 0.0892754 0.0074209
v 0.0134766 0.0811712 0.0074209
v 0.0142329 0.0715691 0.0074209
v -0.0099986 0.0810637 0.0074209
v 0.0134440 0.0815859 0.0074209
v -0.0153397 0.0567877 0.0074209
v -0.0097446 0.0816617 0.0074209
v -0.0107538 0.0714827 0.0074209
v 0.0014949 0.0904566 0.0074209
v 0.0131765 0.0818482 0.0074209
v -0.0099704 0.0814222 0.0074209
v -0.0246537 0.0570349 0.0074209
v -0.0025492 0.0892949 0.0074209
v 0.0275472 0.0573724 0.0074209
v 0.0184460 0.0568926 0.0074209
v 0.0014204 -0.0791180 0.0040516
v 0.0014101 -0.0779859 0.0034746
v 0.0009238 -0.1089913 0.0059944
v 0.0009768 -0.1099040 0.0056627
v 0.0020405 -0.0537379 0.0038470
v 0.0020560 -0.0548721 0.0032893
v 0.0008489 -0.0983949 0.0051627
v 0.0008368 -0.0972954 0.0044420
v 0.0007881 -0.0928827 0.0040911
v 0.0007755 -0.0917480 0.0046040
v 0.0016420 -0.0426787 0.0041295
v 0.0015585 -0.0415467 0.0035969
v 0.0021181 -0.0594113 0.0032743
v 0.0021337 -0.0605452 0.0038242
v 0.0013685 -0.0734478 0.0033966
v 0.0013582 -0.0723132 0.0039372
v -0.0112943 -0.0927972 0.0036934
v -0.0103195 -0.0916680 0.0042256
v 0.0136954 -0.0913667 0.0042113
v 0.0146317 -0.0924754 0.0036801
v 0.0083434 -0.0424970 0.0039121
v 0.0089856 -0.0413426 0.0033704
v 0.0149354 -0.0537815 0.0038789
v 0.0169071 -0.0549176 0.0033075
v 0.0161705 -0.0790955 0.0039749
v 0.0175509 -0.0779641 0.0033785
v -0.0052870 -0.0435152 0.0039073
v -0.0059896 -0.0424555 0.0033659
v -0.0122464 -0.0793468 0.0039923
v -0.0135626 -0.0782396 0.0033951
v -0.0113838 -0.0541510 0.0038819
v -0.0133677 -0.0553417 0.0033112
v 0.0185616 -0.0594615 0.0032650
v 0.0173943 -0.0605911 0.0038185
v 0.0181458 -0.0734258 0.0032654
v 0.0170438 -0.0722921 0.0038117
v -0.0141024 -0.0737107 0.0032784
v -0.0130377 -0.0725572 0.0038237
v -0.0149734 -0.0599315 0.0032692
v -0.0137686 -0.0610284 0.0038230
v 0.0092252 -0.1055113 0.0056582
v 0.0102352 -0.1060744 0.0051787
v -0.0054746 -0.1056985 0.0057073
v -0.0064235 -0.1062644 0.0052283
v -0.0084274 -0.0983287 0.0048773
v -0.0100557 -0.0972264 0.0041085
v 0.0135104 -0.0968934 0.0040802
v 0.0118977 -0.0980714 0.0048541
v -0.0067957 -0.0916930 0.0043463
v -0.0074569 -0.0928244 0.0038197
v -0.0035923 -0.0421668 0.0034392
v -0.0030865 -0.0432497 0.0039780
v -0.0088072 -0.0781590 0.0034204
v -0.0079055 -0.0792738 0.0040107
v -0.0084691 -0.0551926 0.0033043
v -0.0071188 -0.0540199 0.0038707
v -0.0084656 -0.0724796 0.0038598
v -0.0091887 -0.0736272 0.0033160
v -0.0087178 -0.0608749 0.0038233
v -0.0095450 -0.0597663 0.0032708
v -0.0039240 -0.1074709 0.0054548
v -0.0034386 -0.1067446 0.0057985
v -0.0065982 -0.0972489 0.0042144
v -0.0054814 -0.0983496 0.0049676
v 0.0095963 -0.0926236 0.0038296
v 0.0089961 -0.0915051 0.0043545
v 0.0062841 -0.0414168 0.0034528
v 0.0059062 -0.0425633 0.0039914
v 0.0115053 -0.0549011 0.0033009
v 0.0102438 -0.0537658 0.0038671
v 0.0116799 -0.0779720 0.0034134
v 0.0108049 -0.0791034 0.0040024
v 0.0118433 -0.0605744 0.0038206
v 0.0125805 -0.0594433 0.0032684
v 0.0113385 -0.0722997 0.0038574
v 0.0120433 -0.0734338 0.0033131
v 0.0067495 -0.1074947 0.0054539
v 0.0062016 -0.1067772 0.0057810
v 0.0078799 -0.0981885 0.0049654
v 0.0088848 -0.0970469 0.0042132
v -0.0329720 0.1089051 0.3531927
v 0.0335211 0.0275382 0.3578235
v 0.0228032 0.1198144 0.3568070
v -0.0249181 0.0106612 0.3508832
v -0.0415808 0.0929857 0.3527432
v 0.0412301 0.0470959 0.3585217
v 0.0235227 0.0125012 0.3562762
v -0.0002511 -0.0002267 0.3529792
v -0.0234462 0.1193621 0.3538226
v 0.0003062 0.1270131 0.3554320
v 0.0395565 0.0907844 0.3580717
v -0.0434073 0.0477430 0.3513588
v 0.0313965 0.1086744 0.3574587
v -0.0355168 0.0257184 0.3506786
v 0.0121094 0.0030585 0.3544680
v -0.0128591 0.0023668 0.3518149
v -0.0125617 0.1251049 0.3546231
v 0.0128327 0.1253402 0.3561578
v 0.0438958 0.0690463 0.3584705
v -0.0460308 0.0719837 0.3521760
v -0.0108185 -0.1277803 0.0452920
v -0.0201631 -0.1239218 0.0411333
v 0.0208002 -0.1229811 0.0408020
v 0.0116280 -0.1274282 0.0445600
v -0.0111471 -0.0954551 0.0632228
v -0.0212158 -0.0913988 0.0601363
v 0.0225997 -0.0907407 0.0601611
v 0.0125507 -0.0951939 0.0630798
v 0.0187751 -0.1236824 0.0080586
v -0.0112280 -0.1094140 0.0620972
v -0.0211729 -0.1056064 0.0586789
v 0.0224387 -0.1049210 0.0585670
v 0.0125482 -0.1091708 0.0618483
v 0.0209802 -0.1250427 0.0284010
v 0.0118035 -0.1297038 0.0304094
v -0.0111053 -0.1298972 0.0305293
v -0.0201236 -0.1255124 0.0276490
v 0.0113271 -0.1309564 0.0233162
v 0.0207211 -0.1260037 0.0212797
v -0.0189069 -0.1266280 0.0202130
v -0.0097940 -0.1313384 0.0228835
v 0.0113763 -0.1310755 0.0130977
v 0.0207854 -0.1261179 0.0109593
v -0.0184643 -0.1267842 0.0109256
v -0.0093337 -0.1315331 0.0131062
v -0.0206957 -0.1232552 0.0467615
v -0.0111873 -0.1271399 0.0501318
v 0.0122234 -0.1268371 0.0498813
v 0.0215464 -0.1225045 0.0463900
v 0.0209071 -0.1253689 0.0361260
v 0.0117904 -0.1301396 0.0396335
v 0.0115746 -0.1291241 0.0414348
v 0.0206440 -0.1243228 0.0378720
v -0.0199273 -0.1248839 0.0374669
v -0.0109111 -0.1292907 0.0420227
v -0.0111419 -0.1302785 0.0401674
v -0.0201306 -0.1258352 0.0355624
v 0.0207618 -0.1264847 0.0247735
v 0.0115132 -0.1315061 0.0260833
v 0.0116280 -0.1312175 0.0277997
v 0.0208431 -0.1261614 0.0264983
v -0.0197092 -0.1267385 0.0252474
v -0.0106739 -0.1315270 0.0275678
v -0.0103777 -0.1318252 0.0258487
v -0.0194175 -0.1270222 0.0235044
v -0.0210585 -0.1191368 0.0551274
v -0.0112945 -0.1229647 0.0579324
v -0.0112663 -0.1254365 0.0547076
v -0.0209387 -0.1215339 0.0519552
v 0.0219204 -0.1208279 0.0517361
v 0.0123860 -0.1251388 0.0545897
v 0.0124737 -0.1226914 0.0577893
v 0.0221187 -0.1184627 0.0549276
v -0.0211585 -0.1124731 0.0578520
v -0.0112642 -0.1162344 0.0610300
v -0.0112863 -0.1206077 0.0596791
v -0.0211148 -0.1168688 0.0566981
v 0.0222199 -0.1161942 0.0565088
v 0.0125002 -0.1203427 0.0595083
v 0.0125231 -0.1159764 0.0608202
v 0.0223325 -0.1117898 0.0576883
v -0.0171307 -0.1237709 0.0076135
v -0.0072187 -0.0258340 0.0025227
v -0.0305934 -0.0225027 0.0050913
v -0.0356073 -0.0223000 0.0059651
v 0.0115121 -0.0250406 0.0026195
v 0.0343035 -0.0235441 0.0056241
v 0.0390683 -0.0237614 0.0067414
v 0.0417902 -0.0369645 0.0000000
v 0.0380890 -0.0368163 0.0000000
v -0.0380633 -0.0362667 0.0000000
v -0.0416465 -0.0353455 0.0000000
v -0.0382752 -0.0728077 0.0000000
v -0.0186141 -0.0725581 0.0000000
v 0.0135400 -0.0350913 0.0000000
v -0.0105560 -0.0365316 0.0000000
v 0.0225350 -0.0720034 0.0000000
v 0.0232895 -0.0610437 0.0000000
v 0.0450530 -0.0724443 0.0000000
v 0.0421429 -0.0717042 0.0000000
v -0.0415890 -0.0733422 0.0000000
v -0.0190944 -0.0616252 0.0000000
v 0.0426129 -0.0608136 0.0000000
v 0.0459617 -0.0613666 0.0000000
v -0.0360718 -0.0243616 0.0000000
v -0.0314506 -0.0246537 0.0000000
v 0.0346688 -0.0258783 0.0000000
v 0.0390043 -0.0260066 0.0000000
v -0.0395469 -0.0617919 0.0000000
v -0.0427478 -0.0618832 0.0000000
v 0.0122512 -0.0263686 0.0000000
v -0.0087599 -0.0272718 0.0000000
v 0.0439082 -0.0440572 0.0000000
v 0.0400634 -0.0438546 0.0000000
v -0.0389981 -0.0436955 0.0000000
v -0.0424729 -0.0431869 0.0000000
v -0.0374270 -0.0797226 0.0000000
v -0.0169354 -0.0797358 0.0000000
v 0.0182680 -0.0433210 0.0000000
v -0.0143975 -0.0442326 0.0000000
v 0.0221024 -0.0539771 0.0000000
v 0.0451598 -0.0799141 0.0000000
v 0.0418888 -0.0787592 0.0000000
v 0.0221981 -0.0793234 0.0000000
v -0.0405465 -0.0805301 0.0000000
v -0.0197459 -0.0546399 0.0000000
v 0.0448355 -0.0549144 0.0000000
v 0.0418821 -0.0543389 0.0000000
v -0.0346841 -0.0899869 0.0000000
v -0.0379852 -0.0904983 0.0000000
v 0.0425113 -0.0897919 0.0000000
v 0.0393175 -0.0889825 0.0000000
v -0.0401807 -0.0549792 0.0000000
v -0.0438368 -0.0551445 0.0000000
v 0.0218606 -0.0898066 0.0000000
v -0.0162211 -0.0907475 0.0000000
v 0.0014619 -0.1171744 0.0060665
v 0.0105312 -0.1118785 0.0036203
v 0.0154431 -0.1070131 0.0017336
v -0.0240938 -0.0961717 0.0002117
v -0.0115899 -0.1072757 0.0017421
v 0.0290299 -0.0960020 0.0002584
v -0.0072385 -0.1119670 0.0035563
v 0.0190090 -0.0984143 0.0002333
v -0.0148317 -0.0985677 0.0001684
v 0.0211163 -0.0756833 0.0020993
v -0.0066990 -0.1106151 0.0073602
v -0.0096268 -0.1071401 0.0054832
v 0.0133680 -0.1068846 0.0054528
v 0.0097663 -0.1103252 0.0073524
v -0.0168058 -0.0760826 0.0021146
v -0.0182992 -0.0577995 0.0020872
v -0.0086485 -0.0404329 0.0022206
v 0.0014588 -0.1152787 0.0091626
v 0.0174932 -0.0947630 0.0025430
v -0.0137359 -0.0951119 0.0025539
v 0.0424419 -0.0402333 0.0195557
v 0.0424229 -0.0401646 0.0208453
v 0.0349501 -0.1052434 0.0213495
v 0.0354386 -0.1040293 0.0224195
v 0.0142126 0.1118606 0.0453519
v 0.0138597 0.1120469 0.0444788
v 0.0336257 0.0929782 0.0404831
v 0.0332694 0.0933531 0.0419571
v -0.0386515 0.0633546 0.0395373
v -0.0389649 0.0635245 0.0383325
v -0.0334820 0.0935052 0.0405558
v -0.0331311 0.0938552 0.0420178
v -0.0309744 -0.1072072 0.0213417
v -0.0315989 -0.1066924 0.0226680
v 0.0413685 0.0636351 0.0394639
v 0.0416281 0.0635538 0.0381192
v 0.0413342 0.0421726 0.0355084
v 0.0410907 0.0417999 0.0368489
v -0.0277970 -0.0061231 0.0250476
v -0.0281388 -0.0069366 0.0262045
v -0.0338116 0.0410268 0.0359032
v -0.0332961 0.0399116 0.0369916
v -0.0129178 0.1121796 0.0444998
v -0.0132693 0.1120011 0.0453767
v 0.0364809 -0.0062403 0.0250032
v 0.0369153 -0.0065917 0.0263347
v -0.0401169 -0.0392796 0.0207083
v -0.0402396 -0.0388561 0.0194296
v -0.0393832 -0.0773750 0.0201584
v -0.0395501 -0.0779925 0.0188496
v 0.0434240 -0.0745686 0.0200980
v 0.0435073 -0.0759578 0.0188890
v 0.0379908 0.0209695 0.0327266
v 0.0378811 0.0220001 0.0314928
v -0.0292809 0.0201761 0.0328281
v -0.0294568 0.0212655 0.0318578
v 0.0408230 -0.0901306 0.0207420
v 0.0405633 -0.0913278 0.0195067
v 0.0252536 0.1046684 0.0437764
v 0.0252287 0.1046743 0.0424983
v -0.0378081 0.0789537 0.0406438
v -0.0381765 0.0786759 0.0392881
v -0.0262392 -0.1181102 0.0332250
v -0.0259699 -0.1186128 0.0317274
v 0.0421757 0.0516901 0.0382758
v 0.0424325 0.0518319 0.0369323
v -0.0311245 0.0304944 0.0352192
v -0.0315250 0.0316955 0.0341972
v -0.0248539 0.1050419 0.0438257
v -0.0248247 0.1050584 0.0425440
v 0.0006224 0.1144010 0.0459348
v 0.0006241 0.1144911 0.0452155
v 0.0269328 -0.1174526 0.0338591
v 0.0273228 -0.1165431 0.0349553
v 0.0003792 -0.1293968 0.0458910
v 0.0003696 -0.1299556 0.0444062
v -0.0364408 0.0504180 0.0383875
v -0.0368676 0.0511446 0.0372479
v 0.0366253 0.0081680 0.0297066
v 0.0362594 0.0089590 0.0284428
v -0.0339360 -0.0219563 0.0229575
v -0.0337241 -0.0212416 0.0217322
v 0.0383287 0.0786417 0.0405695
v 0.0386686 0.0783017 0.0391568
v 0.0394319 -0.0228355 0.0231397
v 0.0392115 -0.0226338 0.0218231
v -0.0414149 -0.0587976 0.0199795
v -0.0416758 -0.0589911 0.0186790
v -0.0359058 -0.0933081 0.0208543
v -0.0358081 -0.0936038 0.0194444
v 0.0438027 -0.0576152 0.0200009
v 0.0439698 -0.0583733 0.0187498
v 0.0396245 0.0319261 0.0350689
v 0.0397420 0.0326889 0.0337812
v -0.0271739 0.0073379 0.0296871
v -0.0270642 0.0082759 0.0286717
v -0.0106012 -0.1273888 0.0443195
v -0.0105815 -0.1278655 0.0428271
v -0.0197151 -0.1237459 0.0381418
v -0.0197998 -0.1232996 0.0396586
v 0.0204871 -0.1225961 0.0397590
v 0.0204046 -0.1232080 0.0383636
v 0.0112884 -0.1276996 0.0421460
v 0.0113668 -0.1271021 0.0435913
f 1141 1108 205
f 1141 205 239
f 214 239 84
f 214 84 45
f 239 205 1
f 239 1 84
f 1140 1109 206
f 1140 206 240
f 210 240 86
f 210 86 10
f 240 206 2
f 240 2 86
f 1118 1141 239
f 1118 239 214
f 227 241 88
f 227 88 74
f 1114 1140 240
f 1114 240 210
f 1122 1139 241
f 1122 241 227
f 226 242 221
f 226 221 75
f 34 120 243
f 34 243 161
f 161 243 99
f 161 99 29
f 987 111 6
f 987 6 977
f 982 13 111
f 982 111 987
f 1137 1111 207
f 1137 207 244
f 213 244 93
f 213 93 46
f 244 207 4
f 244 4 93
f 1136 1112 208
f 1136 208 245
f 238 245 91
f 238 91 77
f 245 208 3
f 245 3 91
f 1117 1137 244
f 1117 244 213
f 23 147 246
f 23 246 143
f 143 246 190
f 143 190 50
f 246 159 52
f 246 52 190
f 147 30 159
f 147 159 246
f 32 116 247
f 32 247 160
f 160 247 101
f 160 101 30
f 988 98 8
f 988 8 978
f 980 16 98
f 980 98 988
f 52 195 248
f 52 248 185
f 185 248 152
f 185 152 35
f 989 181 7
f 989 7 983
f 986 48 181
f 986 181 989
f 51 194 249
f 51 249 184
f 184 249 153
f 184 153 36
f 990 180 5
f 990 5 984
f 985 47 180
f 985 180 990
f 36 153 250
f 36 250 157
f 157 250 115
f 157 115 31
f 991 113 15
f 991 15 979
f 984 5 113
f 984 113 991
f 31 115 251
f 31 251 156
f 156 251 116
f 156 116 32
f 992 114 16
f 992 16 980
f 979 15 114
f 979 114 992
f 4 165 252
f 4 252 93
f 93 252 189
f 93 189 46
f 252 172 53
f 252 53 189
f 165 40 172
f 165 172 252
f 1 164 253
f 1 253 84
f 84 253 188
f 84 188 45
f 253 173 54
f 253 54 188
f 164 39 173
f 164 173 253
f 35 152 254
f 35 254 155
f 155 254 119
f 155 119 33
f 993 96 14
f 993 14 981
f 983 7 96
f 983 96 993
f 33 119 255
f 33 255 154
f 154 255 120
f 154 120 34
f 994 112 13
f 994 13 982
f 981 14 112
f 981 112 994
f 74 88 256
f 74 256 225
f 1301 1300 1291
f 1301 1291 301
f 1121 1143 301
f 1121 301 1290
f 1124 1136 245
f 1124 245 238
f 1133 1113 209
f 1133 209 258
f 205 258 105
f 205 105 1
f 258 209 9
f 258 9 105
f 1132 1114 210
f 1132 210 259
f 209 259 106
f 209 106 9
f 259 210 10
f 259 10 106
f 1108 1133 258
f 1108 258 205
f 81 125 260
f 81 260 237
f 237 260 126
f 237 126 82
f 260 127 20
f 260 20 126
f 125 19 127
f 125 127 260
f 80 122 261
f 80 261 236
f 236 261 125
f 236 125 81
f 261 128 19
f 261 19 125
f 122 17 128
f 122 128 261
f 1131 1115 211
f 1131 211 262
f 215 262 123
f 215 123 58
f 262 211 18
f 262 18 123
f 1113 1132 259
f 1113 259 209
f 82 126 263
f 82 263 235
f 235 263 228
f 235 228 77
f 263 129 18
f 263 18 228
f 126 20 129
f 126 129 263
f 1130 1116 212
f 1130 212 264
f 234 264 122
f 234 122 80
f 264 212 17
f 264 17 122
f 1119 1131 262
f 1119 262 215
f 43 136 265
f 43 265 177
f 177 265 137
f 177 137 44
f 265 138 28
f 265 28 137
f 136 27 138
f 136 138 265
f 37 162 266
f 37 266 176
f 176 266 136
f 176 136 43
f 266 139 27
f 266 27 136
f 162 22 139
f 162 139 266
f 41 134 267
f 41 267 175
f 175 267 135
f 175 135 42
f 267 140 26
f 267 26 135
f 134 25 140
f 134 140 267
f 38 163 268
f 38 268 174
f 174 268 134
f 174 134 41
f 268 141 25
f 268 25 134
f 163 24 141
f 163 141 268
f 54 193 269
f 54 269 187
f 187 269 163
f 187 163 38
f 269 182 24
f 269 24 163
f 193 49 182
f 193 182 269
f 53 192 270
f 53 270 186
f 186 270 162
f 186 162 37
f 270 183 22
f 270 22 162
f 192 50 183
f 192 183 270
f 42 135 271
f 42 271 171
f 171 271 132
f 171 132 40
f 271 144 23
f 271 23 132
f 135 26 144
f 135 144 271
f 44 137 272
f 44 272 170
f 170 272 130
f 170 130 39
f 272 145 21
f 272 21 130
f 137 28 145
f 137 145 272
f 27 150 273
f 27 273 138
f 138 273 151
f 138 151 28
f 273 154 34
f 273 34 151
f 150 33 154
f 150 154 273
f 22 131 274
f 22 274 139
f 139 274 150
f 139 150 27
f 274 155 33
f 274 33 150
f 131 35 155
f 131 155 274
f 25 148 275
f 25 275 140
f 140 275 149
f 140 149 26
f 275 156 32
f 275 32 149
f 148 31 156
f 148 156 275
f 24 133 276
f 24 276 141
f 141 276 148
f 141 148 25
f 276 157 31
f 276 31 148
f 133 36 157
f 133 157 276
f 49 191 277
f 49 277 182
f 182 277 133
f 182 133 24
f 277 184 36
f 277 36 133
f 191 51 184
f 191 184 277
f 50 190 278
f 50 278 183
f 183 278 131
f 183 131 22
f 278 185 35
f 278 35 131
f 190 52 185
f 190 185 278
f 26 149 279
f 26 279 144
f 144 279 147
f 144 147 23
f 279 160 30
f 279 30 147
f 149 32 160
f 149 160 279
f 28 151 280
f 28 280 145
f 145 280 146
f 145 146 21
f 280 161 29
f 280 29 146
f 151 34 161
f 151 161 280
f 9 169 281
f 9 281 105
f 105 281 164
f 105 164 1
f 281 170 39
f 281 39 164
f 169 44 170
f 169 170 281
f 12 167 282
f 12 282 94
f 94 282 165
f 94 165 4
f 282 171 40
f 282 40 165
f 167 42 171
f 167 171 282
f 46 189 283
f 46 283 179
f 179 283 100
f 179 100 2
f 283 186 37
f 283 37 100
f 189 53 186
f 189 186 283
f 45 188 284
f 45 284 118
f 118 284 102
f 118 102 3
f 284 187 38
f 284 38 102
f 188 54 187
f 188 187 284
f 3 102 285
f 3 285 109
f 109 285 166
f 109 166 11
f 285 174 41
f 285 41 166
f 102 38 174
f 102 174 285
f 11 166 286
f 11 286 110
f 110 286 167
f 110 167 12
f 286 175 42
f 286 42 167
f 166 41 175
f 166 175 286
f 2 100 287
f 2 287 86
f 86 287 168
f 86 168 10
f 287 176 43
f 287 43 168
f 100 37 176
f 100 176 287
f 10 168 288
f 10 288 106
f 106 288 169
f 106 169 9
f 288 177 44
f 288 44 169
f 168 43 177
f 168 177 288
f 21 146 289
f 21 289 142
f 142 289 191
f 142 191 49
f 289 158 51
f 289 51 191
f 146 29 158
f 146 158 289
f 40 132 290
f 40 290 172
f 172 290 192
f 172 192 53
f 290 143 50
f 290 50 192
f 132 23 143
f 132 143 290
f 39 130 291
f 39 291 173
f 173 291 193
f 173 193 54
f 291 142 49
f 291 49 193
f 130 21 142
f 130 142 291
f 29 99 292
f 29 292 158
f 158 292 194
f 158 194 51
f 995 95 47
f 995 47 985
f 977 6 95
f 977 95 995
f 30 101 293
f 30 293 159
f 159 293 195
f 159 195 52
f 996 97 48
f 996 48 986
f 978 8 97
f 978 97 996
f 1129 1117 213
f 1129 213 294
f 206 294 179
f 206 179 2
f 294 213 46
f 294 46 179
f 1125 1130 264
f 1125 264 234
f 1128 1118 214
f 1128 214 295
f 208 295 118
f 208 118 3
f 295 214 45
f 295 45 118
f 1109 1129 294
f 1109 294 206
f 1127 1119 215
f 1127 215 296
f 223 296 200
f 223 200 75
f 296 215 58
f 296 58 200
f 1112 1128 295
f 1112 295 208
f 19 198 297
f 19 297 127
f 127 297 199
f 127 199 20
f 297 202 57
f 297 57 199
f 198 56 202
f 198 202 297
f 17 197 298
f 17 298 128
f 128 298 198
f 128 198 19
f 298 203 56
f 298 56 198
f 197 55 203
f 197 203 298
f 20 199 299
f 20 299 129
f 129 299 123
f 129 123 18
f 299 204 58
f 299 58 123
f 199 57 204
f 199 204 299
f 1126 1120 216
f 1126 216 300
f 212 300 197
f 212 197 17
f 300 216 55
f 300 55 197
f 1123 1127 296
f 1123 296 223
f 124 72 1120
f 124 1120 1126
f 217 59 1119
f 217 1119 1127
f 90 66 1118
f 90 1118 1128
f 87 63 1117
f 87 1117 1129
f 229 68 1116
f 229 1116 1130
f 196 71 1115
f 196 1115 1131
f 104 70 1114
f 104 1114 1132
f 85 61 1113
f 85 1113 1133
f 230 67 1112
f 230 1112 1136
f 117 69 1111
f 117 1111 1137
f 107 60 1121
f 107 1121 1138
f 222 65 1110
f 222 1110 1139
f 103 64 1109
f 103 1109 1140
f 178 62 1108
f 178 1108 1141
f 201 76 1122
f 201 1122 1142
f 305 1142 1122
f 305 1122 227
f 207 1111 1145
f 207 1145 306
f 83 73 1123
f 83 1123 1143
f 301 1143 1123
f 301 1123 223
f 216 1120 1142
f 216 1142 305
f 301 223 75
f 301 75 221
f 56 219 302
f 56 302 202
f 202 302 220
f 202 220 57
f 55 218 303
f 55 303 203
f 203 303 219
f 203 219 56
f 218 74 225
f 218 225 303
f 57 220 304
f 57 304 204
f 204 304 200
f 204 200 58
f 304 226 75
f 304 75 200
f 216 305 218
f 216 218 55
f 305 227 74
f 305 74 218
f 121 79 1124
f 121 1124 1144
f 310 1144 1124
f 310 1124 238
f 1116 68 124
f 1116 124 1126
f 92 78 1125
f 92 1125 1145
f 306 1145 1125
f 306 1125 234
f 211 1115 1144
f 211 1144 310
f 207 306 231
f 207 231 4
f 306 234 80
f 306 80 231
f 11 233 307
f 11 307 109
f 109 307 91
f 109 91 3
f 307 235 77
f 307 77 91
f 233 82 235
f 233 235 307
f 4 231 308
f 4 308 94
f 94 308 232
f 94 232 12
f 308 236 81
f 308 81 232
f 231 80 236
f 231 236 308
f 12 232 309
f 12 309 110
f 110 309 233
f 110 233 11
f 309 237 82
f 309 82 233
f 232 81 237
f 232 237 309
f 211 310 228
f 211 228 18
f 310 238 77
f 310 77 228
f 338 417 435
f 338 435 413
f 413 435 374
f 413 374 318
f 435 414 324
f 435 324 374
f 417 339 414
f 417 414 435
f 312 375 436
f 312 436 358
f 358 436 376
f 358 376 319
f 436 367 325
f 436 325 376
f 345 422 437
f 345 437 419
f 419 437 378
f 419 378 317
f 437 420 323
f 437 323 378
f 422 346 420
f 422 420 437
f 320 379 438
f 320 438 366
f 366 438 380
f 366 380 311
f 335 412 439
f 335 439 408
f 408 439 381
f 408 381 313
f 439 409 321
f 439 321 381
f 412 336 409
f 412 409 439
f 311 380 443
f 311 443 357
f 357 443 383
f 357 383 316
f 331 402 445
f 331 445 399
f 399 445 379
f 399 379 320
f 445 400 326
f 445 326 379
f 402 332 400
f 402 400 445
f 315 384 446
f 315 446 361
f 361 446 375
f 361 375 312
f 316 383 447
f 316 447 362
f 362 447 384
f 362 384 315
f 333 407 448
f 333 448 403
f 403 448 373
f 403 373 314
f 448 404 322
f 448 322 373
f 407 334 404
f 407 404 448
f 587 504 515
f 587 515 576
f 346 721 726
f 346 726 420
f 420 726 712
f 420 712 323
f 600 601 688
f 600 688 606
f 367 454 394
f 367 394 325
f 334 406 455
f 334 455 404
f 404 455 395
f 404 395 322
f 336 411 457
f 336 457 409
f 409 457 397
f 409 397 321
f 457 410 327
f 457 327 397
f 411 337 410
f 411 410 457
f 332 401 458
f 332 458 400
f 400 458 398
f 400 398 326
f 339 416 703
f 339 703 414
f 414 703 715
f 414 715 324
f 416 340 704
f 416 704 703
f 321 397 460
f 321 460 368
f 368 460 401
f 368 401 332
f 576 515 538
f 576 538 580
f 313 381 461
f 313 461 359
f 359 461 402
f 359 402 331
f 461 368 332
f 461 332 402
f 381 321 368
f 381 368 461
f 325 394 462
f 325 462 370
f 370 462 406
f 370 406 334
f 319 376 463
f 319 463 363
f 363 463 407
f 363 407 333
f 463 370 334
f 463 334 407
f 376 325 370
f 376 370 463
f 323 712 706
f 323 706 371
f 371 706 411
f 371 411 336
f 706 705 337
f 706 337 411
f 317 378 464
f 317 464 364
f 364 464 412
f 364 412 335
f 464 371 336
f 464 336 412
f 378 323 371
f 378 371 464
f 322 395 465
f 322 465 369
f 369 465 416
f 369 416 339
f 465 386 340
f 465 340 416
f 395 328 386
f 395 386 465
f 314 373 466
f 314 466 360
f 360 466 417
f 360 417 338
f 466 369 339
f 466 339 417
f 373 322 369
f 373 369 466
f 423 682 681
f 423 681 729
f 1065 1064 1020
f 1065 1020 1023
f 542 1371 1358
f 542 1358 519
f 354 571 1373
f 354 1373 432
f 1053 1052 1025
f 1053 1025 1026
f 340 429 704
f 729 681 680
f 729 680 396
f 429 1356 711
f 429 711 704
f 337 705 426
f 426 705 710
f 426 710 1332
f 734 686 671
f 734 671 735
f 1591 717 716
f 1591 716 1590
f 324 715 733
f 324 733 372
f 372 733 724
f 372 724 349
f 1587 713 718
f 1587 718 1592
f 318 374 470
f 318 470 365
f 365 470 424
f 365 424 348
f 470 372 349
f 470 349 424
f 374 324 372
f 374 372 470
f 393 594 593
f 393 593 452
f 577 535 510
f 577 510 434
f 356 433 1331
f 356 1331 1332
f 426 472 410
f 426 410 337
f 472 1330 327
f 472 327 410
f 353 428 1330
f 353 1330 1326
f 390 592 471
f 390 471 454
f 585 514 1393
f 585 1393 581
f 385 684 686
f 385 686 734
f 547 560 1364
f 547 1364 1363
f 581 1393 1398
f 581 1398 571
f 406 405 583
f 406 583 455
f 1376 1390 1389
f 1376 1389 586
f 451 677 676
f 451 676 392
f 396 680 679
f 396 679 456
f 737 674 687
f 737 687 736
f 583 536 513
f 583 513 584
f 340 386 473
f 340 473 429
f 429 473 1355
f 429 1355 1356
f 473 1354 1357
f 473 1357 1355
f 386 328 1354
f 386 1354 473
f 355 1372 711
f 432 1373 1372
f 432 1372 355
f 433 1375 1376
f 433 1376 353
f 1390 1376 562
f 1390 562 1395
f 584 513 514
f 584 514 585
f 586 1389 504
f 586 504 587
f 588 537 516
f 588 516 578
f 590 512 539
f 590 539 582
f 1049 1051 691
f 1049 691 351
f 1062 1061 344
f 1062 344 689
f 1055 1043 1042
f 1055 1042 1054
f 1067 1018 695
f 1067 695 1066
f 735 671 672
f 735 672 342
f 600 606 1526
f 392 676 685
f 392 685 730
f 736 687 682
f 736 682 423
f 482 476 481
f 482 481 662
f 664 474 663
f 664 663 497
f 499 475 474
f 499 474 664
f 500 665 476
f 500 476 482
f 483 489 501
f 483 501 484
f 484 501 481
f 484 481 476
f 476 665 666
f 476 666 484
f 484 666 492
f 484 492 483
f 502 486 661
f 502 661 493
f 663 474 486
f 663 486 502
f 474 475 503
f 474 503 486
f 486 503 488
f 486 488 661
f 389 434 352
f 389 352 449
f 535 506 505
f 535 505 510
f 511 507 506
f 511 506 535
f 537 518 517
f 537 517 516
f 512 509 508
f 512 508 539
f 503 667 488
f 541 1346 1409
f 541 1409 1413
f 508 1414 540
f 544 1401 1404
f 544 1404 1407
f 505 506 557
f 505 557 545
f 1396 546 561
f 1396 561 1397
f 506 507 553
f 506 553 557
f 517 518 1416
f 517 1416 528
f 615 1367 620
f 615 620 1399
f 617 1370 1366
f 617 1366 554
f 1361 1362 560
f 1361 560 547
f 554 1366 1365
f 554 1365 532
f 519 1358 1359
f 519 1359 520
f 1394 527 622
f 1394 622 1400
f 579 511 535
f 579 535 577
f 449 352 592
f 449 592 390
f 452 593 579
f 452 579 391
f 459 591 594
f 459 594 393
f 615 1410 1406
f 615 1406 520
f 547 621 1369
f 547 1369 1361
f 1363 1368 621
f 1363 621 547
f 549 523 550
f 549 550 529
f 525 526 529
f 525 529 550
f 530 552 524
f 530 524 551
f 522 552 530
f 522 530 521
f 544 1407 1412
f 544 1412 1402
f 551 524 555
f 551 555 533
f 534 556 523
f 534 523 549
f 617 1405 534
f 617 534 1400
f 519 1415 1411
f 519 1411 542
f 542 1411 1403
f 542 1403 532
f 616 650 548
f 616 548 654
f 653 558 650
f 653 650 616
f 1395 562 527
f 1395 527 1394
f 1396 1399 620
f 1396 620 546
f 710 467 572
f 710 572 567
f 467 711 568
f 467 568 572
f 568 573 575
f 568 575 572
f 572 575 574
f 572 574 567
f 575 570 569
f 575 569 574
f 573 1374 570
f 573 570 575
f 356 1360 1375
f 356 1375 433
f 710 1360 356
f 398 578 591
f 398 591 459
f 454 471 590
f 454 590 394
f 391 579 577
f 391 577 450
f 394 590 582
f 394 582 462
f 458 588 578
f 458 578 398
f 428 586 587
f 428 587 327
f 395 584 585
f 395 585 328
f 1364 560 570
f 1364 570 1374
f 455 583 584
f 455 584 395
f 353 1376 586
f 353 586 428
f 462 582 405
f 462 405 406
f 425 581 571
f 425 571 354
f 328 585 581
f 328 581 425
f 450 577 434
f 450 434 389
f 397 576 580
f 397 580 460
f 327 587 576
f 327 576 397
f 560 1362 569
f 560 569 570
f 598 597 679
f 598 679 680
f 688 605 1640
f 688 1640 1634
f 595 684 685
f 595 685 676
f 602 606 1635
f 602 1635 1636
f 599 1526 606
f 605 604 1638
f 605 1638 1640
f 606 688 1634
f 606 1634 1635
f 605 597 598
f 605 598 604
f 596 1579 605
f 604 1637 1642
f 604 1642 1638
f 730 685 684
f 730 684 385
f 342 672 675
f 342 675 694
f 696 683 673
f 696 673 692
f 692 673 603
f 692 603 693
f 460 580 607
f 460 607 401
f 401 607 588
f 401 588 458
f 405 589 536
f 405 536 583
f 582 539 589
f 582 589 405
f 434 510 608
f 434 608 352
f 352 608 609
f 352 609 592
f 471 610 512
f 471 512 590
f 592 609 610
f 592 610 471
f 593 612 511
f 593 511 579
f 578 516 611
f 578 611 591
f 594 613 612
f 594 612 593
f 591 611 613
f 591 613 594
f 580 538 614
f 580 614 607
f 607 614 537
f 607 537 588
f 501 489 668
f 481 669 618
f 481 618 662
f 481 501 668
f 481 668 669
f 532 1365 1371
f 532 1371 542
f 1398 1397 561
f 1398 561 571
f 1400 622 1370
f 1400 1370 617
f 648 616 654
f 648 654 563
f 564 653 616
f 564 616 648
f 520 1359 1367
f 520 1367 615
f 1399 533 1410
f 1399 1410 615
f 540 1414 1408
f 540 1408 1391
f 543 1392 1417
f 543 1417 1416
f 475 499 619
f 475 619 670
f 503 475 670
f 503 670 667
f 626 1369 1379
f 626 1379 1384
f 559 1380 1381
f 559 1381 565
f 566 624 1382
f 1369 621 1378
f 1369 1378 1379
f 1368 625 1383
f 1368 1383 1377
f 624 626 1384
f 624 1384 1382
f 631 1378 1377
f 631 1377 632
f 633 1379 1378
f 633 1378 631
f 634 1381 1380
f 634 1380 635
f 635 1380 1382
f 635 1382 636
f 632 1377 1383
f 632 1383 637
f 636 1382 1384
f 636 1384 638
f 637 1383 1381
f 637 1381 634
f 638 1384 1379
f 638 1379 633
f 630 638 633
f 630 633 641
f 629 637 634
f 629 634 643
f 644 636 638
f 644 638 630
f 639 632 637
f 639 637 629
f 628 635 636
f 628 636 644
f 643 634 635
f 643 635 628
f 641 633 631
f 641 631 627
f 627 631 632
f 627 632 639
f 640 627 639
f 640 639 647
f 649 641 627
f 649 627 640
f 651 643 628
f 651 628 642
f 642 628 644
f 642 644 652
f 647 639 629
f 647 629 645
f 652 644 630
f 652 630 646
f 645 629 643
f 645 643 651
f 646 630 641
f 646 641 649
f 648 640 647
f 648 647 564
f 563 649 640
f 563 640 648
f 558 651 642
f 558 642 650
f 650 642 652
f 650 652 548
f 564 647 645
f 564 645 653
f 548 652 646
f 548 646 654
f 653 645 651
f 653 651 558
f 654 646 649
f 654 649 563
f 656 478 495
f 656 495 491
f 655 485 494
f 655 494 477
f 1331 472 426
f 1331 426 1332
f 671 686 1639
f 671 1639 1641
f 598 682 1637
f 598 1637 604
f 602 1639 684
f 602 684 595
f 601 596 605
f 601 605 688
f 599 595 676
f 599 676 677
f 680 681 682
f 680 682 598
f 694 675 683
f 694 683 696
f 693 603 674
f 693 674 737
f 1060 1031 1034
f 1060 1034 1063
f 1050 1048 697
f 1050 697 690
f 710 707 1019
f 708 720 723
f 708 723 1643
f 707 718 720
f 707 720 708
f 1644 692 693
f 1644 693 1645
f 1646 342 694
f 1646 694 1647
f 1648 717 725
f 1648 725 1649
f 1649 725 719
f 1649 719 1650
f 1647 694 696
f 1647 696 1651
f 1651 696 692
f 1651 692 1644
f 1643 723 735
f 1643 735 1652
f 1645 693 737
f 1645 737 1653
f 1652 735 342
f 1652 342 1646
f 1653 737 717
f 1653 717 1648
f 1586 712 713
f 1586 713 1587
f 1588 699 715
f 1588 715 1589
f 1593 719 699
f 1593 699 1588
f 1597 701 723
f 1597 723 1594
f 1603 1581 1580
f 1603 1580 1609
f 1594 723 720
f 1594 720 1595
f 1596 721 701
f 1596 701 1597
f 1595 720 702
f 1595 702 1600
f 1590 716 724
f 1590 724 1598
f 1599 725 717
f 1599 717 1591
f 1600 702 726
f 1600 726 1601
f 1601 726 721
f 1601 721 1596
f 715 703 1582
f 1602 1582 1581
f 1602 1581 1603
f 1604 1584 1585
f 1604 1585 1605
f 1585 706 712
f 1616 718 713
f 1616 713 1611
f 1606 709 725
f 1606 725 1599
f 1614 716 717
f 1614 717 1615
f 1598 724 733
f 1598 733 1607
f 1607 733 709
f 1607 709 1606
f 738 329 387
f 738 387 750
f 1592 718 1583
f 1592 1583 1608
f 1609 1580 719
f 1609 719 1593
f 1611 713 712
f 1611 712 1610
f 1626 1633 736
f 1621 723 701
f 1621 701 1620
f 1613 715 699
f 1613 699 1612
f 1623 725 709
f 1623 709 1630
f 1618 720 718
f 1618 718 1616
f 1620 701 721
f 1620 721 1619
f 1625 702 720
f 1625 720 1618
f 1622 724 716
f 1622 716 1614
f 1610 712 726
f 1610 726 1624
f 1624 726 702
f 1624 702 1625
f 1626 423 729
f 1626 729 1627
f 1627 729 724
f 1627 724 1622
f 1619 721 730
f 1619 730 1628
f 1628 730 385
f 1628 385 1629
f 1617 719 725
f 1617 725 1623
f 1630 709 733
f 1630 733 1631
f 722 731 768
f 722 768 761
f 1632 735 723
f 1632 723 1621
f 1626 736 423
f 1632 734 735
f 1615 717 737
f 1615 737 1633
f 1629 734 1632
f 329 741 752
f 329 752 387
f 754 764 727
f 754 727 698
f 698 727 759
f 698 759 757
f 745 347 421
f 745 421 748
f 744 421 347
f 744 347 743
f 1604 1608 1583
f 1604 1583 1584
f 760 766 731
f 760 731 722
f 762 700 728
f 762 728 765
f 700 756 769
f 700 769 728
f 746 751 388
f 746 388 350
f 740 350 388
f 740 388 747
f 330 415 753
f 330 753 742
f 739 749 415
f 739 415 330
f 1612 699 719
f 1612 719 1617
f 758 763 732
f 758 732 714
f 1631 733 715
f 1631 715 1613
f 791 855 880
f 791 880 823
f 855 786 814
f 855 814 880
f 1007 997 771
f 1007 771 816
f 1002 1007 816
f 1002 816 774
f 780 837 881
f 780 881 841
f 837 805 874
f 837 874 881
f 881 874 807
f 881 807 853
f 841 881 853
f 841 853 787
f 789 854 882
f 789 882 821
f 854 787 815
f 854 815 882
f 1008 998 773
f 1008 773 813
f 1000 1008 813
f 1000 813 777
f 807 871 883
f 807 883 879
f 871 792 846
f 871 846 883
f 1009 1003 772
f 1009 772 867
f 1006 1009 867
f 1006 867 803
f 806 870 884
f 806 884 878
f 870 793 847
f 870 847 884
f 1010 1004 770
f 1010 770 866
f 1005 1010 866
f 1005 866 802
f 793 851 885
f 793 885 847
f 851 788 820
f 851 820 885
f 1011 999 776
f 1011 776 818
f 1004 1011 818
f 1004 818 770
f 788 850 886
f 788 886 820
f 850 789 821
f 850 821 886
f 1012 1000 777
f 1012 777 819
f 999 1012 819
f 999 819 776
f 792 849 887
f 792 887 846
f 849 790 822
f 849 822 887
f 1013 1001 775
f 1013 775 811
f 1003 1013 811
f 1003 811 772
f 790 848 888
f 790 888 822
f 848 791 823
f 848 823 888
f 1014 1002 774
f 1014 774 817
f 1001 1014 817
f 1001 817 775
f 800 865 889
f 800 889 830
f 865 801 831
f 865 831 889
f 889 831 785
f 889 785 832
f 830 889 832
f 830 832 784
f 794 864 890
f 794 890 856
f 864 800 830
f 864 830 890
f 890 830 784
f 890 784 833
f 856 890 833
f 856 833 779
f 798 863 891
f 798 891 828
f 863 799 829
f 863 829 891
f 891 829 783
f 891 783 834
f 828 891 834
f 828 834 782
f 795 862 892
f 795 892 857
f 862 798 828
f 862 828 892
f 892 828 782
f 892 782 835
f 857 892 835
f 857 835 781
f 809 873 893
f 809 893 877
f 873 795 857
f 873 857 893
f 893 857 781
f 893 781 868
f 877 893 868
f 877 868 804
f 808 872 894
f 808 894 876
f 872 794 856
f 872 856 894
f 894 856 779
f 894 779 869
f 876 894 869
f 876 869 805
f 799 859 895
f 799 895 829
f 859 797 826
f 859 826 895
f 895 826 780
f 895 780 838
f 829 895 838
f 829 838 783
f 801 858 896
f 801 896 831
f 858 796 824
f 858 824 896
f 896 824 778
f 896 778 839
f 831 896 839
f 831 839 785
f 784 832 897
f 784 897 844
f 832 785 845
f 832 845 897
f 897 845 791
f 897 791 848
f 844 897 848
f 844 848 790
f 779 833 898
f 779 898 825
f 833 784 844
f 833 844 898
f 898 844 790
f 898 790 849
f 825 898 849
f 825 849 792
f 782 834 899
f 782 899 842
f 834 783 843
f 834 843 899
f 899 843 789
f 899 789 850
f 842 899 850
f 842 850 788
f 781 835 900
f 781 900 827
f 835 782 842
f 835 842 900
f 900 842 788
f 900 788 851
f 827 900 851
f 827 851 793
f 804 868 901
f 804 901 875
f 868 781 827
f 868 827 901
f 901 827 793
f 901 793 870
f 875 901 870
f 875 870 806
f 805 869 902
f 805 902 874
f 869 779 825
f 869 825 902
f 902 825 792
f 902 792 871
f 874 902 871
f 874 871 807
f 783 838 903
f 783 903 843
f 838 780 841
f 838 841 903
f 903 841 787
f 903 787 854
f 843 903 854
f 843 854 789
f 785 839 904
f 785 904 845
f 839 778 840
f 839 840 904
f 904 840 786
f 904 786 855
f 845 904 855
f 845 855 791
f 778 836 905
f 778 905 840
f 836 804 875
f 836 875 905
f 905 875 806
f 905 806 852
f 840 905 852
f 840 852 786
f 797 860 906
f 797 906 826
f 860 808 876
f 860 876 906
f 906 876 805
f 906 805 837
f 826 906 837
f 826 837 780
f 796 861 907
f 796 907 824
f 861 809 877
f 861 877 907
f 907 877 804
f 907 804 836
f 824 907 836
f 824 836 778
f 786 852 908
f 786 908 814
f 852 806 878
f 852 878 908
f 1015 1005 802
f 1015 802 810
f 997 1015 810
f 997 810 771
f 787 853 909
f 787 909 815
f 853 807 879
f 853 879 909
f 1016 1006 803
f 1016 803 812
f 998 1016 812
f 998 812 773
f 98 16 777
f 98 777 813
f 8 98 813
f 8 813 773
f 97 8 773
f 97 773 812
f 48 97 812
f 48 812 803
f 181 48 803
f 181 803 867
f 7 181 867
f 7 867 772
f 96 7 772
f 96 772 811
f 14 96 811
f 14 811 775
f 112 14 775
f 112 775 817
f 13 112 817
f 13 817 774
f 111 13 774
f 111 774 816
f 6 111 816
f 6 816 771
f 95 6 771
f 95 771 810
f 47 95 810
f 47 810 802
f 180 47 802
f 180 802 866
f 5 180 866
f 5 866 770
f 113 5 770
f 113 770 818
f 15 113 818
f 15 818 776
f 114 15 776
f 114 776 819
f 16 114 819
f 16 819 777
f 860 922 918
f 860 918 808
f 864 926 916
f 864 916 800
f 797 913 922
f 797 922 860
f 794 910 926
f 794 926 864
f 872 928 910
f 872 910 794
f 861 923 919
f 861 919 809
f 865 927 917
f 865 917 801
f 808 918 928
f 808 928 872
f 796 912 923
f 796 923 861
f 858 920 912
f 858 912 796
f 800 916 927
f 800 927 865
f 873 929 911
f 873 911 795
f 862 924 914
f 862 914 798
f 801 917 920
f 801 920 858
f 809 919 929
f 809 929 873
f 795 911 924
f 795 924 862
f 859 921 913
f 859 913 797
f 863 925 915
f 863 915 799
f 799 915 921
f 799 921 859
f 798 914 925
f 798 925 863
f 913 933 942
f 913 942 922
f 910 930 946
f 910 946 926
f 923 943 939
f 923 939 919
f 927 947 937
f 927 937 917
f 912 932 943
f 912 943 923
f 920 940 932
f 920 932 912
f 916 936 947
f 916 947 927
f 924 944 934
f 924 934 914
f 917 937 940
f 917 940 920
f 928 948 930
f 928 930 910
f 911 931 944
f 911 944 924
f 921 941 933
f 921 933 913
f 918 938 948
f 918 948 928
f 925 945 935
f 925 935 915
f 915 935 941
f 915 941 921
f 929 949 931
f 929 931 911
f 914 934 945
f 914 945 925
f 922 942 938
f 922 938 918
f 919 939 949
f 919 949 929
f 926 946 936
f 926 936 916
f 941 961 953
f 941 953 933
f 938 958 968
f 938 968 948
f 945 965 955
f 945 955 935
f 935 955 961
f 935 961 941
f 949 969 951
f 949 951 931
f 934 954 965
f 934 965 945
f 942 962 958
f 942 958 938
f 939 959 969
f 939 969 949
f 946 966 956
f 946 956 936
f 933 953 962
f 933 962 942
f 930 950 966
f 930 966 946
f 943 963 959
f 943 959 939
f 947 967 957
f 947 957 937
f 932 952 963
f 932 963 943
f 940 960 952
f 940 952 932
f 936 956 967
f 936 967 947
f 944 964 954
f 944 954 934
f 937 957 960
f 937 960 940
f 948 968 950
f 948 950 930
f 931 951 964
f 931 964 944
f 970 971 969
f 970 969 959
f 970 972 968
f 970 968 958
f 972 973 950
f 972 950 968
f 973 974 966
f 973 966 950
f 971 975 951
f 971 951 969
f 975 976 964
f 975 964 951
f 976 965 954
f 976 954 964
f 961 955 965
f 961 965 976
f 953 961 976
f 953 976 975
f 962 953 975
f 962 975 971
f 952 960 974
f 952 974 973
f 963 952 973
f 963 973 972
f 959 963 972
f 959 972 970
f 958 962 971
f 958 971 970
f 966 974 967
f 966 967 956
f 960 957 967
f 960 967 974
f 1081 978 996
f 1081 996 1079
f 1079 996 986
f 1079 986 1087
f 1080 977 995
f 1080 995 1078
f 1078 995 985
f 1078 985 1086
f 1084 981 994
f 1084 994 1077
f 1077 994 982
f 1077 982 1085
f 1068 983 993
f 1068 993 1076
f 1076 993 981
f 1076 981 1084
f 1082 979 992
f 1082 992 1075
f 1075 992 980
f 1075 980 1083
f 1069 984 991
f 1069 991 1074
f 1074 991 979
f 1074 979 1082
f 1086 985 990
f 1086 990 1073
f 1073 990 984
f 1073 984 1069
f 1087 986 989
f 1087 989 1072
f 1072 989 983
f 1072 983 1068
f 1083 980 988
f 1083 988 1071
f 1071 988 978
f 1071 978 1081
f 1085 982 987
f 1085 987 1070
f 1070 987 977
f 1070 977 1080
f 815 909 1016
f 815 1016 998
f 909 879 1006
f 909 1006 1016
f 814 908 1015
f 814 1015 997
f 908 878 1005
f 908 1005 1015
f 822 888 1014
f 822 1014 1001
f 888 823 1002
f 888 1002 1014
f 846 887 1013
f 846 1013 1003
f 887 822 1001
f 887 1001 1013
f 820 886 1012
f 820 1012 999
f 886 821 1000
f 886 1000 1012
f 847 885 1011
f 847 1011 1004
f 885 820 999
f 885 999 1011
f 878 884 1010
f 878 1010 1005
f 884 847 1004
f 884 1004 1010
f 879 883 1009
f 879 1009 1006
f 883 846 1003
f 883 1003 1009
f 821 882 1008
f 821 1008 1000
f 882 815 998
f 882 998 1008
f 823 880 1007
f 823 1007 1002
f 880 814 997
f 880 997 1007
f 1034 1031 1048
f 1034 1048 1050
f 1017 1055 1054
f 1017 1054 341
f 1032 1033 1051
f 1032 1051 1049
f 1035 1036 1052
f 1035 1052 1053
f 427 1060 1063
f 427 1063 343
f 1043 1067 1066
f 1043 1066 1042
f 1033 1032 1061
f 1033 1061 1062
f 1036 1035 1064
f 1036 1064 1065
f 711 1045 1024
f 1019 1057 710
f 710 1057 418
f 710 418 467
f 418 1045 711
f 418 711 467
f 595 599 606
f 595 606 602
f 1579 597 605
f 737 736 1633
f 385 734 1629
f 1581 704 711
f 1581 711 1580
f 1039 1653 1648
f 1039 1648 1029
f 755 714 732
f 755 732 767
f 1090 1070 1080
f 1090 1080 1100
f 1105 1085 1070
f 1105 1070 1090
f 1091 1071 1081
f 1091 1081 1101
f 1103 1083 1071
f 1103 1071 1091
f 1092 1072 1068
f 1092 1068 1088
f 1107 1087 1072
f 1107 1072 1092
f 1093 1073 1069
f 1093 1069 1089
f 1106 1086 1073
f 1106 1073 1093
f 1094 1074 1082
f 1094 1082 1102
f 1089 1069 1074
f 1089 1074 1094
f 1095 1075 1083
f 1095 1083 1103
f 1102 1082 1075
f 1102 1075 1095
f 1096 1076 1084
f 1096 1084 1104
f 1088 1068 1076
f 1088 1076 1096
f 1097 1077 1085
f 1097 1085 1105
f 1104 1084 1077
f 1104 1077 1097
f 1098 1078 1086
f 1098 1086 1106
f 1100 1080 1078
f 1100 1078 1098
f 1099 1079 1087
f 1099 1087 1107
f 1101 1081 1079
f 1101 1079 1099
f 1511 1101 1099
f 1511 1099 1509
f 1509 1099 1107
f 1509 1107 1517
f 1510 1100 1098
f 1510 1098 1508
f 1508 1098 1106
f 1508 1106 1516
f 1514 1104 1097
f 1514 1097 1507
f 1507 1097 1105
f 1507 1105 1515
f 1498 1088 1096
f 1498 1096 1506
f 1506 1096 1104
f 1506 1104 1514
f 1512 1102 1095
f 1512 1095 1505
f 1505 1095 1103
f 1505 1103 1513
f 1499 1089 1094
f 1499 1094 1504
f 1504 1094 1102
f 1504 1102 1512
f 1516 1106 1093
f 1516 1093 1503
f 1503 1093 1089
f 1503 1089 1499
f 1517 1107 1092
f 1517 1092 1502
f 1502 1092 1088
f 1502 1088 1498
f 1513 1103 1091
f 1513 1091 1501
f 1501 1091 1101
f 1501 1101 1511
f 1515 1105 1090
f 1515 1090 1500
f 1111 69 92
f 1111 92 1145
f 1115 71 121
f 1115 121 1144
f 60 83 1143
f 60 1143 1121
f 1120 72 201
f 1120 201 1142
f 1118 66 178
f 1118 178 1141
f 1114 70 103
f 1114 103 1140
f 1122 76 222
f 1122 222 1139
f 1117 63 117
f 1117 117 1137
f 1124 79 230
f 1124 230 1136
f 1110 65 89
f 1110 89 1135
f 1108 62 85
f 1108 85 1133
f 1113 61 104
f 1113 104 1132
f 1119 59 196
f 1119 196 1131
f 1125 78 229
f 1125 229 1130
f 1109 64 87
f 1109 87 1129
f 1112 67 90
f 1112 90 1128
f 1123 73 217
f 1123 217 1127
f 1116 1126 300
f 1116 300 212
f 1153 1154 1196
f 1153 1196 1194
f 1154 1152 1195
f 1154 1195 1196
f 1147 1148 1199
f 1147 1199 1197
f 1148 1146 1198
f 1148 1198 1199
f 1201 1202 1151
f 1201 1151 1149
f 1202 1200 1150
f 1202 1150 1151
f 1204 1205 1160
f 1204 1160 1158
f 1205 1203 1159
f 1205 1159 1160
f 1152 1154 1208
f 1152 1208 1206
f 1154 1153 1207
f 1154 1207 1208
f 1158 1160 1211
f 1158 1211 1209
f 1160 1159 1210
f 1160 1210 1211
f 1174 1175 1232
f 1174 1232 1230
f 1175 1173 1231
f 1175 1231 1232
f 1234 1235 1238
f 1234 1238 1236
f 1235 1233 1237
f 1235 1237 1238
f 1149 1151 1214
f 1149 1214 1212
f 1151 1150 1213
f 1151 1213 1214
f 1146 1148 1217
f 1146 1217 1215
f 1148 1147 1216
f 1148 1216 1217
f 1240 1241 1235
f 1240 1235 1234
f 1241 1239 1233
f 1241 1233 1235
f 1173 1175 1244
f 1173 1244 1242
f 1175 1174 1243
f 1175 1243 1244
f 1162 1163 1220
f 1162 1220 1218
f 1163 1161 1219
f 1163 1219 1220
f 1194 1196 1220
f 1194 1220 1219
f 1196 1195 1218
f 1196 1218 1220
f 1197 1199 1223
f 1197 1223 1221
f 1199 1198 1222
f 1199 1222 1223
f 1165 1166 1223
f 1165 1223 1222
f 1166 1164 1221
f 1166 1221 1223
f 1200 1202 1226
f 1200 1226 1224
f 1202 1201 1225
f 1202 1225 1226
f 1161 1163 1226
f 1161 1226 1225
f 1163 1162 1224
f 1163 1224 1226
f 1246 1247 1178
f 1246 1178 1176
f 1247 1245 1177
f 1247 1177 1178
f 1168 1169 1250
f 1168 1250 1248
f 1169 1167 1249
f 1169 1249 1250
f 1171 1172 1250
f 1171 1250 1249
f 1172 1170 1248
f 1172 1248 1250
f 1164 1166 1229
f 1164 1229 1227
f 1166 1165 1228
f 1166 1228 1229
f 1203 1205 1229
f 1203 1229 1228
f 1205 1204 1227
f 1205 1227 1229
f 1170 1172 1253
f 1170 1253 1251
f 1172 1171 1252
f 1172 1252 1253
f 1245 1247 1256
f 1245 1256 1254
f 1247 1246 1255
f 1247 1255 1256
f 1156 1157 1256
f 1156 1256 1255
f 1157 1155 1254
f 1157 1254 1256
f 1239 1241 1181
f 1239 1181 1179
f 1241 1240 1180
f 1241 1180 1181
f 1155 1157 1181
f 1155 1181 1180
f 1157 1156 1179
f 1157 1179 1181
f 1330 472 1331
f 1330 1331 1326
f 1330 428 327
f 1242 1244 1259
f 1242 1259 1257
f 1244 1243 1258
f 1244 1258 1259
f 1167 1169 1259
f 1167 1259 1258
f 1169 1168 1257
f 1169 1257 1259
f 1230 1232 1193
f 1230 1193 1191
f 1232 1231 1192
f 1232 1192 1193
f 1176 1178 1262
f 1176 1262 1260
f 1178 1177 1261
f 1178 1261 1262
f 1251 1253 1265
f 1251 1265 1263
f 1253 1252 1264
f 1253 1264 1265
f 1236 1238 1190
f 1236 1190 1188
f 1238 1237 1189
f 1238 1189 1190
f 1260 1262 1187
f 1260 1187 1185
f 1262 1261 1186
f 1262 1186 1187
f 1263 1265 1184
f 1263 1184 1182
f 1265 1264 1183
f 1265 1183 1184
f 1188 1190 1187
f 1188 1187 1186
f 1190 1189 1185
f 1190 1185 1187
f 1182 1184 1193
f 1182 1193 1192
f 1184 1183 1191
f 1184 1191 1193
f 1198 1146 507
f 1198 507 511
f 491 1216 1147
f 491 1147 656
f 656 1147 1197
f 656 1197 478
f 1215 553 507
f 1215 507 1146
f 657 1150 1200
f 657 1200 479
f 1212 531 509
f 1212 509 1149
f 1149 509 512
f 1149 512 1201
f 490 1213 1150
f 490 1150 657
f 477 1195 1152
f 477 1152 655
f 1207 1153 505
f 1207 505 545
f 655 1152 1206
f 655 1206 485
f 1194 510 505
f 1194 505 1153
f 500 1254 1155
f 500 1155 665
f 1179 1156 508
f 1179 508 540
f 665 1155 1180
f 665 1180 666
f 1255 539 508
f 1255 508 1156
f 480 1204 1158
f 480 1158 658
f 1210 1159 517
f 1210 517 528
f 658 1158 1209
f 658 1209 487
f 1159 1203 516
f 1159 516 517
f 659 1162 1218
f 659 1218 494
f 609 1161 1225
f 609 1225 610
f 608 1219 1161
f 608 1161 609
f 496 1224 1162
f 496 1162 659
f 495 1221 1164
f 495 1164 660
f 611 1228 1165
f 611 1165 613
f 660 1164 1227
f 660 1227 498
f 613 1165 1222
f 613 1222 612
f 663 1168 1248
f 663 1248 497
f 1258 543 518
f 1258 518 1167
f 1249 1167 518
f 1249 518 537
f 502 1257 1168
f 502 1168 663
f 497 1248 1170
f 497 1170 664
f 538 1252 1171
f 538 1171 614
f 664 1170 1251
f 664 1251 499
f 614 1171 1249
f 614 1249 537
f 488 1231 1173
f 488 1173 661
f 1243 1174 1385
f 1243 1385 1392
f 661 1173 1242
f 661 1242 493
f 1230 1386 1385
f 1230 1385 1174
f 662 1177 1245
f 662 1245 482
f 513 536 1176
f 513 1176 1260
f 589 1246 1176
f 589 1176 536
f 618 1261 1177
f 618 1177 662
f 666 1180 1240
f 666 1240 492
f 1391 1239 1179
f 1391 1179 540
f 515 504 1183
f 515 1183 1264
f 619 1263 1182
f 619 1182 670
f 504 1389 1191
f 504 1191 1183
f 670 1182 1192
f 670 1192 667
f 514 513 1260
f 514 1260 1185
f 668 1188 1186
f 668 1186 669
f 669 1186 1261
f 669 1261 618
f 1393 514 1185
f 1393 1185 1189
f 489 1236 1188
f 489 1188 668
f 1393 1189 1237
f 1393 1237 1388
f 667 1192 1231
f 667 1231 488
f 1191 1389 1386
f 1191 1386 1230
f 510 1194 1219
f 510 1219 608
f 494 1218 1195
f 494 1195 477
f 612 1222 1198
f 612 1198 511
f 478 1197 1221
f 478 1221 495
f 610 1225 1201
f 610 1201 512
f 479 1200 1224
f 479 1224 496
f 516 1203 1228
f 516 1228 611
f 498 1227 1204
f 498 1204 480
f 710 356 1332
f 483 1234 1236
f 483 1236 489
f 1387 1233 1239
f 1387 1239 1391
f 1387 1388 1237
f 1387 1237 1233
f 492 1240 1234
f 492 1234 483
f 1258 1243 1392
f 1258 1392 543
f 493 1242 1257
f 493 1257 502
f 539 1255 1246
f 539 1246 589
f 482 1245 1254
f 482 1254 500
f 515 1264 1252
f 515 1252 538
f 499 1251 1263
f 499 1263 619
f 1270 1267 1266
f 1271 1272 1269
f 1271 1269 1268
f 1266 1267 1274
f 1266 1274 1273
f 1268 1269 1277
f 1266 377 469
f 1266 469 1270
f 1273 440 377
f 1273 377 1266
f 1268 382 442
f 1268 442 1271
f 1277 444 382
f 1277 382 1268
f 1270 469 422
f 1270 422 345
f 348 424 444
f 348 444 1277
f 1282 1279 1278
f 1283 1284 1281
f 1283 1281 1280
f 1278 1279 1286
f 1278 1286 1285
f 1280 1281 1289
f 377 1279 1282
f 377 1282 469
f 1285 451 392
f 1285 392 1278
f 1278 392 730
f 1278 730 1282
f 440 1286 1279
f 440 1279 377
f 1280 396 456
f 1280 456 1283
f 382 1281 1284
f 382 1284 442
f 1289 729 396
f 1289 396 1280
f 444 1289 1281
f 444 1281 382
f 469 1282 346
f 469 346 422
f 1282 730 721
f 1282 721 346
f 424 349 1289
f 424 1289 444
f 349 724 729
f 349 729 1289
f 301 1291 1290
f 241 1302 88
f 1290 1291 1294
f 1290 1294 1295
f 1292 1293 1297
f 1292 1297 1296
f 1138 1121 1290
f 1138 1290 1295
f 1139 1110 1293
f 1139 1293 241
f 1292 1303 1302
f 1292 1302 241
f 1110 1135 1297
f 1110 1297 1293
f 1293 1292 241
f 1304 1305 1300
f 1304 1300 1301
f 1302 1303 1307
f 1302 1307 1306
f 1294 1291 1300
f 1294 1300 1305
f 242 1304 1301
f 242 1301 221
f 221 1301 301
f 88 1302 1306
f 88 1306 256
f 1292 1296 1307
f 1292 1307 1303
f 1500 1090 1100
f 1500 1100 1510
f 1316 1315 1318
f 1316 1318 1317
f 1317 1318 1311
f 1317 1311 1310
f 1312 1320 1319
f 1319 1320 1314
f 1319 1314 1313
f 1313 1314 1322
f 1313 1322 1321
f 1321 1322 1315
f 1321 1315 1316
f 1310 1311 1323
f 1310 393 452
f 1310 452 1317
f 438 1323 1311
f 438 1311 380
f 380 1311 1318
f 380 1318 443
f 1323 459 393
f 1323 393 1310
f 1312 390 454
f 1312 454 367
f 446 1320 1312
f 446 1312 375
f 375 1312 367
f 375 367 436
f 1319 449 390
f 1319 390 1312
f 1313 389 449
f 1313 449 1319
f 447 1322 1314
f 447 1314 384
f 384 1314 1320
f 384 1320 446
f 1321 450 389
f 1321 389 1313
f 1317 452 391
f 1317 391 1316
f 443 1318 1315
f 443 1315 383
f 1316 391 450
f 1316 450 1321
f 383 1315 1322
f 383 1322 447
f 379 326 1323
f 379 1323 438
f 326 398 459
f 326 459 1323
f 1327 659 1325
f 1333 660 1329
f 541 1337 1334
f 541 1334 1346
f 1401 528 1405
f 1401 1405 1404
f 1336 541 1413
f 1336 1413 1406
f 1212 1335 1336
f 1212 1336 531
f 1334 1337 1343
f 1334 1343 1341
f 1337 1335 1342
f 1337 1342 1343
f 1341 1343 1340
f 1341 1340 1338
f 1343 1342 1339
f 1343 1339 1340
f 1344 1347 1353
f 1344 1353 1351
f 1347 1345 1352
f 1347 1352 1353
f 1351 1353 1350
f 1351 1350 1348
f 1353 1352 1349
f 1353 1349 1350
f 1324 1327 1340
f 1324 1340 1339
f 1327 1325 1338
f 1327 1338 1340
f 1328 1333 1350
f 1328 1350 1349
f 1333 1329 1348
f 1333 1348 1350
f 1324 1339 1213
f 1324 1213 490
f 1324 659 1327
f 496 659 1324
f 496 1324 490
f 494 485 1325
f 494 1325 659
f 479 496 490
f 479 490 657
f 485 1206 1338
f 485 1338 1325
f 1328 1349 1216
f 1328 1216 491
f 1328 660 1333
f 495 660 1328
f 495 1328 491
f 498 487 1329
f 498 1329 660
f 480 658 487
f 480 487 498
f 487 1209 1348
f 487 1348 1329
f 1336 1335 1337
f 1336 1337 541
f 1212 1214 1342
f 1212 1342 1335
f 1208 1207 1334
f 1208 1334 1341
f 1207 545 1346
f 1207 1346 1334
f 1206 1208 1341
f 1206 1341 1338
f 1214 1213 1339
f 1214 1339 1342
f 1346 545 1415
f 1346 1415 1409
f 1215 1217 1352
f 1215 1352 1345
f 1211 1210 1344
f 1211 1344 1351
f 554 532 1403
f 554 1403 1412
f 1209 1211 1351
f 1209 1351 1348
f 1217 1216 1349
f 1217 1349 1352
f 433 353 1326
f 433 1326 1331
f 1354 425 354
f 1354 354 1357
f 328 425 1354
f 1355 432 355
f 1355 355 1356
f 1356 355 711
f 1357 354 432
f 1357 432 1355
f 623 1359 1358
f 623 1358 565
f 567 1360 710
f 1361 527 562
f 1361 562 1362
f 1364 561 546
f 1364 546 1363
f 566 1365 1366
f 566 1366 624
f 1368 620 1367
f 1368 1367 625
f 1363 546 620
f 1363 620 1368
f 1369 622 527
f 1369 527 1361
f 624 1366 1370
f 624 1370 626
f 565 1358 1371
f 565 1371 559
f 559 1371 1365
f 559 1365 566
f 568 1372 1373
f 568 1373 573
f 573 1373 571
f 573 571 1374
f 574 1375 1360
f 574 1360 567
f 569 1376 1375
f 569 1375 574
f 1374 571 561
f 1374 561 1364
f 1362 562 1376
f 1362 1376 569
f 625 1367 1359
f 625 1359 623
f 626 1370 622
f 626 622 1369
f 711 1372 568
f 621 1368 1377
f 621 1377 1378
f 523 1385 1386
f 523 1386 550
f 552 1388 1387
f 552 1387 524
f 525 1389 1390
f 525 1390 526
f 524 1387 1391
f 524 1391 555
f 556 1392 1385
f 556 1385 523
f 522 1393 1388
f 522 1388 552
f 529 1395 1394
f 529 1394 549
f 526 1390 1395
f 526 1395 529
f 551 1396 1397
f 551 1397 530
f 530 1397 1398
f 530 1398 521
f 533 1399 1396
f 533 1396 551
f 549 1394 1400
f 549 1400 534
f 555 1408 533
f 521 1398 1393
f 521 1393 522
f 550 1386 1389
f 550 1389 525
f 1215 1345 1402
f 1215 1402 553
f 1402 1345 1347
f 1402 1347 544
f 544 1347 1344
f 544 1344 1401
f 1210 528 1401
f 1210 1401 1344
f 1405 528 1417
f 1405 1417 534
f 533 1408 531
f 533 531 1410
f 1407 554 1412
f 1403 553 1402
f 1403 1402 1412
f 1405 617 554
f 1405 554 1404
f 1410 531 1336
f 1410 1336 1406
f 1413 520 1406
f 534 1417 556
f 1409 520 1413
f 1415 545 557
f 1415 557 1411
f 1411 557 553
f 1411 553 1403
f 1404 554 1407
f 1415 519 520
f 1415 520 1409
f 555 1391 1408
f 1414 508 509
f 1414 509 531
f 1414 531 1408
f 518 543 1416
f 1417 1392 556
f 1417 528 1416
f 1467 1466 1427
f 1467 1427 1426
f 1483 1482 1426
f 1483 1426 1427
f 1485 1484 1439
f 1485 1439 1438
f 1487 1486 1423
f 1487 1423 1422
f 1489 1488 1443
f 1489 1443 1442
f 1469 1468 1429
f 1469 1429 1428
f 1471 1470 1419
f 1471 1419 1418
f 1473 1472 1449
f 1473 1449 1448
f 1441 1440 1438
f 1441 1438 1439
f 1448 1449 1445
f 1448 1445 1444
f 1442 1443 1437
f 1442 1437 1436
f 1447 1446 1435
f 1447 1435 1434
f 1491 1490 1431
f 1491 1431 1430
f 1493 1492 1453
f 1493 1453 1452
f 1475 1474 1433
f 1475 1433 1432
f 1477 1476 1457
f 1477 1457 1456
f 1452 1453 1451
f 1452 1451 1450
f 1455 1454 1456
f 1455 1456 1457
f 1495 1494 1421
f 1495 1421 1420
f 1479 1478 1461
f 1479 1461 1460
f 1481 1480 1425
f 1481 1425 1424
f 1497 1496 1424
f 1497 1424 1425
f 1463 1462 1460
f 1463 1460 1461
f 1465 1464 1459
f 1465 1459 1458
f 1434 1435 1466
f 1434 1466 1467
f 1444 1445 1468
f 1444 1468 1469
f 1446 1447 1470
f 1446 1470 1471
f 1422 1423 1472
f 1422 1472 1473
f 1454 1455 1474
f 1454 1474 1475
f 1430 1431 1476
f 1430 1476 1477
f 1420 1421 1478
f 1420 1478 1479
f 1462 1463 1480
f 1462 1480 1481
f 1436 1437 1482
f 1436 1482 1483
f 1428 1429 1484
f 1428 1484 1485
f 1440 1441 1486
f 1440 1486 1487
f 1418 1419 1488
f 1418 1488 1489
f 1450 1451 1490
f 1450 1490 1491
f 1432 1433 1492
f 1432 1492 1493
f 1458 1459 1494
f 1458 1494 1495
f 1464 1465 1496
f 1464 1496 1497
f 1050 1471 1418
f 1050 1418 1034
f 1470 1046 1022
f 1470 1022 1419
f 1034 1418 1489
f 1034 1489 1063
f 1419 1022 1059
f 1419 1059 1488
f 1066 1495 1420
f 1066 1420 1042
f 1042 1420 1479
f 1042 1479 1054
f 1494 431 468
f 1494 468 1421
f 1421 468 430
f 1421 430 1478
f 1062 1487 1422
f 1062 1422 1033
f 1486 1058 1021
f 1486 1021 1423
f 1033 1422 1473
f 1033 1473 1051
f 1423 1021 1047
f 1423 1047 1472
f 1055 1481 1424
f 1055 1424 1043
f 1425 1040 1056
f 1425 1056 1497
f 1480 1044 1040
f 1480 1040 1425
f 1043 1424 1496
f 1043 1496 1067
f 1426 1040 1044
f 1426 1044 1467
f 1060 1483 1427
f 1060 1427 1031
f 1482 1056 1040
f 1482 1040 1426
f 1031 1427 1466
f 1031 1466 1048
f 1049 1469 1428
f 1049 1428 1032
f 1468 1045 418
f 1468 418 1429
f 1032 1428 1485
f 1032 1485 1061
f 1429 418 1057
f 1429 1057 1484
f 1430 1021 1058
f 1430 1058 1491
f 1477 1047 1021
f 1477 1021 1430
f 1035 1431 1490
f 1035 1490 1064
f 1053 1476 1431
f 1053 1431 1035
f 1432 1022 1046
f 1432 1046 1475
f 1493 1059 1022
f 1493 1022 1432
f 1036 1433 1474
f 1036 1474 1052
f 1065 1492 1433
f 1065 1433 1036
f 697 1435 1446
f 697 1446 690
f 1048 1466 1435
f 1048 1435 697
f 1434 1039 1029
f 1434 1029 1447
f 1467 1044 1039
f 1467 1039 1434
f 343 1442 1436
f 343 1436 427
f 1443 1028 1041
f 1443 1041 1437
f 427 1436 1483
f 427 1483 1060
f 1437 1041 1056
f 1437 1056 1482
f 1061 1485 1438
f 1061 1438 344
f 1439 1019 1027
f 1439 1027 1441
f 1484 1057 1019
f 1484 1019 1439
f 344 1438 1440
f 344 1440 689
f 689 1440 1487
f 689 1487 1062
f 1441 1027 1058
f 1441 1058 1486
f 1063 1489 1442
f 1063 1442 343
f 1488 1059 1028
f 1488 1028 1443
f 691 1448 1444
f 691 1444 351
f 1449 1030 1024
f 1449 1024 1445
f 351 1444 1469
f 351 1469 1049
f 1445 1024 1045
f 1445 1045 1468
f 690 1446 1471
f 690 1471 1050
f 1447 1029 1046
f 1447 1046 1470
f 1051 1473 1448
f 1051 1448 691
f 1472 1047 1030
f 1472 1030 1449
f 1020 1451 1453
f 1020 1453 1023
f 1064 1490 1451
f 1064 1451 1020
f 1450 1027 1028
f 1450 1028 1452
f 1491 1058 1027
f 1491 1027 1450
f 1452 1028 1059
f 1452 1059 1493
f 1023 1453 1492
f 1023 1492 1065
f 1025 1455 1457
f 1025 1457 1026
f 1052 1474 1455
f 1052 1455 1025
f 1454 1029 1030
f 1454 1030 1456
f 1475 1046 1029
f 1475 1029 1454
f 1456 1030 1047
f 1456 1047 1477
f 1026 1457 1476
f 1026 1476 1053
f 1018 1465 1458
f 1018 1458 695
f 1464 1041 1037
f 1464 1037 1459
f 695 1458 1495
f 695 1495 1066
f 1459 1037 431
f 1459 431 1494
f 1054 1479 1460
f 1054 1460 341
f 1461 1038 1039
f 1461 1039 1463
f 1478 430 1038
f 1478 1038 1461
f 341 1460 1462
f 341 1462 1017
f 1017 1462 1481
f 1017 1481 1055
f 1463 1039 1044
f 1463 1044 1480
f 1067 1496 1465
f 1067 1465 1018
f 1497 1056 1041
f 1497 1041 1464
f 243 1500 1510
f 243 1510 99
f 120 1515 1500
f 120 1500 243
f 247 1501 1511
f 247 1511 101
f 116 1513 1501
f 116 1501 247
f 248 1502 1498
f 248 1498 152
f 195 1517 1502
f 195 1502 248
f 249 1503 1499
f 249 1499 153
f 194 1516 1503
f 194 1503 249
f 250 1504 1512
f 250 1512 115
f 153 1499 1504
f 153 1504 250
f 251 1505 1513
f 251 1513 116
f 115 1512 1505
f 115 1505 251
f 254 1506 1514
f 254 1514 119
f 152 1498 1506
f 152 1506 254
f 255 1507 1515
f 255 1515 120
f 119 1514 1507
f 119 1507 255
f 292 1508 1516
f 292 1516 194
f 99 1510 1508
f 99 1508 292
f 293 1509 1517
f 293 1517 195
f 101 1511 1509
f 101 1509 293
f 1522 219 1523
f 1524 220 1525
f 601 600 1539
f 601 1539 678
f 1522 1523 1528
f 1522 1528 1527
f 1524 1525 1530
f 1524 1530 1529
f 1544 1543 1519
f 1544 1519 1518
f 1546 1545 1521
f 1546 1521 1520
f 1539 1540 1536
f 1539 1536 1535
f 1538 1537 1541
f 1538 1541 1542
f 1552 1551 1554
f 1552 1554 1553
f 1548 1547 1550
f 1548 1550 1549
f 1532 1531 1547
f 1532 1547 1548
f 1534 1533 1553
f 1534 1553 1554
f 1560 1559 1562
f 1560 1562 1561
f 1556 1555 1558
f 1556 1558 1557
f 1535 1536 1555
f 1535 1555 1556
f 1531 1532 1557
f 1531 1557 1558
f 1561 1562 1537
f 1561 1537 1538
f 1533 1534 1559
f 1533 1559 1560
f 1568 1567 1570
f 1568 1570 1569
f 1564 1563 1566
f 1564 1566 1565
f 1543 1544 1565
f 1543 1565 1566
f 1567 1568 1545
f 1567 1545 1546
f 1576 1575 1578
f 1576 1578 1577
f 1572 1571 1574
f 1572 1574 1573
f 1573 1574 1563
f 1573 1563 1564
f 1527 1528 1571
f 1527 1571 1572
f 1569 1570 1575
f 1569 1575 1576
f 1529 1530 1577
f 1529 1577 1578
f 89 1519 1543
f 89 1543 1135
f 1544 1518 108
f 1544 108 1134
f 1546 1520 107
f 1546 107 1138
f 108 1521 1545
f 108 1545 1134
f 1522 1527 257
f 1522 257 224
f 303 225 1523
f 303 1523 219
f 225 256 1528
f 225 1528 1523
f 219 1522 224
f 219 224 302
f 224 257 1530
f 224 1530 1525
f 220 1524 226
f 220 226 304
f 302 224 1525
f 302 1525 220
f 1524 1529 242
f 1524 242 226
f 1527 1572 1308
f 1527 1308 257
f 256 1306 1571
f 256 1571 1528
f 257 1308 1577
f 257 1577 1530
f 1529 1578 1304
f 1529 1304 242
f 1531 1558 1286
f 1531 1286 440
f 1275 441 1532
f 1275 1532 1548
f 1547 1531 440
f 1547 440 1273
f 441 1288 1557
f 441 1557 1532
f 1533 1560 1288
f 1533 1288 441
f 1271 442 1534
f 1271 1534 1554
f 1553 1533 441
f 1553 441 1275
f 442 1284 1559
f 442 1559 1534
f 1555 1536 451
f 1555 451 1285
f 1536 1540 677
f 1536 677 451
f 1287 453 1535
f 1287 1535 1556
f 453 678 1539
f 453 1539 1535
f 1561 1538 453
f 1561 453 1287
f 1538 1542 678
f 1538 678 453
f 1283 456 1537
f 1283 1537 1562
f 456 679 1541
f 456 1541 1537
f 1526 599 677
f 1526 677 1540
f 1526 1540 1539
f 1526 1539 600
f 596 601 678
f 596 678 1542
f 1544 1134 1299
f 1544 1299 1565
f 1135 1543 1566
f 1135 1566 1297
f 1134 1545 1568
f 1134 1568 1299
f 1546 1138 1295
f 1546 1295 1567
f 1273 1274 1550
f 1273 1550 1547
f 1548 1549 1276
f 1548 1276 1275
f 1275 1276 1552
f 1275 1552 1553
f 1554 1551 1272
f 1554 1272 1271
f 1285 1286 1558
f 1285 1558 1555
f 1556 1557 1288
f 1556 1288 1287
f 1287 1288 1560
f 1287 1560 1561
f 1562 1559 1284
f 1562 1284 1283
f 1564 1565 1299
f 1564 1299 1298
f 1564 1298 1309
f 1564 1309 1573
f 1566 1563 1296
f 1566 1296 1297
f 1296 1563 1574
f 1296 1574 1307
f 1568 1569 1298
f 1568 1298 1299
f 1570 1567 1295
f 1570 1295 1294
f 1298 1569 1576
f 1298 1576 1309
f 1570 1294 1305
f 1570 1305 1575
f 1306 1307 1574
f 1306 1574 1571
f 1572 1573 1309
f 1572 1309 1308
f 1308 1309 1576
f 1308 1576 1577
f 1578 1575 1305
f 1578 1305 1304
f 597 1579 1541
f 597 1541 679
f 1541 1579 596
f 1541 596 1542
f 1589 715 1582
f 1589 1582 1602
f 1583 710 705
f 1583 705 1584
f 1582 703 704
f 1582 704 1581
f 1038 1645 1653
f 1038 1653 1039
f 1605 1585 712
f 1605 712 1586
f 1584 705 706
f 1584 706 1585
f 1028 1643 1652
f 1028 1652 1041
f 1041 1652 1646
f 1041 1646 1037
f 738 1586 1587
f 738 1587 329
f 330 1588 1589
f 330 1589 739
f 740 1591 1590
f 740 1590 350
f 329 1587 1592
f 329 1592 741
f 742 1593 1588
f 742 1588 330
f 743 1594 1595
f 743 1595 744
f 745 1596 1597
f 745 1597 347
f 347 1597 1594
f 347 1594 743
f 350 1590 1598
f 350 1598 746
f 747 1599 1591
f 747 1591 740
f 421 1600 1601
f 421 1601 748
f 748 1601 1596
f 748 1596 745
f 739 1589 1602
f 739 1602 749
f 749 1602 1603
f 749 1603 415
f 387 1604 1605
f 387 1605 750
f 750 1605 1586
f 750 1586 738
f 744 1595 1600
f 744 1600 421
f 388 1606 1599
f 388 1599 747
f 746 1598 1607
f 746 1607 751
f 751 1607 1606
f 751 1606 388
f 752 1608 1604
f 752 1604 387
f 741 1592 1608
f 741 1608 752
f 415 1603 1609
f 415 1609 753
f 753 1609 1593
f 753 1593 742
f 698 1611 1610
f 698 1610 754
f 755 1613 1612
f 755 1612 714
f 700 1614 1615
f 700 1615 756
f 757 1616 1611
f 757 1611 698
f 714 1612 1617
f 714 1617 758
f 759 1618 1616
f 759 1616 757
f 722 1620 1619
f 722 1619 760
f 761 1621 1620
f 761 1620 722
f 762 1622 1614
f 762 1614 700
f 758 1617 1623
f 758 1623 763
f 754 1610 1624
f 754 1624 764
f 764 1624 1625
f 764 1625 727
f 728 1626 1627
f 728 1627 765
f 765 1627 1622
f 765 1622 762
f 727 1625 1618
f 727 1618 759
f 760 1619 1628
f 760 1628 766
f 766 1628 1629
f 766 1629 731
f 763 1623 1630
f 763 1630 732
f 732 1630 1631
f 732 1631 767
f 767 1631 1613
f 767 1613 755
f 768 1632 1621
f 768 1621 761
f 731 1629 1632
f 731 1632 768
f 769 1633 1626
f 769 1626 728
f 756 1615 1633
f 756 1633 769
f 1638 603 673
f 1638 673 1640
f 1640 673 683
f 1640 683 1634
f 1639 602 1636
f 1639 1636 1641
f 1634 683 675
f 1634 675 1635
f 682 687 1637
f 1635 675 672
f 1635 672 1636
f 1639 686 684
f 1642 674 603
f 1642 603 1638
f 468 1651 1644
f 468 1644 430
f 431 1647 1651
f 431 1651 468
f 1030 1649 1650
f 1030 1650 1024
f 1029 1648 1649
f 1029 1649 1030
f 1037 1646 1647
f 1037 1647 431
f 430 1644 1645
f 430 1645 1038
f 1019 707 708
f 1019 708 1027
f 1027 708 1643
f 1027 1643 1028
f 1580 711 1650
f 1580 1650 719
f 1024 1650 711
f 718 707 710
f 718 710 1583
f 1657 1656 1691
f 1657 1691 1690
f 1685 1684 1690
f 1685 1690 1691
f 1661 1660 1693
f 1661 1693 1692
f 1659 1658 1692
f 1659 1692 1693
f 1665 1664 1695
f 1665 1695 1694
f 1663 1662 1694
f 1663 1694 1695
f 1667 1666 1697
f 1667 1697 1696
f 1671 1670 1699
f 1671 1699 1698
f 1669 1668 1698
f 1669 1698 1699
f 1675 1674 1701
f 1675 1701 1700
f 1689 1688 1700
f 1689 1700 1701
f 1677 1676 1703
f 1677 1703 1702
f 1664 1665 1702
f 1664 1702 1703
f 1658 1659 1705
f 1658 1705 1704
f 1676 1677 1704
f 1676 1704 1705
f 1656 1657 1707
f 1656 1707 1706
f 1662 1663 1711
f 1662 1711 1710
f 1674 1675 1710
f 1674 1710 1711
f 1679 1678 1713
f 1679 1713 1712
f 1687 1686 1712
f 1687 1712 1713
f 1673 1672 1715
f 1673 1715 1714
f 1681 1680 1714
f 1681 1714 1715
f 1668 1669 1717
f 1668 1717 1716
f 1660 1661 1716
f 1660 1716 1717
f 1655 1654 1719
f 1655 1719 1718
f 1678 1679 1718
f 1678 1718 1719
f 1680 1681 1721
f 1680 1721 1720
f 1683 1682 1720
f 1683 1720 1721
f 1682 1683 1723
f 1682 1723 1722
f 1666 1667 1722
f 1666 1722 1723
f 1684 1685 1725
f 1684 1725 1724
f 1654 1655 1724
f 1654 1724 1725
f 1686 1687 1727
f 1686 1727 1726
f 1670 1671 1726
f 1670 1726 1727
f 1688 1689 1729
f 1688 1729 1728
f 1672 1673 1728
f 1672 1728 1729
f 1731 1730 1733
f 1731 1733 1732
f 1735 1734 1737
f 1735 1737 1736
f 1732 1733 1696
f 1732 1696 1697
f 1709 1708 1730
f 1709 1730 1731
f 1736 1737 1708
f 1736 1708 1709
f 1706 1707 1734
f 1706 1734 1735
f 1655 59 217
f 1655 217 1724
f 317 1654 1725
f 317 1725 419
f 1718 196 59
f 1718 59 1655
f 364 1719 1654
f 364 1654 317
f 1657 60 107
f 1657 107 1707
f 1267 1656 1706
f 1267 1706 1274
f 1690 83 60
f 1690 60 1657
f 1270 1691 1656
f 1270 1656 1267
f 1704 104 61
f 1704 61 1658
f 1658 61 85
f 1658 85 1692
f 362 1705 1659
f 362 1659 316
f 316 1659 1693
f 316 1693 357
f 1661 62 178
f 1661 178 1716
f 311 1660 1717
f 311 1717 366
f 1692 85 62
f 1692 62 1661
f 357 1693 1660
f 357 1660 311
f 1710 117 63
f 1710 63 1662
f 1662 63 87
f 1662 87 1694
f 363 1711 1663
f 363 1663 319
f 319 1663 1695
f 319 1695 358
f 1665 64 103
f 1665 103 1702
f 312 1664 1703
f 312 1703 361
f 1694 87 64
f 1694 64 1665
f 358 1695 1664
f 358 1664 312
f 1667 65 222
f 1667 222 1722
f 1269 1666 1723
f 1269 1723 1277
f 1696 89 65
f 1696 65 1667
f 1272 1697 1666
f 1272 1666 1269
f 1716 178 66
f 1716 66 1668
f 1668 66 90
f 1668 90 1698
f 366 1717 1669
f 366 1669 320
f 320 1669 1699
f 320 1699 399
f 1671 67 230
f 1671 230 1726
f 331 1670 1727
f 331 1727 359
f 1698 90 67
f 1698 67 1671
f 399 1699 1670
f 399 1670 331
f 1673 68 229
f 1673 229 1728
f 338 1672 1729
f 338 1729 360
f 1714 124 68
f 1714 68 1673
f 413 1715 1672
f 413 1672 338
f 1675 69 117
f 1675 117 1710
f 333 1674 1711
f 333 1711 363
f 1700 92 69
f 1700 69 1675
f 403 1701 1674
f 403 1674 333
f 1677 70 104
f 1677 104 1704
f 315 1676 1705
f 315 1705 362
f 1702 103 70
f 1702 70 1677
f 361 1703 1676
f 361 1676 315
f 1679 71 196
f 1679 196 1718
f 335 1678 1719
f 335 1719 364
f 1712 121 71
f 1712 71 1679
f 408 1713 1678
f 408 1678 335
f 1720 201 72
f 1720 72 1680
f 1680 72 124
f 1680 124 1714
f 365 1721 1681
f 365 1681 318
f 318 1681 1715
f 318 1715 413
f 1722 222 76
f 1722 76 1682
f 1682 76 201
f 1682 201 1720
f 1277 1723 1683
f 1277 1683 348
f 348 1683 1721
f 348 1721 365
f 1724 217 73
f 1724 73 1684
f 1684 73 83
f 1684 83 1690
f 419 1725 1685
f 419 1685 345
f 345 1685 1691
f 345 1691 1270
f 1726 230 79
f 1726 79 1686
f 1686 79 121
f 1686 121 1712
f 359 1727 1687
f 359 1687 313
f 313 1687 1713
f 313 1713 408
f 1728 229 78
f 1728 78 1688
f 1688 78 92
f 1688 92 1700
f 360 1729 1689
f 360 1689 314
f 314 1689 1701
f 314 1701 403
f 1551 1732 1697
f 1551 1697 1272
f 1733 1519 89
f 1733 89 1696
f 1707 107 1520
f 1707 1520 1734
f 1274 1706 1735
f 1274 1735 1550
f 1737 1521 108
f 1737 108 1708
f 1276 1709 1731
f 1276 1731 1552
f 1708 108 1518
f 1708 1518 1730
f 1549 1736 1709
f 1549 1709 1276
f 1518 1519 1733
f 1518 1733 1730
f 1731 1732 1551
f 1731 1551 1552
f 1549 1550 1735
f 1549 1735 1736
f 1737 1734 1520
f 1737 1520 1521
f 672 671 1641
f 672 1641 1636
f 1637 687 674
f 1637 674 1642
f 566 1382 1380
f 566 1380 559
f 625 623 1381
f 625 1381 1383
f 623 565 1381
